timestamp_us,a1x,a1y,a1z,g1x,g1y,g1z,a2x,a2y,a2z,g2x,g2y,g2z,a3x,a3y,a3z,g3x,g3y,g3z
1975169892,-5500,4782,-1304,-5,-287,-45,-17547,0,-15537,0,8160,8192,5206,388,-5730,-98,-193,30
1975219892,-5676,3370,-1482,155,-16,287,-15544,0,-15537,0,8160,8192,4906,376,-5948,-100,54,31
1975269892,-6130,5122,-1216,144,-170,57,-15542,0,-15537,0,8160,8192,5544,288,-6098,-105,40,35
1975319892,-6190,5060,-1398,86,-56,50,0,0,-7,-1,-16537,0,5740,310,-5954,-102,52,32
1975369892,-6218,5550,-1196,125,-163,-18,8160,8192,0,0,645,8192,5812,250,-6086,-105,16,31
1975419892,-6006,5362,-1336,97,-84,72,-16531,0,-15537,0,8160,8192,5720,232,-6042,-104,61,34
1975469892,-6628,5808,-1312,88,-157,17,8160,8192,-31756,30142,645,8192,6080,224,-6120,-103,-13,23
1975519892,-5774,5414,-1298,75,-208,-70,-16525,0,-15537,0,8160,8192,6156,138,-6012,-114,-49,20
1975569892,-6418,5796,-1442,103,-146,46,-16523,0,-15537,0,8160,8192,5930,328,-6020,-107,-7,27
1975619892,-6334,5916,-1296,125,-183,19,-16522,0,-15537,0,8160,8192,5956,244,-6086,-107,2,23
1975669892,-6206,5570,-1394,88,-135,19,-17519,0,-15537,0,8160,8192,5850,192,-6026,-107,18,27
1975719892,-6324,5894,-1178,106,-114,33,0,0,-7,-1,-16517,0,5854,94,-6014,-94,62,32
1975769892,-6418,5866,-1198,56,-184,-74,-16514,0,-15537,0,8160,8192,6004,268,-6098,-107,-24,25
1975819892,-6136,5268,-1324,83,-111,41,0,0,-7,-1,-17511,0,5702,332,-5966,-104,19,26
1975869892,-6050,5140,-1122,118,-162,-35,-16509,0,-15537,0,8160,8192,5560,146,-5996,-110,23,25
1975919892,-6534,5492,-1206,64,-120,-7,-16508,0,-15537,0,8160,8192,6206,264,-5892,-103,6,30
1975969892,-6418,5806,-1290,115,-108,103,-16507,0,-15537,0,8160,8192,5814,264,-6008,-103,40,25
1976019892,-6406,5264,-1252,75,-142,-76,-16505,0,-15537,0,8160,8192,5766,106,-6070,-104,22,28
1976069892,-7170,4654,56,192,-136,784,-16502,0,-15537,0,8160,8192,5588,-2238,-4786,-98,-79,48
1976119892,-6616,4596,-1484,-84,-259,-799,-16500,0,-15537,0,8160,8192,5868,574,-5396,-123,-113,12
1976169892,-5794,4936,-986,512,-179,336,-16499,0,-15537,0,8160,8192,5370,618,-5996,-93,119,45
1976219892,-6660,6282,-816,64,-110,169,-16497,0,-15537,0,8160,8192,6044,284,-6164,-106,30,27
1976269892,-6374,5760,-1276,53,-50,95,0,0,-7,-1,-16494,0,5900,232,-5940,-107,54,30
1976319892,-6126,5372,-1314,43,-101,-89,-16492,0,-15537,0,8160,8192,5624,272,-6120,-105,59,32
1976369892,-6036,5138,-1226,54,-113,43,-16490,0,-15537,0,8160,8192,5338,-240,-6080,-107,16,29
1976419892,-6338,4988,-1294,-12,-8,87,-17488,0,-15537,0,8160,8192,6020,556,-5828,-103,39,30
1976469892,-6130,5654,-1260,177,-228,-55,-18486,0,-15537,0,8160,8192,5898,250,-6052,-105,22,30
1976519892,-6354,5282,-1192,57,-33,140,-16484,0,-15537,0,8160,8192,5770,300,-6142,-107,42,29
1976569892,-6148,5580,-1272,100,-128,45,-16482,0,-15537,0,8160,8192,5810,294,-6010,-106,35,29
1976619892,-6348,5428,-1212,117,-119,84,-18479,0,-15537,0,8160,8192,5798,216,-6038,-106,33,30
1976669892,-6208,5536,-1188,96,-120,6,0,0,-7,-1,-16477,0,5760,184,-6100,-106,34,29
1976719892,-6332,5370,-1190,77,-72,129,-16476,0,-15537,0,8160,8192,5822,228,-5986,-107,35,31
1976769892,-6282,5380,-1292,106,-138,3,-17474,0,-15537,0,8160,8192,5808,210,-5956,-108,33,31
1976819892,-6340,5454,-1170,91,-92,62,-16472,0,-15537,0,8160,8192,5790,140,-6120,-104,34,28
1976869892,-6334,5426,-1232,96,-102,62,0,0,-7,-1,-16470,0,5852,182,-6060,-106,39,28
1976919892,-6324,5420,-1238,102,-107,54,-16468,0,-15537,0,8160,8192,5818,214,-6036,-106,38,30
1976969892,-6250,5450,-1144,107,-113,50,-16466,0,-15537,0,8160,8192,5766,206,-6012,-105,35,29
1977019892,-18820,11630,7254,-1454,922,3495,0,0,-7,-1,-17463,0,-32768,-12690,-32768,-188,-239,48
1977069892,-4590,2190,-2620,-261,781,-1033,8160,8192,0,0,645,8192,6276,1444,-4740,-240,692,110
1977119892,-4794,8570,-2968,800,-1361,-14,0,0,-7,-1,-17460,0,7984,384,-4822,-91,-312,12
1977169892,-4496,2270,-764,-328,344,11,8160,8192,0,0,645,8192,4486,1956,-8510,-97,-288,19
1977219892,-2242,3312,-1184,652,-102,580,-16455,0,-15537,0,8160,8192,2202,472,-6656,-73,505,66
1977269892,9312,-4156,-1842,319,-1690,26,-18452,0,-15537,0,8160,8192,32724,12798,-516,222,-959,-338
1977319892,-6864,11942,-3278,847,160,1557,-16451,0,-15537,0,8160,8192,5824,-1050,-9126,-171,616,95
1977369892,-8150,9326,-2362,137,-49,-291,-16448,0,-15537,0,8160,8192,4822,88,-6698,-135,137,38
1977419892,-5920,8452,-2000,602,-396,452,-16446,0,-15537,0,8160,8192,6232,732,-5890,-96,51,26
1977469892,-5084,6220,-324,246,-106,91,8160,8192,2164,30173,645,8192,5558,526,-6622,-103,108,30
1977519892,-5948,5006,-1810,37,35,344,0,0,-7,-1,-17441,0,5800,420,-5522,-97,80,29
1977569892,-5756,5300,-1388,119,-169,-44,-16438,0,-15537,0,8160,8192,5734,484,-5770,-105,-17,23
1977619892,-6044,6194,-1472,96,-139,-9,-16436,0,-15537,0,8160,8192,6066,420,-6060,-119,-6,37
1977669892,-6376,5714,-1592,84,-37,217,8160,8192,5556,30176,645,8192,5806,494,-6234,-94,11,16
1977719892,-5808,6136,-1450,158,-206,-57,8160,8192,-9980,30176,645,8192,5834,434,-6014,-113,30,36
1977769892,-6046,5512,-1450,63,-30,196,0,0,-7,-1,-16429,0,5890,330,-5972,-107,31,29
1977819892,-5946,5878,-1244,122,-131,16,-16428,0,-15537,0,8160,8192,5628,334,-6274,-99,30,22
1977869892,-6000,5718,-1630,55,-99,35,0,0,-7,-1,-17426,0,6168,268,-5688,-117,44,40
1977919892,-4750,4974,-2268,110,-131,-81,-16425,0,-15537,0,8160,8192,5322,1374,-5796,-89,99,28
1977969892,-6558,5540,-244,216,-33,300,-18423,0,-15537,0,8160,8192,5960,-1072,-6084,-121,93,53
1978019892,-6940,3372,-1804,21,69,-40,0,0,-7,-1,-16420,0,5120,-70,-5914,-140,133,72
1978069892,-4954,5544,-1324,293,-338,31,-18418,0,-15537,0,8160,8192,5178,114,-6322,-96,45,27
1978119892,-6188,5456,-1454,47,-54,179,5544,8192,-7,-1,-15944,0,6102,-68,-5700,-114,37,42
1978169892,-6152,5758,-1414,118,-106,80,0,0,-7,-1,-16414,0,5950,242,-6028,-98,32,30
1978219892,-5842,6030,-1332,121,-118,55,-16412,0,-15537,0,8160,8192,5752,442,-6082,-108,37,33
1978269892,-6248,5576,-1624,84,-61,156,0,0,-7,-1,-16410,0,6094,228,-5744,-103,34,33
1978319892,-5916,5710,-1322,133,-136,29,8160,8192,196,30186,645,8192,5620,214,-6122,-101,33,29
1978369892,-6008,5628,-1524,77,-57,174,-16405,0,-15537,0,8160,8192,5840,154,-5942,-108,40,34
1978419892,-6234,5688,-1402,85,-86,117,-16404,0,-15537,0,8160,8192,5852,232,-5926,-102,36,28
1978469892,-5816,5924,-1392,122,-151,-36,-16402,0,-15537,0,8160,8192,5814,350,-6060,-109,40,31
1978519892,-6016,5824,-1594,73,-66,139,0,0,-7,-1,-17401,0,5960,326,-5926,-106,22,27
1978569892,-5852,5860,-1406,122,-144,27,8160,8192,0,0,645,8192,5762,382,-6086,-104,25,28
1978619892,-6130,5580,-1328,85,-61,170,-16399,0,-15537,0,8160,8192,5922,20,-5898,-109,24,35
1978669892,-6130,5556,-1184,108,-97,117,8160,8192,22516,30191,645,8192,5852,-84,-5962,-102,17,29
1978719892,-6044,5666,-1362,94,-103,62,-16395,0,-15537,0,8160,8192,5814,36,-5990,-103,42,32
1978769892,-6348,5466,-1318,104,-55,197,8160,8192,-8556,30192,645,8192,6032,-266,-5844,-103,40,33
1978819892,-6118,5964,-1330,118,-128,16,-16391,0,-15537,0,8160,8192,5868,426,-6052,-100,45,29
1978869892,-5630,6136,-1828,97,-142,-97,-16389,0,-15537,0,8160,8192,5804,988,-5910,-103,59,31
1978919892,-5638,6302,-2086,95,-88,63,0,0,-7,-1,-16387,0,5854,1246,-5942,-103,77,28
1978969892,-5428,6528,-1982,110,-132,-159,0,0,-7,-1,-16385,0,5724,1320,-6054,-110,143,38
1979019892,-5662,5690,-1694,81,-8,215,-16383,0,-15537,0,8160,8192,5950,376,-5890,-110,67,32
1979069892,-7318,4568,-178,125,116,626,-16381,0,-15537,0,8160,8192,5986,-1790,-5876,-111,121,31
1979119892,-6118,5554,-1350,28,-296,-441,-17378,0,-15537,0,8160,8192,5476,62,-6080,-107,-57,50
1979169892,-3546,2906,-634,33,-310,248,0,0,-7,-1,-17376,0,4002,-210,-4848,-64,-374,34
1979219892,-7652,4660,-658,-89,143,888,-16374,0,-15537,0,8160,8192,6176,-1796,-5976,-83,-59,10
1979269892,-6952,5800,-1114,1,-123,-107,-16371,0,-15537,0,8160,8192,5564,-702,-5954,-91,46,19
1979319892,-6398,6922,-2086,121,-228,-249,-16368,0,-15537,0,8160,8192,5146,740,-6116,-90,55,17
1979369892,-5240,5808,-1608,65,-79,172,-18366,0,-15537,0,8160,8192,5720,580,-6044,-96,17,22
1979419892,-5946,6252,-1758,62,-141,46,-17363,0,-15537,0,8160,8192,6222,492,-5770,-98,-24,13
1979469892,-6032,5712,-1092,40,-4,470,-16360,0,-15537,0,8160,8192,5722,-314,-6042,-100,-51,21
1979519892,-6158,5838,-1136,57,-152,82,0,0,-7,-1,-17358,0,5542,-4,-6204,-102,-63,18
1979569892,-5918,5850,-1156,99,-92,270,-17356,0,-15537,0,8160,8192,5952,10,-6020,-102,-18,31
1979619892,-5438,6596,-2062,61,-164,-101,-16353,0,-15537,0,8160,8192,5732,602,-6060,-105,20,32
1979669892,-5884,5812,-1438,91,-73,111,-18350,0,-15537,0,8160,8192,5738,282,-6212,-100,6,32
1979719892,-6228,5882,-1378,72,58,296,-18348,0,-15537,0,8160,8192,5756,-86,-6048,-108,74,31
1979769892,-6066,5804,-1100,140,-73,71,0,0,-7,-1,-16347,0,5834,38,-6112,-113,64,23
1979819892,-5496,5488,-972,117,-37,177,-18347,0,-15537,0,8160,8192,5862,106,-6018,-111,66,30
1979869892,-6384,5762,-1238,72,42,197,0,0,-7,-1,-16344,0,5622,-174,-6150,-104,83,29
1979919892,-6354,6034,-1296,93,-55,155,-16341,0,-15537,0,8160,8192,6044,-550,-6096,-99,37,28
1979969892,-5170,5660,-1006,56,-28,112,-17339,0,-15537,0,8160,8192,5132,-284,-6458,-97,60,9
1980019892,-4638,4820,-670,100,-77,119,8160,8192,-3740,30211,645,8192,5852,-342,-6198,-97,52,18
1980069892,-5536,6062,-1448,56,-37,269,0,0,-7,-1,-16334,0,6094,294,-5668,-90,24,20
1980119892,-5692,6186,-1482,128,-114,0,-18332,0,-15537,0,8160,8192,5520,458,-6340,-97,49,27
1980169892,-5278,6304,-1674,61,-57,138,0,0,-7,-1,-16330,0,5982,342,-5798,-100,34,26
1980219892,-4896,5922,-1346,115,-20,143,-16328,0,-15537,0,8160,8192,5872,146,-5990,-103,80,17
1980269892,-5572,6562,-1804,121,-50,70,8160,8192,-15884,30215,645,8192,5818,410,-6126,-103,92,31
1980319892,-5654,6118,-1562,101,12,140,-16324,0,-15537,0,8160,8192,5686,170,-6204,-99,93,34
1980369892,-6314,5876,-870,136,104,438,-17321,0,-15537,0,8160,8192,5812,-1120,-6142,-100,97,38
1980419892,-5986,5500,-870,14,196,502,-16319,0,-15537,0,8160,8192,6656,212,-5414,-101,94,24
1980469892,-4662,6160,-1846,164,-262,-547,-16317,0,-15537,0,8160,8192,5504,1042,-6204,-97,153,6
1980519892,-5200,5956,-1236,44,-38,399,-16315,0,-15537,0,8160,8192,5776,422,-5980,-86,-25,36
1980569892,-5568,5976,-1246,-40,37,442,-16314,0,-15537,0,8160,8192,5872,380,-6400,-110,-64,24
1980619892,-5048,6240,-1562,109,-229,12,8160,8192,6436,30221,645,8192,6402,532,-5688,-96,-43,28
1980669892,-4990,6488,-1868,44,-106,50,8160,8192,-9100,30221,645,8192,5918,1128,-5910,-91,-6,36
1980719892,-5438,6552,-1588,119,-110,229,-17306,0,-15537,0,8160,8192,5834,-290,-6016,-104,15,34
1980769892,-5702,6060,-1196,27,116,455,-16304,0,-15537,0,8160,8192,6202,50,-5888,-106,51,33
1980819892,-5682,5996,-1478,127,-106,23,0,0,-7,-1,-16302,0,5876,-8,-6092,-112,66,34
1980869892,-5764,6210,-1210,133,-135,165,-16299,0,-15537,0,8160,8192,6080,-624,-5818,-104,7,38
1980919892,-5690,6646,-1912,-2,-44,111,8160,8192,-21244,30225,645,8192,6086,474,-5918,-119,22,30
1980969892,-4762,6306,-1574,166,-197,-169,8160,8192,28756,30226,645,8192,5794,1042,-5990,-111,44,30
1981019892,-4732,6574,-1554,100,-112,164,-16291,0,-15537,0,8160,8192,5564,268,-6086,-109,21,30
1981069892,-5176,6498,-1892,81,-118,79,-16289,0,-15537,0,8160,8192,5948,832,-5796,-108,31,32
1981119892,-5296,6496,-1468,139,-76,128,8160,8192,-17852,30228,645,8192,5846,502,-6094,-107,34,32
1981169892,-4988,6528,-1766,85,-103,90,-16285,0,-15537,0,8160,8192,5870,626,-6014,-110,45,36
1981219892,-5326,6458,-1518,134,-15,136,-16283,0,-15537,0,8160,8192,5882,94,-5986,-107,70,32
1981269892,-5406,6304,-1484,71,54,345,8160,8192,0,0,645,8192,5880,186,-5990,-110,80,34
1981319892,-5234,6404,-1488,152,-124,12,-18278,0,-15537,0,8160,8192,5912,98,-5928,-116,97,32
1981369892,-5614,7198,-2060,117,-52,-23,-16276,0,-15537,0,8160,8192,5798,846,-5804,-109,166,18
1981419892,-5368,6074,-1320,156,-72,67,-17276,0,-15537,0,8160,8192,5790,-378,-5864,-105,109,34
1981469892,-6124,6768,-2310,33,110,465,8160,8192,4468,30234,645,8192,8132,834,-4320,-116,225,43
1981519892,-5060,6286,-1642,199,-123,-248,8160,8192,-11068,30234,645,8192,5822,202,-5836,-118,163,38
1981569892,-5372,6452,-1436,197,-53,52,-16270,0,-15537,0,8160,8192,5932,-284,-5942,-107,186,29
1981619892,-5366,6192,-1686,-20,15,498,-16268,0,-15537,0,8160,8192,5814,286,-5840,-118,108,37
1981669892,-5778,6146,-1124,150,-81,121,0,0,-7,-1,-17266,0,5754,-1200,-6156,-115,118,34
1981719892,-5392,6312,-1184,101,-95,131,8160,8192,0,0,645,8192,6082,-308,-5996,-118,94,41
1981769892,-5616,6292,-1646,77,-224,34,-16262,0,-15537,0,8160,8192,6080,-678,-6070,-124,34,55
1981819892,-5834,6662,-2012,2,-189,253,8160,8192,0,0,645,8192,6106,-266,-5966,-111,-71,46
1981869892,-4836,6164,-1324,2,-278,166,-16257,0,-15537,0,8160,8192,4850,362,-6552,-117,-95,39
1981919892,-5204,6306,-1740,12,-200,188,-16256,0,-15537,0,8160,8192,4758,-54,-6450,-98,-114,58
1981969892,-4944,6616,-1580,-1,-366,-102,8160,8192,-19820,30241,645,8192,6288,662,-5640,-119,-170,60
1982019892,-5464,6712,-1982,15,-52,346,-17250,0,-15537,0,8160,8192,5830,878,-6090,-116,-84,41
1982069892,-4810,7208,-2336,-4,-476,-212,-16248,0,-15537,0,8160,8192,5344,630,-6284,-140,-128,36
1982119892,-5370,6678,-1458,96,-20,270,8160,8192,0,0,645,8192,5770,26,-6170,-123,-122,56
1982169892,-4872,6968,-1716,-39,-91,146,8160,8192,0,0,645,8192,5690,1398,-6180,-111,-67,40
1982219892,-3994,6320,-1690,201,-419,-404,8160,8192,0,0,645,8192,5650,1228,-5956,-116,-48,40
1982269892,-4870,6928,-1522,27,59,453,-16240,0,-15537,0,8160,8192,5572,998,-6202,-97,-17,22
1982319892,-4666,6858,-1958,-5,-215,155,-18239,0,-15537,0,8160,8192,5924,888,-6052,-94,-29,35
1982369892,-5324,6334,-1092,160,135,144,8160,8192,-13036,30247,645,8192,6442,-118,-5500,-106,-44,31
1982419892,-5036,6020,-1174,-116,-201,242,8160,8192,-28572,30248,645,8192,5094,-34,-6366,-92,-109,19
1982469892,-5170,6682,-1446,-63,-270,-5,8160,8192,21428,30249,645,8192,5670,236,-6254,-87,-317,24
1982519892,-5544,6508,-1090,36,-167,269,-16230,0,-15537,0,8160,8192,5688,-156,-6252,-103,-56,31
1982569892,-5220,6434,-1208,77,-182,48,-16227,0,-15537,0,8160,8192,5622,-144,-6170,-122,6,46
1982619892,-5784,6390,-790,196,61,306,-16227,0,-15537,0,8160,8192,5740,-746,-6094,-131,122,45
1982669892,-4796,6400,-1418,127,-142,-67,0,0,-7,-1,-16224,0,5660,176,-6202,-124,290,42
1982719892,-4036,6138,-1506,367,-153,-255,-16222,0,-15537,0,8160,8192,5606,1072,-5850,-120,216,39
1982769892,-4288,6800,-1740,97,-233,-15,0,0,-7,-1,-16219,0,5630,852,-6062,-100,39,29
1982819892,-4692,6748,-1796,6,-218,110,8160,8192,-21788,30254,645,8192,5568,914,-6048,-103,-87,35
1982869892,-4608,7120,-1842,-11,-241,43,-16215,0,-15537,0,8160,8192,5810,1062,-6066,-96,-45,22
1982919892,-4998,6116,-1008,196,-15,-32,0,0,-7,-1,-16212,0,5734,-296,-6058,-106,-42,29
1982969892,-5608,6182,-906,-190,-214,334,-18209,0,-15537,0,8160,8192,5712,-402,-6100,-92,-229,22
1983019892,-5312,6118,-1018,-7,-157,120,0,0,-7,-1,-17206,0,5626,-498,-6250,-98,-62,25
1983069892,-5740,5916,-268,102,-121,134,0,0,-7,-1,-16205,0,5334,-1232,-6232,-126,-97,45
1983119892,-4424,5962,-1346,-92,-289,85,8160,8192,16068,30259,645,8192,5260,-92,-6646,-104,20,27
1983169892,-6014,6424,-290,153,88,552,-18200,0,-15537,0,8160,8192,5724,-906,-6244,-139,-13,70
1983219892,-5292,6308,-1114,25,-57,-67,-16198,0,-15537,0,8160,8192,5564,-292,-6268,-111,73,33
1983269892,-5054,6286,-544,301,-10,-5,8160,8192,-30540,30261,645,8192,5502,-318,-6492,-99,89,23
1983319892,-4918,7458,-2020,-128,-172,112,8160,8192,19460,30262,645,8192,5558,698,-6090,-100,83,22
1983369892,-4918,6494,-1214,261,17,-142,8160,8192,3924,30263,645,8192,5832,196,-6128,-87,124,10
1983419892,-4372,6972,-1472,80,-110,-6,-18189,0,-15537,0,8160,8192,5460,888,-6584,-94,124,16
1983469892,-5026,7480,-1842,201,4,32,-16188,0,-15537,0,8160,8192,5866,666,-6148,-96,197,12
1983519892,-4602,7012,-1652,298,-21,-146,0,0,-7,-1,-17186,0,5670,1234,-6152,-94,281,11
1983569892,-5022,7028,-1784,325,69,-114,0,0,-7,-1,-16183,0,5734,506,-6070,-97,226,17
1983619892,-4940,6652,-1576,57,-5,196,0,0,-7,-1,-17180,0,5748,590,-6104,-107,139,28
1983669892,-4826,6702,-1630,112,-78,33,-16179,0,-15537,0,8160,8192,5740,446,-6062,-101,108,24
1983719892,-5054,6444,-1272,114,-71,75,-16178,0,-15537,0,8160,8192,5826,-58,-5968,-110,67,33
1983769892,-5228,6064,-1400,80,-119,127,-18175,0,-15537,0,8160,8192,5790,-184,-6014,-105,54,32
1983819892,-4994,6474,-1442,106,-175,-109,-16173,0,-15537,0,8160,8192,5688,170,-6208,-101,52,26
1983869892,-5054,6612,-1452,99,-125,77,-18172,0,-15537,0,8160,8192,5802,180,-6060,-114,30,36
1983919892,-5590,6362,-1550,34,-69,245,-16171,0,-15537,0,8160,8192,5704,28,-6048,-105,3,28
1983969892,-5104,6438,-1472,81,-186,-63,0,0,-7,-1,-16168,0,5862,158,-6062,-110,-38,34
1984019892,-5140,6624,-1304,58,-99,150,-17165,0,-15537,0,8160,8192,5772,130,-6010,-106,-22,32
1984069892,-5288,6464,-1222,65,-107,161,-16163,0,-15537,0,8160,8192,5726,-38,-6040,-104,17,27
1984119892,-5318,6442,-1306,121,-75,1,0,0,-7,-1,-16160,0,5812,-60,-5998,-106,26,32
1984169892,-4854,6652,-1468,77,-149,47,8160,8192,0,0,645,8192,5738,424,-6132,-104,24,25
1984219892,-5336,6346,-1434,102,-25,187,-16155,0,-15537,0,8160,8192,6018,40,-5766,-93,5,9
1984269892,-5616,6262,-556,144,22,174,8160,8192,-13580,30276,645,8192,5126,-570,-6620,-119,-66,51
1984319892,-4936,6196,-1298,-207,-384,187,8160,8192,-29116,30277,645,8192,5654,-472,-6186,-148,-370,91
1984369892,-3982,5672,-2892,-82,-214,641,0,0,-7,-1,-17148,0,5288,1094,-6618,-111,-179,50
1984419892,-4620,6892,-530,223,-294,176,-16146,0,-15537,0,8160,8192,5608,-368,-6302,-122,-96,50
1984469892,-5840,6268,-1228,30,157,433,-16144,0,-15537,0,8160,8192,5828,1348,-6332,-106,49,44
1984519892,-5390,6498,-566,380,37,-352,-16142,0,-15537,0,8160,8192,5558,-238,-6266,-84,201,1
1984569892,-5050,6982,-1612,46,84,132,-17141,0,-15537,0,8160,8192,6494,1004,-5856,-102,212,14
1984619892,-4456,6770,-1778,349,-10,-331,0,0,-7,-1,-16139,0,5530,688,-6132,-76,407,-13
1984669892,-4496,6980,-1562,252,-169,-196,-16136,0,-15537,0,8160,8192,5704,504,-6008,-113,165,25
1984719892,-5016,6458,-1482,74,26,310,8160,8192,-22332,30283,645,8192,5838,162,-5988,-100,134,17
1984769892,-5028,6538,-1428,117,-142,-67,-16131,0,-15537,0,8160,8192,5712,224,-6116,-103,98,26
1984819892,-5062,6608,-1212,153,-59,117,-16128,0,-15537,0,8160,8192,5804,-124,-5996,-103,74,29
1984869892,-5388,6400,-1166,133,18,190,0,0,-7,-1,-17126,0,5790,-110,-6094,-99,57,25
1984919892,-4656,6592,-1848,42,-227,-106,-18123,0,-15537,0,8160,8192,5712,284,-6136,-109,-7,33
1984969892,-4946,6632,-1382,92,-118,206,8160,8192,31060,30287,645,8192,5716,316,-6122,-101,-96,30
1985019892,-5076,6454,-1378,-22,-126,225,-16119,0,-15537,0,8160,8192,5672,94,-6058,-105,-180,40
1985069892,-6096,5856,-246,-418,-368,752,-16117,0,-15537,0,8160,8192,7280,-1674,-6218,-99,-835,51
1985119892,-4020,10302,-2880,-6,-628,-53,-16115,0,-15537,0,8160,8192,6648,3716,-5302,-109,-149,38
1985169892,-4682,6602,600,475,-425,497,-18112,0,-15537,0,8160,8192,6536,2330,-6938,-93,-179,34
1985219892,-5594,6954,-994,-306,364,655,-16109,0,-15537,0,8160,8192,5860,494,-6150,-100,-87,29
1985269892,-5188,6536,-1172,278,-278,-219,8160,8192,3380,30292,645,8192,5512,-496,-6312,-102,44,25
1985319892,-4368,7064,-1816,-18,-104,-219,0,0,-7,-1,-17107,0,5448,1364,-6350,-124,81,48
1985369892,-4172,7042,-1532,330,-179,-390,0,0,-7,-1,-17105,0,5540,518,-6294,-102,103,26
1985419892,-4626,6816,-1426,21,9,300,-17103,0,-15537,0,8160,8192,5574,520,-6190,-108,44,31
1985469892,-4918,6572,-1294,94,-107,71,8160,8192,6772,30295,645,8192,5492,422,-6370,-92,44,17
1985519892,-4622,7040,-1534,155,-124,-230,-16099,0,-15537,0,8160,8192,5492,668,-6262,-79,130,3
1985569892,-5706,6550,-598,307,204,139,-18099,0,-15537,0,8160,8192,5694,-916,-6430,-27,312,-39
1985619892,-7512,4086,-36,140,838,154,-17097,0,-15537,0,8160,8192,2570,-1450,-8996,-82,642,-12
1985669892,-2938,7284,-2638,380,-572,-1436,8160,8192,0,0,645,8192,5852,2042,-6120,-129,482,41
1985719892,-5722,4814,-2086,680,275,881,-16093,0,-15537,0,8160,8192,10934,-1602,-3444,-105,801,-2
1985769892,-5574,7186,-1024,-292,397,-189,0,0,-7,-1,-16092,0,6620,-52,-6030,-80,595,-3
1985819892,-5428,6024,-964,420,-160,-105,-16090,0,-15537,0,8160,8192,5640,-1108,-5580,-109,436,33
1985869892,-5832,5710,-1214,165,205,581,-16089,0,-15537,0,8160,8192,5966,-486,-5754,-90,70,15
1985919892,-5762,8464,-2416,35,-500,-370,-16087,0,-15537,0,8160,8192,7526,1230,-5288,-154,-225,84
1985969892,-4700,6438,-2238,69,-147,334,0,0,-7,-1,-16085,0,6020,476,-5624,-121,-262,45
1986019892,-4830,6810,-1478,30,-262,-24,-16084,0,-15537,0,8160,8192,5938,574,-6060,-117,-207,28
1986069892,-5036,6618,-1712,14,-106,228,8160,8192,16948,30304,645,8192,5952,342,-5832,-128,-219,51
1986119892,-4644,6658,-1594,9,-129,270,-17080,0,-15537,0,8160,8192,5908,526,-5938,-84,-292,21
1986169892,-4882,7676,-1944,-126,-351,43,8160,8192,0,0,645,8192,6368,558,-5994,-124,-232,54
1986219892,-4708,7274,-1796,6,-199,144,-16076,0,-15537,0,8160,8192,6286,740,-5788,-121,-128,33
1986269892,-4764,6790,-1480,52,-151,216,8160,8192,20340,30307,645,8192,5766,334,-6068,-115,-112,34
1986319892,-5300,6366,-1356,8,-146,256,-16071,0,-15537,0,8160,8192,5918,-580,-5940,-115,-118,38
1986369892,-5250,7036,-1150,30,-129,182,-16068,0,-15537,0,8160,8192,5840,-10,-6088,-110,-82,36
1986419892,-4522,6984,-1494,9,-197,65,-16065,0,-15537,0,8160,8192,5934,758,-5720,-117,-95,41
1986469892,-4180,7038,-1708,99,-94,-9,-16063,0,-15537,0,8160,8192,5788,618,-6072,-94,69,32
1986519892,-4716,7106,-1688,188,24,206,-16062,0,-15537,0,8160,8192,5726,1392,-6076,-112,157,28
1986569892,-4210,6822,-1948,171,-201,-729,-16061,0,-15537,0,8160,8192,5740,218,-6146,-110,143,23
1986619892,-4888,6676,-1364,-4,81,498,0,0,-7,-1,-17058,0,5840,462,-5900,-108,80,29
1986669892,-5400,6488,-1320,70,-186,-90,8160,8192,27124,30313,645,8192,5848,-58,-6008,-98,29,25
1986719892,-4798,6690,-1140,213,-234,-218,-16055,0,-15537,0,8160,8192,5776,-498,-6126,-112,56,38
1986769892,-5222,6442,-1382,18,-20,258,-17055,0,-15537,0,8160,8192,5904,-158,-5918,-103,54,29
1986819892,-4938,6546,-1614,115,-202,-152,-16053,0,-15537,0,8160,8192,5770,120,-6132,-102,54,36
1986869892,-4762,6828,-1616,131,-180,-147,-18051,0,-15537,0,8160,8192,5880,502,-6016,-109,41,36
1986919892,-4752,6744,-1596,85,-93,61,-18050,0,-15537,0,8160,8192,5794,394,-6046,-102,39,27
1986969892,-4874,6660,-1712,91,-135,31,-16048,0,-15537,0,8160,8192,5686,430,-6076,-104,40,34
1987019892,-4896,6700,-1564,119,-214,-163,8160,8192,-16092,30318,645,8192,5906,348,-5978,-105,26,30
1987069892,-4744,6724,-1618,107,-131,15,0,0,-7,-1,-16043,0,5750,154,-6058,-99,39,27
1987119892,-4614,6672,-1614,84,-190,-46,8160,8192,18372,30320,645,8192,5808,456,-5978,-107,24,33
1987169892,-5018,6596,-1374,126,-128,36,8160,8192,0,0,645,8192,5596,400,-6010,-100,28,23
1987219892,-5520,6518,-1202,70,-127,125,0,0,-7,-1,-17037,0,5852,-254,-6046,-102,16,27
1987269892,-5532,6354,-1156,74,-91,68,8160,8192,0,0,645,8192,5866,-664,-5878,-109,28,26
1987319892,-5636,6214,-902,124,-97,69,-16031,0,-15537,0,8160,8192,5798,-552,-6044,-100,24,27
1987369892,-5312,6468,-1262,100,-148,10,-17028,0,-15537,0,8160,8192,5892,-30,-5962,-105,24,25
1987419892,-5134,6440,-1310,159,-144,-101,-16026,0,-15537,0,8160,8192,5752,-28,-6002,-100,24,25
1987469892,-5104,6548,-1388,45,-140,71,-18024,0,-15537,0,8160,8192,5848,76,-6070,-105,-8,32
1987519892,-5286,6378,-1304,64,-86,178,-16023,0,-15537,0,8160,8192,5614,-112,-6252,-110,-9,31
1987569892,-5950,6826,-1290,89,-34,224,-16021,0,-15537,0,8160,8192,6006,-334,-5576,-116,12,27
1987619892,-4238,6632,-1648,93,-109,-116,8160,8192,-5916,30327,645,8192,5022,894,-6802,-91,60,28
1987669892,-4822,7444,-2074,196,-225,-63,-16017,0,-15537,0,8160,8192,6178,1016,-5752,-106,41,34
1987719892,-5322,6346,-1294,98,-10,142,-16016,0,-15537,0,8160,8192,5976,-54,-5878,-100,12,30
1987769892,-4928,6554,-1334,74,-189,-45,-16014,0,-15537,0,8160,8192,5572,164,-6258,-105,-9,27
1987819892,-5396,6422,-1374,79,-108,118,-16012,0,-15537,0,8160,8192,5922,-188,-5968,-106,56,30
1987869892,-5442,6148,-1178,72,-43,132,-18010,0,-15537,0,8160,8192,5778,-498,-6062,-109,75,31
1987919892,-5228,6302,-1228,73,-103,152,-16008,0,-15537,0,8160,8192,5840,-658,-5958,-118,68,39
1987969892,-5370,6234,-1054,33,43,329,-18006,0,-15537,0,8160,8192,5884,-452,-6008,-102,49,25
1988019892,-5042,6554,-1318,132,-134,0,-16004,0,-15537,0,8160,8192,5738,-316,-6106,-109,23,36
1988069892,-5134,6564,-1360,117,-67,89,-16002,0,-15537,0,8160,8192,5804,26,-6060,-109,69,27
1988119892,-4848,6914,-1554,146,-113,163,8160,8192,-30204,30335,645,8192,5610,280,-6022,-107,54,31
1988169892,-4890,6684,-1668,111,-106,31,-15997,0,-15537,0,8160,8192,5898,594,-5960,-110,42,29
1988219892,-4906,6730,-1640,98,-54,174,8160,8192,4260,30337,645,8192,5734,368,-6034,-107,4,23
1988269892,-4514,6900,-1942,23,-91,113,-15729,0,-15537,0,8160,8192,5872,918,-5966,-106,2,34
1988319892,-4320,7120,-1984,128,-126,32,8160,8192,-26812,30338,645,8192,5750,1258,-6068,-108,36,29
1988369892,-3754,7306,-2476,95,-214,-164,0,0,-7,-1,-15989,0,5756,1960,-6040,-113,19,32
1988419892,-3820,7228,-2202,165,-249,-145,8160,8192,7652,30340,645,8192,5504,2028,-6238,-105,10,30
1988469892,-4686,6234,-2072,158,-122,-159,-15985,0,-15537,0,8160,8192,5850,1590,-5936,-99,46,30
1988519892,-4248,7150,-2118,370,-448,-607,8160,8192,-23420,30341,645,8192,5860,1102,-5750,-94,44,13
1988569892,-5100,7510,-2664,132,-174,-346,0,0,-7,-1,-15980,0,5852,692,-5156,-94,-4,16
1988619892,-4134,6262,-1566,135,-288,-129,8160,8192,11044,30343,645,8192,6052,922,-5756,-103,3,22
1988669892,-5904,6878,-1752,45,-80,-23,0,0,-7,-1,-15977,0,6642,376,-5828,-88,2,24
1988719892,-5284,5980,-1528,14,-141,52,-15975,0,-15537,0,8160,8192,4834,-222,-6426,-103,11,9
1988769892,-5794,6406,-766,152,-88,174,-15973,0,-15537,0,8160,8192,5490,-388,-6054,-93,27,39
1988819892,-5128,6858,-1518,88,-160,-80,8160,8192,14436,30346,645,8192,4802,266,-6094,-107,43,25
1988869892,-5382,5952,-1308,138,-46,26,-15967,0,-15537,0,8160,8192,5928,-558,-6166,-118,81,20
1988919892,-5882,6034,-1146,52,-55,215,0,0,-7,-1,-16966,0,5152,-902,-6360,-86,14,34
1988969892,-5422,5454,-764,40,-27,164,-15963,0,-15537,0,8160,8192,7776,-344,-4794,-100,26,33
1989019892,-6162,6208,-614,77,-75,2,-15960,0,-15537,0,8160,8192,4770,-1148,-6968,-110,-5,32
1989069892,-6148,6010,-746,58,-96,129,8160,8192,0,0,645,8192,5626,-1206,-6274,-104,24,28
1989119892,-6868,5186,244,71,54,260,0,0,-7,-1,-15952,0,5686,-2608,-5982,-108,8,29
1989169892,-6338,5960,-832,-68,-227,45,8160,8192,-28780,30351,645,8192,5850,-820,-6188,-110,-11,54
1989219892,-6054,6170,-1182,249,-192,-347,0,0,-7,-1,-15947,0,5272,-728,-5884,-102,59,31
1989269892,-5714,6260,-952,47,-58,181,-16946,0,-15537,0,8160,8192,5598,-806,-6046,-98,83,20
1989319892,-6252,5486,-664,87,35,230,8160,8192,-9852,30353,645,8192,5810,-1112,-6052,-116,113,33
1989369892,-5390,6188,-1386,101,-144,-121,0,0,-7,-1,-15941,0,5784,336,-6202,-111,101,37
1989419892,-4630,6776,-1990,149,-197,-325,-15939,0,-15537,0,8160,8192,5814,1102,-5976,-101,44,26
1989469892,-5280,6334,-1320,72,-34,329,0,0,-7,-1,-15936,0,5746,-58,-5930,-99,11,29
1989519892,-5972,6122,-1140,-36,50,468,8160,8192,0,0,645,8192,5828,-46,-6156,-104,18,34
1989569892,-5148,6250,-1150,228,-115,-181,-17931,0,-15537,0,8160,8192,5768,-182,-6036,-107,36,29
1989619892,-4950,6708,-1770,33,-154,70,-17929,0,-15537,0,8160,8192,5778,826,-6070,-107,36,30
1989669892,-4630,6670,-1922,84,-194,11,0,0,-7,-1,-16926,0,5672,1072,-6010,-102,4,26
1989719892,-5252,6530,-1378,37,-96,260,-15924,0,-15537,0,8160,8192,6074,324,-5822,-97,-43,28
1989769892,-5314,6524,-1518,18,-73,144,0,0,-7,-1,-15923,0,5812,208,-6084,-101,4,26
1989819892,-5068,6560,-1464,132,-125,-41,-17921,0,-15537,0,8160,8192,5784,220,-6030,-107,43,27
1989869892,-5326,6440,-1464,52,-75,150,-15919,0,-15537,0,8160,8192,5820,278,-6052,-107,68,30
1989919892,-5472,6428,-1298,149,-58,142,8160,8192,0,0,645,8192,5818,118,-6108,-113,87,35
1989969892,-5122,6564,-1564,85,-138,55,8160,8192,-15212,30363,645,8192,5806,414,-6008,-113,67,33
1990019892,-5436,6308,-1050,137,-54,223,8160,8192,0,0,645,8192,5858,-454,-6018,-110,49,35
1990069892,-5672,5968,-982,13,-49,232,0,0,-7,-1,-15909,0,5868,-738,-5882,-106,43,36
1990119892,-6194,5948,-600,102,22,340,0,0,-7,-1,-15907,0,5646,-1216,-6212,-109,47,29
1990169892,-6254,6024,-674,108,-16,163,-15904,0,-15537,0,8160,8192,5376,-1376,-6370,-116,102,37
1990219892,-6176,5472,-292,114,17,248,-16901,0,-15537,0,8160,8192,5708,-1714,-6210,-118,63,26
1990269892,-5338,4676,-774,-57,-9,215,-15898,0,-15537,0,8160,8192,6062,-898,-6208,-97,-4,52
1990319892,-5754,5898,-492,67,-118,97,-15896,0,-15537,0,8160,8192,4468,-652,-6856,-96,11,49
1990369892,-3770,6270,-1630,91,-307,-467,-15893,0,-15537,0,8160,8192,7988,1306,-5500,-119,-44,24
1990419892,-3986,7292,-2362,53,-184,30,8160,8192,-23964,30370,645,8192,4230,2470,-6806,-97,35,36
1990469892,-4720,7384,-2228,81,60,190,-15887,0,-15537,0,8160,8192,5490,532,-6222,-101,62,20
1990519892,-5230,7292,-1892,51,72,367,-15885,0,-15537,0,8160,8192,3674,676,-7578,-91,71,28
1990569892,-5920,7216,-1510,31,156,370,0,0,-7,-1,-15883,0,6850,922,-6266,-90,25,36
1990619892,-5410,7164,-1680,165,-132,151,8160,8192,-20572,30373,645,8192,5364,-20,-6572,-113,32,43
1990669892,-5678,6736,-1086,134,41,302,8160,8192,0,0,645,8192,5376,-1230,-5886,-105,20,37
1990719892,-5106,6076,-1656,91,-75,106,-15874,0,-15537,0,8160,8192,4876,584,-7170,-115,45,33
1990769892,-5226,7126,-1566,114,43,268,0,0,-7,-1,-15872,0,6414,730,-5678,-100,47,30
1990819892,-4610,5784,-1478,111,-76,109,-15870,0,-15537,0,8160,8192,7428,1326,-6030,-107,29,30
1990869892,-4190,6040,-1352,147,-36,209,-15867,0,-15537,0,8160,8192,4840,1322,-6582,-107,43,25
1990919892,-5114,7748,-1752,131,-145,124,0,0,-7,-1,-16865,0,6906,4,-5452,-103,17,36
1990969892,-4486,5664,-1642,132,-69,203,-15863,0,-15537,0,8160,8192,6292,-6,-5396,-118,22,29
1991019892,-5124,6998,-1722,197,-64,387,0,0,-7,-1,-16861,0,5536,122,-6596,-113,14,31
1991069892,-4972,7192,-1826,166,-112,182,0,0,-7,-1,-16859,0,6806,916,-4578,-107,31,38
1991119892,-4162,7288,-2482,147,-116,200,-17857,0,-15537,0,8160,8192,4880,616,-6486,-111,34,35
1991169892,-4138,6528,-1634,145,-57,224,8160,8192,5140,30382,645,8192,5982,810,-6234,-117,34,22
1991219892,-4584,7136,-1802,166,-91,227,-16852,0,-15537,0,8160,8192,6598,942,-5364,-111,26,32
1991269892,-4370,6822,-1624,155,-46,302,0,0,-7,-1,-16850,0,6368,128,-5290,-124,27,30
1991319892,-3666,8100,-2246,41,-236,-296,-16848,0,-15537,0,8160,8192,6518,2360,-5780,-107,54,21
1991369892,-3418,7686,-2588,64,-123,58,8160,8192,0,0,645,8192,5876,2148,-5864,-120,25,16
1991419892,-3544,7182,-2566,66,-144,71,-15840,0,-15537,0,8160,8192,5880,1152,-6024,-111,24,28
1991469892,-5152,6732,-1392,106,-85,259,-17837,0,-15537,0,8160,8192,5978,-622,-5944,-106,-37,14
1991519892,-5098,6710,-1378,19,-82,220,-15835,0,-15537,0,8160,8192,5732,-54,-6094,-108,-40,19
1991569892,-4556,7102,-1688,85,-206,-87,-16832,0,-15537,0,8160,8192,5896,150,-5956,-114,7,18
1991619892,-4514,6892,-1578,138,-80,105,0,0,-7,-1,-15829,0,5598,382,-5812,-118,58,26
1991669892,-4784,6564,-1612,128,-57,184,-17828,0,-15537,0,8160,8192,5906,310,-6058,-117,56,32
1991719892,-4616,7004,-1486,101,-128,-48,-17826,0,-15537,0,8160,8192,6354,364,-6010,-103,59,30
1991769892,-4742,6766,-1672,107,-70,153,-17824,0,-15537,0,8160,8192,5624,98,-6156,-103,28,26
1991819892,-4654,6730,-1794,93,-106,80,0,0,-7,-1,-15822,0,6088,48,-5834,-107,33,25
1991869892,-4376,6860,-1712,85,-142,3,8160,8192,0,0,645,8192,5746,502,-5948,-102,25,27
1991919892,-4316,7072,-1804,77,-122,58,8160,8192,0,0,645,8192,5642,488,-6100,-104,22,33
1991969892,-4950,6812,-1436,117,-69,143,-17814,0,-15537,0,8160,8192,5856,-64,-6036,-104,44,32
1992019892,-4692,6782,-1546,101,-129,-5,-15813,0,-15537,0,8160,8192,5838,66,-6002,-106,40,32
1992069892,-4628,6794,-1600,98,-104,58,0,0,-7,-1,-15811,0,5792,60,-6070,-110,42,28
1992119892,-4594,6838,-1574,102,-104,72,8160,8192,-27900,30396,645,8192,5904,244,-6002,-107,34,31
1992169892,-4708,6936,-1584,100,-118,50,8160,8192,0,0,645,8192,5732,188,-6146,-108,29,31
1992219892,-4710,6876,-1582,97,-92,102,-16803,0,-15537,0,8160,8192,5970,184,-5964,-103,28,31
1992269892,-4802,6756,-1520,107,-95,90,0,0,-7,-1,-15800,0,5604,34,-6138,-106,31,31
1992319892,-4540,6792,-1732,91,-114,55,-17798,0,-15537,0,8160,8192,5846,218,-6026,-108,26,32
1992369892,-4644,6718,-1672,107,-81,132,-17797,0,-15537,0,8160,8192,5816,54,-6046,-109,34,32
1992419892,-4682,6786,-1538,104,-98,77,-15795,0,-15537,0,8160,8192,5694,54,-6114,-106,32,30
1992469892,-4538,6846,-1602,102,-110,48,-15792,0,-15537,0,8160,8192,5626,208,-6102,-107,31,31
1992519892,-4626,6866,-1640,105,-86,122,-15789,0,-15537,0,8160,8192,5668,140,-6066,-109,32,34
1992569892,-4548,6904,-1726,99,-102,72,0,0,-7,-1,-15787,0,5672,280,-6026,-105,31,31
1992619892,-4594,6920,-1684,116,-92,100,-15784,0,-15537,0,8160,8192,5772,142,-6086,-108,37,33
1992669892,-4660,6890,-1680,114,-84,118,-15782,0,-15537,0,8160,8192,5820,100,-6058,-105,36,32
1992719892,-4498,6896,-1714,102,-100,68,8160,8192,0,0,645,8192,5740,286,-6100,-103,32,26
1992769892,-4370,6892,-1784,105,-110,62,0,0,-7,-1,-15776,0,5728,348,-6018,-106,33,33
1992819892,-4552,6814,-1770,109,-87,125,0,0,-7,-1,-15774,0,5638,358,-5972,-102,29,31
1992869892,-4348,6954,-1712,93,-135,-6,-15772,0,-15537,0,8160,8192,5800,400,-6064,-103,39,31
1992919892,-4376,7022,-1844,97,-123,13,0,0,-7,-1,-15769,0,5912,470,-5990,-112,40,35
1992969892,-4464,6990,-1740,91,-126,9,-15766,0,-15537,0,8160,8192,5544,520,-6218,-102,33,31
1993019892,-4350,7014,-1824,62,-176,-94,0,0,-7,-1,-15765,0,6006,408,-5860,-106,26,32
1993069892,-4218,7028,-1906,58,-175,-77,-15762,0,-15537,0,8160,8192,5898,720,-5948,-109,23,31
1993119892,-4314,7072,-1896,53,-169,-58,0,0,-7,-1,-16761,0,5934,740,-5960,-100,19,30
1993169892,-4192,6812,-1910,61,-169,-67,8160,8192,-26476,30412,645,8192,5864,638,-5954,-105,29,30
1993219892,-4428,6856,-1830,123,-233,-257,-15755,0,-15537,0,8160,8192,5566,844,-6220,-104,38,31
1993269892,-3932,6674,-1740,146,-225,-194,-15752,0,-15537,0,8160,8192,6310,712,-5808,-102,47,28
1993319892,-3864,6790,-1730,123,-229,-199,0,0,-7,-1,-16750,0,6260,724,-5824,-97,41,28
1993369892,-3662,6584,-1638,122,-208,-7,8160,8192,-23084,30415,645,8192,5934,1400,-5418,-99,28,25
1993419892,-5596,7556,-1974,144,-237,-204,-16745,0,-15537,0,8160,8192,4600,756,-6518,-100,47,29
1993469892,-4080,6430,-2314,601,-799,-1246,8160,8192,11380,30417,645,8192,5968,634,-5770,-103,47,25
1993519892,-4592,6824,-1792,125,-198,-121,8160,8192,-4156,30417,645,8192,6420,1118,-5586,-89,21,27
1993569892,-4636,6748,-1818,13,-152,-153,-16740,0,-15537,0,8160,8192,5428,352,-6198,-99,47,19
1993619892,-4440,5850,-1170,42,-81,26,8160,8192,30308,30419,645,8192,5658,1792,-6140,-99,10,24
1993669892,-5190,6900,-1988,101,-270,-228,8160,8192,0,0,645,8192,6716,402,-4862,-90,25,21
1993719892,-5348,6866,-2048,160,-321,-258,-15732,0,-15537,0,8160,8192,6868,130,-6122,-90,22,22
1993769892,-5114,6746,-1446,151,-285,-206,0,0,-7,-1,-16728,0,3782,1628,-6228,-103,20,30
1993819892,-4810,5872,-1118,121,-294,38,-15726,0,-15537,0,8160,8192,6054,846,-6692,-112,20,25
1993869892,-5614,7070,-2074,49,-267,84,8160,8192,18164,30423,645,8192,5612,444,-6172,-104,-19,42
1993919892,-4834,6032,-1372,13,-324,218,-15720,0,-15537,0,8160,8192,5258,238,-6274,-117,22,21
1993969892,-4986,6008,-324,29,-151,282,-17718,0,-15537,0,8160,8192,7574,-774,-4916,-102,-9,41
1994019892,-5300,6078,-708,-70,-103,207,-15713,0,-15537,0,8160,8192,6752,-516,-5338,-94,34,47
1994069892,-5208,5690,-1054,30,-248,132,-17711,0,-15537,0,8160,8192,4710,-422,-6598,-114,17,16
1994119892,-5992,7004,-1460,54,-135,-2,8160,8192,6020,30427,645,8192,5972,706,-6102,-111,37,35
1994169892,-5588,6550,-1252,14,-277,-149,0,0,-7,-1,-16706,0,2794,156,-6904,-104,60,38
1994219892,-5354,5930,-908,68,84,16,-15704,0,-15537,0,8160,8192,5418,-694,-7160,-105,13,27
1994269892,-6668,4980,-116,76,551,482,-15700,0,-15537,0,8160,8192,5312,-2518,-6526,-105,54,38
1994319892,-5786,5184,-300,-189,250,161,8160,8192,9412,30430,645,8192,6826,-1814,-5628,-109,-54,74
1994369892,-4926,7226,-2038,-26,-262,-207,0,0,-7,-1,-15698,0,5922,1540,-6126,-118,-111,21
1994419892,-5350,6102,-266,378,-383,-254,8160,8192,0,0,645,8192,5584,-1776,-6024,-87,-286,16
1994469892,-5838,5190,1176,-257,209,1210,0,0,-7,-1,-15694,0,5566,-1764,-6148,-97,-124,33
1994519892,-6290,5338,-1088,-139,-140,-282,-15691,0,-15537,0,8160,8192,5862,-760,-6126,-98,17,30
1994569892,-5552,6502,-608,422,-405,11,0,0,-7,-1,-16688,0,5984,-1040,-6152,-93,7,15
1994619892,-5976,5942,-404,-175,267,332,8160,8192,-18268,30434,645,8192,5136,-1148,-6442,-90,30,17
1994669892,-6116,5682,-490,141,-57,421,0,0,-7,-1,-16684,0,6328,-1696,-5924,-106,41,50
1994719892,-6532,5422,-126,-23,125,471,0,0,-7,-1,-16680,0,5704,-1912,-6036,-96,49,20
1994769892,-7048,6220,-598,47,53,256,-15678,0,-15537,0,8160,8192,5466,-1614,-6696,-105,45,29
1994819892,-6768,6848,-844,7,54,292,-16676,0,-15537,0,8160,8192,3570,-954,-8796,-80,48,63
1994869892,-4574,6570,-1286,67,-206,-227,8160,8192,-30412,30438,645,8192,5822,1408,-7028,-118,141,51
1994919892,-4798,6210,-1558,421,119,51,-15669,0,-15537,0,8160,8192,6152,-292,-6346,-146,394,34
1994969892,-6612,8010,-266,166,73,192,0,0,-7,-1,-15666,0,4370,-2846,-7046,-135,148,20
1995019892,-5608,5480,-1600,-108,-133,176,-15663,0,-15537,0,8160,8192,6416,-1404,-5588,-110,-95,99
1995069892,-6472,7944,-1048,-40,-115,173,-15661,0,-15537,0,8160,8192,7614,616,-4846,-78,-79,25
1995119892,-2916,6738,-1980,131,-446,-631,0,0,-7,-1,-15659,0,3368,576,-5822,-93,78,0
1995169892,-6306,6078,148,85,207,1362,8160,8192,0,0,645,8192,4682,-2186,-6548,-65,-123,32
1995219892,-3648,8296,-2368,-193,-247,-378,-15653,0,-15537,0,8160,8192,4054,2884,-6622,-105,-27,47
1995269892,-2198,7478,-3238,521,-492,-948,-16651,0,-15537,0,8160,8192,4736,3702,-5070,-117,62,34
1995319892,-4348,8396,-1340,188,110,1395,-15648,0,-15537,0,8160,8192,6946,582,-5232,-116,-65,42
1995369892,-2254,8080,-2958,178,77,349,8160,8192,10836,30446,645,8192,4820,3844,-7020,-118,89,20
1995419892,-662,9276,-4164,575,-479,-884,-17646,0,-15537,0,8160,8192,4916,5176,-5968,-123,254,25
1995469892,-2816,8312,-2380,282,-10,494,-16643,0,-15537,0,8160,8192,5116,1790,-6034,-126,92,18
1995519892,-6072,6472,-1858,152,638,1647,0,0,-7,-1,-16641,0,6282,228,-5952,-126,75,22
1995569892,-5852,6666,-860,144,-259,-165,0,0,-7,-1,-16639,0,6236,-806,-5868,-128,35,36
1995619892,-4080,6704,-1706,100,-59,95,8160,8192,-1308,30449,645,8192,5208,660,-5978,-107,57,15
1995669892,-3546,7298,-2302,18,-163,-37,-15633,0,-15537,0,8160,8192,5912,1696,-6076,-97,-18,12
1995719892,-4132,7294,-1938,118,3,349,-15630,0,-15537,0,8160,8192,5632,900,-6326,-110,13,25
1995769892,-3816,6998,-1922,135,-141,-28,0,0,-7,-1,-16627,0,5390,724,-6266,-125,64,42
1995819892,-4630,6932,-1542,158,-58,79,-15624,0,-15537,0,8160,8192,5858,-78,-6116,-116,100,43
1995869892,-5238,6536,-1274,155,-59,88,0,0,-7,-1,-15622,0,5776,-886,-6200,-101,89,25
1995919892,-4270,7034,-1900,61,-192,-106,-15618,0,-15537,0,8160,8192,5780,756,-5810,-104,5,24
1995969892,-4174,7206,-1890,57,-133,107,-15617,0,-15537,0,8160,8192,5926,398,-5872,-100,-26,30
1996019892,-4846,6826,-1402,98,-57,210,0,0,-7,-1,-15613,0,5814,-118,-6048,-106,22,31
1996069892,-4630,6880,-1618,110,-145,-72,0,0,-7,-1,-16611,0,5790,78,-6052,-112,58,30
1996119892,-4376,6808,-1784,108,-95,58,-15609,0,-15537,0,8160,8192,5680,302,-6016,-112,55,30
1996169892,-4384,6838,-1618,98,-113,84,-15606,0,-15537,0,8160,8192,5716,228,-6044,-105,18,41
1996219892,-4530,6868,-1716,104,-118,49,8160,8192,8868,30459,645,8192,5874,-40,-5952,-104,33,26
1996269892,-4572,6874,-1630,104,-87,97,-15604,0,-15537,0,8160,8192,5976,42,-5868,-97,34,23
1996319892,-4572,6924,-1584,102,-121,51,-15601,0,-15537,0,8160,8192,5798,18,-6162,-107,31,32
1996369892,-4490,6926,-1786,91,-95,84,0,0,-7,-1,-15599,0,5612,350,-6244,-107,36,34
1996419892,-4552,7008,-1676,116,-107,62,0,0,-7,-1,-15596,0,6064,178,-5820,-107,42,33
1996469892,-4550,6916,-1562,110,-91,82,0,0,-7,-1,-15594,0,5692,190,-6174,-110,48,35
1996519892,-4550,6768,-1578,116,-96,103,0,0,-7,-1,-15593,0,6144,-30,-5856,-109,29,33
1996569892,-4418,6906,-1706,89,-91,95,8160,8192,31188,30464,645,8192,5716,246,-6016,-103,27,30
1996619892,-4484,6936,-1700,110,-95,114,0,0,-7,-1,-15590,0,5746,180,-6078,-107,27,34
1996669892,-4412,7128,-1706,98,-99,89,-15586,0,-15537,0,8160,8192,5722,434,-6066,-99,26,23
1996719892,-4480,6976,-1770,107,-111,88,-15585,0,-15537,0,8160,8192,5848,260,-6032,-109,25,37
1996769892,-4438,6948,-1758,92,-99,88,-15582,0,-15537,0,8160,8192,5842,242,-5872,-104,27,27
1996819892,-4340,6996,-1790,101,-133,24,-15578,0,-15537,0,8160,8192,5868,378,-5942,-110,28,35
1996869892,-4152,7084,-1832,87,-133,-2,8160,8192,0,0,645,8192,5888,540,-5892,-104,33,31
1996919892,-4108,7140,-1932,73,-159,-56,-15570,0,-15537,0,8160,8192,5658,738,-6074,-106,29,25
1996969892,-4314,7256,-1830,75,-178,-87,8160,8192,0,0,645,8192,5782,696,-5994,-105,27,31
1997019892,-4094,7318,-2038,54,-161,-89,8160,8192,22436,30471,645,8192,5558,1036,-6214,-102,38,29
1997069892,-4312,6934,-1732,78,-164,-122,8160,8192,6900,30472,645,8192,5736,604,-6036,-104,38,33
1997119892,-3874,6980,-1972,88,-246,-194,-15562,0,-15537,0,8160,8192,6338,1148,-5648,-102,22,36
1997169892,-4074,7068,-2064,126,-304,-324,8160,8192,0,0,645,8192,5742,1050,-6120,-103,15,29
1997219892,-4594,7650,-2452,75,-227,-258,0,0,-7,-1,-16558,0,5764,992,-6286,-100,30,25
1997269892,-4912,7370,-1360,69,-165,-312,8160,8192,10292,30475,645,8192,4954,846,-6862,-105,49,21
1997319892,-4276,6960,-1964,396,-646,-918,-15553,0,-15537,0,8160,8192,5148,410,-6562,-101,29,30
1997369892,-4418,6912,-1894,113,-212,-226,8160,8192,-20780,30476,645,8192,5716,798,-6342,-101,32,22
1997419892,-5208,6958,-1822,46,-116,76,-15549,0,-15537,0,8160,8192,5376,442,-6088,-88,32,36
1997469892,-4498,6650,-1798,82,-191,-210,8160,8192,0,0,645,8192,5420,452,-5988,-109,57,27
1997519892,-4078,5538,-720,172,-276,-219,-15544,0,-15537,0,8160,8192,5374,868,-6664,-104,33,28
1997569892,-5382,7028,-1840,165,-332,-375,8160,8192,-17388,30479,645,8192,5068,-362,-6250,-104,29,32
1997619892,-4906,6732,-2034,283,-400,-348,0,0,-7,-1,-16541,0,5756,-546,-6374,-100,29,33
1997669893,-5076,5966,-1436,188,-268,-112,-15539,0,-15537,0,8160,8192,6408,1044,-4752,-102,22,23
1997719892,-5016,6404,-1712,131,-231,51,0,0,-7,-1,-17536,0,7740,548,-3778,-108,23,27
1997769892,-5014,6672,-1476,20,-174,121,-18534,0,-15537,0,8160,8192,6210,220,-5600,-98,-1,37
1997819892,-4812,5814,-1236,-32,-192,186,-16532,0,-15537,0,8160,8192,5314,1030,-6662,-124,49,24
1997869892,-4202,5858,-1088,12,-391,264,8160,8192,20468,30484,645,8192,7586,764,-4920,-122,16,21
1997919892,-4492,5662,-550,-7,-330,119,-17527,0,-15537,0,8160,8192,4986,-2,-7294,-116,39,18
1997969892,-6020,6298,-1240,40,-50,-64,8160,8192,0,0,645,8192,5602,-126,-6014,-94,18,46
1998019892,-4286,5258,-638,-24,-318,104,-16522,0,-15537,0,8160,8192,9094,-116,-3752,-108,73,29
1998069892,-5756,6472,-1690,-38,-6,85,8160,8192,23860,30487,645,8192,5548,-584,-6890,-108,0,31
1998119892,-6196,5798,-648,28,326,212,8160,8192,0,0,645,8192,5008,-684,-6476,-94,3,33
1998169892,-6572,6256,-886,38,331,-56,8160,8192,0,0,645,8192,6206,-894,-6062,-132,-1,26
1998219892,-5856,5370,-616,-14,285,231,-16514,0,-15537,0,8160,8192,6384,-672,-5444,-91,-51,29
1998269892,-5534,5060,244,181,-74,-6,8160,8192,27252,30490,645,8192,5674,-2520,-6272,-114,-1,26
1998319892,-6136,5102,-492,8,19,33,8160,8192,0,0,645,8192,6148,-1362,-5694,-107,61,31
1998369892,-6172,5544,-434,178,-153,-50,0,0,-7,-1,-17507,0,6062,-1228,-5936,-105,53,36
1998419892,-6260,5654,-612,52,-102,160,0,0,-7,-1,-17504,0,5942,-1482,-5922,-108,54,34
1998469892,-6522,5058,-22,31,93,519,-16502,0,-15537,0,8160,8192,6342,-2228,-5722,-112,62,33
1998519892,-7912,5376,438,71,233,598,8160,8192,0,0,645,8192,5122,-3760,-6060,-106,61,36
1998569892,-8672,5344,630,-96,453,946,0,0,-7,-1,-17498,0,5656,-4018,-4920,-128,128,25
1998619892,-8112,4262,1230,240,77,341,-18496,0,-15537,0,8160,8192,5840,-3422,-5414,-103,95,45
1998669892,-7906,7232,944,216,-97,102,-18494,0,-15537,0,8160,8192,5778,-636,-3978,-73,105,56
1998719892,-4338,8926,-2818,-203,-308,-581,-18492,0,-15537,0,8160,8192,4318,1282,-7518,-113,160,52
1998769892,-3482,6712,-1546,309,-287,191,-16489,0,-15537,0,8160,8192,6008,848,-6536,-111,-49,66
1998819892,-7812,8190,-638,282,247,1122,-16487,0,-15537,0,8160,8192,8186,182,-5114,-120,-36,53
1998869892,-4522,7926,-1738,1,-458,-655,-16485,0,-15537,0,8160,8192,4610,978,-8882,-93,47,32
1998919892,-4192,7932,-2348,329,-240,-104,-16484,0,-15537,0,8160,8192,8922,-4022,-5874,-97,54,23
1998969892,-4338,8094,-3814,-80,178,761,-16482,0,-15537,0,8160,8192,5750,-1784,-5002,-102,23,40
1999019892,-2028,6826,-3428,101,-275,-218,-16480,0,-15537,0,8160,8192,4578,2032,-6172,-132,0,21
1999069892,-40,6048,-1222,298,-203,55,-16479,0,-15537,0,8160,8192,9732,2692,-3346,-115,43,23
1999119892,-836,4842,-2210,-21,355,1182,-18477,0,-15537,0,8160,8192,4956,886,-6852,-119,21,23
1999169892,-3554,8244,-2766,173,-201,404,0,0,-7,-1,-17475,0,6614,2980,-5230,-138,-50,21
1999219892,-2116,7892,-3670,-74,-154,76,0,0,-7,-1,-17473,0,6122,3288,-5804,-123,-47,23
1999269892,-3182,8110,-2916,243,6,435,-16472,0,-15537,0,8160,8192,5654,3018,-6406,-92,60,7
1999319892,-4300,7346,-1850,47,-217,-298,0,0,-7,-1,-16471,0,5884,1016,-5994,-109,19,20
1999369892,-3994,6812,-1718,109,-32,170,-16469,0,-15537,0,8160,8192,5774,300,-5968,-124,80,41
1999419892,-5372,6184,-1162,141,-62,159,-16467,0,-15537,0,8160,8192,5836,-244,-5976,-103,70,29
1999469892,-4748,6720,-1618,41,-171,-305,-16466,0,-15537,0,8160,8192,5626,70,-6276,-96,66,27
1999519892,-4772,6694,-1552,67,10,342,0,0,-7,-1,-17465,0,5848,-94,-6076,-101,13,20
1999569892,-4492,6920,-1692,63,-137,20,-16463,0,-15537,0,8160,8192,5772,472,-6042,-104,7,29
1999619892,-4196,7120,-2042,52,-161,-47,0,0,-7,-1,-16461,0,5694,844,-6054,-101,5,27
1999669892,-4746,6886,-1456,131,-38,229,-16458,0,-15537,0,8160,8192,5734,36,-6078,-103,38,31
1999719892,-4710,6772,-1526,109,-138,-50,0,0,-7,-1,-16455,0,5828,140,-5920,-103,49,27
1999769892,-4858,6722,-1408,120,-86,99,-16453,0,-15537,0,8160,8192,5942,-226,-5928,-110,44,32
1999819892,-4770,6770,-1494,96,-108,38,-16452,0,-15537,0,8160,8192,5744,-130,-5964,-109,48,28
1999869892,-4422,6820,-1754,110,-122,15,8160,8192,-11148,30514,645,8192,5812,292,-5974,-111,43,29
1999919892,-4346,7006,-1702,104,-107,61,0,0,-7,-1,-16447,0,5894,454,-6002,-107,43,33
1999969892,-4552,6954,-1768,100,-118,30,-17444,0,-15537,0,8160,8192,5828,228,-6058,-107,35,33
2000019892,-4572,6916,-1624,100,-113,51,-16441,0,-15537,0,8160,8192,5892,192,-5910,-104,35,32
2000069892,-4770,6860,-1444,112,-103,81,-16439,0,-15537,0,8160,8192,5772,-122,-6050,-106,38,32
2000119892,-4652,6748,-1550,90,-121,58,-16436,0,-15537,0,8160,8192,5778,-76,-6000,-108,22,30
2000169892,-4636,6874,-1524,90,-101,85,-16434,0,-15537,0,8160,8192,5872,154,-6020,-108,21,32
2000219892,-4508,6886,-1600,104,-105,70,-18431,0,-15537,0,8160,8192,5732,146,-6100,-109,32,33
2000269892,-4558,6800,-1662,98,-100,75,-18429,0,-15537,0,8160,8192,5892,234,-5932,-106,37,33
2000319892,-4622,6838,-1654,105,-105,74,8160,8192,0,0,645,8192,5838,36,-5974,-103,28,30
2000369892,-4654,6944,-1602,106,-96,111,-16427,0,-15537,0,8160,8192,5864,162,-5812,-111,29,35
2000419892,-4410,6870,-1748,97,-106,75,-16425,0,-15537,0,8160,8192,5792,232,-5998,-106,24,30
2000469892,-4484,6870,-1558,118,-89,97,-16423,0,-15537,0,8160,8192,5758,166,-6140,-102,33,29
2000519892,-4388,6760,-1872,112,-108,81,0,0,-7,-1,-17421,0,5910,452,-6024,-109,35,36
2000569892,-4450,6924,-1748,104,-102,71,0,0,-7,-1,-17419,0,5890,342,-5836,-99,31,24
2000619892,-4482,6866,-1616,107,-95,97,-16416,0,-15537,0,8160,8192,5868,334,-5914,-106,29,33
2000669892,-4308,6896,-1776,94,-115,31,8160,8192,2420,30527,645,8192,5886,428,-5962,-105,35,28
2000719892,-4428,7010,-1736,100,-115,13,8160,8192,0,0,645,8192,5792,326,-6118,-103,40,25
2000769892,-4322,7048,-1926,79,-160,-34,0,0,-7,-1,-16412,0,5614,496,-6210,-110,21,35
2000819892,-4192,6872,-1842,58,-166,-69,8160,8192,0,0,645,8192,5820,704,-5938,-98,22,24
2000869892,-4078,7096,-2042,85,-205,-53,-16408,0,-15537,0,8160,8192,6040,908,-5822,-106,5,34
2000919892,-4074,6908,-1956,131,-251,-169,-16407,0,-15537,0,8160,8192,5804,790,-6050,-112,6,38
2000969892,-3926,7098,-1924,122,-270,-268,-16404,0,-15537,0,8160,8192,5710,952,-6058,-103,15,33
2001019892,-4988,7124,-1784,53,-96,-20,-16402,0,-15537,0,8160,8192,5936,454,-5986,-103,22,28
2001069892,-4580,7080,-2260,99,-270,-256,-16400,0,-15537,0,8160,8192,6154,1354,-5556,-103,16,32
2001119892,-4938,7064,-1592,196,-373,-640,-16398,0,-15537,0,8160,8192,5628,866,-6142,-101,21,27
2001169892,-4738,7260,-1514,284,-377,-404,0,0,-7,-1,-16396,0,6278,760,-5458,-99,18,34
2001219892,-5164,7522,-2442,-7,-114,-74,-16393,0,-15537,0,8160,8192,6104,1034,-5880,-100,20,24
2001269892,-4872,6958,-1824,163,-247,-164,0,0,-7,-1,-16391,0,5478,670,-6100,-87,32,32
2001319892,-5010,7352,-2254,227,-347,-426,8160,8192,0,0,645,8192,6252,1072,-5870,-102,61,20
2001369892,-5916,7966,-2550,314,-389,-380,0,0,-7,-1,-17387,0,3874,98,-7424,-102,41,21
2001419892,-4820,6668,-2122,124,-322,-308,-16384,0,-15537,0,8160,8192,5028,296,-6518,-94,28,27
2001469892,-5156,6920,-2134,271,-397,-228,-16382,0,-15537,0,8160,8192,5118,-86,-7158,-94,41,23
2001519892,-5186,6870,-1762,158,-275,-173,0,0,-7,-1,-16379,0,5922,1460,-5750,-97,18,19
2001569892,-4562,5978,-1346,104,-157,229,-17377,0,-15537,0,8160,8192,6006,516,-5856,-99,18,13
2001619892,-4688,6334,-1298,-20,-182,118,0,0,-7,-1,-16374,0,5362,316,-6594,-74,-17,25
2001669892,-4458,5650,-976,-54,-247,190,-16372,0,-15537,0,8160,8192,4294,582,-5602,-115,36,13
2001719892,-5518,6506,-1306,28,-178,324,-16371,0,-15537,0,8160,8192,8142,602,-4348,-122,13,16
2001769892,-5804,6382,-1230,1,-178,245,8160,8192,-11692,30543,645,8192,6278,-856,-5984,-115,16,18
2001819892,-5514,5618,-444,7,-234,-133,8160,8192,0,0,645,8192,7726,360,-5612,-88,-13,43
2001869892,-5868,5776,-756,99,131,152,-16363,0,-15537,0,8160,8192,6626,-1234,-5776,-106,10,29
2001919892,-7356,7366,-1148,-35,125,114,8160,8192,0,0,645,8192,10624,-1256,-1690,-105,3,28
2001969892,-6262,5766,-508,-31,335,244,-18359,0,-15537,0,8160,8192,4634,-1702,-7008,-107,25,31
2002019892,-6140,5362,-512,-20,346,184,-16356,0,-15537,0,8160,8192,5918,-1580,-6252,-109,45,43
2002069892,-6156,5722,-402,76,144,250,-16354,0,-15537,0,8160,8192,6112,-1340,-5870,-116,61,35
2002119892,-6018,5856,-840,134,-84,6,0,0,-7,-1,-16352,0,5928,-1004,-5868,-114,52,33
2002169892,-5848,6036,-1048,116,-115,-192,0,0,-7,-1,-16349,0,6062,-728,-5898,-106,53,30
2002219892,-6484,5718,-74,167,-45,434,-16348,0,-15537,0,8160,8192,6104,-2198,-5882,-113,66,35
2002269892,-6924,4930,444,-273,418,870,-16345,0,-15537,0,8160,8192,6246,-3026,-5782,-100,127,42
2002319892,-8398,4804,634,105,383,713,-17342,0,-15537,0,8160,8192,5432,-3794,-6514,-110,82,29
2002369892,-7792,6144,352,104,8,110,-16340,0,-15537,0,8160,8192,6542,-2744,-5278,-102,71,18
2002419892,-6402,4740,548,101,30,110,0,0,-7,-1,-17337,0,6408,-2054,-6596,-76,65,42
2002469892,-5054,6428,-1332,52,-112,8,-16335,0,-15537,0,8160,8192,7584,2228,-4820,-95,84,71
2002519892,-3254,6760,-1976,25,-315,-529,0,0,-7,-1,-17333,0,5654,3618,-3542,-122,52,51
2002569892,-6940,7326,-310,302,361,1221,-16331,0,-15537,0,8160,8192,7756,-964,-5270,-120,-19,32
2002619892,-4234,5086,-390,-36,-76,44,-18328,0,-15537,0,8160,8192,9420,-4662,-6366,-92,-13,45
2002669892,-4518,7580,-1984,79,-262,-178,0,0,-7,-1,-17328,0,6188,864,-5686,-96,1,48
2002719892,-3492,6010,-2088,90,44,258,-17326,0,-15537,0,8160,8192,7428,-420,-3948,-109,38,24
2002769892,-2844,5584,-2504,137,-40,367,0,0,-7,-1,-16326,0,7048,2094,-5758,-139,-23,9
2002819892,-1814,9156,-3630,143,-276,-242,-16324,0,-15537,0,8160,8192,4906,5360,-7630,-117,2,10
2002869892,-834,10562,-4636,585,-679,-708,-18322,0,-15537,0,8160,8192,4494,5838,-6840,-117,9,22
2002919892,-3646,7658,-1250,155,357,1327,-17321,0,-15537,0,8160,8192,5944,94,-6126,-108,38,20
2002969892,-6828,6188,-1088,224,745,2298,-16319,0,-15537,0,8160,8192,5644,68,-5508,-127,41,17
2003019892,-3690,8468,-2560,19,-483,-789,-16317,0,-15537,0,8160,8192,6080,2090,-6312,-110,78,35
2003069892,-1912,7730,-2976,276,-462,-676,8160,8192,-22412,30563,645,8192,5540,2824,-5792,-138,54,39
2003119892,-3958,7138,-1928,-78,250,576,0,0,-7,-1,-16314,0,5404,1052,-5908,-96,49,26
2003169892,-5056,6760,-1532,158,-86,225,8160,8192,12052,30565,645,8192,5594,-16,-5824,-114,30,29
2003219892,-4202,7206,-2002,58,-232,-326,0,0,-7,-1,-16311,0,5858,674,-5964,-99,47,23
2003269892,-4568,7082,-1730,92,-46,231,-16308,0,-15537,0,8160,8192,5902,170,-5960,-94,37,28
2003319892,-5138,6564,-1118,79,-73,158,-18306,0,-15537,0,8160,8192,5732,-724,-5990,-97,-2,25
2003369892,-4636,6794,-1620,68,-196,-166,5544,8192,-7,-1,-16234,0,5788,256,-5966,-101,10,25
2003419892,-4806,6862,-1360,128,-86,198,8160,8192,-92,30568,645,8192,5908,-424,-6130,-107,39,38
2003469892,-4770,6852,-1600,105,-92,36,-16299,0,-15537,0,8160,8192,5870,-62,-6010,-111,66,34
2003519892,-4616,6994,-1662,159,-125,18,0,0,-7,-1,-16299,0,5732,150,-5946,-110,41,32
2003569892,-4530,6896,-1724,73,-83,144,-18297,0,-15537,0,8160,8192,5800,184,-6004,-105,23,30
2003619892,-4474,7014,-1796,91,-112,64,-17295,0,-15537,0,8160,8192,5772,474,-6044,-102,23,30
2003669892,-4570,6952,-1724,91,-77,115,0,0,-7,-1,-17293,0,5834,66,-6018,-102,30,30
2003719892,-4516,6890,-1640,93,-102,63,0,0,-7,-1,-16292,0,5818,170,-6048,-104,32,33
2003769892,-4642,6876,-1514,111,-95,90,-18290,0,-15537,0,8160,8192,5818,24,-5986,-105,31,32
2003819892,-4598,6860,-1622,91,-81,117,-16289,0,-15537,0,8160,8192,5824,94,-6092,-108,30,31
2003869892,-4542,6928,-1650,97,-106,56,8160,8192,-8844,30575,645,8192,5814,202,-6064,-104,29,28
2003919892,-4548,6936,-1626,102,-75,121,-17284,0,-15537,0,8160,8192,5832,114,-6034,-104,29,31
2003969892,-4488,6998,-1736,96,-116,52,0,0,-7,-1,-17283,0,5992,144,-5854,-107,31,35
2004019892,-4596,6896,-1640,112,-77,128,-16281,0,-15537,0,8160,8192,5806,94,-6124,-108,33,31
2004069892,-4548,6858,-1484,103,-106,68,-16279,0,-15537,0,8160,8192,5792,-30,-6176,-109,29,32
2004119892,-4440,6996,-1700,99,-115,52,-17278,0,-15537,0,8160,8192,5964,208,-5858,-111,30,34
2004169892,-4456,7052,-1726,111,-80,120,-16276,0,-15537,0,8160,8192,5882,294,-5922,-108,32,28
2004219892,-4404,6972,-1672,108,-98,66,0,0,-7,-1,-17274,0,5772,310,-6064,-109,43,34
2004269892,-4198,7176,-1888,92,-120,36,-16272,0,-15537,0,8160,8192,5640,504,-6104,-104,33,34
2004319892,-4494,6962,-1548,118,-79,131,8160,8192,0,0,645,8192,5766,126,-6082,-106,34,26
2004369892,-4448,7002,-1672,106,-128,32,-16270,0,-15537,0,8160,8192,5804,162,-5974,-109,36,36
2004419892,-4464,6964,-1724,107,-99,69,8160,8192,16868,30584,645,8192,5944,288,-5836,-102,38,26
2004469892,-4298,6996,-1710,89,-109,57,-16264,0,-15537,0,8160,8192,5788,398,-6080,-104,28,29
2004519892,-4128,7144,-1994,81,-146,-20,8160,8192,-14204,30585,645,8192,5686,780,-6108,-108,30,33
2004569892,-4206,7058,-1786,81,-133,12,-16261,0,-15537,0,8160,8192,5930,522,-5982,-98,17,28
2004619892,-4594,6890,-1632,63,-147,-7,0,0,-7,-1,-16259,0,5470,242,-6284,-109,14,37
2004669892,-3832,7048,-2146,74,-268,-322,-18257,0,-15537,0,8160,8192,6078,1102,-5934,-101,27,31
2004719892,-3794,7418,-2268,195,-375,-398,-16255,0,-15537,0,8160,8192,5830,958,-5914,-100,17,29
2004769892,-4182,7084,-2036,37,-116,-7,8160,8192,0,0,645,8192,5510,186,-6332,-104,21,35
2004819892,-5054,6394,-1700,55,-183,-282,8160,8192,23652,30590,645,8192,5760,698,-6004,-100,29,26
2004869892,-4106,7624,-2444,293,-534,-656,0,0,-7,-1,-16248,0,5554,580,-6210,-98,39,22
2004919892,-4638,7090,-1866,86,-97,52,-16247,0,-15537,0,8160,8192,6646,758,-5682,-100,20,22
2004969892,-4792,6816,-1492,64,-119,31,8160,8192,0,0,645,8192,6454,906,-5268,-94,22,31
2005019892,-4946,6902,-1930,82,-165,-189,0,0,-7,-1,-17243,0,6084,606,-5894,-98,45,21
2005069892,-4810,6814,-1826,240,-372,-399,8160,8192,11508,30594,645,8192,5626,736,-6258,-83,42,25
2005119892,-4362,6698,-1952,221,-403,-470,8160,8192,0,0,645,8192,6040,620,-6010,-107,57,11
2005169892,-4812,6828,-1766,249,-364,-368,-16238,0,-15537,0,8160,8192,6372,368,-5780,-94,26,22
2005219892,-4992,6590,-1656,128,-265,-206,-18236,0,-15537,0,8160,8192,6094,896,-5988,-105,13,24
2005269892,-5244,6736,-1780,140,-295,-146,0,0,-7,-1,-16233,0,6136,904,-6310,-113,-6,32
2005319892,-5254,6762,-1666,211,-313,-187,-16231,0,-15537,0,8160,8192,5074,196,-6860,-99,10,26
2005369892,-4398,5898,-1472,192,-304,-132,8160,8192,0,0,645,8192,6570,2520,-5004,-110,32,26
2005419892,-5486,7368,-2128,138,-225,44,-17227,0,-15537,0,8160,8192,3698,-2,-7434,-107,59,29
2005469892,-5614,6510,-1384,23,-27,234,-16224,0,-15537,0,8160,8192,6684,10,-5940,-90,16,44
2005519892,-4404,6140,-1472,-51,-318,126,-16223,0,-15537,0,8160,8192,7402,218,-5134,-103,-16,36
2005569892,-5680,7090,-2122,4,-153,205,-16220,0,-15537,0,8160,8192,7194,1184,-4532,-115,-10,15
2005619892,-5070,5806,-1204,17,-195,-9,-18219,0,-15537,0,8160,8192,6982,592,-5464,-120,37,20
2005669892,-5498,6238,-1374,-45,-245,202,-18217,0,-15537,0,8160,8192,4830,408,-7370,-105,37,34
2005719892,-5070,5576,-472,-26,-223,91,0,0,-7,-1,-17215,0,4408,-1464,-7366,-111,42,30
2005769892,-6024,5770,-470,39,108,-5,-17212,0,-15537,0,8160,8192,6814,-1472,-5834,-115,23,18
2005819892,-6062,5750,-326,54,513,271,0,0,-7,-1,-16212,0,4932,-558,-6294,-102,42,44
2005869892,-6624,5622,-234,85,276,323,-16210,0,-15537,0,8160,8192,6358,-1382,-5730,-132,17,22
2005919892,-5146,4366,-548,117,-79,29,-16207,0,-15537,0,8160,8192,5438,-2414,-8618,-99,-47,41
2005969892,-5842,5908,-1198,117,-176,-103,-15766,0,-15537,0,8160,8192,5756,-1168,-6244,-113,23,28
2006019892,-5754,5562,-642,111,-139,33,-16204,0,-15537,0,8160,8192,5644,-1974,-6220,-105,26,28
2006069892,-6532,5400,-494,-47,12,244,0,0,-7,-1,-17201,0,5746,-1708,-6216,-108,66,38
2006119892,-7182,5454,-240,36,104,398,0,0,-7,-1,-16199,0,5222,-2830,-6402,-102,91,32
2006169892,-8736,4950,760,-34,532,1069,0,0,-7,-1,-17198,0,5126,-4620,-6628,-114,119,20
2006219892,-9678,4206,1552,144,469,994,0,0,-7,-1,-17196,0,7184,-3764,-6300,-103,44,28
2006269892,-8452,6494,518,84,-155,-140,8160,8192,0,0,645,8192,8262,-4086,-7320,-75,76,34
2006319892,-6152,7426,-1748,-110,-22,-10,0,0,-7,-1,-17192,0,3102,-750,-7468,-127,79,40
2006369892,-6760,8820,-1466,56,-91,47,8160,8192,788,30614,645,8192,9978,2052,-4782,-89,11,68
2006419892,-4672,8688,-1804,-34,-128,-73,8160,8192,0,0,645,8192,4068,4418,-5434,-137,25,37
2006469892,-3664,6858,-1434,277,-279,-48,8160,8192,0,0,645,8192,9810,2054,-3516,-99,12,43
2006519892,-6150,8284,-1890,84,119,384,8160,8192,0,0,645,8192,8448,2402,-6210,-99,38,21
2006569892,-2930,7840,-3304,73,-275,-349,-16180,0,-15537,0,8160,8192,7974,5926,-6132,-107,-50,32
2006619892,-3378,7996,-2616,283,-100,252,8160,8192,-11356,30617,645,8192,3360,1862,-7384,-115,-4,7
2006669892,-2594,8566,-3122,-50,-36,451,0,0,-7,-1,-17176,0,6126,4742,-7258,-119,-47,26
2006719892,-2126,8044,-2582,241,-94,328,8160,8192,0,0,645,8192,5350,2122,-6270,-134,56,13
2006769892,-4364,7264,-2974,-25,386,971,-17172,0,-15537,0,8160,8192,5852,2572,-5810,-107,63,8
2006819892,-4402,7268,-1828,395,-7,756,-16170,0,-15537,0,8160,8192,5890,590,-6026,-146,94,44
2006869892,-3002,7594,-2864,61,-146,-317,-17169,0,-15537,0,8160,8192,5646,2294,-6396,-120,113,34
2006919892,-3174,7394,-2486,112,-121,-119,-16167,0,-15537,0,8160,8192,5518,996,-6190,-117,95,45
2006969892,-4144,7148,-2040,204,67,511,-18165,0,-15537,0,8160,8192,5560,912,-5768,-103,39,19
2007019892,-3636,7248,-2008,49,-222,-203,-16162,0,-15537,0,8160,8192,5706,442,-5976,-99,-1,9
2007069892,-5162,6984,-1352,126,-62,282,8160,8192,-20108,30624,645,8192,6068,-566,-5988,-111,1,30
2007119892,-4568,6858,-1598,66,-169,-66,0,0,-7,-1,-16157,0,5890,-38,-5874,-97,28,28
2007169892,-4964,6744,-1332,144,-83,122,0,0,-7,-1,-17155,0,5842,-366,-5972,-115,37,35
2007219892,-4176,7134,-1842,31,-176,-82,-16152,0,-15537,0,8160,8192,5818,466,-6118,-100,21,23
2007269892,-4856,6764,-1536,112,-69,220,-18149,0,-15537,0,8160,8192,5896,-218,-6046,-108,0,32
2007319892,-4402,6954,-1664,62,-136,17,-16147,0,-15537,0,8160,8192,5888,74,-5964,-108,14,31
2007369892,-4464,6956,-1604,116,-106,55,8160,8192,0,0,645,8192,5810,36,-6036,-107,36,27
2007419892,-4366,6952,-1718,91,-107,98,-16143,0,-15537,0,8160,8192,5794,96,-6074,-111,29,28
2007469892,-4506,6966,-1624,103,-142,10,-17142,0,-15537,0,8160,8192,5778,14,-6150,-110,27,34
2007519892,-4490,7044,-1662,101,-103,98,-16139,0,-15537,0,8160,8192,5904,170,-5948,-106,25,31
2007569892,-4478,6920,-1614,99,-122,43,-16137,0,-15537,0,8160,8192,5822,62,-6024,-107,28,30
2007619892,-4382,6952,-1654,98,-114,50,-17135,0,-15537,0,8160,8192,5958,138,-5944,-102,32,31
2007669892,-4506,7028,-1580,103,-119,51,-16133,0,-15537,0,8160,8192,5748,-50,-6006,-108,29,33
2007719892,-4444,7030,-1730,102,-126,32,8160,8192,0,0,645,8192,6076,180,-5896,-107,34,32
2007769892,-4310,6858,-1676,112,-107,47,-16128,0,-15537,0,8160,8192,5710,156,-6190,-106,42,31
2007819892,-4572,6812,-1698,106,-102,72,-16126,0,-15537,0,8160,8192,5872,-40,-5932,-108,37,34
2007869892,-4496,7046,-1566,106,-107,45,-16124,0,-15537,0,8160,8192,5798,122,-5998,-103,37,30
2007919892,-4480,6934,-1584,116,-107,64,-16122,0,-15537,0,8160,8192,5810,-2,-5926,-111,41,35
2007969892,-4360,6970,-1804,97,-98,72,-17120,0,-15537,0,8160,8192,5748,260,-5916,-101,31,31
2008019892,-4382,7138,-1714,106,-96,72,-17119,0,-15537,0,8160,8192,5604,290,-6044,-103,39,26
2008069892,-4410,6994,-1650,122,-80,119,-16117,0,-15537,0,8160,8192,5734,200,-5908,-105,44,32
2008119892,-4400,7056,-1664,95,-99,60,8160,8192,-18684,30640,645,8192,5884,178,-5948,-97,30,25
2008169892,-4436,7098,-1676,99,-109,70,-16114,0,-15537,0,8160,8192,5822,148,-6014,-105,29,33
2008219892,-4424,6936,-1812,105,-99,71,-18111,0,-15537,0,8160,8192,5682,204,-6150,-105,44,29
2008269892,-4322,7108,-1776,97,-122,-1,8160,8192,244,30643,645,8192,6010,280,-5818,-104,42,30
2008319892,-4316,7060,-1740,109,-118,34,0,0,-7,-1,-16108,0,5756,412,-6044,-109,45,36
2008369892,-4510,6918,-1598,111,-136,4,0,0,-7,-1,-17106,0,5822,-220,-6052,-103,38,34
2008419892,-4300,7060,-1814,85,-146,-36,-16103,0,-15537,0,8160,8192,5690,422,-6080,-106,37,33
2008469892,-4060,7164,-1876,73,-172,-80,-16101,0,-15537,0,8160,8192,5708,706,-6030,-103,30,34
2008519892,-4350,6742,-1674,64,-105,13,0,0,-7,-1,-16099,0,5784,376,-5934,-103,25,32
2008569892,-3946,7214,-2082,53,-190,-140,0,0,-7,-1,-17097,0,5926,826,-5936,-102,24,30
2008619892,-3874,6924,-1832,111,-219,-122,-16094,0,-15537,0,8160,8192,5888,848,-5862,-105,14,36
2008669892,-4044,6886,-2010,72,-199,-177,-17092,0,-15537,0,8160,8192,5832,546,-6112,-100,17,28
2008719892,-4794,7340,-1858,139,-227,-244,-16090,0,-15537,0,8160,8192,5778,580,-6028,-104,25,28
2008769892,-3712,6976,-1918,96,-227,-158,8160,8192,0,0,645,8192,5966,1004,-5792,-99,26,26
2008819892,-3998,5744,-1290,163,-256,-294,-17085,0,-15537,0,8160,8192,6866,222,-5256,-101,23,16
2008869892,-4490,6948,-2118,298,-641,-1036,-16083,0,-15537,0,8160,8192,6400,352,-5586,-100,20,30
2008919892,-3658,6888,-2004,200,-321,-345,-16080,0,-15537,0,8160,8192,5190,1314,-6464,-101,41,27
2008969892,-4514,6576,-1832,59,-179,-83,8160,8192,-20652,30653,645,8192,5850,980,-5682,-87,27,31
2009019892,-3956,6350,-1794,139,-276,-240,-16076,0,-15537,0,8160,8192,6316,600,-6170,-111,37,16
2009069892,-5130,6950,-2252,241,-488,-403,-16074,0,-15537,0,8160,8192,8630,330,-4734,-103,24,25
2009119892,-4408,6410,-1960,230,-469,-437,-16072,0,-15537,0,8160,8192,5372,82,-6714,-100,21,33
2009169892,-5372,7294,-2284,157,-318,-137,-16070,0,-15537,0,8160,8192,5758,716,-5672,-99,23,33
2009219892,-4794,6248,-1686,102,-192,39,-16067,0,-15537,0,8160,8192,7334,790,-5514,-107,33,27
2009269892,-5392,7034,-2004,127,-192,64,0,0,-7,-1,-16064,0,6002,2356,-6114,-111,27,34
2009319892,-5718,7470,-2238,17,-186,39,-16064,0,-15537,0,8160,8192,7632,1632,-6000,-84,2,42
2009369892,-5088,7000,-2094,32,-300,66,-17062,0,-15537,0,8160,8192,5818,1644,-5992,-109,-6,38
2009419892,-4956,6668,-1276,-51,-136,380,0,0,-7,-1,-16060,0,6570,208,-5668,-105,22,24
2009469892,-4914,5378,-1090,13,-351,25,-16057,0,-15537,0,8160,8192,6116,124,-5970,-102,-3,19
2009519892,-6164,6278,-216,117,128,160,-16055,0,-15537,0,8160,8192,7008,-1392,-5432,-106,57,39
2009569892,-6446,7394,-2074,-81,-287,-174,0,0,-7,-1,-16053,0,6698,-548,-5308,-114,-5,34
2009619892,-5698,5520,-846,182,213,38,-16051,0,-15537,0,8160,8192,4658,-1448,-7248,-102,19,33
2009669892,-6800,5564,-98,27,459,389,0,0,-7,-1,-17048,0,6418,-1414,-5742,-136,15,17
2009719892,-6438,5548,-472,-21,313,166,-17046,0,-15537,0,8160,8192,5672,-1096,-6830,-105,16,30
2009769892,-6114,5908,-984,234,-215,-152,-17043,0,-15537,0,8160,8192,4956,-1274,-6508,-116,52,30
2009819892,-6366,5834,-744,148,-60,33,8160,8192,0,0,645,8192,5082,-1182,-6444,-105,52,28
2009869892,-6706,5840,-284,149,-111,127,8160,8192,27380,30667,645,8192,5836,-1998,-6136,-112,58,27
2009919892,-6138,5654,-736,29,-123,-6,-17037,0,-15537,0,8160,8192,5824,-1180,-6000,-105,58,31
2009969892,-6366,5720,-432,146,-98,175,8160,8192,-3692,30668,645,8192,5878,-1800,-5976,-103,35,33
2010019892,-6836,4852,258,29,264,665,8160,8192,-19228,30669,645,8192,5098,-2862,-6830,-95,79,32
2010069892,-9366,5284,852,23,263,793,8160,8192,30772,30670,645,8192,6180,-5058,-6762,-103,3,16
2010119892,-8212,620,-206,-298,821,1645,-16027,0,-15537,0,8160,8192,5700,-5684,-6584,-115,118,-4
2010169892,-8598,4538,1502,30,-22,84,0,0,-7,-1,-17026,0,6988,-3854,-4984,-60,-5,23
2010219892,-6492,5650,-776,-125,-19,100,8160,8192,-15836,30672,645,8192,5504,-1168,-5832,-102,24,62
2010269892,-4212,9084,-3618,-347,-122,-370,0,0,-7,-1,-17022,0,5534,-210,-7518,-96,63,71
2010319892,-5128,8622,-2266,169,65,446,8160,8192,18628,30674,645,8192,3100,-2276,-5234,-111,46,23
2010369892,-2196,5890,-1990,76,-232,-50,0,0,-7,-1,-16018,0,5992,1668,-6068,-121,39,85
2010419892,-2488,7854,-3504,151,-286,-730,-18015,0,-15537,0,8160,8192,9128,2364,-5386,-112,43,33
2010469892,-2736,7246,-1556,306,-153,315,-16013,0,-15537,0,8160,8192,3228,1060,-7132,-104,-38,27
2010519892,-3756,8190,-3566,-93,31,302,0,0,-7,-1,-17010,0,5402,2408,-5984,-117,10,41
2010569892,-2176,6786,-2724,353,-144,202,8160,8192,0,0,645,8192,9082,4610,-3608,-114,78,21
2010619892,-3372,8384,-3660,93,82,610,0,0,-7,-1,-16006,0,6062,4114,-5394,-132,44,34
2010669892,-1834,8636,-3702,60,133,522,-16003,0,-15537,0,8160,8192,5838,4932,-6008,-112,54,1
2010719892,-4018,7168,-1674,169,-45,310,0,0,-7,-1,-16002,0,6416,26,-5538,-127,24,44
2010769892,-2108,8192,-3606,28,-130,-27,-16000,0,-15537,0,8160,8192,5876,4378,-6164,-111,56,29
2010819892,-3956,6892,-1880,154,-197,-160,-15998,0,-15537,0,8160,8192,5366,856,-6434,-106,25,14
2010869892,-5016,6320,-1596,127,114,649,0,0,-7,-1,-16995,0,5684,44,-5984,-120,-2,35
2010919892,-4570,6588,-1394,48,-189,-42,0,0,-7,-1,-16992,0,5642,-218,-5952,-100,-7,21
2010969892,-4744,6744,-1430,94,-79,134,0,0,-7,-1,-15990,0,6076,-256,-6094,-110,30,34
2011019892,-4262,7010,-1580,126,-142,-27,-15987,0,-15537,0,8160,8192,6002,332,-6052,-109,50,32
2011069892,-4466,7034,-1524,142,-117,40,-15984,0,-15537,0,8160,8192,5894,-10,-6048,-115,46,30
2011119892,-4054,7050,-1918,73,-134,20,-15982,0,-15537,0,8160,8192,5730,780,-5920,-106,30,29
2011169892,-4162,7104,-1774,86,-158,-24,-16979,0,-15537,0,8160,8192,5826,238,-6058,-103,16,29
2011219892,-4672,6852,-1708,92,-61,169,8160,8192,0,0,645,8192,5742,144,-6018,-109,25,29
2011269892,-4772,6782,-1496,99,-132,28,-15975,0,-15537,0,8160,8192,5898,-134,-5976,-104,25,30
2011319892,-4594,6870,-1568,94,-104,79,-17973,0,-15537,0,8160,8192,5798,-68,-6002,-111,33,32
2011369892,-4510,7004,-1666,109,-88,101,0,0,-7,-1,-16972,0,5798,246,-6062,-110,33,32
2011419892,-4266,7060,-1718,105,-126,20,-15969,0,-15537,0,8160,8192,5868,248,-5902,-110,31,29
2011469892,-4518,7038,-1662,103,-83,123,8160,8192,0,0,645,8192,5778,190,-5990,-104,31,29
2011519892,-4440,6934,-1728,101,-125,12,0,0,-7,-1,-15965,0,5638,168,-5984,-106,39,29
2011569892,-4450,6966,-1632,103,-113,62,-15962,0,-15537,0,8160,8192,5914,72,-6024,-106,31,33
2011619892,-4488,7024,-1630,115,-117,37,-15959,0,-15537,0,8160,8192,5838,98,-5960,-107,39,31
2011669892,-4458,6988,-1618,104,-115,59,0,0,-7,-1,-16956,0,5806,208,-6126,-107,32,30
2011719892,-4462,6928,-1690,110,-112,80,-15953,0,-15537,0,8160,8192,5886,178,-5848,-108,29,35
2011769892,-4358,7084,-1654,94,-115,45,-15951,0,-15537,0,8160,8192,5860,186,-6032,-105,27,31
2011819892,-4280,6928,-1746,108,-102,74,0,0,-7,-1,-15948,0,5742,322,-6204,-107,37,33
2011869892,-4468,6816,-1676,108,-99,90,-17946,0,-15537,0,8160,8192,5860,80,-5898,-105,36,32
2011919892,-4524,6890,-1594,103,-88,86,-15943,0,-15537,0,8160,8192,5786,122,-5916,-100,38,25
2011969892,-4496,6868,-1646,114,-90,90,8160,8192,0,0,645,8192,5830,28,-5882,-108,40,35
2012019892,-4432,6900,-1714,101,-79,114,0,0,-7,-1,-16939,0,5878,254,-5810,-100,32,24
2012069892,-4368,7072,-1744,102,-112,56,-15937,0,-15537,0,8160,8192,5928,332,-6060,-105,30,32
2012119892,-4334,7042,-1824,102,-101,75,-15935,0,-15537,0,8160,8192,5930,202,-5982,-105,39,32
2012169892,-4358,6950,-1764,102,-106,59,-15931,0,-15537,0,8160,8192,5522,294,-6210,-103,37,28
2012219892,-4404,6966,-1672,104,-117,58,8160,8192,0,0,645,8192,6008,108,-5940,-109,33,34
2012269892,-4292,7108,-1854,84,-135,16,-15927,0,-15537,0,8160,8192,5746,306,-6146,-109,23,35
2012319892,-4366,7042,-1644,91,-126,32,8160,8192,0,0,645,8192,5776,310,-5980,-104,21,29
2012369892,-3936,7124,-2036,66,-171,-95,8160,8192,-28524,30705,645,8192,5706,844,-6078,-104,30,29
2012419892,-4202,6974,-1910,97,-137,44,0,0,-7,-1,-15920,0,5726,800,-6132,-107,16,35
2012469892,-4424,7282,-1830,36,-143,-48,0,0,-7,-1,-15917,0,5736,696,-5994,-102,19,35
2012519892,-4228,7208,-1896,154,-243,-178,-16914,0,-15537,0,8160,8192,5606,664,-6112,-106,30,32
2012569892,-3828,6942,-1764,112,-211,-137,8160,8192,-25132,30708,645,8192,5820,618,-5992,-98,20,29
2012619892,-4112,7180,-2104,112,-261,-298,-15909,0,-15537,0,8160,8192,5976,820,-5862,-102,20,34
2012669892,-4800,6894,-1642,142,-272,-412,8160,8192,9332,30710,645,8192,5584,382,-6168,-100,32,27
2012719892,-4822,7952,-2232,256,-342,-422,8160,8192,-6204,30710,645,8192,5486,508,-6086,-97,51,27
2012769892,-3698,6682,-1866,95,-192,-113,-15902,0,-15537,0,8160,8192,5380,1040,-6200,-99,33,18
2012819892,-5138,7258,-1850,114,-203,-125,-15900,0,-15537,0,8160,8192,5698,766,-5950,-104,29,27
2012869892,-4070,6658,-1800,130,-298,-347,8160,8192,0,0,645,8192,4670,678,-6672,-98,22,19
2012919892,-4580,7106,-1892,280,-459,-446,0,0,-7,-1,-15892,0,4760,964,-6398,-92,25,30
2012969892,-4798,7054,-2036,264,-476,-599,0,0,-7,-1,-15890,0,5542,874,-5782,-96,44,23
2013019892,-4038,6202,-1592,203,-338,-246,-15888,0,-15537,0,8160,8192,4678,1214,-6618,-100,17,25
2013069892,-5266,6766,-1976,158,-323,-279,0,0,-7,-1,-15886,0,5150,950,-6822,-105,13,35
2013119892,-5152,6592,-1788,142,-252,-171,-17884,0,-15537,0,8160,8192,6304,862,-4836,-101,19,32
2013169892,-5726,7662,-2284,111,-151,169,-15880,0,-15537,0,8160,8192,6004,404,-6334,-110,27,25
2013219892,-5154,6814,-1862,78,-147,199,-15878,0,-15537,0,8160,8192,3600,-450,-6702,-116,50,22
2013269892,-4658,6014,-1150,75,-190,300,0,0,-7,-1,-15875,0,6266,482,-4794,-109,38,33
2013319892,-5646,6194,-1018,87,-62,25,-15873,0,-15537,0,8160,8192,5892,188,-7404,-105,30,37
2013369892,-6154,6486,-1622,66,-55,16,-15873,0,-15537,0,8160,8192,5834,-464,-4968,-93,44,41
2013419892,-5364,5212,-220,12,-116,224,-15870,0,-15537,0,8160,8192,4532,-1392,-5920,-95,29,44
2013469892,-5892,5844,-1112,-54,-351,-199,0,0,-7,-1,-15866,0,5026,-1162,-5678,-102,49,29
2013519892,-5758,6486,-1320,27,-223,19,0,0,-7,-1,-15864,0,4632,-828,-7216,-108,-8,34
2013569892,-5152,5882,-608,28,-15,79,-15862,0,-15537,0,8160,8192,7466,-866,-5156,-102,31,25
2013619892,-5722,5692,-620,-49,479,434,8160,8192,0,0,645,8192,6240,-1600,-5914,-109,-4,37
2013669892,-5898,5706,-996,-151,265,294,8160,8192,26292,30725,645,8192,6224,-1094,-5488,-97,37,26
2013719892,-6128,5910,-920,130,-69,-29,0,0,-7,-1,-15853,0,6080,-704,-5890,-106,3,30
2013769892,-6044,5490,44,180,-42,135,-17851,0,-15537,0,8160,8192,6412,-1992,-5612,-108,34,26
2013819892,-6490,5778,-600,20,-13,34,0,0,-7,-1,-15849,0,5570,-1616,-6324,-110,48,32
2013869892,-6456,5768,-440,171,-188,-12,0,0,-7,-1,-15847,0,5710,-1636,-6218,-105,39,34
2013919892,-6610,5630,-228,28,96,387,0,0,-7,-1,-15843,0,6080,-1910,-6060,-101,61,36
2013969892,-8370,6242,-256,-86,373,953,8160,8192,0,0,645,8192,5552,-2984,-6696,-108,77,33
2014019892,-7474,4954,876,-107,345,676,-16838,0,-15537,0,8160,8192,5544,-3616,-6408,-91,82,43
2014069892,-7352,4170,-8,209,62,726,8160,8192,0,0,645,8192,3544,-3162,-7834,-80,5,41
2014119892,-5756,5906,-1540,-187,-149,-175,0,0,-7,-1,-15835,0,4834,-5270,-4820,-102,5,37
2014169892,-5216,7112,-1882,82,-192,75,8160,8192,2004,30733,645,8192,5668,-1822,-3660,-98,14,69
2014219892,-4086,6160,-1602,30,47,145,-15830,0,-15537,0,8160,8192,4702,1368,-6472,-114,112,17
2014269892,-5080,6500,-932,159,-81,172,0,0,-7,-1,-15827,0,5970,-442,-8058,-107,30,70
2014319892,-2124,5850,-2728,88,-427,-404,-17826,0,-15537,0,8160,8192,4852,728,-4982,-104,54,51
2014369892,-3436,6480,-1538,266,-51,404,0,0,-7,-1,-15824,0,4986,-192,-6446,-95,67,24
2014419892,-3864,8488,-3008,33,-124,69,-15822,0,-15537,0,8160,8192,4634,1842,-5124,-109,3,29
2014469892,-3246,8064,-3170,223,-98,2,0,0,-7,-1,-15820,0,5918,2702,-6404,-116,58,19
2014519892,-1732,8326,-2946,484,-467,-181,-15817,0,-15537,0,8160,8192,7564,3004,-6650,-114,69,28
2014569892,-2854,8864,-3996,-57,102,608,-17815,0,-15537,0,8160,8192,3876,4422,-6720,-115,-30,30
2014619892,-2732,8138,-2806,132,-3,427,0,0,-7,-1,-15812,0,5248,2174,-6634,-106,-14,0
2014669892,-5694,5842,-898,172,376,1349,8160,8192,0,0,645,8192,5556,-832,-6088,-131,-34,37
2014719892,-2902,8280,-3126,-9,-271,-256,8160,8192,0,0,645,8192,5654,2776,-5968,-122,19,31
2014769892,-3246,7564,-2058,370,-381,-481,8160,8192,12180,30742,645,8192,5638,892,-5936,-114,76,26
2014819892,-5120,6602,-1344,89,346,991,8160,8192,-3356,30742,645,8192,5312,-78,-6132,-114,46,33
2014869892,-4006,6860,-1846,73,-293,-316,8160,8192,-18892,30743,645,8192,5878,150,-6026,-108,37,30
2014919892,-4684,7026,-1460,127,-56,229,-15799,0,-15537,0,8160,8192,5958,-122,-5896,-105,25,27
2014969892,-4828,6990,-1454,84,-74,145,-17797,0,-15537,0,8160,8192,6104,-248,-5914,-104,26,27
2015019892,-4592,6858,-1442,137,-152,-51,8160,8192,36,30746,645,8192,5800,-68,-5962,-110,41,31
2015069892,-3884,7226,-1932,63,-127,57,-15791,0,-15537,0,8160,8192,5722,418,-6150,-105,18,35
2015119892,-4238,6972,-1742,128,-119,29,0,0,-7,-1,-15789,0,5800,322,-6078,-104,46,36
2015169892,-4464,6798,-1522,112,-96,69,-15785,0,-15537,0,8160,8192,5884,-86,-6044,-104,45,30
2015219892,-4720,6868,-1436,107,-108,68,-17783,0,-15537,0,8160,8192,5850,-74,-6024,-106,31,27
2015269892,-4376,6918,-1700,86,-105,49,0,0,-7,-1,-15782,0,5784,256,-5964,-106,29,29
2015319892,-4362,6862,-1628,100,-86,117,-16780,0,-15537,0,8160,8192,5698,120,-6094,-108,27,34
2015369892,-4430,7058,-1760,95,-94,78,-16777,0,-15537,0,8160,8192,5908,284,-5970,-108,33,31
2015419892,-4336,6892,-1602,113,-96,76,-15775,0,-15537,0,8160,8192,5564,180,-6098,-107,44,30
2015469892,-4288,7024,-1850,87,-106,55,0,0,-7,-1,-15773,0,5644,344,-5938,-101,32,30
2015519892,-4476,6870,-1680,101,-91,120,-15769,0,-15537,0,8160,8192,5696,162,-6130,-98,21,31
2015569892,-4614,6754,-1488,96,-88,94,-15768,0,-15537,0,8160,8192,5614,-308,-6122,-106,32,26
2015619892,-4504,7030,-1634,105,-99,65,-15765,0,-15537,0,8160,8192,5920,82,-6032,-108,38,33
2015669892,-4300,7112,-1784,105,-91,77,-17762,0,-15537,0,8160,8192,5958,442,-5822,-103,46,30
2015719892,-4510,6968,-1652,116,-76,117,0,0,-7,-1,-15759,0,6008,54,-5932,-105,44,29
2015769892,-4360,7040,-1712,104,-106,61,-15756,0,-15537,0,8160,8192,5994,184,-5978,-109,42,34
2015819892,-4638,6846,-1624,127,-69,138,8160,8192,13604,30758,645,8192,6070,-280,-5894,-107,38,30
2015869892,-4268,6980,-1732,94,-132,18,8160,8192,0,0,645,8192,5668,134,-6192,-109,35,33
2015919892,-4328,7060,-1774,115,-106,94,-16749,0,-15537,0,8160,8192,5792,298,-6036,-109,28,34
2015969892,-4352,6940,-1712,120,-90,119,-15746,0,-15537,0,8160,8192,5876,242,-6022,-106,32,30
2016019892,-4200,7070,-1782,107,-109,49,-16745,0,-15537,0,8160,8192,5572,414,-6124,-106,41,31
2016069892,-4378,7056,-1644,136,-69,156,-15742,0,-15537,0,8160,8192,5774,290,-6008,-107,46,31
2016119892,-4176,7068,-1874,78,-93,38,5544,8192,-7,-1,-15550,0,5640,332,-6104,-100,39,27
2016169892,-4328,7070,-1714,112,-104,82,-15736,0,-15537,0,8160,8192,5934,140,-6078,-105,34,34
2016219892,-4264,6950,-1908,88,-116,48,0,0,-7,-1,-15735,0,6068,218,-5858,-103,28,35
2016269892,-4004,7212,-1920,87,-150,-29,8160,8192,4852,30765,645,8192,5842,682,-5952,-105,24,31
2016319892,-4184,7162,-1782,105,-123,58,-16731,0,-15537,0,8160,8192,5770,446,-6058,-103,21,30
2016369892,-4118,7094,-1946,65,-149,-52,-15729,0,-15537,0,8160,8192,5598,872,-6162,-106,35,36
2016419892,-3714,7166,-2226,12,-193,-235,8160,8192,0,0,645,8192,5706,1496,-6022,-101,18,24
2016469892,-3520,7094,-1924,126,-251,-199,-17722,0,-15537,0,8160,8192,5472,1130,-6350,-99,17,26
2016519892,-4210,7088,-1976,79,-177,-163,8160,8192,-7292,30768,645,8192,5446,1170,-6266,-97,36,25
2016569892,-4404,6804,-2334,155,-381,-601,0,0,-7,-1,-15718,0,5630,1246,-6088,-107,31,28
2016619892,-3532,7642,-2006,488,-774,-987,-17716,0,-15537,0,8160,8192,5922,1210,-5136,-88,68,39
2016669892,-5454,7236,-1986,46,-88,-93,8160,8192,11636,30771,645,8192,4820,1474,-6472,-100,17,27
2016719892,-4240,6634,-1904,50,-159,-64,0,0,-7,-1,-15713,0,5264,584,-6320,-97,39,26
2016769892,-4752,6966,-1964,17,-122,-31,-15709,0,-15537,0,8160,8192,5606,360,-5958,-93,15,27
2016819892,-4858,6978,-1820,117,-255,-213,-15705,0,-15537,0,8160,8192,5314,910,-6694,-112,43,13
2016869892,-4934,7100,-1974,260,-398,-454,0,0,-7,-1,-15703,0,6614,670,-6612,-94,43,34
2016919892,-4476,6640,-1712,278,-490,-548,-15701,0,-15537,0,8160,8192,6218,1164,-5274,-97,21,30
2016969892,-4750,6584,-1764,364,-575,-424,-15700,0,-15537,0,8160,8192,6692,176,-5814,-106,27,17
2017019892,-4858,6794,-1894,85,-222,-62,8160,8192,-31580,30776,645,8192,5704,324,-5540,-111,34,25
2017069892,-4472,5176,-594,44,-17,278,0,0,-7,-1,-15696,0,1772,-434,-7698,-117,44,23
2017119892,-5358,6684,-1812,29,-157,230,-15694,0,-15537,0,8160,8192,6280,294,-5812,-103,0,45
2017169892,-5050,6462,-1842,52,-170,40,-15691,0,-15537,0,8160,8192,5746,394,-5906,-126,33,20
2017219892,-4092,4614,-726,91,-115,8,-15689,0,-15537,0,8160,8192,8094,706,-3804,-126,34,20
2017269892,-5466,6152,-1014,122,-98,119,-15687,0,-15537,0,8160,8192,3850,-1128,-6814,-128,69,29
2017319892,-7760,7962,-2216,-73,-128,126,0,0,-7,-1,-16685,0,5812,-114,-6504,-92,47,52
2017369892,-5582,5766,-416,80,-274,-37,-15682,0,-15537,0,8160,8192,5842,-346,-6022,-110,63,32
2017419892,-6040,6240,-1078,-27,-73,35,0,0,-7,-1,-16680,0,4656,-612,-6630,-103,27,36
2017469892,-5916,5540,-454,-21,279,457,0,0,-7,-1,-16679,0,5604,-2030,-6224,-99,14,26
2017519892,-6528,5752,-1140,-268,413,385,-15677,0,-15537,0,8160,8192,6806,-1032,-5604,-91,-16,25
2017569892,-6200,5492,-526,29,115,376,8160,8192,0,0,645,8192,5918,-1246,-5958,-113,-28,22
2017619892,-5898,5864,-712,123,-212,-145,8160,8192,0,0,645,8192,6272,-1348,-5636,-102,-6,31
2017669892,-6006,5702,-710,73,-22,164,-16669,0,-15537,0,8160,8192,5722,-1020,-6098,-101,27,25
2017719892,-6208,5754,-500,104,-103,23,-17663,0,-15537,0,8160,8192,5940,-1576,-5994,-101,14,31
2017769892,-6174,5700,-228,58,79,472,-15661,0,-15537,0,8160,8192,5732,-1822,-6220,-93,59,28
2017819892,-7008,5670,-268,-193,212,743,8160,8192,-18012,30788,645,8192,6208,-2136,-5762,-87,-46,29
2017869892,-6796,5850,-176,-64,161,542,0,0,-7,-1,-15658,0,5348,-3434,-6224,-94,9,3
2017919892,-7050,6130,-336,60,87,442,8160,8192,16452,30790,645,8192,5708,-1434,-5944,-79,67,37
2017969892,-6568,6656,-906,175,111,209,-16655,0,-15537,0,8160,8192,9614,156,-4302,-104,200,38
2018019892,-5670,7090,-2476,82,-271,-624,0,0,-7,-1,-15652,0,7204,414,-5530,-131,104,58
2018069892,-5898,2900,-486,240,499,1041,-15649,0,-15537,0,8160,8192,5064,-2050,-3648,-77,132,44
2018119892,-6074,5694,-522,8,-14,205,8160,8192,19844,30793,645,8192,5028,-882,-6168,-125,-20,65
2018169892,-5714,7558,-1750,-210,58,-223,-17646,0,-15537,0,8160,8192,8854,3030,-3070,-107,55,15
2018219892,-3486,8388,-2782,175,-317,-18,0,0,-7,-1,-15642,0,6004,-440,-6622,-95,-29,33
2018269892,-6522,8120,-1106,184,207,747,0,0,-7,-1,-15640,0,5170,2536,-6446,-97,1,34
2018319892,-2826,8066,-3264,104,-339,-280,0,0,-7,-1,-16638,0,4460,3524,-6710,-119,43,7
2018369892,-2262,9726,-3370,382,-388,-380,-15636,0,-15537,0,8160,8192,6210,3390,-6044,-126,37,13
2018419892,-888,9318,-4344,245,-260,-28,8160,8192,-7836,30797,645,8192,5522,4388,-5716,-115,18,16
2018469892,-2582,8156,-3140,24,123,553,-15632,0,-15537,0,8160,8192,5742,1990,-5880,-116,17,9
2018519892,-6642,5834,-1124,-2,1071,2393,8160,8192,0,0,645,8192,5780,170,-5868,-131,18,36
2018569892,-2010,7824,-3216,-168,-582,-1343,-15628,0,-15537,0,8160,8192,5130,3166,-6270,-124,80,25
2018619892,-3498,7708,-1824,408,-452,-543,8160,8192,0,0,645,8192,5470,826,-6012,-108,75,22
2018669892,-3466,7452,-1842,-190,263,568,-17624,0,-15537,0,8160,8192,6396,910,-5700,-109,19,31
2018719892,-5194,6696,-1720,181,-160,102,8160,8192,0,0,645,8192,6208,-186,-6062,-105,31,28
2018769892,-4468,7228,-1526,135,-200,-104,8160,8192,0,0,645,8192,5698,-360,-6126,-92,31,16
2018819892,-5038,6752,-1380,-49,133,493,-15618,0,-15537,0,8160,8192,5930,-452,-6124,-104,32,29
2018869892,-4668,6826,-1612,108,-146,9,-17616,0,-15537,0,8160,8192,5768,318,-6022,-112,46,33
2018919892,-4062,7192,-1864,229,-332,-356,0,0,-7,-1,-16612,0,5876,358,-6056,-111,34,38
2018969892,-4458,7030,-1684,27,3,287,-15609,0,-15537,0,8160,8192,5910,342,-5914,-107,31,25
2019019892,-4758,6806,-1568,85,-94,92,8160,8192,2340,30807,645,8192,5874,-38,-6070,-101,15,28
2019069892,-4690,7004,-1540,106,-133,11,0,0,-7,-1,-15602,0,5892,24,-6044,-103,18,33
2019119892,-4682,6972,-1592,105,-107,97,0,0,-7,-1,-15600,0,5980,-68,-6056,-108,18,34
2019169892,-4552,7008,-1512,128,-135,45,0,0,-7,-1,-15598,0,5746,90,-6002,-108,33,32
2019219892,-4602,7018,-1700,113,-86,102,8160,8192,0,0,645,8192,5692,246,-5938,-109,43,29
2019269892,-4468,6984,-1602,120,-109,62,-15594,0,-15537,0,8160,8192,5748,6,-6048,-107,35,30
2019319892,-4656,6924,-1688,90,-57,145,-15590,0,-15537,0,8160,8192,5906,64,-6062,-109,36,33
2019369892,-4474,6884,-1558,108,-105,92,-15586,0,-15537,0,8160,8192,5884,136,-5990,-107,25,33
2019419892,-4468,6894,-1672,91,-117,53,-15585,0,-15537,0,8160,8192,5780,16,-5998,-109,19,30
2019469892,-4456,6936,-1696,93,-124,58,0,0,-7,-1,-16582,0,5830,122,-6020,-109,31,31
2019519892,-4256,6996,-1756,92,-135,1,0,0,-7,-1,-15581,0,5840,432,-5908,-103,29,28
2019569892,-4286,6728,-1698,98,-82,137,0,0,-7,-1,-15578,0,5806,220,-5896,-109,34,37
2019619892,-4438,6820,-1726,99,-99,89,-16577,0,-15537,0,8160,8192,5918,72,-5964,-104,32,33
2019669892,-4372,7000,-1650,101,-119,27,-15575,0,-15537,0,8160,8192,5756,172,-6030,-105,33,29
2019719892,-4520,6840,-1652,116,-89,105,-15572,0,-15537,0,8160,8192,5874,184,-5986,-106,33,32
2019769892,-4304,6996,-1706,100,-118,20,-16571,0,-15537,0,8160,8192,5830,280,-5988,-99,39,30
2019819892,-4366,7060,-1732,107,-98,89,-17568,0,-15537,0,8160,8192,5828,386,-5934,-109,32,31
2019869892,-4262,6980,-1796,97,-104,51,8160,8192,372,30820,645,8192,5752,428,-6062,-102,39,27
2019919892,-4340,7066,-1670,97,-122,33,8160,8192,-15164,30820,645,8192,5622,198,-6196,-104,30,25
2019969892,-4358,6896,-1698,75,-141,-43,-16560,0,-15537,0,8160,8192,5978,214,-5846,-107,19,32
2020019892,-4550,6862,-1798,67,-133,16,0,0,-7,-1,-15557,0,5720,488,-6194,-104,12,30
2020069892,-3812,7178,-2006,161,-331,-346,8160,8192,3764,30823,645,8192,5692,882,-5966,-105,10,30
2020119892,-3716,7204,-2156,91,-214,-210,0,0,-7,-1,-15553,0,6084,852,-5908,-106,25,31
2020169892,-4204,6816,-1874,104,-164,-56,-17550,0,-15537,0,8160,8192,5784,744,-6058,-96,37,33
2020219892,-3884,7142,-2220,99,-290,-363,-17548,0,-15537,0,8160,8192,5812,1636,-5970,-103,42,30
2020269892,-4532,7144,-1944,325,-382,-474,-15546,0,-15537,0,8160,8192,5180,876,-6442,-101,72,25
2020319892,-4042,6472,-2008,223,-447,-644,-15544,0,-15537,0,8160,8192,6192,1106,-5484,-94,51,34
2020369892,-3978,6710,-1972,249,-449,-473,0,0,-7,-1,-15541,0,6990,82,-5768,-102,17,27
2020419893,-5232,7698,-2344,42,-114,73,-16539,0,-15537,0,8160,8192,5436,282,-6192,-108,47,31
2020469892,-4682,6738,-2116,21,-123,-124,8160,8192,0,0,645,8192,4976,886,-6666,-98,27,29
2020519892,-4392,6658,-1972,50,-106,53,0,0,-7,-1,-17533,0,6874,1516,-4622,-109,33,10
2020569892,-2826,5654,-1348,103,-354,-176,-16531,0,-15537,0,8160,8192,8302,828,-4320,-101,-9,30
2020619892,-4346,6442,-2070,262,-506,-480,-16528,0,-15537,0,8160,8192,6218,1116,-5358,-100,23,29
2020669892,-4586,6904,-2002,220,-427,-307,8160,8192,13940,30832,645,8192,5706,488,-5798,-98,33,29
2020719892,-4566,6484,-1428,152,-199,121,0,0,-7,-1,-16525,0,6018,-672,-5504,-117,39,27
2020769892,-5028,6588,-1624,54,-63,241,8160,8192,-17132,30833,645,8192,5546,644,-5958,-108,46,26
2020819892,-5364,6634,-1246,113,-146,219,-16521,0,-15537,0,8160,8192,6808,-32,-5460,-94,33,45
2020869892,-6138,6466,-1638,45,-63,153,-17519,0,-15537,0,8160,8192,5646,48,-6202,-104,32,38
2020919892,-7006,7796,-2200,-45,-64,149,-16517,0,-15537,0,8160,8192,2272,-1620,-8572,-86,39,42
2020969892,-5534,5984,-1316,48,-351,-35,8160,8192,-13740,30836,645,8192,5490,-454,-6310,-103,-21,31
2021019892,-5982,6898,-1486,7,-130,66,0,0,-7,-1,-16514,0,1190,-2054,-9186,-107,29,32
2021069892,-5708,6326,-1254,48,-59,-114,-16271,0,-15537,0,8160,8192,2874,-1318,-7782,-120,74,31
2021119892,-6428,5504,132,69,261,547,0,0,-7,-1,-16509,0,6972,-964,-5530,-113,7,20
2021169892,-6100,5928,-810,-47,78,-65,8160,8192,-10348,30839,645,8192,6306,-1324,-5636,-101,37,37
2021219892,-6374,6144,-716,186,176,120,-16503,0,-15537,0,8160,8192,6042,-908,-5916,-104,-12,30
2021269892,-6134,6096,-602,135,-78,42,0,0,-7,-1,-17501,0,5994,-1470,-5900,-109,-3,26
2021319892,-6234,5734,-888,92,-83,120,8160,8192,8580,30842,645,8192,5988,-660,-6164,-100,21,38
2021369892,-6142,5830,-396,122,-61,189,-16497,0,-15537,0,8160,8192,5900,-1570,-5976,-103,41,26
2021419892,-6876,5512,-10,103,-65,146,-16494,0,-15537,0,8160,8192,6244,-2554,-5814,-109,47,38
2021469892,-6858,5304,202,-82,334,820,0,0,-7,-1,-16492,0,5490,-2178,-6274,-111,96,26
2021519892,-6790,4978,168,65,128,242,-16490,0,-15537,0,8160,8192,5302,-3022,-6706,-107,138,40
2021569892,-8236,4764,1174,63,404,1111,0,0,-7,-1,-17489,0,4092,-5238,-6832,-97,88,15
2021619892,-10846,4856,1504,165,418,1222,8160,8192,0,0,645,8192,18,-3662,-8496,-69,37,56
2021669892,-3660,5136,-1488,-305,-483,-1170,-16485,0,-15537,0,8160,8192,7762,-88,-4664,-102,46,75
2021719892,-3872,6636,-1712,205,-214,261,8160,8192,15364,30848,645,8192,6920,-1148,-4382,-88,62,42
2021769892,-4104,8854,-2424,-80,10,76,0,0,-7,-1,-16481,0,5804,1296,-6462,-110,35,23
2021819892,-5146,7436,-2008,432,-305,72,0,0,-7,-1,-16478,0,6796,-1430,-2960,-108,-15,48
2021869892,-3412,7094,-2498,-86,-123,134,0,0,-7,-1,-16476,0,4578,3190,-5474,-99,67,16
2021919892,-3530,7854,-2534,335,-47,-135,-16474,0,-15537,0,8160,8192,9258,2456,-2964,-91,33,34
2021969892,-3532,8096,-2810,139,34,521,8160,8192,0,0,645,8192,7534,3144,-5954,-104,63,22
2022019892,-1796,8634,-3840,255,-280,-535,-16471,0,-15537,0,8160,8192,7112,3546,-5244,-113,70,23
2022069892,-3368,8434,-2488,468,-220,339,-16469,0,-15537,0,8160,8192,4516,1276,-6542,-124,61,37
2022119892,-6552,8764,-3458,-313,766,1579,8160,8192,0,0,645,8192,6534,1670,-4698,-115,0,13
2022169892,-3142,7384,-2496,45,-341,-110,8160,8192,6612,30855,645,8192,6148,2204,-5618,-110,-90,6
2022219892,-3108,7946,-2512,-75,-138,128,-18463,0,-15537,0,8160,8192,5602,1694,-6014,-117,-65,19
2022269892,-4390,7388,-1836,139,-76,193,-16461,0,-15537,0,8160,8192,6114,588,-6330,-114,16,27
2022319892,-3878,7660,-1764,346,-387,-605,-16459,0,-15537,0,8160,8192,5858,560,-5788,-123,112,23
2022369892,-4228,7010,-1704,319,-148,-70,0,0,-7,-1,-16456,0,5862,-76,-5944,-107,143,30
2022419892,-4820,7002,-1494,4,103,503,-16455,0,-15537,0,8160,8192,5900,-506,-6028,-108,80,43
2022469892,-5248,6390,-1318,193,-66,230,0,0,-7,-1,-16453,0,5842,-340,-6066,-103,47,25
2022519892,-4480,6934,-1598,31,-125,-80,-18451,0,-15537,0,8160,8192,5860,-114,-6038,-106,-2,17
2022569892,-4460,6946,-1826,67,-138,126,-16449,0,-15537,0,8160,8192,5888,740,-6020,-107,-20,30
2022619892,-4062,7288,-1856,153,-237,-112,-17447,0,-15537,0,8160,8192,5862,530,-6068,-96,-1,28
2022669892,-4596,7140,-1582,100,-83,131,-18445,0,-15537,0,8160,8192,5932,226,-6000,-105,27,30
2022719892,-4602,6884,-1636,94,-108,43,8160,8192,32324,30863,645,8192,5852,18,-6112,-105,32,28
2022769892,-4738,6920,-1552,119,-129,31,8160,8192,0,0,645,8192,5814,-8,-6028,-106,41,29
2022819892,-4618,6974,-1634,95,-101,51,-16440,0,-15537,0,8160,8192,5852,44,-5876,-104,36,28
2022869892,-4554,6778,-1574,107,-124,57,-17438,0,-15537,0,8160,8192,5732,50,-6162,-106,25,30
2022919892,-4528,6958,-1694,83,-101,68,-18437,0,-15537,0,8160,8192,5756,264,-6142,-102,29,30
2022969892,-4506,7036,-1566,131,-117,32,-17435,0,-15537,0,8160,8192,5816,78,-6034,-106,39,32
2023019892,-4690,6908,-1558,86,-74,141,8160,8192,0,0,645,8192,5900,-100,-6108,-108,40,33
2023069892,-4716,6924,-1614,93,-61,155,-18430,0,-15537,0,8160,8192,5836,218,-5984,-110,37,30
2023119892,-4346,7094,-1770,129,-133,35,-16429,0,-15537,0,8160,8192,5748,324,-6046,-109,35,34
2023169892,-4572,6918,-1792,93,-47,168,-16427,0,-15537,0,8160,8192,5764,246,-6112,-106,38,31
2023219892,-4290,7090,-1766,92,-138,7,0,0,-7,-1,-17425,0,5814,458,-6076,-104,29,28
2023269892,-4496,6842,-1560,125,-94,98,-18424,0,-15537,0,8160,8192,5694,28,-6146,-109,36,34
2023319892,-4572,7010,-1632,88,-93,90,-16422,0,-15537,0,8160,8192,5684,150,-6148,-106,28,32
2023369892,-4282,7010,-1734,110,-122,15,-16420,0,-15537,0,8160,8192,5638,360,-6026,-105,41,34
2023419892,-4474,6952,-1670,109,-95,88,-16419,0,-15537,0,8160,8192,5678,184,-6068,-105,42,34
2023469892,-4336,6916,-1760,95,-113,47,8160,8192,-4108,30874,645,8192,5880,296,-5938,-102,33,27
2023519892,-4488,6990,-1596,103,-100,95,-16415,0,-15537,0,8160,8192,6026,148,-5970,-106,25,29
2023569892,-4428,6976,-1770,91,-103,74,-16414,0,-15537,0,8160,8192,5562,194,-6104,-107,30,29
2023619892,-4424,6986,-1652,94,-107,64,-16411,0,-15537,0,8160,8192,5824,272,-6024,-100,23,26
2023669892,-4328,7066,-1958,84,-129,33,-18409,0,-15537,0,8160,8192,5712,464,-6114,-110,25,34
2023719892,-4142,7050,-1900,84,-148,-17,0,0,-7,-1,-16408,0,5792,596,-5928,-108,18,32
2023769892,-4032,7118,-2066,82,-171,-66,0,0,-7,-1,-16405,0,5762,1250,-6004,-108,29,30
2023819892,-4122,6972,-1806,161,-268,-242,8160,8192,18212,30880,645,8192,5844,526,-6022,-105,25,34
2023869892,-4202,7118,-1918,105,-185,-39,-16401,0,-15537,0,8160,8192,5674,928,-6218,-100,2,32
2023919892,-3956,6948,-1768,88,-236,-133,-18399,0,-15537,0,8160,8192,5812,742,-6132,-106,-15,33
2023969892,-4300,7018,-1842,76,-169,-50,-16396,0,-15537,0,8160,8192,6024,186,-6018,-100,6,29
2024019892,-4850,6914,-1650,99,-171,-175,-18394,0,-15537,0,8160,8192,6272,454,-5722,-102,38,31
2024069892,-4162,7006,-1734,141,-200,-103,0,0,-7,-1,-16392,0,5802,434,-6030,-102,53,28
2024119892,-4192,6300,-1394,240,-351,-538,8160,8192,-9468,30884,645,8192,6034,484,-5902,-107,50,26
2024169892,-4470,7114,-2326,57,-186,-88,8160,8192,-25004,30885,645,8192,6022,710,-5906,-95,22,25
2024219892,-4030,6456,-1754,106,-270,-299,-16386,0,-15537,0,8160,8192,6010,1460,-5694,-99,41,26
2024269892,-4004,6932,-1772,344,-523,-537,-16384,0,-15537,0,8160,8192,5816,848,-6166,-98,27,25
2024319892,-5656,7356,-2336,88,-241,-358,8160,8192,-6076,30887,645,8192,6002,400,-5390,-101,12,18
2024369892,-4382,6960,-1946,296,-490,-507,0,0,-7,-1,-17382,0,5486,854,-5870,-98,55,28
2024419892,-4988,6924,-2416,215,-407,-370,-16380,0,-15537,0,8160,8192,6384,958,-6238,-103,26,26
2024469892,-5170,7492,-2046,229,-338,-227,-16378,0,-15537,0,8160,8192,4520,956,-6866,-119,33,22
2024519892,-3694,6154,-1682,124,-257,-18,-16375,0,-15537,0,8160,8192,5218,1542,-7176,-93,16,28
2024569892,-5262,7202,-2110,58,-37,236,0,0,-7,-1,-16373,0,7226,500,-5112,-118,47,22
2024619892,-5194,6826,-1870,12,-151,249,-16370,0,-15537,0,8160,8192,5308,722,-6736,-96,3,32
2024669892,-4430,5928,-1168,-11,-193,151,0,0,-7,-1,-16369,0,5320,-314,-6348,-128,6,22
2024719892,-6490,6492,-1706,16,-95,316,-16367,0,-15537,0,8160,8192,5998,-344,-5474,-112,8,11
2024769892,-6292,5762,-516,39,-22,71,0,0,-7,-1,-16365,0,6202,-920,-5902,-109,25,17
2024819892,-6310,6840,-1340,-32,-303,-10,-16364,0,-15537,0,8160,8192,4066,-1008,-7228,-115,48,41
2024869892,-4296,4384,414,72,-187,-68,0,0,-7,-1,-17361,0,7160,-1876,-5906,-98,20,15
2024919892,-5758,5600,-820,-71,47,103,-16359,0,-15537,0,8160,8192,6152,-1340,-5876,-101,-7,23
2024969892,-6474,5592,-298,-39,410,536,8160,8192,-11436,30897,645,8192,5492,-2048,-6278,-100,-21,39
2025019892,-6258,6066,-1092,-190,257,199,0,0,-7,-1,-16355,0,5388,-1238,-6502,-96,15,34
2025069892,-6504,5630,-208,293,19,179,-16353,0,-15537,0,8160,8192,5786,-1676,-6104,-119,35,35
2025119892,-7302,5164,362,108,163,433,-16350,0,-15537,0,8160,8192,6516,-3326,-5650,-114,94,39
2025169892,-7968,4930,650,-77,388,864,-16348,0,-15537,0,8160,8192,6320,-4036,-5936,-111,122,38
2025219892,-8708,4740,1268,-64,254,838,0,0,-7,-1,-16347,0,5184,-5172,-6754,-114,30,19
2025269892,-8784,5670,1170,71,97,431,-17345,0,-15537,0,8160,8192,4562,-4754,-3802,-61,49,27
2025319892,-2840,4650,-1276,-299,-296,-448,0,0,-7,-1,-17344,0,3852,126,-7270,-102,-50,40
2025369892,-3384,7706,-2742,352,-423,-1128,-16342,0,-15537,0,8160,8192,7864,1204,-3522,-123,56,37
2025419892,-5288,7006,-776,165,249,1459,8160,8192,0,0,645,8192,2158,-3304,-5488,-114,55,20
2025469892,-6422,5940,-842,17,308,626,0,0,-7,-1,-17336,0,1482,-1010,-6724,-91,143,27
2025519892,-3930,7506,-2380,127,-544,-657,-16335,0,-15537,0,8160,8192,5564,2086,-4102,-119,41,45
2025569892,-4624,6864,-1126,366,-129,210,0,0,-7,-1,-17333,0,7090,-132,-6384,-112,81,42
2025619892,-6536,8242,-2070,221,102,874,-16331,0,-15537,0,8160,8192,7350,-1858,-5120,-129,-10,45
2025669892,-1862,7998,-4280,44,-449,-706,8160,8192,-32332,30908,645,8192,5388,2962,-5608,-141,10,32
2025719892,-1594,9002,-4118,532,-642,-662,0,0,-7,-1,-16327,0,7754,6642,-2874,-106,13,36
2025769892,612,9230,-4528,293,-440,-250,0,0,-7,-1,-16325,0,4858,5276,-6124,-125,35,23
2025819892,-4208,7418,-1582,96,370,1256,-18323,0,-15537,0,8160,8192,5974,-576,-5944,-104,7,5
2025869892,-7306,6184,-1232,-220,1077,2174,8160,8192,-28940,30911,645,8192,6410,424,-5566,-130,-13,24
2025919892,-3654,7574,-2924,16,-488,-1342,-16317,0,-15537,0,8160,8192,5396,1678,-6324,-124,72,24
2025969892,-4122,6778,-1866,193,-237,-229,8160,8192,5524,30913,645,8192,5488,178,-5994,-92,43,34
2026019892,-4016,6716,-2244,-335,533,943,0,0,-7,-1,-18312,0,5890,930,-6314,-116,79,34
2026069892,-4834,6770,-1364,308,-394,-419,-16310,0,-15537,0,8160,8192,6018,-158,-5800,-106,63,33
2026119892,-4438,6946,-1806,-2,-113,-152,0,0,-7,-1,-17307,0,5826,386,-5902,-113,14,33
2026169892,-4804,6700,-1274,54,71,554,0,0,-7,-1,-17305,0,5780,-448,-5994,-103,34,31
2026219892,-4380,6806,-1838,59,-208,-247,-18303,0,-15537,0,8160,8192,5840,650,-6000,-95,12,23
2026269892,-4252,7006,-1570,255,-252,-80,8160,8192,-22156,30917,645,8192,5820,-106,-6066,-111,31,33
2026319892,-4744,6816,-1590,-44,39,269,8160,8192,0,0,645,8192,5726,186,-6106,-112,41,31
2026369892,-4662,6890,-1576,175,-157,-5,-16297,0,-15537,0,8160,8192,5792,24,-6012,-114,42,32
2026419892,-4496,6992,-1722,67,-96,60,-17294,0,-15537,0,8160,8192,5832,306,-6032,-104,30,29
2026469892,-4440,6882,-1638,102,-102,128,-18293,0,-15537,0,8160,8192,5730,138,-6162,-107,11,25
2026519892,-4316,7018,-1786,80,-139,15,-16291,0,-15537,0,8160,8192,5888,406,-5970,-107,16,30
2026569892,-4652,6918,-1584,103,-89,117,-18289,0,-15537,0,8160,8192,5832,-76,-6054,-104,24,30
2026619892,-4594,6824,-1584,87,-110,44,8160,8192,164,30923,645,8192,5832,32,-5978,-106,40,31
2026669892,-4532,6916,-1718,112,-103,101,8160,8192,-15372,30923,645,8192,5878,172,-5954,-108,31,30
2026719892,-4498,7084,-1676,110,-106,58,8160,8192,-30908,30924,645,8192,5792,106,-6064,-105,38,31
2026769892,-4470,6970,-1664,85,-72,127,8160,8192,19092,30925,645,8192,5882,40,-5880,-106,37,34
2026819892,-4448,6870,-1674,99,-95,93,-16280,0,-15537,0,8160,8192,5840,182,-6180,-108,35,35
2026869892,-4452,6864,-1654,102,-87,120,-17278,0,-15537,0,8160,8192,5852,94,-6024,-106,37,32
2026919892,-4550,6938,-1706,71,-58,119,0,0,-7,-1,-16276,0,5780,144,-6070,-107,38,29
2026969892,-4466,7066,-1666,101,-98,50,0,0,-7,-1,-16273,0,5902,168,-5980,-109,43,34
2027019892,-4560,6962,-1612,114,-122,7,-16271,0,-15537,0,8160,8192,5792,104,-6114,-109,33,34
2027069892,-4360,6782,-1740,97,-93,95,-17269,0,-15537,0,8160,8192,5818,280,-5950,-108,33,31
2027119892,-4534,7006,-1632,117,-94,114,-16266,0,-15537,0,8160,8192,6284,76,-5814,-109,31,38
2027169892,-4312,6996,-1834,93,-120,23,-16264,0,-15537,0,8160,8192,5652,248,-6252,-107,32,32
2027219892,-4540,6990,-1566,114,-80,129,8160,8192,0,0,645,8192,5678,-18,-6224,-104,30,34
2027269892,-4426,6906,-1684,101,-117,52,-18260,0,-15537,0,8160,8192,5728,244,-6104,-107,30,35
2027319892,-4206,7006,-1814,98,-107,46,0,0,-7,-1,-16258,0,5736,382,-6016,-104,34,30
2027369892,-4266,7020,-1778,96,-105,61,-17255,0,-15537,0,8160,8192,5710,306,-6156,-100,28,30
2027419892,-4200,7296,-1968,75,-144,-12,-16254,0,-15537,0,8160,8192,5476,856,-6182,-108,29,32
2027469892,-3622,7538,-2462,153,-294,-375,8160,8192,-1804,30935,645,8192,5782,1360,-5900,-101,42,24
2027519892,-4238,7294,-1882,152,-220,-160,8160,8192,-17340,30936,645,8192,5988,1202,-5720,-99,38,36
2027569892,-4646,7034,-1804,37,-118,-8,-18249,0,-15537,0,8160,8192,5624,350,-6302,-102,21,28
2027619892,-4254,7154,-2008,98,-242,-196,-16246,0,-15537,0,8160,8192,6180,1196,-5794,-98,19,30
2027669892,-3902,7076,-2332,163,-325,-356,0,0,-7,-1,-17244,0,5304,222,-6168,-108,44,23
2027719892,-4510,7740,-2186,99,-204,-112,-16242,0,-15537,0,8160,8192,5400,692,-6014,-100,36,24
2027769892,-4534,6472,-1674,119,-289,-378,8160,8192,0,0,645,8192,5646,110,-6340,-105,9,24
2027819892,-4362,7612,-1908,266,-402,-396,8160,8192,20516,30941,645,8192,5696,642,-5984,-101,14,27
2027869892,-4890,7466,-2320,49,-167,-115,0,0,-7,-1,-17236,0,5916,1238,-5826,-102,17,24
2027919892,-4926,6828,-1906,141,-237,-123,8160,8192,-10556,30942,645,8192,6320,836,-5784,-89,12,28
2027969892,-3596,6222,-1702,239,-408,-414,-18232,0,-15537,0,8160,8192,6540,972,-5472,-103,46,21
2028019892,-5960,7906,-2458,249,-330,-298,0,0,-7,-1,-16230,0,5016,174,-7266,-105,39,22
2028069892,-4300,6804,-1806,200,-427,-382,-16228,0,-15537,0,8160,8192,5676,-76,-5862,-98,11,32
2028119892,-4918,6860,-1970,223,-282,-134,8160,8192,-7164,30945,645,8192,5914,2584,-6218,-94,10,28
2028169892,-5524,7424,-2210,115,-161,21,8160,8192,-22700,30946,645,8192,3302,730,-8624,-117,27,9
2028219892,-4146,6162,-1516,83,-219,128,0,0,-7,-1,-17220,0,4580,674,-5912,-102,4,29
2028269892,-5788,7520,-2540,30,-131,279,8160,8192,0,0,645,8192,5142,366,-7372,-130,42,19
2028319892,-4884,5706,-542,24,-52,416,-16217,0,-15537,0,8160,8192,4110,-522,-6142,-120,15,8
2028369892,-5610,6114,-1006,-24,-178,-52,8160,8192,0,0,645,8192,3928,-354,-6616,-114,7,16
2028419892,-6030,6080,-1182,108,-182,-294,-16211,0,-15537,0,8160,8192,4850,-1154,-6678,-105,51,34
2028469892,-5658,4848,-200,44,-69,145,-16209,0,-15537,0,8160,8192,6482,-2276,-4526,-110,13,25
2028519892,-5700,5414,-680,-13,-218,163,-16207,0,-15537,0,8160,8192,6422,-1466,-5888,-114,58,47
2028569892,-6796,5420,114,7,675,579,-16205,0,-15537,0,8160,8192,7164,-2138,-4950,-146,40,26
2028619892,-7378,5772,-254,-108,477,225,0,0,-7,-1,-16202,0,5212,-1914,-6630,-103,65,40
2028669892,-6084,5458,-392,280,-76,2,8160,8192,18548,30954,645,8192,5846,-718,-6366,-111,63,30
2028719892,-6816,6338,-906,223,-201,-260,-17199,0,-15537,0,8160,8192,5268,-1628,-6440,-105,65,42
2028769892,-6412,5852,-508,123,-112,112,0,0,-7,-1,-16198,0,6254,-1732,-5762,-107,43,35
2028819892,-6870,5312,-122,-19,105,525,8160,8192,-28060,30956,645,8192,6342,-2488,-5624,-101,49,29
2028869892,-7410,4866,366,8,182,705,8160,8192,21940,30957,645,8192,6036,-3330,-5564,-105,26,23
2028919892,-4994,1612,2860,-61,260,889,-16193,0,-15537,0,8160,8192,6196,-3874,-5598,-107,61,45
2028969892,-8338,4732,754,62,316,791,-18190,0,-15537,0,8160,8192,6040,-4130,-6448,-99,45,57
2029019892,-7204,6168,50,-47,-111,134,8160,8192,0,0,645,8192,8566,-2194,-6010,-94,-61,53
2029069892,-5068,7258,-2168,-275,123,80,-18187,0,-15537,0,8160,8192,5702,1396,-6912,-95,43,8
2029119892,-4798,8368,-2326,-112,-125,-345,8160,8192,9796,30961,645,8192,8160,-1504,-6296,-79,71,55
2029169892,-4912,6506,-1548,140,424,904,-16182,0,-15537,0,8160,8192,6240,2670,-5164,-105,49,20
2029219892,-4848,7494,-1096,30,-400,-604,-16180,0,-15537,0,8160,8192,8034,728,-4644,-89,-2,55
2029269892,-4088,6850,-2094,239,-146,104,8160,8192,28724,30963,645,8192,6270,-670,-4846,-108,9,20
2029319892,-3796,7028,-2100,45,-30,181,-16175,0,-15537,0,8160,8192,5418,1928,-6654,-103,55,25
2029369892,-3532,6624,-2204,159,54,466,-16174,0,-15537,0,8160,8192,6052,1412,-6922,-120,33,30
2029419892,-3210,8100,-3550,62,-172,-192,8160,8192,-17884,30965,645,8192,9096,4088,-3516,-112,26,10
2029469892,328,9128,-4700,431,-607,-630,-16170,0,-15537,0,8160,8192,4650,5222,-6572,-119,-29,7
2029519892,-1392,8820,-4014,424,-499,-656,8160,8192,16580,30967,645,8192,5630,3560,-6374,-100,23,0
2029569892,-5576,6278,-502,-329,1309,3148,8160,8192,1044,30968,645,8192,6128,-1936,-6068,-109,-6,23
2029619892,-4220,7662,-1972,91,-439,-213,-16165,0,-15537,0,8160,8192,5812,1818,-5892,-124,-27,17
2029669892,-3316,7918,-1926,379,-461,-894,0,0,-7,-1,-17163,0,5458,956,-6076,-106,9,21
2029719892,-3988,7504,-1682,56,359,1200,8160,8192,0,0,645,8192,5480,368,-6494,-112,85,32
2029769892,-4218,7200,-1910,140,-201,-27,8160,8192,4436,30971,645,8192,5886,686,-6132,-110,71,33
2029819892,-3790,7334,-1942,101,-130,-186,-16157,0,-15537,0,8160,8192,5812,862,-6174,-113,63,40
2029869892,-4096,7220,-1960,94,-65,271,-16155,0,-15537,0,8160,8192,5730,662,-5904,-105,23,26
2029919892,-5014,6702,-1258,122,-109,110,-16153,0,-15537,0,8160,8192,5870,-806,-6104,-99,20,25
2029969892,-3846,7180,-1888,25,-190,-123,-18150,0,-15537,0,8160,8192,5706,722,-5922,-97,3,23
2030019892,-4598,6874,-1528,129,-46,257,8160,8192,-7708,30974,645,8192,5706,-226,-6084,-106,11,33
2030069892,-4452,7014,-1598,88,-139,5,0,0,-7,-1,-17148,0,5662,76,-6048,-106,31,32
2030119892,-4426,6812,-1650,129,-86,71,0,0,-7,-1,-16146,0,5754,106,-6036,-105,49,27
2030169892,-4404,6950,-1634,90,-93,77,-16144,0,-15537,0,8160,8192,5776,204,-5970,-104,41,30
2030219892,-4216,6896,-1770,102,-104,60,-16142,0,-15537,0,8160,8192,5642,214,-6132,-105,32,32
2030269892,-4350,6996,-1596,93,-78,126,-18141,0,-15537,0,8160,8192,5864,264,-6076,-105,29,31
2030319892,-4290,7128,-1756,104,-108,42,-18139,0,-15537,0,8160,8192,5716,266,-6072,-100,43,27
2030369892,-4352,7012,-1570,109,-83,91,-16136,0,-15537,0,8160,8192,5736,172,-5906,-103,44,30
2030419892,-4388,7140,-1732,107,-86,83,-18134,0,-15537,0,8160,8192,5832,250,-6032,-106,45,30
2030469892,-4478,6900,-1630,110,-87,85,0,0,-7,-1,-17131,0,5688,-60,-6044,-101,46,28
2030519892,-4442,7180,-1676,99,-75,104,-16129,0,-15537,0,8160,8192,5924,268,-5948,-105,43,30
2030569892,-4344,7076,-1766,102,-101,63,-16126,0,-15537,0,8160,8192,6068,232,-5798,-106,36,31
2030619892,-4224,7048,-1824,96,-95,107,-17124,0,-15537,0,8160,8192,5694,322,-6236,-104,28,30
2030669892,-4312,7032,-1784,104,-111,76,0,0,-7,-1,-16121,0,5756,114,-6092,-108,25,29
2030719892,-4314,7026,-1778,94,-110,63,0,0,-7,-1,-16120,0,5844,162,-6074,-106,33,31
2030769892,-4442,7030,-1646,105,-103,91,-16118,0,-15537,0,8160,8192,5962,-20,-5918,-107,28,30
2030819892,-4358,7042,-1644,103,-104,77,-16115,0,-15537,0,8160,8192,5876,94,-6000,-106,32,34
2030869892,-4364,7080,-1766,103,-108,77,0,0,-7,-1,-16113,0,5396,106,-6466,-109,29,33
2030919892,-4234,7154,-1812,107,-113,81,0,0,-7,-1,-17111,0,5730,290,-6114,-105,26,29
2030969892,-4310,6928,-1776,106,-96,103,-16110,0,-15537,0,8160,8192,5892,120,-5840,-106,30,32
2031019892,-4036,7124,-1850,93,-128,33,8160,8192,9252,30990,645,8192,5724,414,-5952,-108,30,35
2031069892,-4350,7010,-1742,113,-85,123,-16105,0,-15537,0,8160,8192,5680,116,-6054,-102,34,29
2031119892,-4196,7068,-1854,92,-124,31,8160,8192,-21820,30991,645,8192,5800,382,-6090,-106,32,31
2031169892,-4032,7194,-1952,94,-123,7,8160,8192,28180,30992,645,8192,5754,572,-6042,-103,39,27
2031219892,-3806,7264,-2016,66,-163,-54,-16056,0,-15537,0,8160,8192,5746,798,-5990,-102,17,26
2031269892,-4212,7046,-1764,106,-151,19,-16096,0,-15537,0,8160,8192,5722,426,-5896,-110,27,40
2031319892,-4102,7130,-1978,51,-167,-163,0,0,-7,-1,-17093,0,6008,576,-5824,-104,40,34
2031369892,-4300,7000,-1636,134,-220,-206,-16091,0,-15537,0,8160,8192,5800,448,-6036,-103,37,32
2031419892,-4312,7258,-1990,140,-269,-315,-16090,0,-15537,0,8160,8192,5738,170,-5996,-105,51,33
2031469892,-4658,6766,-1450,146,-289,-519,8160,8192,500,30997,645,8192,6196,638,-5978,-107,53,34
2031519892,-4128,6746,-2004,252,-531,-826,8160,8192,0,0,645,8192,6036,1534,-6036,-102,23,26
2031569892,-2270,5850,-2156,196,-495,-486,-17085,0,-15537,0,8160,8192,7198,794,-5190,-106,-11,23
2031619892,-3292,6440,-2034,104,-332,-313,8160,8192,19428,30999,645,8192,5368,1704,-6364,-98,-12,30
2031669892,-4742,7352,-2188,144,-266,-142,8160,8192,3892,31000,645,8192,5790,1248,-5918,-101,31,31
2031719892,-4038,6790,-1742,42,-126,13,-16080,0,-15537,0,8160,8192,4898,744,-6522,-97,29,32
2031769892,-4604,7142,-2124,87,-150,-124,-16078,0,-15537,0,8160,8192,4698,1434,-6268,-111,73,11
2031819892,-3660,4580,-1264,248,-378,-271,-18076,0,-15537,0,8160,8192,8776,-764,-3982,-99,-2,26
2031869892,-5148,7036,-2368,226,-463,-460,-16074,0,-15537,0,8160,8192,5532,938,-6134,-105,21,30
2031919892,-3942,6662,-2218,316,-603,-436,-17072,0,-15537,0,8160,8192,4906,974,-6932,-101,31,35
2031969892,-4194,6888,-1978,205,-380,-206,0,0,-7,-1,-16070,0,4610,372,-6646,-112,40,29
2032019892,-4484,6988,-1926,100,-187,0,-16068,0,-15537,0,8160,8192,7766,-290,-6036,-109,61,28
2032069892,-5104,6470,-1526,66,-43,342,-16066,0,-15537,0,8160,8192,7078,354,-5610,-101,61,44
2032119892,-5316,6064,-1016,-32,-71,234,-16065,0,-15537,0,8160,8192,6562,-12,-5148,-106,26,40
2032169892,-5518,5826,-1138,-13,-72,126,8160,8192,0,0,645,8192,5262,802,-7022,-114,38,16
2032219892,-5800,5692,-304,25,-103,-28,8160,8192,29604,31008,645,8192,6846,924,-4780,-95,20,37
2032269892,-7558,7292,-1616,-70,-84,103,-17058,0,-15537,0,8160,8192,3644,-1100,-7168,-113,63,30
2032319892,-4924,5658,-304,12,-254,-62,-16056,0,-15537,0,8160,8192,5958,-1016,-5616,-114,21,23
2032369892,-5754,6484,-1084,-47,225,464,-16055,0,-15537,0,8160,8192,6558,-1220,-5444,-98,-8,26
2032419892,-6446,5956,-640,-70,352,569,-16053,0,-15537,0,8160,8192,4096,-1942,-6720,-86,4,37
2032469892,-6322,5276,-350,-9,183,357,-16051,0,-15537,0,8160,8192,5518,-552,-5758,-106,17,24
2032519892,-6850,6036,-550,269,-134,-98,-18048,0,-15537,0,8160,8192,5362,-1786,-6468,-109,51,30
2032569892,-6664,5498,-86,116,-50,46,0,0,-7,-1,-16047,0,5858,-2456,-5958,-106,64,38
2032619892,-7410,5300,182,88,21,386,0,0,-7,-1,-17045,0,6248,-2984,-5870,-105,39,30
2032669892,-6732,5032,1090,-105,270,806,-17042,0,-15537,0,8160,8192,5328,-3634,-6050,-92,63,36
2032719892,-7900,4326,996,-210,640,1262,0,0,-7,-1,-16039,0,6772,-4274,-5756,-109,91,22
2032769892,-8250,3580,1764,127,129,500,8160,8192,-10220,31016,645,8192,5130,-5518,-5980,-87,1,32
2032819892,-7286,7498,4,-109,-123,13,-16036,0,-15537,0,8160,8192,5966,686,-6008,-80,-89,37
2032869892,-3816,7456,-2122,64,-330,-506,-17033,0,-15537,0,8160,8192,5120,2104,-4534,-114,82,74
2032919892,-2562,6262,-2544,167,-109,176,-16030,0,-15537,0,8160,8192,5580,572,-4274,-108,87,6
2032969892,-5140,8856,-1944,236,-116,183,-16029,0,-15537,0,8160,8192,8128,1258,-6616,-81,62,29
2033019892,-5976,8898,-2136,135,-54,212,-16027,0,-15537,0,8160,8192,6534,1912,-6500,-114,90,47
2033069892,-3358,7882,-3522,51,-194,-599,-18025,0,-15537,0,8160,8192,2692,530,-8400,-96,96,16
2033119892,-2702,5606,-948,319,-87,473,-16022,0,-15537,0,8160,8192,8006,402,-5108,-107,35,58
2033169892,-4230,8160,-2306,-147,450,743,0,0,-7,-1,-16021,0,4084,2338,-6344,-117,37,24
2033219892,514,6760,-3770,329,-524,-789,8160,8192,-18972,31023,645,8192,3960,3330,-6348,-133,45,23
2033269892,-738,8754,-4440,236,-452,-503,0,0,-7,-1,-16016,0,5414,4372,-5522,-116,-19,21
2033319892,-5058,7472,-784,5,621,2082,-16014,0,-15537,0,8160,8192,5672,-2154,-5988,-112,-36,21
2033369892,-3782,6950,-2224,266,-6,663,-16012,0,-15537,0,8160,8192,5102,1906,-5996,-120,69,23
2033419892,-3596,7910,-2276,171,-204,-463,8160,8192,-15580,31026,645,8192,5226,972,-6100,-124,84,27
2033469892,-3150,7384,-2438,142,-55,296,0,0,-7,-1,-17008,0,6044,1716,-5796,-113,23,23
2033519892,-4208,6902,-1808,74,-68,368,-16006,0,-15537,0,8160,8192,6024,202,-5734,-104,-64,29
2033569892,-4382,7236,-1788,36,-174,-34,-16003,0,-15537,0,8160,8192,6324,376,-5834,-99,-19,22
2033619892,-4596,6966,-1476,96,-87,111,0,0,-7,-1,-16000,0,6320,-406,-5896,-91,23,13
2033669892,-4590,7042,-1494,122,-122,57,-15998,0,-15537,0,8160,8192,5884,-276,-6102,-114,47,32
2033719892,-4348,7060,-1728,153,-105,22,8160,8192,0,0,645,8192,5882,250,-5948,-116,78,39
2033769892,-4084,7244,-1812,110,-124,-4,-15996,0,-15537,0,8160,8192,5852,354,-6124,-101,56,33
2033819892,-4296,7084,-1828,120,-72,124,-15587,0,-15537,0,8160,8192,5858,320,-5964,-101,40,28
2033869892,-4424,6980,-1632,86,-104,88,-15992,0,-15537,0,8160,8192,5780,-76,-6148,-99,20,28
2033919892,-4510,6916,-1450,87,-102,78,-16990,0,-15537,0,8160,8192,5786,-172,-5994,-108,25,32
2033969892,-4052,7140,-1814,91,-123,7,8160,8192,0,0,645,8192,5816,462,-6010,-110,37,33
2034019892,-4372,7048,-1686,124,-88,131,-15986,0,-15537,0,8160,8192,5990,-22,-5958,-108,34,32
2034069892,-4068,7114,-1890,88,-135,2,8160,8192,0,0,645,8192,5802,516,-6050,-103,35,31
2034119892,-4392,6932,-1630,104,-83,123,-15983,0,-15537,0,8160,8192,5792,-130,-5982,-108,27,30
2034169892,-4302,7132,-1764,93,-108,65,0,0,-7,-1,-16981,0,5852,208,-6072,-107,33,31
2034219892,-4376,7012,-1666,123,-104,83,0,0,-7,-1,-15978,0,5766,32,-5972,-109,36,32
2034269892,-4292,7154,-1758,103,-86,93,0,0,-7,-1,-15976,0,5920,128,-5948,-108,40,32
2034319892,-3938,7070,-1916,107,-135,9,-15974,0,-15537,0,8160,8192,5792,484,-6038,-110,33,35
2034369892,-4254,7080,-1624,108,-89,117,8160,8192,0,0,645,8192,5820,60,-6150,-107,33,32
2034419892,-4216,7052,-1692,110,-123,62,-15968,0,-15537,0,8160,8192,6096,148,-5898,-108,24,33
2034469892,-4330,7072,-1728,108,-105,71,-15967,0,-15537,0,8160,8192,5812,16,-5946,-103,35,31
2034519892,-4312,7050,-1686,114,-99,98,-15963,0,-15537,0,8160,8192,5782,-6,-5956,-107,38,31
2034569892,-4266,7030,-1736,128,-95,95,8160,8192,20308,31044,645,8192,5780,194,-6010,-107,48,34
2034619892,-4136,7120,-1640,111,-95,81,0,0,-7,-1,-15955,0,5812,172,-5886,-105,48,31
2034669892,-4108,7026,-1856,120,-97,72,-17954,0,-15537,0,8160,8192,5918,262,-5908,-107,53,33
2034719892,-4238,7244,-1888,113,-88,97,8160,8192,-26300,31046,645,8192,5576,24,-6198,-100,43,28
2034769892,-4168,7168,-1798,110,-100,87,8160,8192,23700,31047,645,8192,5734,284,-6072,-102,37,29
2034819892,-4144,7188,-1898,109,-107,77,-15945,0,-15537,0,8160,8192,5956,318,-5852,-103,32,31
2034869892,-4156,7120,-1868,92,-112,59,8160,8192,-7372,31048,645,8192,5776,226,-6070,-102,32,31
2034919892,-4110,7148,-1842,97,-122,41,0,0,-7,-1,-16941,0,5808,190,-5984,-104,35,36
2034969892,-4046,7096,-1850,86,-137,9,8160,8192,0,0,645,8192,5836,332,-5948,-110,25,30
2035019892,-4026,7140,-1888,83,-142,-19,-17934,0,-15537,0,8160,8192,5768,258,-6014,-106,25,29
2035069892,-4260,7098,-1764,94,-135,28,-15931,0,-15537,0,8160,8192,5764,214,-6102,-109,31,42
2035119892,-3870,7322,-2090,61,-182,-102,0,0,-7,-1,-15928,0,5750,1080,-6058,-109,26,39
2035169892,-3920,7328,-2102,18,-158,-121,8160,8192,0,0,645,8192,5870,540,-6032,-103,1,28
2035219892,-3614,7176,-2240,70,-252,-203,8160,8192,14948,31054,645,8192,5996,1044,-5870,-95,-16,33
2035269892,-3520,7296,-2124,104,-335,-417,-17920,0,-15537,0,8160,8192,6170,1304,-5722,-101,6,29
2035319892,-4674,6880,-2142,128,-290,-601,-17918,0,-15537,0,8160,8192,5514,1244,-6370,-104,65,29
2035369892,-2980,7466,-2272,488,-916,-1319,-15916,0,-15537,0,8160,8192,5598,1672,-5692,-94,80,37
2035419892,-5150,7990,-2118,247,-370,-436,-16913,0,-15537,0,8160,8192,5178,2538,-5804,-95,27,28
2035469892,-4236,6944,-2442,15,-234,-261,8160,8192,0,0,645,8192,6264,818,-5360,-97,15,29
2035519892,-4498,6772,-1832,8,-64,155,-17910,0,-15537,0,8160,8192,5512,1866,-6104,-85,4,29
2035569892,-4060,6792,-2064,68,-215,-253,-15909,0,-15537,0,8160,8192,5278,1134,-6700,-99,42,24
2035619892,-4472,6398,-1894,245,-450,-328,8160,8192,21732,31060,645,8192,3682,316,-6796,-101,32,29
2035669892,-4620,6724,-1944,282,-468,-337,0,0,-7,-1,-15904,0,5996,1692,-6914,-103,34,15
2035719892,-4214,6204,-1514,171,-325,-127,-15901,0,-15537,0,8160,8192,8254,1470,-4374,-106,2,27
2035769892,-4404,6766,-1550,104,-214,73,8160,8192,-24876,31062,645,8192,5474,1464,-6190,-111,59,35
2035819892,-5104,6484,-1346,85,-111,220,8160,8192,25124,31063,645,8192,4844,1250,-6504,-95,51,42
2035869892,-5814,6914,-1754,43,-73,76,8160,8192,9588,31064,645,8192,7076,3210,-2606,-104,43,33
2035919892,-5288,5742,-680,-10,-14,290,-15890,0,-15537,0,8160,8192,4868,-1712,-8318,-116,15,18
2035969892,-6538,6422,-1404,-73,-177,-21,0,0,-7,-1,-15888,0,3348,-400,-8120,-104,35,38
2036019892,-5858,4596,510,18,29,-23,-15886,0,-15537,0,8160,8192,3226,-1522,-7974,-107,33,26
2036069892,-6580,6378,-1288,-23,-195,28,-15883,0,-15537,0,8160,8192,5860,-856,-6366,-118,26,21
2036119892,-6360,5544,-510,-23,411,635,-15881,0,-15537,0,8160,8192,5382,-2436,-6440,-101,12,29
2036169892,-6224,6442,-1374,-168,165,189,-16777,0,-15537,0,8160,8192,6680,-1454,-5504,-95,-24,25
2036219892,-7390,6314,-772,203,40,413,8160,8192,31908,31069,645,8192,6028,-1272,-6100,-106,21,34
2036269892,-5882,5990,-740,101,-151,-244,0,0,-7,-1,-16875,0,6016,-1706,-5796,-107,39,21
2036319892,-6752,5688,-30,178,-59,248,-15871,0,-15537,0,8160,8192,5744,-2224,-6198,-104,37,33
2036369892,-6986,5072,436,24,45,328,0,0,-7,-1,-15869,0,5828,-3464,-6308,-102,31,35
2036419892,-7664,4756,1280,-122,491,1245,-15867,0,-15537,0,8160,8192,5310,-4248,-6762,-111,76,15
2036469892,-8772,4686,1072,86,514,907,-15864,0,-15537,0,8160,8192,5042,-6712,-5738,-92,105,9
2036519892,-8088,3836,652,206,51,495,8160,8192,0,0,645,8192,766,-7296,-7142,-88,114,32
2036569892,-6428,6720,276,29,-106,-97,-16856,0,-15537,0,8160,8192,6710,-4196,-6664,-141,64,46
2036619892,-1372,4630,-1822,-155,-270,-493,0,0,-7,-1,-15854,0,34,-1536,-8622,-103,45,31
2036669892,-4168,6138,-2804,-30,-25,-131,0,0,-7,-1,-15851,0,6710,1960,-7484,-80,73,16
2036719892,-4234,8054,-2630,120,-174,364,8160,8192,7620,31077,645,8192,5300,-124,-5018,-119,24,55
2036769892,-3028,7918,-3328,-78,-5,-22,0,0,-7,-1,-16845,0,5422,5532,-7516,-96,89,14
2036819892,-2446,8422,-3006,697,-716,-845,-17842,0,-15537,0,8160,8192,5896,3092,-5868,-99,-6,51
2036869892,-2364,7946,-2794,169,51,556,-15839,0,-15537,0,8160,8192,6092,3526,-6828,-116,47,31
2036919892,-5552,8218,-3790,-28,297,809,8160,8192,11012,31080,645,8192,6412,1022,-5370,-135,19,32
2036969892,-1988,8890,-4232,-5,-154,244,-15835,0,-15537,0,8160,8192,5558,5172,-6292,-134,-36,32
2037019892,-1354,9066,-3842,334,-488,-808,0,0,-7,-1,-16833,0,5624,3416,-6000,-109,93,5
2037069892,-4034,7068,-1566,-140,857,2213,8160,8192,29940,31082,645,8192,5760,860,-5490,-127,44,26
2037119892,-3744,6974,-2036,45,-311,-44,-17828,0,-15537,0,8160,8192,5436,1082,-6154,-121,-45,44
2037169892,-4706,6952,-1388,119,-7,222,-15826,0,-15537,0,8160,8192,5336,-1042,-5938,-105,-5,14
2037219892,-3878,7318,-1914,56,-160,58,-17822,0,-15537,0,8160,8192,5744,960,-6002,-109,0,17
2037269892,-4244,7262,-1686,154,-80,131,-15820,0,-15537,0,8160,8192,5796,74,-6038,-105,27,20
2037319892,-4078,7366,-1860,91,-117,31,0,0,-7,-1,-15817,0,5350,622,-6656,-105,44,33
2037369892,-4820,6914,-1508,167,-26,270,-15814,0,-15537,0,8160,8192,5806,-530,-6012,-116,52,42
2037419892,-4116,7138,-1784,102,-198,-165,8160,8192,0,0,645,8192,5858,232,-5982,-117,58,32
2037469892,-3880,7316,-2032,112,-92,57,-15810,0,-15537,0,8160,8192,5800,730,-6018,-105,51,29
2037519892,-4372,6918,-1634,103,-108,95,0,0,-7,-1,-16808,0,5702,-230,-5986,-104,24,28
2037569892,-4424,7032,-1510,85,-144,30,0,0,-7,-1,-15806,0,5826,-70,-6002,-108,4,31
2037619892,-4470,7054,-1598,85,-97,60,-15802,0,-15537,0,8160,8192,5834,-120,-6082,-111,37,26
2037669892,-4222,7012,-1866,110,-123,28,-15800,0,-15537,0,8160,8192,5736,300,-6018,-112,47,37
2037719892,-4270,6982,-1738,125,-102,66,8160,8192,24580,31092,645,8192,5828,138,-5900,-112,48,33
2037769892,-4146,7018,-1774,101,-79,94,-15794,0,-15537,0,8160,8192,5748,290,-6178,-110,41,33
2037819892,-4152,7110,-1822,102,-121,39,-15792,0,-15537,0,8160,8192,5904,212,-5944,-106,23,32
2037869892,-4356,6994,-1602,95,-92,130,8160,8192,-22028,31094,645,8192,5892,-54,-5920,-105,19,31
2037919892,-4196,7090,-1796,94,-137,15,-15786,0,-15537,0,8160,8192,5808,128,-6062,-107,26,33
2037969892,-4316,7146,-1760,106,-102,95,-16784,0,-15537,0,8160,8192,5584,208,-6052,-107,32,35
2038019892,-4098,7102,-1658,115,-110,66,-17783,0,-15537,0,8160,8192,5824,252,-5966,-106,41,30
2038069892,-4036,7068,-1804,110,-111,26,-15781,0,-15537,0,8160,8192,5558,340,-6188,-110,48,29
2038119892,-4246,7200,-1866,123,-82,101,0,0,-7,-1,-15781,0,5990,248,-5960,-103,51,29
2038169892,-4262,7060,-1732,110,-105,48,-16778,0,-15537,0,8160,8192,5726,132,-6096,-106,45,31
2038219892,-4412,7006,-1622,108,-93,87,-15776,0,-15537,0,8160,8192,5808,-74,-5930,-106,39,31
2038269892,-4192,6958,-1754,101,-107,65,-15773,0,-15537,0,8160,8192,5732,106,-5974,-104,33,29
2038319892,-4242,7116,-1788,112,-93,99,8160,8192,-30780,31101,645,8192,5764,256,-5972,-105,36,30
2038369892,-4064,7170,-1920,97,-108,54,-17767,0,-15537,0,8160,8192,5988,412,-5854,-103,30,29
2038419892,-4358,7032,-1650,107,-82,128,8160,8192,3684,31103,645,8192,5940,98,-6002,-107,33,29
2038469892,-4196,7114,-1848,98,-106,56,8160,8192,-11852,31103,645,8192,5666,180,-6120,-106,38,28
2038519892,-4292,7164,-1716,109,-104,62,0,0,-7,-1,-15759,0,5910,106,-6008,-107,39,37
2038569892,-4162,7120,-1842,106,-113,50,-17756,0,-15537,0,8160,8192,5874,290,-5930,-107,40,35
2038619892,-4116,7218,-1842,102,-117,51,0,0,-7,-1,-15753,0,5714,306,-6014,-109,32,30
2038669892,-3960,7166,-1944,85,-134,15,8160,8192,-8460,31106,645,8192,5820,442,-5992,-109,26,37
2038719892,-3832,7150,-2106,57,-159,-18,8160,8192,0,0,645,8192,5674,884,-6030,-99,-1,34
2038769892,-3818,7446,-2004,36,-170,-33,-16309,0,-15537,0,8160,8192,5848,678,-6000,-104,-12,28
2038819892,-3776,7322,-2188,8,-170,-183,8160,8192,10468,31109,645,8192,5688,1126,-6236,-105,19,30
2038869892,-3564,7408,-2312,176,-358,-498,-15739,0,-15537,0,8160,8192,5740,1234,-5910,-106,50,32
2038919892,-3648,7120,-2088,187,-336,-477,-15735,0,-15537,0,8160,8192,5934,1338,-6300,-106,59,29
2038969892,-4638,8104,-2494,408,-804,-1208,8160,8192,0,0,645,8192,5608,1160,-5418,-104,41,27
2039019892,-4574,7858,-2626,371,-552,-654,-16728,0,-15537,0,8160,8192,5484,1606,-6356,-103,32,23
2039069892,-4316,6600,-1938,31,-181,-159,8160,8192,-1676,31112,645,8192,5418,662,-6208,-99,42,26
2039119892,-4322,7386,-2252,61,-157,-1,-16720,0,-15537,0,8160,8192,5420,740,-6740,-98,28,23
2039169892,-4204,6932,-1846,86,-147,-34,8160,8192,0,0,645,8192,5568,1174,-6596,-113,41,10
2039219892,-1658,4444,-1266,202,-414,-407,0,0,-7,-1,-16715,0,10488,-128,-1504,-96,-2,22
2039269892,-3850,6950,-2112,302,-573,-460,0,0,-7,-1,-16713,0,6320,842,-6378,-101,7,28
2039319892,-4506,6950,-1934,217,-493,-416,0,0,-7,-1,-15711,0,7064,276,-5414,-95,13,34
2039369892,-5056,7006,-2208,177,-246,177,-15709,0,-15537,0,8160,8192,7210,1218,-6788,-115,9,22
2039419892,-5290,7212,-1924,46,-95,243,0,0,-7,-1,-16706,0,4376,202,-6046,-119,28,27
2039469892,-5066,6030,-1482,66,-185,298,-15704,0,-15537,0,8160,8192,5070,570,-6764,-123,39,16
2039519892,-6084,6684,-2002,79,-182,95,-15702,0,-15537,0,8160,8192,9148,-1276,-4902,-121,14,13
2039569892,-5838,6612,-1504,7,-128,186,0,0,-7,-1,-15699,0,4978,-574,-5516,-120,37,14
2039619892,-6244,6670,-1562,22,-234,-89,-15697,0,-15537,0,8160,8192,5702,-740,-6020,-105,44,43
2039669892,-6934,8602,-2742,8,-334,-261,0,0,-7,-1,-15695,0,3216,-830,-7058,-117,75,25
2039719892,-5580,5592,-430,122,-144,10,0,0,-7,-1,-15691,0,7090,-886,-6064,-120,59,23
2039769892,-5680,5300,-510,-28,192,418,8160,8192,0,0,645,8192,5508,-1370,-6120,-110,26,28
2039819892,-5724,5294,-306,-97,366,479,-15686,0,-15537,0,8160,8192,5672,-1152,-6186,-84,-1,36
2039869892,-5246,4780,-410,19,120,191,0,0,-7,-1,-15683,0,6954,-1194,-5316,-110,-16,16
2039919892,-6234,5922,-402,253,-130,-28,8160,8192,-3644,31125,645,8192,5698,-1880,-6272,-104,25,31
2039969892,-6200,5560,-304,133,-157,-59,-15678,0,-15537,0,8160,8192,5640,-2138,-6058,-102,4,30
2040019892,-6594,5524,-152,36,-43,332,-15676,0,-15537,0,8160,8192,5654,-2332,-6276,-99,-10,29
2040069892,-6546,5474,-318,-28,41,395,8160,8192,15284,31128,645,8192,5874,-2138,-5984,-101,9,22
2040119892,-7602,5724,198,120,197,573,8160,8192,-252,31128,645,8192,5950,-3652,-6010,-102,104,38
2040169892,-8648,4948,1150,-167,835,1613,-15670,0,-15537,0,8160,8192,6068,-5720,-5832,-115,163,18
2040219892,-8282,3918,1748,130,154,360,-17667,0,-15537,0,8160,8192,6626,-4498,-6448,-105,114,43
2040269892,-5942,3882,-174,124,-127,37,8160,8192,18676,31131,645,8192,8468,-2174,-7178,-94,122,50
2040319892,-3778,6650,-2294,-63,-295,-517,-15662,0,-15537,0,8160,8192,7912,538,-6464,-126,78,60
2040369892,-3882,7498,-3616,63,-106,461,-16659,0,-15537,0,8160,8192,10378,2798,-3714,-127,233,9
2040419892,-3848,8238,-3970,86,-463,-740,8160,8192,0,0,645,8192,6970,4652,-6568,-108,66,55
2040469892,-4518,7922,-2450,353,-242,380,-16655,0,-15537,0,8160,8192,5202,-522,-6016,-120,0,58
2040519892,-2718,7604,-3190,-185,-106,-112,0,0,-7,-1,-15653,0,5420,2668,-7058,-109,-49,28
2040569892,-2892,7594,-2798,353,-258,322,-15651,0,-15537,0,8160,8192,7780,2410,-5854,-146,-54,34
2040619892,-4866,8890,-3854,-129,164,316,8160,8192,0,0,645,8192,9256,2104,-5578,-120,17,13
2040669892,-248,8832,-4528,265,-470,-461,0,0,-7,-1,-15645,0,5940,6052,-5830,-124,-2,22
2040719892,-462,8734,-4302,401,-735,-973,-15643,0,-15537,0,8160,8192,5826,4072,-5850,-104,-16,3
2040769892,-6396,6956,-102,-196,1243,3380,8160,8192,-5612,31138,645,8192,5694,-2378,-6284,-112,-79,26
2040819892,-5752,7086,-1438,68,-114,137,0,0,-7,-1,-16638,0,5964,456,-6132,-126,25,30
2040869892,-3136,7592,-2224,409,-421,-938,-16635,0,-15537,0,8160,8192,6154,1192,-5886,-112,84,20
2040919892,-4076,7442,-1518,69,192,892,-15633,0,-15537,0,8160,8192,6258,22,-6004,-111,47,36
2040969892,-4162,7158,-2064,135,-101,187,-16631,0,-15537,0,8160,8192,5284,796,-6014,-110,56,31
2041019892,-3896,7138,-1958,138,-119,-90,8160,8192,-17756,31142,645,8192,6234,646,-5662,-113,55,29
2041069892,-3988,7142,-1916,117,-53,238,0,0,-7,-1,-15626,0,5868,320,-5978,-100,23,35
2041119892,-4256,7206,-1714,114,-129,31,0,0,-7,-1,-15624,0,5810,288,-6056,-103,30,22
2041169892,-4162,7004,-1810,97,-102,51,8160,8192,0,0,645,8192,5792,218,-5980,-104,40,31
2041219892,-4018,7204,-1876,73,-154,11,0,0,-7,-1,-16618,0,5786,156,-6084,-104,14,25
2041269892,-4572,6908,-1642,97,-78,173,-17616,0,-15537,0,8160,8192,5802,-60,-6152,-109,6,30
2041319892,-4286,7156,-1616,91,-137,-12,-15614,0,-15537,0,8160,8192,5716,-32,-6136,-103,38,29
2041369892,-4480,7074,-1510,118,-106,71,5544,8192,-7,-1,-15840,0,5918,-156,-5848,-112,39,34
2041419892,-4106,7264,-1924,94,-103,56,0,0,-7,-1,-16608,0,5870,404,-5910,-106,36,28
2041469892,-4128,7118,-1748,107,-121,47,8160,8192,0,0,645,8192,5756,234,-6034,-107,28,36
2041519892,-4230,7062,-1724,98,-92,107,8160,8192,23492,31150,645,8192,5686,134,-6174,-101,26,33
2041569892,-4188,7102,-1754,95,-126,6,8160,8192,7956,31151,645,8192,5962,174,-5886,-108,35,31
2041619892,-4254,7058,-1698,108,-80,106,0,0,-7,-1,-16600,0,5670,168,-6014,-104,37,30
2041669892,-4272,7002,-1786,104,-108,72,0,0,-7,-1,-15597,0,5806,42,-6070,-105,36,33
2041719892,-4026,7236,-1904,91,-117,37,0,0,-7,-1,-15595,0,5882,436,-5986,-104,28,30
2041769892,-4280,7058,-1714,126,-70,142,-15592,0,-15537,0,8160,8192,5724,74,-6030,-107,41,30
2041819892,-4168,7006,-1808,93,-109,47,-16590,0,-15537,0,8160,8192,5672,172,-6188,-99,38,29
2041869892,-4122,7004,-1866,104,-93,84,8160,8192,-19724,31155,645,8192,5750,308,-6042,-105,39,31
2041919892,-4238,7054,-1756,106,-84,106,8160,8192,30276,31156,645,8192,5936,142,-6132,-103,37,32
2041969892,-4216,7044,-1776,105,-106,64,0,0,-7,-1,-15584,0,5876,136,-6078,-108,33,30
2042019892,-4174,7142,-1756,96,-101,78,8160,8192,0,0,645,8192,5804,92,-6220,-104,23,31
2042069892,-4332,7072,-1688,112,-90,116,-15580,0,-15537,0,8160,8192,5710,0,-6064,-110,38,32
2042119892,-4076,7166,-1844,98,-121,31,-15578,0,-15537,0,8160,8192,5820,342,-5978,-106,35,32
2042169892,-4240,7142,-1720,117,-85,137,-15576,0,-15537,0,8160,8192,5990,88,-6002,-107,32,32
2042219892,-4032,7180,-1846,93,-123,40,-15573,0,-15537,0,8160,8192,5688,280,-6082,-111,29,34
2042269892,-4124,7050,-1766,114,-88,101,-15569,0,-15537,0,8160,8192,5778,246,-6004,-105,38,35
2042319892,-3934,7246,-1950,97,-113,20,-15567,0,-15537,0,8160,8192,5710,422,-6070,-106,45,30
2042369892,-3780,7222,-2094,94,-130,-2,-17567,0,-15537,0,8160,8192,5778,730,-6028,-108,40,31
2042419892,-3748,7406,-2140,82,-158,-29,-15565,0,-15537,0,8160,8192,5796,758,-6056,-106,22,33
2042469892,-3642,7380,-2012,26,-191,-121,0,0,-7,-1,-16561,0,6014,638,-5786,-103,-8,34
2042519892,-4110,7310,-2110,49,-160,-2,8160,8192,-25084,31165,645,8192,5626,768,-5944,-105,-4,32
2042569892,-3882,7168,-2162,129,-372,-526,0,0,-7,-1,-16558,0,5834,1172,-5858,-100,9,31
2042619892,-4040,7024,-1400,200,-302,-370,0,0,-7,-1,-16555,0,5722,968,-5990,-105,44,30
2042669892,-4330,7126,-1830,223,-520,-790,-15553,0,-15537,0,8160,8192,5420,330,-6312,-106,44,24
2042719892,-5084,8208,-2112,244,-342,-369,0,0,-7,-1,-15552,0,4940,1174,-6194,-97,82,44
2042769892,-4296,6578,-1630,37,-119,-111,8160,8192,28308,31169,645,8192,5458,738,-6224,-105,40,28
2042819892,-4784,6934,-2088,170,-253,-240,-15547,0,-15537,0,8160,8192,5574,850,-6176,-106,49,38
2042869892,-4226,7414,-2392,98,-255,-326,8160,8192,-2764,31170,645,8192,5490,1082,-6274,-107,44,29
2042919892,-4356,7210,-2188,280,-494,-488,-15543,0,-15537,0,8160,8192,5804,1286,-6122,-98,21,37
2042969892,-3886,6872,-2348,268,-543,-630,-17542,0,-15537,0,8160,8192,4972,568,-6936,-111,39,25
2043019893,-4902,7538,-2468,311,-493,-402,0,0,-7,-1,-16539,0,5528,1078,-5944,-108,15,32
2043069892,-4842,7278,-1970,136,-273,-159,-16536,0,-15537,0,8160,8192,5656,78,-6536,-109,17,35
2043119892,-5466,7084,-2044,159,-129,189,8160,8192,0,0,645,8192,8530,1340,-4558,-91,-19,32
2043169892,-6228,8108,-2466,24,-37,363,8160,8192,0,0,645,8192,3132,226,-6994,-130,55,30
2043219892,-5136,6684,-1948,82,-209,101,-16529,0,-15537,0,8160,8192,6956,1312,-5942,-98,21,34
2043269892,-4942,6672,-1272,-4,-27,124,0,0,-7,-1,-17527,0,4272,904,-7482,-114,61,13
2043319892,-4870,5372,-464,39,-23,242,-16523,0,-15537,0,8160,8192,5234,422,-6330,-120,-18,16
2043369892,-5960,6406,-890,13,-35,216,0,0,-7,-1,-16520,0,5742,-2306,-5994,-113,17,12
2043419892,-5404,5216,112,23,-90,47,-16518,0,-15537,0,8160,8192,5924,-1200,-6168,-92,-3,38
2043469892,-6256,5908,-898,-9,-206,-29,-16516,0,-15537,0,8160,8192,4832,-1512,-6496,-103,-3,24
2043519892,-4918,5666,-884,-87,-208,-34,0,0,-7,-1,-17514,0,7076,-1070,-4586,-88,-27,4
2043569892,-6658,6186,-418,52,274,472,8160,8192,0,0,645,8192,5470,-1278,-6520,-97,-32,15
2043619892,-6090,5786,-216,-97,226,338,-17510,0,-15537,0,8160,8192,5526,-1556,-6326,-86,-12,27
2043669892,-6014,6428,-1016,30,22,64,8160,8192,10804,31183,645,8192,5844,-1154,-6102,-97,-34,30
2043719892,-6070,5792,-524,172,-41,223,0,0,-7,-1,-16507,0,5664,-1544,-6128,-101,3,27
2043769892,-6464,5930,-306,36,70,233,-18506,0,-15537,0,8160,8192,5926,-1866,-6150,-103,41,29
2043819892,-6900,5324,358,170,112,339,-18504,0,-15537,0,8160,8192,5934,-3024,-5916,-108,130,25
2043869892,-6900,4244,1062,-89,452,958,8160,8192,14196,31186,645,8192,6554,-4510,-5906,-92,102,23
2043919892,-8460,3454,1568,140,553,1211,-16501,0,-15537,0,8160,8192,7456,-3990,-6466,-72,26,7
2043969892,-8142,8224,456,34,-222,-78,8160,8192,-16876,31187,645,8192,5698,-4388,-4824,-109,-16,37
2044019892,-5310,7540,-1336,9,-232,-372,8160,8192,-32412,31188,645,8192,5440,262,-5534,-70,130,70
2044069892,-2394,7650,-3000,-30,-416,-608,-16495,0,-15537,0,8160,8192,7064,1950,-4654,-109,41,31
2044119892,-6000,7998,-980,339,189,795,8160,8192,2052,31190,645,8192,1674,-1298,-11808,-97,-4,61
2044169892,-5146,8622,-1518,-53,-249,194,-16492,0,-15537,0,8160,8192,9074,1632,-5578,-123,-127,51
2044219892,-4152,8768,-2624,356,-176,-323,0,0,-7,-1,-16490,0,6480,1588,-5392,-94,68,0
2044269892,-2516,4730,-538,199,134,659,8160,8192,20980,31192,645,8192,8318,688,-4486,-124,89,35
2044319892,-2446,7722,-2940,35,98,351,-18486,0,-15537,0,8160,8192,6708,4844,-6500,-118,86,31
2044369892,870,8820,-4790,821,-964,-1887,-18484,0,-15537,0,8160,8192,5296,5204,-5342,-140,299,31
2044419892,-1096,8564,-3438,619,-431,42,-16482,0,-15537,0,8160,8192,5918,3162,-5626,-125,79,27
2044469892,-4378,7132,-1636,-451,1101,2206,8160,8192,0,0,645,8192,5740,42,-5956,-127,33,19
2044519892,-5330,7314,-1430,210,177,892,8160,8192,0,0,645,8192,5944,126,-6268,-113,77,16
2044569892,-3546,7258,-2636,68,-345,-807,0,0,-7,-1,-16477,0,5840,1272,-6178,-123,96,31
2044619892,-3340,7838,-1862,344,-370,-73,0,0,-7,-1,-16475,0,5606,544,-6404,-111,10,18
2044669892,-4344,7036,-1704,-30,159,527,0,0,-7,-1,-16472,0,5070,578,-5992,-101,-11,21
2044719892,-4164,7308,-1830,271,-384,-323,0,0,-7,-1,-17469,0,5866,670,-6152,-107,2,31
2044769892,-3922,7190,-1932,19,-57,96,8160,8192,-3308,31199,645,8192,5766,926,-6074,-103,46,27
2044819892,-5136,6912,-1310,73,101,502,0,0,-7,-1,-16465,0,5872,-534,-6050,-110,71,32
2044869892,-4462,6802,-1608,104,-149,-171,-18463,0,-15537,0,8160,8192,5720,124,-6020,-106,86,29
2044919892,-4102,7098,-1886,188,-233,-110,0,0,-7,-1,-17460,0,5866,296,-6072,-104,16,31
2044969892,-4542,6948,-1508,50,-77,167,-16458,0,-15537,0,8160,8192,5864,-178,-6144,-98,6,24
2045019892,-4408,6898,-1710,69,-85,112,-16456,0,-15537,0,8160,8192,5738,280,-6088,-105,18,26
2045069892,-4416,6928,-1588,148,-162,5,-16453,0,-15537,0,8160,8192,5812,-30,-6048,-108,28,32
2045119892,-4314,7044,-1762,60,-73,107,0,0,-7,-1,-16452,0,5702,250,-6162,-107,36,29
2045169892,-4412,7012,-1684,123,-107,56,8160,8192,3476,31206,645,8192,5682,52,-6144,-105,41,32
2045219892,-4266,6936,-1730,75,-93,102,8160,8192,0,0,645,8192,5694,110,-6168,-107,29,30
2045269892,-4438,7034,-1690,89,-98,70,-16447,0,-15537,0,8160,8192,5870,158,-5992,-102,30,29
2045319892,-4332,6908,-1576,86,-78,113,0,0,-7,-1,-16445,0,5696,22,-5996,-106,35,30
2045369892,-4334,6852,-1770,73,-67,153,-16444,0,-15537,0,8160,8192,5598,120,-6182,-108,35,33
2045419892,-4156,7062,-1854,80,-91,82,0,0,-7,-1,-17442,0,5758,528,-6046,-105,37,32
2045469892,-4112,7020,-1786,143,-126,73,0,0,-7,-1,-16440,0,5722,256,-6018,-102,41,32
2045519892,-4292,7118,-1624,93,-72,111,0,0,-7,-1,-17439,0,5816,120,-5880,-103,47,31
2045569892,-4392,6988,-1714,88,-92,88,0,0,-7,-1,-17437,0,5770,186,-6120,-104,30,29
2045619892,-4306,7006,-1542,96,-62,166,8160,8192,0,0,645,8192,5854,-8,-6030,-106,34,34
2045669892,-4384,7022,-1604,96,-96,70,-16433,0,-15537,0,8160,8192,5902,150,-5792,-105,37,32
2045719892,-4386,6996,-1570,118,-99,85,-16431,0,-15537,0,8160,8192,5764,-76,-5936,-105,35,32
2045769892,-4384,7090,-1774,100,-111,67,-18428,0,-15537,0,8160,8192,5892,338,-5894,-109,38,34
2045819892,-4240,7174,-1728,109,-116,40,0,0,-7,-1,-16427,0,5972,166,-5954,-103,33,31
2045869892,-4152,7188,-1788,102,-123,22,8160,8192,-17420,31216,645,8192,5952,400,-5836,-113,33,34
2045919892,-4148,7008,-1804,107,-110,71,0,0,-7,-1,-16423,0,6042,306,-5884,-107,33,32
2045969892,-4304,7098,-1748,100,-111,55,8160,8192,17044,31218,645,8192,5678,74,-6072,-105,32,33
2046019892,-4224,6966,-1800,102,-122,52,0,0,-7,-1,-16419,0,5690,328,-6020,-108,30,35
2046069892,-4090,7142,-1892,91,-120,26,-17418,0,-15537,0,8160,8192,5864,518,-5926,-107,29,29
2046119892,-4158,7172,-1878,106,-144,-10,0,0,-7,-1,-16417,0,5504,592,-6220,-103,26,30
2046169892,-4130,7226,-1968,112,-187,-98,-18414,0,-15537,0,8160,8192,5888,886,-5948,-102,27,30
2046219892,-4224,7110,-1814,109,-170,5,8160,8192,4900,31222,645,8192,6084,812,-6064,-101,14,35
2046269892,-4140,7116,-1828,78,-198,-157,-16410,0,-15537,0,8160,8192,5816,288,-6058,-105,13,32
2046319892,-3684,7252,-2350,143,-294,-332,5544,8192,-7,-1,-16561,0,5804,1190,-6064,-101,35,29
2046369892,-3902,7608,-2286,178,-320,-309,8160,8192,23828,31224,645,8192,5746,1006,-6140,-104,46,32
2046419892,-3778,7006,-1844,112,-190,-160,-16403,0,-15537,0,8160,8192,5890,602,-6074,-100,64,31
2046469892,-2980,6562,-2156,196,-472,-628,8160,8192,-7244,31225,645,8192,6372,1448,-5928,-107,50,26
2046519892,-4014,6912,-2146,253,-339,-310,-16399,0,-15537,0,8160,8192,6462,1258,-5482,-105,30,19
2046569892,-3930,6930,-1962,147,-317,-282,8160,8192,27220,31227,645,8192,5398,1560,-6568,-100,29,25
2046619892,-4418,7282,-2282,81,-207,-132,0,0,-7,-1,-16394,0,5358,814,-6266,-100,14,24
2046669892,-4712,7508,-2160,120,-232,-212,8160,8192,-3852,31228,645,8192,4674,578,-7004,-107,49,8
2046719892,-3816,4570,-1898,336,-441,-422,0,0,-7,-1,-16390,0,10426,1264,-2998,-94,5,20
2046769892,-4368,6160,-2324,158,-361,-337,0,0,-7,-1,-16387,0,6932,688,-4704,-100,21,29
2046819892,-4460,6772,-2430,168,-347,-146,8160,8192,0,0,645,8192,6846,148,-4862,-98,26,29
2046869892,-4612,5968,-1372,92,-121,126,-18384,0,-15537,0,8160,8192,4778,-106,-7384,-109,8,17
2046919892,-4578,5892,-1028,45,-74,215,-17382,0,-15537,0,8160,8192,4864,1712,-7056,-111,37,29
2046969892,-4786,6970,-1898,81,-238,169,-17381,0,-15537,0,8160,8192,4522,194,-6322,-100,66,36
2047019892,-5424,6630,-1164,136,-69,-103,-17379,0,-15537,0,8160,8192,6410,162,-7050,-112,31,40
2047069892,-6336,6540,-1420,-14,64,409,8160,8192,2932,31235,645,8192,5510,-526,-6192,-103,60,32
2047119892,-5200,4428,-250,-40,-239,-6,0,0,-7,-1,-16375,0,5112,-982,-5820,-87,-11,46
2047169892,-5906,6274,-1158,77,-190,-142,-16373,0,-15537,0,8160,8192,5836,-1012,-5814,-98,42,20
2047219892,-5140,6474,-1336,16,-260,-26,0,0,-7,-1,-16371,0,6274,-470,-5958,-105,-13,29
2047269892,-6028,6012,-702,53,123,315,-16369,0,-15537,0,8160,8192,6118,-1538,-5834,-106,-10,31
2047319892,-5618,5744,-1078,-116,181,58,8160,8192,-9212,31238,645,8192,6402,-576,-5920,-102,-34,36
2047369892,-6152,5992,-442,163,124,470,-17364,0,-15537,0,8160,8192,5366,-1310,-6390,-107,7,27
2047419892,-6594,6030,-878,-34,16,124,-18362,0,-15537,0,8160,8192,5902,-1458,-6040,-105,2,33
2047469892,-6364,5710,-258,257,-139,-155,8160,8192,0,0,645,8192,5818,-1472,-6136,-104,68,24
2047519892,-6306,5736,-276,91,-33,241,-16357,0,-15537,0,8160,8192,6134,-2234,-5746,-110,68,39
2047569892,-7690,5168,702,-79,392,1030,8160,8192,0,0,645,8192,6030,-3842,-6180,-109,75,35
2047619892,-8172,4664,812,-108,509,907,-16353,0,-15537,0,8160,8192,6634,-4898,-6256,-107,85,42
2047669892,-8398,4306,1552,167,319,869,8160,8192,0,0,645,8192,5370,-3708,-5864,-117,47,24
2047719892,-7228,5614,1018,61,-56,129,-16349,0,-15537,0,8160,8192,4266,-3194,-7044,-73,12,42
2047769892,-6512,7110,-996,43,-28,-95,-16347,0,-15537,0,8160,8192,5476,-3172,-4946,-55,123,37
2047819892,-1686,3612,-584,32,-112,-252,-17346,0,-15537,0,8160,8192,1260,-1472,-5212,-108,90,54
2047869892,-3832,11902,-4162,199,-251,506,-16344,0,-15537,0,8160,8192,2032,4112,-7444,-164,75,26
2047919892,-3566,6846,-2430,267,-407,-1317,8160,8192,0,0,645,8192,702,5758,-9396,-122,13,54
2047969892,-4664,7464,-1318,205,67,1032,8160,8192,0,0,645,8192,7642,-1284,-6178,-116,25,48
2048019892,-1686,9016,-4546,-327,87,-75,-17339,0,-15537,0,8160,8192,4744,6748,-7420,-113,37,14
2048069892,-2810,9616,-3526,794,-619,-251,-16337,0,-15537,0,8160,8192,6550,2574,-7064,-116,-40,27
2048119892,-1542,8094,-2430,64,-52,468,-16336,0,-15537,0,8160,8192,7764,4332,-5426,-112,-50,13
2048169892,-1574,8730,-4298,96,-181,53,0,0,-7,-1,-16334,0,5562,4538,-6376,-127,-23,20
2048219892,-4266,7426,-1156,142,264,1248,-17333,0,-15537,0,8160,8192,6204,-398,-6072,-115,-12,21
2048269892,-5538,6974,-1768,97,358,1110,-16330,0,-15537,0,8160,8192,5750,532,-6012,-111,63,11
2048319892,-2858,7242,-2892,95,-397,-791,0,0,-7,-1,-16328,0,5602,2314,-5990,-127,56,31
2048369892,-3800,7680,-1560,252,-133,338,-18326,0,-15537,0,8160,8192,5856,132,-6170,-110,53,34
2048419892,-4506,6882,-2116,52,52,343,0,0,-7,-1,-17325,0,5572,486,-6084,-112,38,33
2048469892,-4244,7092,-1608,172,-135,-3,8160,8192,0,0,645,8192,5882,-124,-6490,-100,36,22
2048519892,-4082,7076,-1902,62,-154,0,0,0,-7,-1,-16320,0,5530,474,-6024,-108,35,29
2048569892,-4698,6926,-1576,137,-58,185,0,0,-7,-1,-16318,0,5792,-50,-5994,-104,29,27
2048619892,-4156,7056,-1618,90,-142,-60,-16316,0,-15537,0,8160,8192,5752,28,-6014,-113,51,31
2048669892,-4076,7162,-1870,102,-127,63,0,0,-7,-1,-16314,0,5934,506,-6006,-100,16,32
2048719892,-4522,7040,-1500,111,-105,100,8160,8192,14532,31260,645,8192,5972,-132,-5970,-105,16,29
2048769892,-4274,7094,-1748,84,-129,27,-16309,0,-15537,0,8160,8192,5784,242,-6110,-106,25,29
2048819892,-4508,6948,-1516,118,-108,85,-16307,0,-15537,0,8160,8192,5784,-230,-6052,-107,23,31
2048869892,-4400,7046,-1670,86,-100,109,-17305,0,-15537,0,8160,8192,5844,200,-5986,-112,24,31
2048919892,-4098,7076,-1708,112,-124,30,-18303,0,-15537,0,8160,8192,5708,182,-6050,-108,35,32
2048969892,-4212,7096,-1790,106,-106,85,0,0,-7,-1,-16301,0,5806,426,-5984,-107,38,30
2049019892,-4356,7036,-1612,119,-81,114,-16298,0,-15537,0,8160,8192,5632,148,-6098,-107,33,28
2049069892,-4346,7102,-1788,99,-104,51,8160,8192,-28684,31265,645,8192,5744,236,-6008,-105,43,32
2049119892,-4460,6964,-1450,130,-61,132,0,0,-7,-1,-16295,0,5738,-98,-6146,-105,41,33
2049169892,-4108,7034,-1780,69,-130,25,8160,8192,5780,31267,645,8192,5786,304,-5882,-105,18,34
2049219892,-4328,7038,-1740,121,-73,156,-18290,0,-15537,0,8160,8192,5728,290,-6162,-101,31,30
2049269892,-4050,7076,-1782,107,-105,44,0,0,-7,-1,-17288,0,5760,206,-6144,-104,47,29
2049319892,-4466,6996,-1576,146,-59,174,0,0,-7,-1,-16285,0,5746,22,-6184,-103,51,30
2049369892,-4184,7036,-1798,104,-106,41,-18282,0,-15537,0,8160,8192,5796,82,-5930,-104,43,32
2049419892,-4236,7038,-1904,110,-102,80,-16280,0,-15537,0,8160,8192,5844,168,-6166,-106,37,30
2049469892,-4422,7104,-1600,116,-66,161,0,0,-7,-1,-16277,0,5924,-120,-6020,-103,35,30
2049519892,-3982,7136,-1898,98,-139,-9,-16277,0,-15537,0,8160,8192,5668,392,-6108,-106,36,32
2049569892,-4316,7056,-1714,117,-78,142,-18275,0,-15537,0,8160,8192,5928,104,-5922,-108,34,33
2049619892,-4130,7108,-1868,100,-113,57,-16274,0,-15537,0,8160,8192,5940,298,-5976,-105,33,29
2049669892,-4922,6810,-1704,99,-149,-36,-16272,0,-15537,0,8160,8192,5584,70,-6164,-111,25,33
2049719892,-3608,7466,-1830,92,-178,-6,-16271,0,-15537,0,8160,8192,5980,436,-5914,-108,30,35
2049769892,-4060,7108,-1812,97,-170,-73,0,0,-7,-1,-16269,0,5664,598,-6090,-103,29,31
2049819892,-4070,7324,-1846,136,-210,-116,-16268,0,-15537,0,8160,8192,5922,264,-6124,-105,22,32
2049869892,-4044,7294,-2024,20,-89,12,-18266,0,-15537,0,8160,8192,5790,636,-6062,-100,25,29
2049919892,-4474,7056,-1720,137,-236,-234,0,0,-7,-1,-16264,0,5846,214,-6058,-105,25,33
2049969892,-3542,7330,-2178,123,-335,-390,8160,8192,0,0,645,8192,5880,1112,-6104,-100,13,34
2050019892,-3744,7392,-2088,100,-183,-34,8160,8192,3812,31280,645,8192,5916,982,-6026,-106,9,33
2050069892,-4854,6644,-1536,54,-1,-36,-16258,0,-15537,0,8160,8192,5776,618,-6400,-101,48,24
2050119892,-4260,8010,-2358,325,-581,-720,-18256,0,-15537,0,8160,8192,5888,1134,-5682,-100,46,23
2050169892,-4762,6776,-1778,131,-250,-392,8160,8192,22740,31282,645,8192,5322,420,-6354,-101,45,22
2050219892,-3894,6858,-2104,108,-317,-286,-18254,0,-15537,0,8160,8192,6302,616,-5510,-98,18,23
2050269892,-4090,7336,-2344,153,-315,-328,8160,8192,0,0,645,8192,6120,1906,-6046,-94,27,26
2050319892,-4318,6944,-1968,274,-449,-393,-16252,0,-15537,0,8160,8192,5560,880,-6342,-92,19,36
2050369892,-4834,7344,-2378,202,-343,-433,0,0,-7,-1,-16250,0,4682,2220,-7208,-102,67,17
2050419892,-4728,6732,-1954,197,-470,-416,-16248,0,-15537,0,8160,8192,4300,1676,-6644,-101,2,24
2050469892,-4590,6964,-2102,165,-372,-290,-17245,0,-15537,0,8160,8192,5556,688,-6876,-95,-4,28
2050519892,-4712,7440,-2250,114,-210,-40,-16244,0,-15537,0,8160,8192,4836,1796,-6154,-84,-6,28
2050569892,-4612,7264,-1598,140,-60,360,0,0,-7,-1,-17242,0,6292,1598,-5644,-121,41,26
2050619892,-5724,6960,-1888,3,-71,271,-16240,0,-15537,0,8160,8192,6324,-230,-6118,-100,-2,45
2050669892,-5140,7132,-2446,27,-231,130,-17239,0,-15537,0,8160,8192,4800,96,-5770,-111,28,31
2050719892,-4864,5772,-502,77,0,130,-16237,0,-15537,0,8160,8192,5070,-362,-8456,-103,7,28
2050769892,-6714,7158,-1872,-18,-100,216,8160,8192,0,0,645,8192,6038,-970,-6798,-96,-3,33
2050819892,-5588,5862,-698,80,-193,-136,-16233,0,-15537,0,8160,8192,7750,-350,-5156,-106,34,43
2050869892,-5956,6704,-1926,6,-519,-423,8160,8192,0,0,645,8192,1008,-1316,-8508,-107,24,31
2050919892,-5206,5490,-472,131,107,353,0,0,-7,-1,-16230,0,6648,-398,-5764,-101,2,35
2050969892,-7424,5524,598,55,562,669,-16228,0,-15537,0,8160,8192,5756,-2136,-6410,-130,13,20
2051019892,-6044,5668,-530,-250,349,361,-16226,0,-15537,0,8160,8192,6940,-776,-5186,-97,-6,29
2051069892,-7320,6478,-854,375,-119,73,-16223,0,-15537,0,8160,8192,6156,-1402,-5752,-110,38,21
2051119892,-5880,5780,-540,116,-109,-122,-16221,0,-15537,0,8160,8192,6140,-1382,-5678,-108,52,36
2051169892,-6616,5552,-278,102,-54,167,0,0,-7,-1,-16219,0,5540,-2272,-6144,-106,28,39
2051219892,-6714,5602,-114,62,15,435,-17216,0,-15537,0,8160,8192,5878,-2160,-6244,-104,35,27
2051269892,-7262,5770,-42,-55,223,662,-17213,0,-15537,0,8160,8192,6488,-2898,-5776,-100,25,32
2051319892,-8232,5908,2,-30,404,837,-16211,0,-15537,0,8160,8192,7152,-4278,-5496,-118,130,26
2051369892,-9284,4474,1266,124,600,1076,-18209,0,-15537,0,8160,8192,5504,-4588,-6554,-113,135,49
2051419892,-8940,4540,736,216,125,553,8160,8192,0,0,645,8192,7046,-6034,-4962,-90,132,49
2051469892,-4784,7660,-1640,-202,-297,-561,-16205,0,-15537,0,8160,8192,8026,576,-4814,-136,62,85
2051519892,-5796,12628,-1788,140,-378,-333,8160,8192,-3516,31302,645,8192,8010,576,-8718,-108,-51,24
2051569892,-720,8158,-3946,222,-590,-849,-16202,0,-15537,0,8160,8192,6934,5994,-7788,-55,36,58
2051619892,-4290,6620,-1292,510,-250,837,-16199,0,-15537,0,8160,8192,5102,-1414,-5434,-118,-68,57
2051669892,-4890,7478,-2586,-485,462,384,-16199,0,-15537,0,8160,8192,5698,2564,-6082,-107,41,31
2051719892,-4252,7756,-2122,430,-170,-221,0,0,-7,-1,-16197,0,6028,4052,-8006,-97,24,35
2051769892,-4202,7444,-2398,-85,202,644,8160,8192,-15660,31306,645,8192,3026,3062,-6768,-114,-32,9
2051819892,-1268,8310,-4088,194,-426,-270,-16192,0,-15537,0,8160,8192,9128,3602,-4234,-117,22,27
2051869892,332,9658,-5538,390,-733,-889,8160,8192,0,0,645,8192,5734,7662,-5670,-106,-71,8
2051919892,-3082,8024,-1616,557,-336,424,8160,8192,3268,31309,645,8192,6208,-244,-5962,-122,-10,16
2051969892,-8970,6062,-2096,-855,1672,2891,8160,8192,-12268,31309,645,8192,6824,-274,-5622,-125,-60,38
2052019892,-2514,7988,-3022,-7,-720,-1019,0,0,-7,-1,-16183,0,6222,2458,-6134,-130,8,21
2052069892,-3298,7488,-1692,412,-495,-760,8160,8192,22196,31311,645,8192,5838,-8,-5766,-115,91,23
2052119892,-4326,6854,-1590,-184,500,969,-16179,0,-15537,0,8160,8192,5572,388,-6132,-109,65,22
2052169892,-4154,7102,-1850,225,-335,-93,-18177,0,-15537,0,8160,8192,5906,524,-5888,-119,40,37
2052219892,-4262,7206,-1548,283,-287,-211,0,0,-7,-1,-16175,0,5684,-236,-6044,-103,58,25
2052269892,-4214,7142,-1772,-33,47,234,-16173,0,-15537,0,8160,8192,5982,552,-5760,-111,31,30
2052319892,-4908,6728,-1440,150,-87,180,8160,8192,10052,31315,645,8192,6040,-310,-5980,-111,31,36
2052369892,-4126,7158,-1726,128,-214,-159,-16170,0,-15537,0,8160,8192,5756,358,-6010,-99,19,26
2052419892,-4212,7158,-1830,94,-108,74,-18168,0,-15537,0,8160,8192,5940,142,-5888,-105,13,34
2052469892,-4546,6962,-1686,39,-69,154,-16165,0,-15537,0,8160,8192,5858,278,-6098,-107,16,34
2052519892,-4618,6950,-1416,171,-122,41,-16164,0,-15537,0,8160,8192,5858,-218,-5968,-101,51,29
2052569892,-4318,6930,-1720,74,-98,53,-16162,0,-15537,0,8160,8192,5816,208,-6042,-104,36,32
2052619892,-4592,7006,-1568,131,-88,144,-16160,0,-15537,0,8160,8192,5994,-60,-5772,-107,29,34
2052669892,-4124,7168,-1920,76,-123,10,8160,8192,0,0,645,8192,5676,638,-6116,-103,25,27
2052719892,-4362,7026,-1658,130,-88,176,0,0,-7,-1,-16157,0,5874,116,-6056,-100,21,33
2052769892,-4408,7110,-1664,75,-93,103,-16155,0,-15537,0,8160,8192,5874,72,-5896,-105,26,30
2052819892,-4438,6884,-1410,122,-74,158,0,0,-7,-1,-17153,0,5822,-154,-6114,-105,24,31
2052869892,-4352,7262,-1776,89,-101,52,8160,8192,-29772,31323,645,8192,5866,270,-6078,-108,39,31
2052919892,-4366,7040,-1832,142,-128,47,-16150,0,-15537,0,8160,8192,5814,238,-6124,-108,42,31
2052969892,-4472,7010,-1670,93,-51,123,8160,8192,4692,31325,645,8192,5832,76,-5900,-109,47,36
2053019892,-4252,7150,-1922,117,-133,-16,0,0,-7,-1,-17144,0,5860,268,-6034,-109,46,35
2053069892,-4178,6998,-1702,118,-109,43,8160,8192,0,0,645,8192,5732,244,-6036,-104,48,30
2053119892,-4288,6978,-1654,100,-99,97,0,0,-7,-1,-16140,0,5844,128,-6002,-109,37,37
2053169892,-4516,6926,-1682,86,-83,105,-16138,0,-15537,0,8160,8192,5754,-22,-6188,-105,26,29
2053219892,-4410,7064,-1658,104,-107,98,-18137,0,-15537,0,8160,8192,5746,4,-6160,-110,18,31
2053269892,-4154,7032,-1754,89,-142,2,8160,8192,-22988,31329,645,8192,5648,382,-6158,-108,26,30
2053319892,-4284,7080,-1626,101,-88,100,0,0,-7,-1,-16133,0,5622,134,-6050,-99,29,33
2053369892,-4350,7074,-1660,93,-101,72,0,0,-7,-1,-17130,0,5908,120,-5998,-106,31,33
2053419892,-4322,7190,-1844,94,-104,80,8160,8192,-4060,31331,645,8192,5808,246,-6096,-104,27,29
2053469892,-4030,7186,-1812,90,-128,-11,0,0,-7,-1,-16126,0,5582,210,-6202,-103,37,31
2053519892,-4106,7118,-1970,96,-134,23,0,0,-7,-1,-16124,0,5658,594,-6038,-110,35,38
2053569892,-4164,7176,-1806,125,-185,-57,-16122,0,-15537,0,8160,8192,6018,248,-5876,-107,15,33
2053619892,-3926,7176,-1912,65,-196,-143,0,0,-7,-1,-16120,0,5680,500,-6050,-106,16,34
2053669892,-4136,6852,-1950,101,-223,-208,-18119,0,-15537,0,8160,8192,5926,384,-5896,-107,18,32
2053719892,-3256,7276,-2206,163,-359,-361,-16116,0,-15537,0,8160,8192,5792,1060,-5872,-104,18,30
2053769892,-3998,7158,-2024,108,-186,-62,-16113,0,-15537,0,8160,8192,5604,928,-6214,-106,19,30
2053819892,-3858,7564,-2372,54,-150,60,8160,8192,2724,31338,645,8192,5910,822,-5958,-106,23,28
2053869892,-4106,6564,-2174,111,-368,-591,0,0,-7,-1,-16108,0,5834,1504,-6190,-102,6,23
2053919892,-3964,6880,-1612,302,-521,-629,-16106,0,-15537,0,8160,8192,5218,742,-6568,-107,32,28
2053969892,-4724,7674,-2120,129,-428,-704,8160,8192,21652,31340,645,8192,5424,1136,-5936,-98,32,32
2054019892,-4270,7646,-2310,282,-489,-490,-16101,0,-15537,0,8160,8192,5588,1588,-6142,-103,26,26
2054069892,-4590,7306,-2008,137,-284,-168,-18099,0,-15537,0,8160,8192,3318,1694,-7710,-95,52,27
2054119892,-4550,6942,-2006,135,-234,-307,-16097,0,-15537,0,8160,8192,5830,1806,-5410,-96,55,27
2054169892,-4488,6984,-1842,154,-232,-42,8160,8192,0,0,645,8192,6846,-168,-5518,-101,20,25
2054219892,-4212,6882,-2022,113,-168,86,-16093,0,-15537,0,8160,8192,4802,1446,-5462,-95,44,20
2054269892,-5040,7000,-1524,198,-119,271,-16091,0,-15537,0,8160,8192,5712,-456,-5236,-103,36,19
2054319892,-4570,6134,-1174,80,-164,58,-17088,0,-15537,0,8160,8192,6546,1332,-4242,-95,51,17
2054369892,-5330,6654,-1070,91,-26,206,0,0,-7,-1,-16085,0,4304,-166,-7564,-78,57,23
2054419892,-5426,6746,-1818,27,-242,15,-16084,0,-15537,0,8160,8192,7324,118,-5282,-84,-17,29
2054469892,-4438,6138,-966,-47,-151,146,-16082,0,-15537,0,8160,8192,8428,-1158,-4494,-92,-2,39
2054519892,-4990,6084,-1610,44,-346,-130,-16079,0,-15537,0,8160,8192,5110,-966,-5948,-105,-3,22
2054569892,-5700,6954,-1078,100,-119,2,-16079,0,-15537,0,8160,8192,4154,-440,-7064,-105,52,33
2054619892,-5314,5158,-338,24,-212,80,8160,8192,0,0,645,8192,5240,-542,-6694,-107,28,38
2054669892,-5366,6070,-1034,37,-190,60,0,0,-7,-1,-16075,0,5742,-688,-5834,-117,41,28
2054719892,-5626,5776,-1038,-11,244,283,-16073,0,-15537,0,8160,8192,6078,-1124,-6118,-101,16,31
2054769892,-6036,6094,-728,-1,183,266,-18071,0,-15537,0,8160,8192,6480,-1748,-5228,-99,22,31
2054819892,-6018,5854,-1042,-11,25,206,-16067,0,-15537,0,8160,8192,6566,-1184,-5358,-106,1,29
2054869892,-5966,5544,-172,293,-183,129,8160,8192,0,0,645,8192,6346,-1876,-5764,-108,8,24
2054919892,-5988,6244,-604,106,-91,2,-16062,0,-15537,0,8160,8192,6136,-1008,-5918,-108,48,33
2054969892,-5802,5854,-458,205,-232,-110,0,0,-7,-1,-16060,0,5722,-1634,-6040,-109,35,36
2055019892,-6876,5446,8,-36,233,847,-16057,0,-15537,0,8160,8192,5720,-3048,-6258,-109,34,36
2055069892,-7212,5212,446,-145,373,679,8160,8192,7540,31357,645,8192,6176,-4162,-5616,-106,53,26
2055119892,-9204,5414,1234,43,399,1128,8160,8192,0,0,645,8192,6634,-5028,-5544,-94,41,54
2055169892,-8982,5366,672,91,139,721,8160,8192,-23532,31358,645,8192,2460,-5814,-6740,-84,-15,39
2055219892,-5444,6426,310,-6,-186,-209,-16049,0,-15537,0,8160,8192,12152,-1140,-6308,-70,24,52
2055269892,-4414,7576,-1662,62,-102,-4,-16046,0,-15537,0,8160,8192,3674,-4150,-2396,-67,91,44
2055319892,-2616,7710,-3008,-179,-322,-514,-18043,0,-15537,0,8160,8192,6240,3794,-5034,-106,-1,47
2055369892,-6574,8474,-3732,550,-127,46,-17041,0,-15537,0,8160,8192,2282,-1342,-9302,-114,77,58
2055419892,-4186,7876,-1370,89,10,461,-16039,0,-15537,0,8160,8192,5786,3474,-7580,-106,39,32
2055469892,-2584,5982,-3162,225,-363,-696,-17036,0,-15537,0,8160,8192,5586,4214,-7030,-123,62,48
2055519892,-2604,7770,-2868,242,-194,38,-16034,0,-15537,0,8160,8192,4008,1836,-6736,-130,5,20
2055569892,-2900,9482,-3172,90,-21,203,-17032,0,-15537,0,8160,8192,8342,2294,-5048,-129,48,26
2055619892,-1404,8018,-2754,217,-136,183,0,0,-7,-1,-16029,0,6380,3900,-5012,-116,25,15
2055669892,-2040,7898,-3240,63,23,345,-18027,0,-15537,0,8160,8192,5722,3112,-5462,-110,4,19
2055719892,-4302,7318,-1450,-23,397,1428,0,0,-7,-1,-17026,0,6168,90,-5732,-117,-35,28
2055769892,-5708,6506,-1108,264,54,646,8160,8192,-13356,31367,645,8192,5512,-694,-6162,-115,65,28
2055819892,-1814,8144,-3370,0,-421,-897,0,0,-7,-1,-17021,0,5314,2742,-6042,-137,68,35
2055869892,-2930,7592,-2094,361,-332,68,0,0,-7,-1,-17019,0,5752,392,-5806,-105,8,24
2055919892,-4564,6674,-1956,108,295,943,-16019,0,-15537,0,8160,8192,5836,720,-5982,-96,14,15
2055969892,-4226,7358,-1384,88,-282,-316,-16018,0,-15537,0,8160,8192,5928,-128,-6262,-110,5,32
2056019892,-3970,7146,-1782,125,-81,168,-16015,0,-15537,0,8160,8192,5830,332,-6070,-109,48,31
2056069892,-4314,6952,-1726,134,-88,78,8160,8192,0,0,645,8192,5830,38,-6054,-106,65,30
2056119892,-4412,6880,-1580,116,-125,-21,8160,8192,8964,31373,645,8192,5678,-68,-5938,-112,54,31
2056169892,-3732,7314,-2124,68,-137,32,-17008,0,-15537,0,8160,8192,5684,746,-6154,-98,16,25
2056219892,-4686,7028,-1492,124,-48,235,0,0,-7,-1,-17007,0,5904,-168,-5962,-107,20,27
2056269892,-4144,7180,-1816,73,-143,-60,-16005,0,-15537,0,8160,8192,5624,204,-6136,-104,36,29
2056319892,-4344,6988,-1740,116,-81,119,0,0,-7,-1,-16003,0,5830,146,-5908,-105,38,30
2056369892,-4176,7038,-1676,92,-98,77,0,0,-7,-1,-16001,0,5716,144,-6066,-105,38,32
2056419892,-4142,7110,-1830,105,-134,12,-15999,0,-15537,0,8160,8192,5616,156,-6176,-112,31,33
2056469892,-4322,7202,-1714,96,-67,151,-16346,0,-15537,0,8160,8192,5746,114,-6050,-107,26,30
2056519892,-4092,6932,-1754,98,-134,3,-17995,0,-15537,0,8160,8192,5634,192,-6086,-101,32,28
2056569892,-4134,7122,-1778,92,-97,97,0,0,-7,-1,-15993,0,5834,224,-5940,-104,27,31
2056619892,-4232,7030,-1716,102,-93,101,-15990,0,-15537,0,8160,8192,5788,20,-6132,-105,30,30
2056669892,-4288,7078,-1704,99,-103,64,-17989,0,-15537,0,8160,8192,5784,74,-5870,-105,31,31
2056719892,-4120,7064,-1896,103,-89,98,8160,8192,19140,31382,645,8192,5740,322,-5976,-102,33,32
2056769892,-4172,7068,-1692,106,-88,94,-15986,0,-15537,0,8160,8192,5712,198,-6144,-100,34,28
2056819892,-4154,7176,-1774,98,-97,86,-15983,0,-15537,0,8160,8192,5748,116,-6192,-107,32,31
2056869892,-4262,7190,-1754,114,-83,125,8160,8192,0,0,645,8192,5790,192,-6096,-101,37,28
2056919892,-4226,7104,-1740,109,-95,81,-17979,0,-15537,0,8160,8192,5726,78,-6122,-105,35,30
2056969892,-4226,7200,-1794,101,-112,71,-15979,0,-15537,0,8160,8192,5798,80,-6052,-108,29,34
2057019892,-4214,7172,-1922,110,-93,112,0,0,-7,-1,-15976,0,5574,316,-6180,-107,32,30
2057069892,-4196,7038,-1732,102,-101,76,0,0,-7,-1,-16974,0,5974,162,-5912,-108,36,31
2057119892,-4134,7174,-1856,109,-105,78,0,0,-7,-1,-16971,0,5962,236,-5990,-110,37,35
2057169892,-3942,7162,-1904,105,-124,41,-15970,0,-15537,0,8160,8192,5740,372,-6016,-106,35,31
2057219892,-4076,7152,-1774,110,-96,104,-15968,0,-15537,0,8160,8192,5846,138,-6072,-106,29,29
2057269892,-4244,7064,-1802,97,-104,78,-15964,0,-15537,0,8160,8192,5736,34,-6102,-103,33,29
2057319892,-4238,7088,-1718,105,-89,90,-15961,0,-15537,0,8160,8192,5854,190,-6026,-100,34,27
2057369892,-3886,7114,-1932,91,-115,33,0,0,-7,-1,-15959,0,5934,506,-5944,-107,34,30
2057419892,-3754,7370,-2126,90,-143,-28,0,0,-7,-1,-15956,0,5704,694,-5994,-108,42,36
2057469892,-4304,7072,-1710,113,-93,106,-16954,0,-15537,0,8160,8192,5896,126,-5944,-105,37,35
2057519892,-3942,7130,-1866,72,-188,-166,-15952,0,-15537,0,8160,8192,5856,362,-6016,-106,38,37
2057569892,-4234,7040,-1716,87,-126,-16,-15949,0,-15537,0,8160,8192,5794,-76,-5996,-103,35,29
2057619892,-3674,7396,-2056,49,-197,-135,8160,8192,1636,31396,645,8192,5880,1098,-5866,-104,17,33
2057669892,-3678,7374,-2382,148,-355,-463,0,0,-7,-1,-15945,0,5680,1416,-6082,-103,21,32
2057719892,-3838,7510,-2274,171,-359,-414,0,0,-7,-1,-15942,0,5836,1228,-5790,-105,12,32
2057769892,-4214,7138,-2142,274,-687,-1056,0,0,-7,-1,-16940,0,5142,1070,-6288,-103,-3,27
2057819892,-5610,9056,-3412,322,-496,-615,-15937,0,-15537,0,8160,8192,5436,916,-6412,-100,17,25
2057869892,-4114,6886,-1886,-12,-84,2,-15931,0,-15537,0,8160,8192,5948,702,-6006,-97,18,26
2057919892,-4274,7166,-2252,59,-102,73,0,0,-7,-1,-16929,0,7074,1092,-5472,-98,45,29
2057969892,-4470,6838,-1682,102,-142,-88,-15928,0,-15537,0,8160,8192,5266,192,-6238,-92,49,38
2058019892,-4764,7010,-2206,215,-412,-536,-15926,0,-15537,0,8160,8192,5274,866,-6310,-104,69,16
2058069892,-4750,7096,-2050,290,-476,-439,0,0,-7,-1,-16924,0,4562,1922,-6268,-91,27,26
2058119892,-4894,7076,-2354,162,-397,-409,8160,8192,-22652,31403,645,8192,7738,906,-4940,-97,9,31
2058169892,-4198,6484,-1784,108,-155,37,0,0,-7,-1,-15920,0,7100,888,-4990,-88,25,26
2058219892,-6032,7386,-2396,88,-99,179,-17920,0,-15537,0,8160,8192,5906,248,-5256,-103,36,20
2058269892,-4466,6488,-1198,117,-205,30,-15919,0,-15537,0,8160,8192,8468,1322,-4148,-114,23,34
2058319892,-5356,6656,-1596,64,-97,163,8160,8192,0,0,645,8192,5634,-606,-6510,-92,15,44
2058369892,-4898,6430,-1802,48,-204,23,8160,8192,0,0,645,8192,4638,844,-6378,-124,24,25
2058419892,-4352,5332,-604,40,-107,122,-15910,0,-15537,0,8160,8192,4816,406,-7160,-122,-28,14
2058469892,-5394,6870,-1662,-6,-172,88,8160,8192,0,0,645,8192,6620,312,-5456,-116,25,23
2058519892,-6000,6944,-1134,63,-95,-60,-17908,0,-15537,0,8160,8192,4972,-1480,-6476,-101,30,54
2058569892,-5012,6030,-1200,20,-296,-174,-15907,0,-15537,0,8160,8192,7076,-830,-5772,-105,53,24
2058619892,-5802,6766,-898,68,-81,72,-17906,0,-15537,0,8160,8192,6440,-386,-6620,-111,2,37
2058669892,-5558,5376,-544,-14,103,214,8160,8192,3060,31412,645,8192,7336,-1298,-5054,-106,23,38
2058719892,-5986,5936,-1074,-132,407,357,8160,8192,-12476,31412,645,8192,5082,-660,-6828,-100,11,31
2058769892,-5898,5580,-474,88,156,337,-15899,0,-15537,0,8160,8192,5040,-1590,-6458,-112,59,18
2058819892,-5954,6112,-1012,64,-71,48,0,0,-7,-1,-16896,0,5860,-1090,-6172,-103,2,41
2058869892,-6138,6042,-596,179,-89,-1,-15892,0,-15537,0,8160,8192,6002,-1236,-5958,-106,49,31
2058919892,-5760,6234,-788,113,-191,-203,-17890,0,-15537,0,8160,8192,5608,-1254,-6180,-108,48,31
2058969892,-7086,5604,326,59,307,1094,-16886,0,-15537,0,8160,8192,6356,-3482,-5754,-106,76,33
2059019892,-8388,4758,916,-247,643,1210,-17883,0,-15537,0,8160,8192,5698,-4358,-6466,-104,78,33
2059069892,-9282,4266,1780,308,254,968,8160,8192,0,0,645,8192,5418,-6224,-6472,-128,39,23
2059119892,-8708,7538,770,14,-9,231,0,0,-7,-1,-15879,0,2488,-5838,-7764,-82,23,59
2059169892,-5322,5576,-542,-40,-17,9,-17877,0,-15537,0,8160,8192,3798,-626,-5262,-67,42,52
2059219892,-1202,8276,-4184,-189,-654,-1318,-15876,0,-15537,0,8160,8192,3824,3296,-6910,-127,51,-1
2059269892,-3834,6488,-1430,523,-156,675,8160,8192,13236,31421,645,8192,7210,2710,-6056,-73,-14,36
2059319892,-3436,7286,-2282,-256,388,737,-15871,0,-15537,0,8160,8192,5758,1924,-5332,-104,7,41
2059369892,-2200,7650,-3590,313,-579,-1244,-15867,0,-15537,0,8160,8192,7518,5928,-6278,-113,16,33
2059419892,-3900,8476,-2358,514,-309,209,0,0,-7,-1,-15867,0,4914,644,-6948,-91,37,33
2059469892,-3996,7534,-2758,-472,858,1531,8160,8192,16628,31424,645,8192,6868,2674,-5774,-120,65,29
2059519892,-1262,7640,-3888,333,-535,-697,8160,8192,0,0,645,8192,7158,6296,-5184,-113,22,28
2059569892,-936,8488,-3810,617,-622,-579,-15857,0,-15537,0,8160,8192,5122,3918,-6272,-120,84,23
2059619892,-2998,7534,-2228,-57,318,1009,-15854,0,-15537,0,8160,8192,6156,1058,-5646,-110,-19,13
2059669892,-6276,6366,-2062,-261,815,1983,0,0,-7,-1,-15852,0,6592,-768,-5712,-121,-51,32
2059719892,-2934,7736,-2706,-13,-413,-716,8160,8192,0,0,645,8192,5914,1482,-5990,-115,83,25
2059769892,-3068,7496,-2344,187,-142,-87,-16844,0,-15537,0,8160,8192,5362,1278,-5938,-117,63,17
2059819892,-4512,6900,-1550,120,171,675,-15842,0,-15537,0,8160,8192,6538,-90,-5752,-122,23,38
2059869892,-4260,7028,-1824,99,-181,-3,-15840,0,-15537,0,8160,8192,5782,380,-5928,-116,31,33
2059919892,-3766,7178,-2046,124,-130,-52,-15839,0,-15537,0,8160,8192,5832,370,-6138,-112,67,34
2059969892,-4378,7072,-1664,126,-29,261,0,0,-7,-1,-16837,0,5832,-146,-6102,-107,42,26
2060019892,-4242,6964,-1664,128,-173,-71,-16833,0,-15537,0,8160,8192,5818,-224,-5918,-107,48,27
2060069892,-3976,7128,-1798,89,-111,93,8160,8192,26804,31433,645,8192,5724,526,-6108,-109,16,29
2060119892,-3954,7176,-1886,59,-168,10,-15827,0,-15537,0,8160,8192,5798,210,-6198,-106,-6,30
2060169892,-4332,6922,-1816,96,-80,130,-15825,0,-15537,0,8160,8192,5638,178,-6050,-107,18,33
2060219892,-4202,6990,-1630,96,-138,12,-16823,0,-15537,0,8160,8192,5644,2,-6162,-109,27,33
2060269892,-4254,7032,-1642,95,-119,54,0,0,-7,-1,-16821,0,5820,80,-5986,-112,26,33
2060319892,-4346,7028,-1698,103,-79,135,0,0,-7,-1,-15819,0,5844,64,-6028,-108,26,34
2060369892,-4234,7214,-1622,95,-129,11,-17817,0,-15537,0,8160,8192,5824,94,-5948,-112,33,34
2060419892,-4134,7128,-1776,108,-89,87,-17815,0,-15537,0,8160,8192,5726,244,-5982,-108,36,31
2060469892,-3976,7144,-1852,107,-125,29,0,0,-7,-1,-15814,0,5772,222,-6140,-107,36,32
2060519892,-4146,7076,-1860,105,-97,99,0,0,-7,-1,-15812,0,5804,154,-5954,-108,34,31
2060569892,-4196,7076,-1698,114,-110,63,0,0,-7,-1,-15810,0,5604,80,-6180,-111,33,33
2060619892,-4120,7134,-1768,103,-108,42,-15807,0,-15537,0,8160,8192,5760,154,-6046,-106,41,32
2060669892,-4212,7066,-1690,115,-81,100,-15805,0,-15537,0,8160,8192,5772,80,-6002,-103,41,28
2060719892,-3984,7038,-1902,106,-113,39,-15802,0,-15537,0,8160,8192,5772,250,-5978,-104,42,31
2060769892,-4230,7010,-1718,116,-88,104,-16800,0,-15537,0,8160,8192,5648,-4,-6132,-105,37,32
2060819892,-4132,7144,-1736,97,-105,75,-15798,0,-15537,0,8160,8192,5560,232,-6194,-103,30,27
2060869892,-4292,7048,-1818,108,-87,120,8160,8192,-25164,31445,645,8192,5728,24,-6184,-106,25,30
2060919892,-4048,7294,-1784,80,-116,58,0,0,-7,-1,-16794,0,5822,250,-6006,-104,21,30
2060969892,-4170,7214,-1812,103,-98,88,0,0,-7,-1,-15791,0,6126,262,-5888,-104,28,29
2061019892,-3982,7220,-1882,101,-120,43,-17789,0,-15537,0,8160,8192,5908,308,-6026,-111,33,33
2061069892,-4204,7170,-1796,115,-104,78,8160,8192,-21772,31448,645,8192,5656,126,-6140,-105,38,30
2061119892,-3958,7130,-1924,100,-126,6,-15786,0,-15537,0,8160,8192,5896,364,-5986,-106,45,34
2061169892,-4204,7134,-1722,117,-105,82,-16781,0,-15537,0,8160,8192,5742,104,-5916,-109,35,34
2061219892,-4050,7136,-1746,96,-127,3,8160,8192,0,0,645,8192,5800,262,-6028,-106,40,30
2061269892,-3920,7214,-2048,86,-137,-9,8160,8192,-18380,31451,645,8192,5794,554,-5992,-108,30,31
2061319892,-4188,7206,-1806,80,-111,99,8160,8192,31620,31452,645,8192,5994,174,-5952,-104,1,31
2061369892,-3724,7368,-2166,29,-197,-117,-16770,0,-15537,0,8160,8192,5816,996,-5980,-106,-2,32
2061419892,-3664,7368,-1998,86,-140,28,0,0,-7,-1,-15768,0,5718,312,-6058,-101,26,31
2061469892,-3904,7254,-1988,79,-163,-95,0,0,-7,-1,-16766,0,5860,856,-5944,-107,57,30
2061519892,-3756,7340,-2122,188,-319,-426,0,0,-7,-1,-15765,0,5526,580,-6216,-106,70,32
2061569892,-3614,7026,-2120,144,-260,-246,8160,8192,0,0,645,8192,5908,1038,-5742,-109,51,31
2061619892,-3618,6516,-1824,124,-424,-631,-15761,0,-15537,0,8160,8192,6138,506,-5810,-106,37,33
2061669892,-3912,7022,-1828,347,-595,-703,8160,8192,-11596,31457,645,8192,6010,742,-5886,-100,29,32
2061719892,-4296,6938,-1840,135,-170,-58,-15755,0,-15537,0,8160,8192,4980,764,-6666,-102,43,27
2061769892,-3984,7474,-2230,22,-170,-83,0,0,-7,-1,-16753,0,5528,1038,-6194,-99,1,29
2061819892,-4230,6998,-2044,117,-219,-107,-15750,0,-15537,0,8160,8192,5590,1006,-6144,-104,26,31
2061869892,-4488,6946,-1884,131,-258,-241,8160,8192,-8204,31460,645,8192,5614,920,-6192,-105,33,29
2061919892,-3912,6554,-1636,153,-296,-243,8160,8192,0,0,645,8192,5716,118,-5806,-100,37,35
2061969892,-4396,6672,-1746,239,-401,-347,-15741,0,-15537,0,8160,8192,5194,402,-6754,-109,59,24
2062019892,-4428,5998,-1230,126,-216,-38,-17739,0,-15537,0,8160,8192,5538,-1736,-5910,-111,15,34
2062069892,-4918,6204,-1478,85,-108,118,0,0,-7,-1,-16738,0,5786,-814,-6484,-105,35,33
2062119892,-4878,6710,-1388,105,-172,27,0,0,-7,-1,-16736,0,5930,428,-6110,-111,10,35
2062169892,-5264,6992,-1838,199,-303,-262,8160,8192,0,0,645,8192,6316,-586,-5822,-102,17,33
2062219892,-4528,7226,-2000,166,-422,-361,-16730,0,-15537,0,8160,8192,6464,946,-5530,-110,24,22
2062269892,-5304,8192,-3050,201,-471,-289,-15727,0,-15537,0,8160,8192,7282,1598,-5222,-111,-1,12
2062319892,-4262,6934,-2092,116,-204,82,-16724,0,-15537,0,8160,8192,6140,1456,-6120,-101,31,19
2062369892,-4948,6824,-1542,3,-42,311,-15722,0,-15537,0,8160,8192,3942,1376,-6726,-96,29,47
2062419892,-4626,6608,-2078,45,-183,67,-15720,0,-15537,0,8160,8192,6260,2824,-5356,-111,33,34
2062469892,-4750,6230,-1598,42,-63,160,-15718,0,-15537,0,8160,8192,8566,352,-4654,-108,-23,15
2062519892,-4776,5832,-512,-10,5,251,-15714,0,-15537,0,8160,8192,6526,-278,-6108,-115,37,14
2062569892,-4698,5862,-756,7,-285,-186,8160,8192,-29100,31471,645,8192,4888,-50,-7194,-92,28,42
2062619892,-5796,6734,-1092,79,-85,-191,8160,8192,0,0,645,8192,5116,-1556,-5824,-113,65,21
2062669892,-5270,5516,-526,-78,-91,104,0,0,-7,-1,-16706,0,5958,-1792,-6182,-109,10,30
2062719892,-6308,6350,-1068,-24,227,306,8160,8192,-10172,31473,645,8192,6202,-380,-5924,-92,-31,31
2062769892,-6490,5782,158,86,453,375,8160,8192,0,0,645,8192,6992,-1902,-5644,-121,-39,25
2062819892,-6148,5334,-460,-123,249,262,-15697,0,-15537,0,8160,8192,6060,-1064,-6242,-88,-17,35
2062869892,-6218,6016,-928,110,-78,168,-16695,0,-15537,0,8160,8192,5682,-1068,-6166,-104,-7,29
2062919892,-5524,6040,-946,71,-138,-157,-16693,0,-15537,0,8160,8192,5974,-1348,-5878,-108,44,22
2062969892,-6026,5866,-1024,47,-67,-48,0,0,-7,-1,-16690,0,5578,-1004,-6286,-110,56,34
2063019892,-6522,5692,-106,100,118,621,8160,8192,27684,31478,645,8192,5984,-2788,-6036,-100,83,38
2063069892,-6948,5110,236,-247,454,768,-15684,0,-15537,0,8160,8192,6912,-2902,-5672,-105,78,22
2063119892,-9640,5754,1458,56,553,1308,-15682,0,-15537,0,8160,8192,5036,-5690,-6782,-98,120,43
2063169892,-7884,3508,1712,59,270,671,-15680,0,-15537,0,8160,8192,6582,-4710,-5812,-101,27,34
2063219892,-7362,7404,502,70,-109,-140,8160,8192,31076,31481,645,8192,3374,-3072,-7366,-69,94,38
2063269892,-2510,6410,-2372,-188,-286,-329,-17675,0,-15537,0,8160,8192,8808,2014,-7054,-85,2,105
2063319892,-2016,6390,-2442,60,-253,-723,0,0,-7,-1,-15673,0,4402,2450,-6914,-117,40,43
2063369892,-3686,5536,-724,436,17,945,0,0,-7,-1,-15671,0,5562,-1210,-6696,-101,56,45
2063419892,-4326,8406,-2790,-57,-178,-19,0,0,-7,-1,-15669,0,5374,1642,-6032,-124,-9,58
2063469892,-3680,9010,-3544,462,-319,-878,-15666,0,-15537,0,8160,8192,2772,3132,-6038,-106,64,37
2063519892,-2928,7206,-1870,280,-68,433,-17663,0,-15537,0,8160,8192,5814,520,-5822,-127,51,19
2063569892,-3700,7400,-3794,-91,151,457,-15660,0,-15537,0,8160,8192,10162,3204,-4288,-115,-30,13
2063619892,-1828,9958,-5682,345,-541,-485,8160,8192,-27676,31487,645,8192,6746,6468,-5288,-127,-38,18
2063669892,-1954,8426,-2956,373,-339,43,0,0,-7,-1,-16657,0,5684,1286,-5994,-106,-9,11
2063719892,-4948,6426,-1058,-490,1254,3020,8160,8192,6788,31489,645,8192,5162,-828,-6350,-117,-70,25
2063769892,-2898,8162,-2752,-8,-554,-728,0,0,-7,-1,-15653,0,5916,1960,-6632,-124,23,35
2063819892,-2718,7736,-2222,378,-384,-575,-15650,0,-15537,0,8160,8192,5398,1362,-6084,-121,87,23
2063869892,-4058,7516,-1652,-27,372,1062,-15649,0,-15537,0,8160,8192,6148,302,-6002,-102,43,19
2063919892,-3710,7166,-1940,148,-239,-69,-15645,0,-15537,0,8160,8192,5350,874,-5902,-114,52,28
2063969892,-3576,7624,-1824,188,-316,-404,-15642,0,-15537,0,8160,8192,5530,344,-6210,-106,46,27
2064019892,-3528,5338,-1672,-53,145,472,-16599,0,-15537,0,8160,8192,5878,254,-5988,-108,48,28
2064069892,-4616,6920,-1610,100,-146,-8,-15634,0,-15537,0,8160,8192,5896,-296,-6052,-100,48,27
2064119892,-4226,7068,-1714,86,-109,51,-15632,0,-15537,0,8160,8192,5812,256,-6006,-107,21,28
2064169892,-3972,7222,-1874,113,-125,66,0,0,-7,-1,-15629,0,5794,404,-5982,-104,8,27
2064219892,-4396,7096,-1532,103,-115,102,8160,8192,-17500,31496,645,8192,5840,22,-5974,-106,13,31
2064269892,-4080,7128,-1822,86,-138,-6,0,0,-7,-1,-16626,0,5938,130,-5964,-106,23,33
2064319892,-4390,7104,-1562,105,-106,74,-15625,0,-15537,0,8160,8192,5866,-10,-6088,-107,30,30
2064369892,-4268,7108,-1802,90,-110,71,-15621,0,-15537,0,8160,8192,5866,110,-6086,-105,30,31
2064419892,-4228,7090,-1716,96,-129,15,0,0,-7,-1,-15619,0,5838,76,-5916,-112,28,30
2064469892,-4190,7178,-1714,100,-114,71,8160,8192,0,0,645,8192,5700,218,-6136,-109,27,35
2064519892,-4206,7044,-1728,101,-113,65,0,0,-7,-1,-15614,0,5904,104,-5934,-106,24,33
2064569892,-4296,7054,-1796,103,-104,78,-15612,0,-15537,0,8160,8192,5822,132,-5970,-111,32,37
2064619892,-4218,6966,-1678,111,-94,68,0,0,-7,-1,-16610,0,5730,34,-6080,-107,42,32
2064669892,-4112,7110,-1802,121,-103,68,0,0,-7,-1,-15607,0,5854,332,-6052,-110,46,36
2064719892,-4224,7170,-1640,119,-98,69,8160,8192,0,0,645,8192,5860,80,-5972,-108,42,35
2064769892,-4146,7106,-1814,101,-104,75,-15602,0,-15537,0,8160,8192,5722,356,-6088,-107,27,30
2064819892,-4196,7216,-1744,111,-102,91,0,0,-7,-1,-15600,0,5806,248,-5910,-104,27,28
2064869892,-4254,7062,-1696,89,-95,97,0,0,-7,-1,-15598,0,5830,36,-5998,-102,24,29
2064919892,-4154,7084,-1790,93,-96,89,-15595,0,-15537,0,8160,8192,5824,324,-5974,-106,23,28
2064969892,-4158,7168,-1718,97,-100,87,-15593,0,-15537,0,8160,8192,5838,116,-5950,-105,23,32
2065019892,-4142,7208,-1884,91,-104,68,8160,8192,0,0,645,8192,5732,194,-6040,-100,33,26
2065069892,-4286,7122,-1566,114,-101,69,8160,8192,-19468,31509,645,8192,5910,20,-5980,-107,41,32
2065119892,-4166,7048,-1820,102,-123,19,-15583,0,-15537,0,8160,8192,5970,2,-5888,-110,47,32
2065169892,-4386,7076,-1560,130,-94,89,-15580,0,-15537,0,8160,8192,5800,-98,-6040,-106,45,32
2065219892,-4090,7068,-1796,113,-115,44,-15577,0,-15537,0,8160,8192,5872,364,-5916,-112,49,39
2065269892,-4108,7076,-1810,106,-87,99,-15575,0,-15537,0,8160,8192,5734,372,-6036,-102,30,27
2065319892,-4312,7056,-1676,92,-74,135,8160,8192,-31612,31513,645,8192,5700,-84,-6080,-103,16,26
2065369892,-3812,7414,-1998,66,-164,-22,0,0,-7,-1,-15570,0,5948,752,-5940,-108,6,32
2065419892,-3778,7300,-2024,83,-121,49,8160,8192,2852,31515,645,8192,5874,700,-6036,-106,16,31
2065469892,-3824,7294,-1982,92,-173,-53,-16567,0,-15537,0,8160,8192,5756,700,-6062,-109,29,38
2065519892,-4226,7072,-1742,88,-135,-101,0,0,-7,-1,-15566,0,5742,460,-6038,-105,45,29
2065569892,-3594,7248,-2046,165,-370,-450,0,0,-7,-1,-16565,0,5648,758,-6042,-102,19,32
2065619892,-3430,7380,-1950,139,-267,-214,0,0,-7,-1,-15562,0,5804,1098,-6180,-99,20,29
2065669892,-4586,6892,-2110,78,-267,-399,-15559,0,-15537,0,8160,8192,5758,516,-5980,-108,27,32
2065719892,-3792,7276,-1968,305,-563,-648,0,0,-7,-1,-15557,0,5654,354,-6224,-101,28,22
2065769892,-5824,9220,-3076,87,-186,-193,0,0,-7,-1,-15555,0,5918,596,-5730,-107,16,29
2065819892,-4420,7214,-1780,59,-224,-138,-17554,0,-15537,0,8160,8192,5350,1806,-6218,-96,3,35
2065869892,-4068,6372,-1500,93,-183,-81,-15552,0,-15537,0,8160,8192,6154,568,-5740,-108,25,27
2065919892,-4204,6900,-2038,215,-413,-489,-15549,0,-15537,0,8160,8192,5044,896,-6352,-102,41,23
2065969892,-4806,7178,-2260,196,-364,-366,8160,8192,28564,31523,645,8192,4000,-90,-7480,-101,39,29
2066019892,-3900,7156,-2302,230,-482,-615,-17545,0,-15537,0,8160,8192,5746,1726,-6344,-102,56,30
2066069892,-4184,6764,-1750,234,-418,-285,0,0,-7,-1,-15544,0,5382,-300,-5188,-96,23,18
2066119892,-4842,6930,-1878,61,-155,-31,-15541,0,-15537,0,8160,8192,4468,-574,-6606,-96,5,23
2066169894,-4590,6184,-1500,43,-50,199,8160,8192,31956,31526,645,8192,6174,500,-5776,-82,3,14
2066219892,-4154,5488,-1130,67,-74,158,0,0,-7,-1,-17535,0,6262,1308,-6610,-109,28,5
2066269892,-5536,7420,-2170,130,-211,-52,8160,8192,0,0,645,8192,5326,322,-5792,-106,65,7
2066319892,-4630,6444,-1652,49,-129,269,-16530,0,-15537,0,8160,8192,6440,838,-5628,-102,38,32
2066369892,-4926,6412,-1442,61,-156,-117,0,0,-7,-1,-17528,0,5978,-262,-6738,-104,27,44
2066419892,-5710,5938,-1574,60,-80,-8,8160,8192,0,0,645,8192,6400,846,-4756,-89,44,45
2066469892,-4744,5220,-636,-2,-83,52,0,0,-7,-1,-17523,0,5844,-448,-6340,-99,32,50
2066519892,-5104,6004,-1352,19,-256,-188,-16520,0,-15537,0,8160,8192,5232,-700,-6104,-110,61,29
2066569892,-5628,6418,-1580,68,-389,-426,8160,8192,-26796,31532,645,8192,5686,-144,-6230,-117,32,32
2066619892,-4972,5370,-482,131,49,138,-16130,0,-15537,0,8160,8192,5820,-680,-5968,-102,1,38
2066669892,-5508,5478,-800,-117,234,729,0,0,-7,-1,-16513,0,5258,-1116,-6118,-93,-15,45
2066719892,-7106,6268,-512,-16,441,345,-16510,0,-15537,0,8160,8192,4514,-1818,-7298,-107,33,15
2066769892,-5392,5196,-120,226,-135,-9,-16510,0,-15537,0,8160,8192,5880,-762,-6008,-107,17,36
2066819892,-6480,5718,-348,122,-29,157,-18508,0,-15537,0,8160,8192,6156,-1624,-5804,-106,9,25
2066869892,-5996,6042,-852,81,-266,-326,8160,8192,11060,31537,645,8192,5916,-1084,-6022,-103,12,26
2066919892,-5806,5954,-422,144,-132,160,0,0,-7,-1,-17505,0,5936,-1494,-5930,-106,50,29
2066969892,-6824,5636,-184,-20,186,679,8160,8192,-20012,31538,645,8192,5872,-2320,-6174,-105,36,37
2067019892,-7310,5234,474,106,195,563,-16499,0,-15537,0,8160,8192,6556,-3552,-5238,-107,63,42
2067069892,-7818,4658,1156,18,369,902,-16496,0,-15537,0,8160,8192,5994,-5620,-5622,-110,52,25
2067119892,-7662,4322,2082,-256,689,1351,-18495,0,-15537,0,8160,8192,6694,-4900,-5344,-130,89,20
2067169892,-7636,4212,1124,67,151,453,0,0,-7,-1,-16492,0,7982,-2908,-4394,-97,42,38
2067219892,-5834,9108,-1570,-200,-196,-459,0,0,-7,-1,-17492,0,3624,1474,-8430,-108,72,56
2067269892,-2778,5916,-1536,45,-20,40,-16489,0,-15537,0,8160,8192,2512,-832,-7226,-55,112,65
2067319892,-2746,6560,-2636,104,-73,107,0,0,-7,-1,-17487,0,6952,1514,-4284,-119,-9,15
2067369892,-7448,8920,-3312,324,-388,-436,8160,8192,-13228,31544,645,8192,2952,-210,-8434,-116,60,59
2067419892,-3144,6872,-1262,5,146,739,8160,8192,-28764,31545,645,8192,5898,-406,-5786,-94,24,24
2067469892,1204,4458,-724,65,-357,-709,0,0,-7,-1,-16481,0,8546,2622,-3776,-115,28,31
2067519892,-3534,7716,-2272,207,-23,432,0,0,-7,-1,-17479,0,6998,1614,-5664,-126,-2,15
2067569892,-854,7166,-3396,104,-132,-87,-18478,0,-15537,0,8160,8192,3544,3604,-7000,-108,49,-4
2067619892,-626,9464,-4816,428,-589,-541,-16476,0,-15537,0,8160,8192,5380,6132,-5966,-120,-7,21
2067669892,-2778,8182,-2754,249,-161,139,-16474,0,-15537,0,8160,8192,5690,1740,-6106,-112,-1,9
2067719892,-5196,6876,-1098,-445,1345,2852,-16472,0,-15537,0,8160,8192,6506,336,-5722,-124,36,35
2067769892,-3690,7812,-2234,125,-493,-603,8160,8192,0,0,645,8192,5664,1478,-6088,-124,68,31
2067819892,-3006,7758,-2122,359,-392,-558,-17468,0,-15537,0,8160,8192,5814,902,-5998,-117,42,26
2067869892,-4416,7380,-1518,-135,399,1113,0,0,-7,-1,-17466,0,5776,118,-6314,-99,0,18
2067919892,-4150,7108,-1836,64,-258,-113,-16463,0,-15537,0,8160,8192,5662,272,-6004,-107,-4,26
2067969892,-3754,7484,-1848,148,-195,-161,-16461,0,-15537,0,8160,8192,6102,384,-5716,-114,47,35
2068019892,-4228,6906,-1634,63,50,282,0,0,-7,-1,-16458,0,5814,84,-5976,-111,54,38
2068069892,-4670,6882,-1528,120,-169,-33,-18456,0,-15537,0,8160,8192,5610,-460,-6138,-111,35,33
2068119892,-4016,6978,-1770,59,-106,51,0,0,-7,-1,-17454,0,5744,324,-5922,-98,16,24
2068169892,-4062,7340,-1804,98,-114,92,-18452,0,-15537,0,8160,8192,5838,450,-6036,-101,18,28
2068219892,-4128,7122,-1696,104,-101,43,-17449,0,-15537,0,8160,8192,5766,226,-5916,-108,34,31
2068269892,-4388,7040,-1620,102,-95,58,0,0,-7,-1,-16447,0,5760,-102,-5980,-99,40,31
2068319892,-4330,6934,-1626,94,-95,73,0,0,-7,-1,-17444,0,5582,30,-6148,-107,41,33
2068369892,-4168,7146,-1728,107,-106,54,-16442,0,-15537,0,8160,8192,5914,120,-6046,-107,42,31
2068419892,-4318,7202,-1616,103,-74,127,0,0,-7,-1,-16441,0,5868,68,-6040,-102,32,28
2068469892,-4448,7054,-1614,112,-78,115,8160,8192,-27340,31561,645,8192,5694,-222,-6152,-100,32,30
2068519892,-3856,7310,-1904,80,-142,-16,0,0,-7,-1,-16438,0,5690,598,-5978,-109,23,33
2068569892,-4240,7088,-1786,124,-46,212,-17436,0,-15537,0,8160,8192,5786,126,-6180,-102,30,28
2068619892,-4026,7296,-1928,90,-135,4,0,0,-7,-1,-17433,0,5866,312,-5940,-107,45,34
2068669892,-4272,7094,-1744,136,-65,124,-18430,0,-15537,0,8160,8192,5854,140,-5956,-107,53,29
2068719892,-4152,7070,-1712,113,-96,59,-17429,0,-15537,0,8160,8192,5654,60,-6246,-112,48,38
2068769892,-4140,7146,-1778,110,-122,43,8160,8192,10516,31566,645,8192,5922,130,-6032,-109,37,36
2068819892,-4204,7152,-1706,110,-85,107,-18424,0,-15537,0,8160,8192,5816,26,-6136,-106,37,29
2068869892,-4130,7148,-1830,110,-127,23,-16421,0,-15537,0,8160,8192,5632,70,-6152,-109,38,33
2068919892,-4070,7200,-1772,112,-109,67,-16420,0,-15537,0,8160,8192,5650,244,-6082,-109,37,33
2068969892,-4162,7116,-1696,118,-91,78,-16418,0,-15537,0,8160,8192,5740,176,-6054,-103,44,29
2069019892,-3960,7132,-1802,110,-119,35,0,0,-7,-1,-17416,0,5844,386,-6036,-106,41,34
2069069892,-4112,7082,-1794,111,-88,103,-16415,0,-15537,0,8160,8192,5874,174,-5916,-103,35,31
2069119892,-4338,7076,-1636,102,-88,113,0,0,-7,-1,-17412,0,5644,-134,-6104,-103,32,31
2069169892,-4148,7100,-1806,97,-121,52,-18410,0,-15537,0,8160,8192,5902,104,-5952,-111,27,38
2069219892,-4346,6982,-1618,134,-77,171,0,0,-7,-1,-17408,0,5848,-80,-6016,-104,40,31
2069269892,-3956,7304,-1848,83,-138,9,8160,8192,-13772,31573,645,8192,5730,258,-6054,-112,20,35
2069319892,-3892,7226,-1980,96,-98,94,-16403,0,-15537,0,8160,8192,5774,392,-6086,-106,26,34
2069369892,-3774,7270,-1932,91,-131,32,8160,8192,20692,31575,645,8192,5740,428,-6066,-108,22,33
2069419892,-3684,7258,-2074,81,-139,5,8160,8192,0,0,645,8192,5740,838,-6010,-109,21,34
2069469892,-3598,7392,-2134,71,-166,-51,8160,8192,0,0,645,8192,5914,902,-5852,-103,16,29
2069519892,-3836,7146,-2022,68,-151,-33,8160,8192,0,0,645,8192,5696,400,-6152,-100,25,30
2069569892,-3752,7078,-2006,23,-172,-88,-18393,0,-15537,0,8160,8192,5764,632,-6148,-105,10,32
2069619892,-3484,7270,-2092,156,-391,-513,-18391,0,-15537,0,8160,8192,6082,1022,-5684,-103,23,32
2069669892,-3992,7518,-1698,178,-298,-376,-18390,0,-15537,0,8160,8192,5982,854,-5938,-105,57,33
2069719892,-4086,7444,-2272,331,-762,-1169,0,0,-7,-1,-16389,0,5452,1198,-5964,-105,28,28
2069769892,-6448,9838,-3514,396,-594,-752,-18387,0,-15537,0,8160,8192,4818,904,-6634,-97,21,20
2069819892,-4376,7766,-2700,-90,-71,-47,-16385,0,-15537,0,8160,8192,5524,1240,-6140,-95,-10,22
2069869892,-3796,7392,-2344,115,-251,-61,-16384,0,-15537,0,8160,8192,4478,1040,-7172,-101,9,25
2069919892,-4698,7316,-2222,52,-153,-11,-16382,0,-15537,0,8160,8192,6502,1086,-5580,-86,10,28
2069969892,-4314,7366,-2360,232,-396,-521,8160,8192,30868,31584,645,8192,6870,836,-4838,-96,72,19
2070019892,-4040,6256,-1940,211,-473,-305,-18377,0,-15537,0,8160,8192,5540,1172,-6094,-97,0,19
2070069892,-4188,5838,-1284,162,-269,-172,-16374,0,-15537,0,8160,8192,6084,960,-6030,-112,46,24
2070119892,-4636,7380,-2482,130,-277,-141,8160,8192,-15740,31586,645,8192,5398,888,-6970,-113,42,21
2070169892,-4990,7164,-2408,187,-299,39,-18370,0,-15537,0,8160,8192,3554,1596,-8010,-110,60,31
2070219892,-5948,7758,-2108,63,-65,175,-16367,0,-15537,0,8160,8192,7486,486,-5600,-93,35,55
2070269892,-4472,6580,-2028,18,-287,2,-16366,0,-15537,0,8160,8192,6646,2282,-5178,-108,7,38
2070319892,-3488,4668,-216,27,-61,165,-16364,0,-15537,0,8160,8192,6006,596,-4812,-83,19,49
2070369892,-6622,7308,-2164,44,-171,11,-16362,0,-15537,0,8160,8192,6932,-680,-5290,-90,29,50
2070419892,-5186,5920,-1422,-16,-312,-146,0,0,-7,-1,-17359,0,6052,-2242,-5614,-111,42,24
2070469892,-4172,5848,-606,130,-404,-341,-17356,0,-15537,0,8160,8192,5540,-342,-7858,-128,43,29
2070519892,-6436,6244,-728,31,439,51,-16354,0,-15537,0,8160,8192,5740,-1912,-5710,-138,16,8
2070569892,-5586,5396,-496,-194,282,610,-16351,0,-15537,0,8160,8192,7168,-838,-5910,-110,-34,16
2070619892,-7524,5888,-982,138,301,471,-16349,0,-15537,0,8160,8192,5428,-2356,-5912,-97,72,26
2070669892,-6084,6246,-668,245,-333,-403,-16346,0,-15537,0,8160,8192,6348,-1490,-5208,-116,4,23
2070719892,-6540,5312,-278,130,-34,44,0,0,-7,-1,-17344,0,5666,-2028,-6508,-95,45,31
2070769892,-6528,5762,-436,7,-101,12,-18342,0,-15537,0,8160,8192,5828,-1464,-6212,-104,25,36
2070819892,-6078,5956,-676,66,-117,143,-16340,0,-15537,0,8160,8192,6132,-1548,-5690,-107,46,36
2070869892,-7568,5484,-38,21,259,854,-16337,0,-15537,0,8160,8192,6356,-3236,-5806,-101,22,27
2070919892,-8486,5288,978,52,273,698,8160,8192,-2172,31598,645,8192,7196,-5126,-5886,-115,15,29
2070969892,-6954,2736,2308,-141,604,1399,-16333,0,-15537,0,8160,8192,7196,-5748,-5538,-96,27,25
2071019892,-8640,6542,762,53,363,603,8160,8192,32292,31600,645,8192,10904,-2828,-3540,-105,122,-7
2071069892,-6632,4370,-194,36,64,168,8160,8192,0,0,645,8192,2166,-3308,-9244,-56,136,26
2071119892,-3920,4602,-1748,-160,261,188,8160,8192,0,0,645,8192,5616,1874,-7390,-109,194,34
2071169892,-2434,8584,-4930,-356,-279,-1046,0,0,-7,-1,-16325,0,6582,4348,-8028,-107,118,93
2071219892,-2596,6294,-2502,554,-378,-647,-18324,0,-15537,0,8160,8192,3664,2300,-6406,-106,83,40
2071269892,-4620,7332,-1832,-19,241,1270,0,0,-7,-1,-16323,0,5828,-1492,-6226,-111,14,41
2071319892,-4162,8928,-2660,52,110,279,0,0,-7,-1,-17321,0,10292,-1056,-6734,-106,67,39
2071369892,-1644,6672,-1946,644,-933,-1139,-16318,0,-15537,0,8160,8192,6000,4248,-5770,-98,-16,34
2071419892,-3944,7576,-2368,37,233,795,-16317,0,-15537,0,8160,8192,4496,1148,-6796,-127,1,32
2071469892,-1866,8248,-4444,-144,119,360,-16315,0,-15537,0,8160,8192,4398,2262,-6256,-117,9,19
2071519892,-146,9158,-5172,334,-621,-733,-17313,0,-15537,0,8160,8192,4088,5408,-6172,-116,-18,26
2071569892,-3792,7624,-1690,185,78,757,0,0,-7,-1,-17311,0,5764,422,-6076,-119,-57,17
2071619892,-8014,6186,-1300,-333,1362,2647,8160,8192,-23068,31609,645,8192,6242,-530,-5992,-127,-50,24
2071669892,-2860,7750,-2742,8,-540,-762,-18307,0,-15537,0,8160,8192,5480,2044,-5940,-127,36,20
2071719892,-2776,7598,-2354,276,-325,-361,0,0,-7,-1,-17305,0,5810,1428,-5848,-114,58,26
2071769892,-3678,7476,-1888,-92,350,880,-16302,0,-15537,0,8160,8192,5950,468,-5900,-115,53,41
2071819892,-4022,7092,-1824,118,-202,-91,-16299,0,-15537,0,8160,8192,5272,70,-5918,-113,46,36
2071869892,-3750,7322,-1882,60,-181,-165,8160,8192,0,0,645,8192,5674,136,-6026,-105,41,32
2071919892,-4296,7322,-1582,97,-73,158,0,0,-7,-1,-16295,0,6360,52,-5922,-104,27,33
2071969892,-4558,6970,-1520,111,-141,-24,-18293,0,-15537,0,8160,8192,5758,-384,-6044,-102,46,28
2072019892,-4120,7046,-1752,80,-151,10,0,0,-7,-1,-17291,0,5708,142,-6030,-108,24,31
2072069892,-4194,7146,-1784,96,-119,58,-16288,0,-15537,0,8160,8192,5908,42,-5938,-108,25,33
2072119892,-4306,7242,-1718,93,-99,77,-18287,0,-15537,0,8160,8192,5856,78,-6126,-102,28,28
2072169892,-4140,7004,-1652,106,-123,36,-16285,0,-15537,0,8160,8192,5750,-82,-6052,-99,33,25
2072219892,-3952,7128,-1786,96,-111,42,8160,8192,0,0,645,8192,5612,450,-6112,-108,35,33
2072269892,-4206,7070,-1652,123,-77,138,0,0,-7,-1,-17282,0,5646,24,-6162,-106,32,31
2072319892,-4012,7228,-1960,81,-133,-19,0,0,-7,-1,-16279,0,5674,484,-5976,-106,38,28
2072369892,-4268,6934,-1588,109,-59,187,0,0,-7,-1,-17278,0,5748,-192,-5974,-107,21,29
2072419892,-4030,7300,-1984,52,-149,-1,0,0,-7,-1,-16275,0,5774,458,-5932,-105,12,34
2072469892,-4134,7108,-1636,118,-74,134,8160,8192,-25036,31622,645,8192,5656,98,-6148,-101,28,27
2072519892,-4376,7072,-1610,99,-71,116,-18270,0,-15537,0,8160,8192,6016,-64,-6034,-104,45,31
2072569892,-4044,7114,-1842,128,-92,38,0,0,-7,-1,-17268,0,5914,156,-5956,-110,59,32
2072619892,-4282,7154,-1660,134,-62,121,8160,8192,-6108,31624,645,8192,5680,-48,-6188,-107,58,29
2072669892,-3898,7360,-2102,103,-118,13,-17262,0,-15537,0,8160,8192,5814,472,-6050,-111,52,34
2072719892,-4048,7226,-1858,114,-80,108,-16259,0,-15537,0,8160,8192,5970,286,-5938,-101,40,31
2072769892,-4246,7032,-1740,112,-85,135,0,0,-7,-1,-16258,0,5650,-72,-6206,-109,31,33
2072819892,-3952,7254,-1894,92,-138,15,8160,8192,-2716,31627,645,8192,5698,370,-6042,-106,25,32
2072869892,-4070,7210,-1834,106,-86,116,8160,8192,-18252,31628,645,8192,5876,180,-6044,-105,30,29
2072919892,-4054,7192,-1828,119,-109,91,-16252,0,-15537,0,8160,8192,5926,250,-5876,-107,37,30
2072969892,-4042,7170,-1792,112,-118,41,0,0,-7,-1,-16250,0,5782,188,-6018,-108,39,35
2073019892,-4078,7062,-1748,109,-84,125,-16247,0,-15537,0,8160,8192,5872,168,-5960,-102,37,31
2073069892,-4062,7140,-1876,100,-120,45,0,0,-7,-1,-16244,0,5808,38,-6092,-106,26,33
2073119892,-4386,7018,-1670,117,-64,208,8160,8192,-30396,31632,645,8192,5898,-24,-5980,-107,19,28
2073169892,-3700,7364,-2088,80,-133,-26,-16241,0,-15537,0,8160,8192,5698,644,-6162,-104,34,27
2073219892,-3990,7192,-1822,109,-78,123,8160,8192,0,0,645,8192,5870,298,-5920,-103,31,29
2073269892,-3694,7506,-2090,69,-149,-11,-16238,0,-15537,0,8160,8192,5734,790,-6004,-105,19,37
2073319892,-3690,7330,-1940,87,-172,-145,-16236,0,-15537,0,8160,8192,5792,550,-6020,-101,41,32
2073369892,-4182,7058,-1738,128,-82,116,-16234,0,-15537,0,8160,8192,5684,154,-6072,-105,50,30
2073419892,-3622,7256,-2096,3,-235,-369,-16232,0,-15537,0,8160,8192,5856,666,-6066,-103,35,30
2073469892,-3582,7478,-2106,174,-324,-345,0,0,-7,-1,-17230,0,5830,974,-6014,-102,30,27
2073519892,-3546,7494,-2252,98,-236,-176,-16228,0,-15537,0,8160,8192,6088,800,-5928,-101,31,26
2073569892,-4176,6770,-2314,130,-513,-911,0,0,-7,-1,-16226,0,5218,432,-6426,-102,39,24
2073619892,-4904,8760,-2744,540,-808,-983,8160,8192,10852,31640,645,8192,4790,690,-6800,-108,49,33
2073669892,-4310,7338,-2478,-18,-151,-95,0,0,-7,-1,-16221,0,6566,1482,-5712,-102,-4,30
2073719892,-3996,6796,-1918,159,-258,-53,8160,8192,0,0,645,8192,6006,424,-6152,-104,12,35
2073769892,-4308,7094,-2148,51,-155,-62,-16215,0,-15537,0,8160,8192,5734,500,-6154,-101,31,33
2073819892,-4618,7370,-2410,190,-349,-393,0,0,-7,-1,-16213,0,6814,1086,-5382,-113,71,18
2073869892,-2630,4836,-1922,328,-645,-627,8160,8192,-1292,31643,645,8192,9988,1726,-3256,-103,-8,29
2073919892,-3308,6980,-2164,265,-592,-605,0,0,-7,-1,-17208,0,5960,706,-6020,-103,12,28
2073969892,-3698,6718,-1994,225,-396,-192,0,0,-7,-1,-16206,0,4868,1156,-6550,-101,42,23
2074019892,-4986,7172,-2042,96,-74,225,-16204,0,-15537,0,8160,8192,5378,-242,-6474,-105,34,13
2074069892,-4444,6410,-1808,47,-60,261,-17201,0,-15537,0,8160,8192,6602,1738,-5024,-98,43,22
2074119892,-4622,6474,-1786,62,-231,151,-18199,0,-15537,0,8160,8192,4830,556,-6374,-97,42,33
2074169892,-5828,6686,-1928,31,-53,60,-16383,0,-15537,0,8160,8192,4864,-2092,-6894,-90,19,21
2074219892,-5214,6324,-1210,43,-61,112,-16195,0,-15537,0,8160,8192,4236,538,-7348,-105,6,22
2074269892,-5038,5718,-848,-84,-107,13,-18193,0,-15537,0,8160,8192,7776,586,-4824,-85,20,47
2074319892,-6810,8750,-3006,64,-370,-487,0,0,-7,-1,-17191,0,4288,-392,-5070,-105,54,18
2074369892,-6050,6268,-1230,177,-160,-70,-16188,0,-15537,0,8160,8192,5692,-136,-4848,-112,49,27
2074419892,-6944,5258,-268,-47,456,269,0,0,-7,-1,-16185,0,6150,-1740,-6440,-128,19,6
2074469892,-6632,7126,-2516,-184,209,400,0,0,-7,-1,-16183,0,6300,-40,-5890,-117,-34,27
2074519892,-5804,5386,152,265,195,359,-16181,0,-15537,0,8160,8192,5330,-2308,-6248,-100,45,27
2074569892,-5938,5616,-84,168,-185,-141,8160,8192,-22188,31654,645,8192,5694,-1614,-5934,-111,-21,18
2074619892,-6812,5528,-520,103,-27,108,-16177,0,-15537,0,8160,8192,6286,-1690,-5814,-91,38,36
2074669892,-5774,5770,-600,78,-306,-364,8160,8192,12276,31656,645,8192,5766,-1306,-6184,-105,34,28
2074719892,-6260,5664,-460,45,1,343,8160,8192,-3260,31656,645,8192,5730,-1898,-6056,-109,34,34
2074769892,-7142,5334,42,-20,208,625,-16169,0,-15537,0,8160,8192,6176,-2668,-5956,-107,25,33
2074819892,-7364,4740,936,137,178,638,-16166,0,-15537,0,8160,8192,6982,-4382,-5386,-116,24,17
2074869892,-8658,4338,1966,-41,577,1209,-18164,0,-15537,0,8160,8192,8830,-5470,-4178,-85,83,33
2074919892,-10460,4854,2754,-59,953,1595,0,0,-7,-1,-17161,0,6386,-4190,-8292,-100,79,42
2074969892,-7028,2538,1196,-23,37,9,0,0,-7,-1,-16161,0,6312,-3462,-5434,-101,91,62
2075019892,-4846,7004,-2184,-256,-28,-59,0,0,-7,-1,-16159,0,6524,-672,-4760,-143,42,63
2075069892,-2952,9760,-5074,-158,-409,-1742,8160,8192,19060,31662,645,8192,6408,940,-7880,-73,12,67
2075119892,-2002,6072,-2242,573,-416,345,0,0,-7,-1,-17156,0,-2828,2580,-6476,-105,15,37
2075169892,-4168,7368,-1914,-373,338,1094,0,0,-7,-1,-17155,0,6930,612,-4738,-100,-22,32
2075219892,-3584,8220,-2922,28,-154,-48,-16153,0,-15537,0,8160,8192,5620,8446,-8366,-110,25,20
2075269892,-2232,8294,-3002,725,-991,-1177,8160,8192,22452,31665,645,8192,5050,2426,-5750,-92,3,38
2075319892,-2256,8068,-2826,154,25,536,8160,8192,6916,31666,645,8192,6220,2214,-5034,-108,-5,27
2075369892,-1492,7514,-4736,-91,-56,162,0,0,-7,-1,-16146,0,9646,4614,-2708,-135,-73,15
2075419892,-674,8792,-4538,107,-225,-76,8160,8192,-24156,31667,645,8192,5510,4408,-6374,-109,-2,7
2075469892,-4348,7082,-1150,3,614,1887,-18142,0,-15537,0,8160,8192,6362,-964,-5820,-115,-26,20
2075519892,-4812,7046,-1772,191,292,963,-16140,0,-15537,0,8160,8192,5908,476,-6132,-120,90,15
2075569892,-2948,7114,-2718,42,-426,-917,0,0,-7,-1,-17138,0,5570,1646,-6012,-125,35,37
2075619892,-2680,7840,-2374,271,-191,96,-16135,0,-15537,0,8160,8192,6124,942,-5802,-113,82,26
2075669892,-5302,7160,-2236,-97,372,645,8160,8192,0,0,645,8192,5656,594,-6082,-107,59,25
2075719892,-4622,6712,-1344,150,-205,-241,-17130,0,-15537,0,8160,8192,5782,-444,-5914,-115,53,41
2075769892,-4056,7154,-1698,67,-143,-165,8160,8192,0,0,645,8192,6190,-322,-5892,-101,65,29
2075819892,-5052,6264,-1670,31,99,351,0,0,-7,-1,-16126,0,5674,-570,-6128,-109,53,33
2075869892,-4460,6796,-1468,106,-195,-121,0,0,-7,-1,-16123,0,5752,-398,-6032,-111,26,31
2075919892,-3960,7158,-1942,60,-82,147,8160,8192,17092,31675,645,8192,5584,574,-6058,-107,15,29
2075969892,-3678,7384,-2140,85,-135,7,-16119,0,-15537,0,8160,8192,5766,502,-6084,-99,19,29
2076019892,-3998,7178,-1800,89,-76,116,0,0,-7,-1,-17116,0,5712,610,-6080,-105,26,31
2076069892,-4270,6954,-1640,105,-108,112,-16113,0,-15537,0,8160,8192,5832,-54,-5914,-101,23,25
2076119892,-4338,7062,-1582,70,-112,19,8160,8192,0,0,645,8192,5630,-28,-6012,-104,22,29
2076169892,-4348,7104,-1666,96,-86,123,-16108,0,-15537,0,8160,8192,5842,-4,-6058,-102,31,30
2076219892,-4016,7116,-1768,92,-134,-1,-16106,0,-15537,0,8160,8192,5558,184,-6008,-104,22,28
2076269892,-4306,7108,-1666,97,-80,137,-16103,0,-15537,0,8160,8192,5866,10,-5912,-108,24,32
2076319892,-4200,7112,-1782,91,-105,63,-16100,0,-15537,0,8160,8192,5916,166,-6102,-103,28,31
2076369892,-4276,7056,-1696,115,-73,105,0,0,-7,-1,-17098,0,5706,-84,-6130,-104,43,30
2076419892,-4126,7122,-1770,108,-89,76,8160,8192,-7196,31682,645,8192,5844,316,-5850,-108,44,30
2076469892,-4160,7170,-1736,127,-96,68,8160,8192,0,0,645,8192,6008,176,-5816,-111,49,35
2076519892,-4206,7092,-1784,117,-73,129,-16090,0,-15537,0,8160,8192,5932,70,-5946,-110,43,31
2076569892,-3904,7272,-1886,101,-119,12,0,0,-7,-1,-16088,0,5710,364,-6084,-105,41,32
2076619892,-4198,7092,-1788,120,-88,111,0,0,-7,-1,-16086,0,5722,78,-6096,-108,41,34
2076669892,-4232,7200,-1752,103,-111,59,-16084,0,-15537,0,8160,8192,5654,108,-6160,-103,30,29
2076719892,-4194,7122,-1594,117,-97,97,0,0,-7,-1,-16082,0,5912,-104,-5920,-105,34,33
2076769892,-4066,7172,-1840,108,-103,58,8160,8192,0,0,645,8192,5770,334,-5944,-106,45,32
2076819892,-4066,7086,-1796,120,-91,72,-16079,0,-15537,0,8160,8192,5718,134,-6070,-101,45,27
2076869892,-4066,7206,-1832,122,-95,91,-16077,0,-15537,0,8160,8192,5888,288,-5972,-107,48,33
2076919892,-4018,7192,-1902,110,-114,34,0,0,-7,-1,-16075,0,5790,256,-6094,-107,45,34
2076969892,-4026,7200,-1912,91,-101,82,0,0,-7,-1,-17073,0,5614,278,-6046,-100,33,26
2077019892,-3958,7186,-1956,92,-124,35,-16070,0,-15537,0,8160,8192,5884,276,-5944,-105,26,34
2077069892,-4216,7130,-1684,87,-112,91,-16068,0,-15537,0,8160,8192,5672,-34,-6144,-110,10,31
2077119892,-4116,7076,-1772,85,-109,68,-16066,0,-15537,0,8160,8192,5810,216,-5920,-104,21,26
2077169892,-3890,7274,-1902,89,-134,-8,-16064,0,-15537,0,8160,8192,5836,450,-6096,-106,32,30
2077219892,-3820,7346,-2046,69,-132,15,-16063,0,-15537,0,8160,8192,5964,602,-5994,-105,26,31
2077269892,-3504,7356,-2186,50,-193,-142,8160,8192,-9164,31695,645,8192,5792,588,-6054,-107,23,34
2077319892,-4060,7106,-1728,94,-193,-167,0,0,-7,-1,-16060,0,5580,618,-6098,-103,14,30
2077369892,-3790,7396,-2140,131,-318,-425,0,0,-7,-1,-17058,0,5828,954,-5984,-105,21,30
2077419892,-3358,7550,-2442,193,-428,-591,-16055,0,-15537,0,8160,8192,5620,1146,-6216,-100,46,28
2077469892,-3776,6504,-2238,198,-590,-925,8160,8192,0,0,645,8192,5792,1066,-6220,-105,43,27
2077519892,-6070,9070,-3178,262,-503,-632,-17051,0,-15537,0,8160,8192,5324,700,-6260,-98,34,21
2077569892,-5068,8064,-2880,13,-188,-147,-16048,0,-15537,0,8160,8192,6306,2044,-5708,-96,-13,30
2077619892,-4354,7482,-2346,43,-133,54,0,0,-7,-1,-16046,0,6888,1024,-5028,-97,17,31
2077669892,-4222,6526,-1506,71,-190,-100,8160,8192,0,0,645,8192,5646,1148,-6344,-80,11,26
2077719892,-4024,6522,-2084,226,-401,-423,-16042,0,-15537,0,8160,8192,5162,774,-6098,-103,47,15
2077769892,-5232,6970,-1638,246,-464,-368,-16039,0,-15537,0,8160,8192,6604,226,-5708,-96,32,22
2077819892,-4152,6508,-1678,106,-332,-318,8160,8192,0,0,645,8192,4712,650,-5802,-94,10,33
2077869892,-4954,6888,-1796,141,-235,-102,0,0,-7,-1,-17035,0,5930,398,-5966,-97,15,35
2077919892,-4342,6130,-1542,114,-190,-27,0,0,-7,-1,-16033,0,6648,1222,-5338,-111,35,18
2077969892,-4692,7244,-2188,168,-280,-61,0,0,-7,-1,-17030,0,4800,-446,-6592,-117,55,43
2078019892,-5128,7200,-1978,21,-25,242,-17028,0,-15537,0,8160,8192,4242,968,-7880,-90,75,39
2078069892,-4626,6680,-1488,116,-157,42,-16026,0,-15537,0,8160,8192,4356,-1216,-6378,-115,56,48
2078119892,-4386,5984,-1032,-63,-27,302,0,0,-7,-1,-16025,0,4950,-370,-6574,-87,39,38
2078169892,-5018,7026,-1528,-13,-255,-112,0,0,-7,-1,-16022,0,6860,-176,-4364,-90,0,44
2078219892,-5636,7004,-1596,137,-209,-225,8160,8192,0,0,645,8192,5462,-1014,-7188,-113,74,31
2078269892,-5520,5436,-56,43,-8,118,0,0,-7,-1,-16018,0,6296,-1584,-5946,-106,30,34
2078319892,-6318,6568,-1146,6,89,128,-16016,0,-15537,0,8160,8192,6812,-882,-5214,-111,57,48
2078369892,-6336,5908,-638,119,380,503,-16014,0,-15537,0,8160,8192,5470,-956,-6196,-106,32,17
2078419892,-5612,5576,-622,-15,147,271,0,0,-7,-1,-16011,0,4932,-458,-5666,-117,50,19
2078469892,-5992,5168,-94,261,25,225,-16009,0,-15537,0,8160,8192,5954,-1092,-6440,-104,70,44
2078519892,-6030,6224,-542,89,-145,-152,-17007,0,-15537,0,8160,8192,6264,-1066,-5528,-102,6,37
2078569892,-6336,5946,-628,212,-259,-115,-16004,0,-15537,0,8160,8192,5846,-1744,-6036,-103,19,28
2078619892,-6540,5842,132,103,92,423,0,0,-7,-1,-16003,0,6122,-2778,-5900,-101,81,35
2078669892,-8116,6250,-434,-44,392,923,-16001,0,-15537,0,8160,8192,4274,-3208,-6700,-121,107,34
2078719892,-8174,5556,370,75,284,480,8160,8192,-956,31717,645,8192,6416,-5034,-6418,-102,94,16
2078769892,-9402,5450,1886,-37,679,1613,8160,8192,-16492,31718,645,8192,7490,-5464,-5952,-92,81,28
2078819892,-8800,6588,-292,-102,90,84,8160,8192,-32028,31719,645,8192,6566,-3028,-5666,-77,71,41
2078869892,-8174,8666,-1664,-39,-128,82,-15994,0,-15537,0,8160,8192,9236,-1062,-4772,-117,-18,45
2078919892,-5184,10582,-3176,-221,-191,-376,-16993,0,-15537,0,8160,8192,6690,984,-6404,-99,51,107
2078969892,-3184,7118,-1428,120,-39,371,-15991,0,-15537,0,8160,8192,5718,1374,-5710,-123,-38,48
2079019892,-4724,8692,-3040,118,-482,-390,0,0,-7,-1,-16990,0,4918,3592,-6966,-103,18,22
2079069892,-3940,8394,-2682,367,-343,-66,-17987,0,-15537,0,8160,8192,8560,-3248,-6626,-103,22,28
2079119892,-2832,7232,-3902,61,-274,-174,0,0,-7,-1,-16984,0,6414,2292,-5506,-104,-15,29
2079169892,-2130,8380,-3412,226,-157,82,-15983,0,-15537,0,8160,8192,6162,2514,-5760,-123,1,22
2079219892,-3898,8650,-3186,101,36,352,-16981,0,-15537,0,8160,8192,6784,2990,-4432,-103,20,8
2079269892,-2650,9104,-4006,62,-27,208,0,0,-7,-1,-15978,0,5322,5304,-5584,-115,-2,9
2079319892,-1972,8244,-3092,170,-183,2,-15975,0,-15537,0,8160,8192,5506,2690,-6344,-101,26,0
2079369892,-5172,6934,-772,-113,787,2114,0,0,-7,-1,-15973,0,5882,-1350,-5894,-109,-8,22
2079419892,-3046,7820,-2958,-5,-383,-154,-15973,0,-15537,0,8160,8192,5692,2148,-5980,-121,-58,38
2079469892,-3238,8066,-2236,261,-190,-112,0,0,-7,-1,-15971,0,5132,1820,-6258,-120,68,25
2079519892,-3320,7560,-2238,165,32,309,-15968,0,-15537,0,8160,8192,5922,494,-5870,-104,106,21
2079569892,-3854,7190,-2090,186,-115,226,0,0,-7,-1,-15965,0,5470,756,-5996,-119,58,31
2079619892,-3958,7066,-1958,50,-163,-218,-15963,0,-15537,0,8160,8192,5930,216,-5984,-105,49,30
2079669892,-4494,6982,-1668,147,17,328,8160,8192,31540,31732,645,8192,5614,-226,-6060,-100,60,21
2079719892,-3848,6954,-2120,74,-175,-81,-15956,0,-15537,0,8160,8192,5646,598,-6052,-103,33,23
2079769892,-4462,6934,-1430,127,-45,245,-17954,0,-15537,0,8160,8192,5816,-282,-5972,-111,12,33
2079819892,-3888,7170,-2028,40,-163,-48,-17950,0,-15537,0,8160,8192,5776,408,-6090,-105,21,30
2079869892,-4250,7156,-1692,109,-89,113,-15948,0,-15537,0,8160,8192,5928,104,-5984,-106,21,33
2079919892,-4030,7122,-1788,72,-134,42,-17944,0,-15537,0,8160,8192,5820,30,-5966,-107,16,27
2079969892,-4230,7012,-1746,96,-125,55,8160,8192,3860,31737,645,8192,5808,100,-6038,-106,8,30
2080019892,-4068,7268,-1686,80,-120,70,8160,8192,-11676,31737,645,8192,5810,46,-6040,-112,13,31
2080069892,-4310,6918,-1674,103,-99,103,-15938,0,-15537,0,8160,8192,5946,-8,-5976,-105,26,31
2080119892,-4022,7226,-1800,88,-125,30,8160,8192,0,0,645,8192,5602,290,-6162,-108,24,32
2080169892,-4074,6948,-1738,103,-90,123,0,0,-7,-1,-15934,0,5622,14,-6070,-107,21,32
2080219892,-4092,7158,-1748,89,-104,77,-16930,0,-15537,0,8160,8192,5958,196,-5946,-105,21,30
2080269892,-4020,7144,-1790,118,-104,65,8160,8192,-23820,31741,645,8192,5692,220,-6264,-105,42,31
2080319892,-4154,7018,-1786,115,-78,112,8160,8192,0,0,645,8192,5666,168,-6070,-108,48,33
2080369892,-4058,7142,-1794,108,-106,42,0,0,-7,-1,-15924,0,5982,268,-5926,-108,41,34
2080419892,-4130,7080,-1656,115,-77,105,0,0,-7,-1,-15922,0,5820,-12,-5944,-104,40,30
2080469892,-4028,7030,-1834,119,-86,117,0,0,-7,-1,-15920,0,5860,370,-5954,-106,43,33
2080519892,-3984,7218,-1840,103,-104,51,-15917,0,-15537,0,8160,8192,6018,226,-5896,-99,35,25
2080569892,-4134,7180,-1902,104,-75,159,-15914,0,-15537,0,8160,8192,6008,294,-5900,-107,30,32
2080619892,-3990,7134,-1906,96,-106,58,-17912,0,-15537,0,8160,8192,5780,264,-6070,-104,36,31
2080669892,-4080,7060,-1824,100,-92,80,-17910,0,-15537,0,8160,8192,5606,76,-6054,-103,37,27
2080719892,-4074,7222,-1770,114,-108,68,0,0,-7,-1,-16907,0,5950,198,-5994,-114,40,36
2080769892,-4022,7232,-1952,96,-122,42,8160,8192,17428,31749,645,8192,5704,200,-6024,-106,25,29
2080819892,-4010,7162,-1816,104,-103,78,0,0,-7,-1,-16904,0,5770,166,-6070,-106,28,32
2080869892,-4118,7168,-1882,107,-114,58,0,0,-7,-1,-15902,0,5820,116,-6008,-105,33,35
2080919892,-3906,7164,-1890,111,-104,32,-15901,0,-15537,0,8160,8192,5808,364,-5966,-102,48,27
2080969892,-3890,7328,-1914,104,-127,13,-16898,0,-15537,0,8160,8192,5794,364,-6100,-107,37,35
2081019892,-3836,7180,-1958,84,-141,-17,-15894,0,-15537,0,8160,8192,5726,474,-6092,-107,30,37
2081069892,-3878,7032,-1820,111,-140,-4,-17893,0,-15537,0,8160,8192,5722,266,-6140,-101,36,30
2081119892,-3646,7598,-2258,35,-200,-121,-15891,0,-15537,0,8160,8192,5732,1026,-5986,-107,9,36
2081169892,-3702,7520,-2362,165,-369,-494,-15887,0,-15537,0,8160,8192,5564,1460,-6036,-104,33,32
2081219892,-3648,7260,-2162,167,-287,-337,-17885,0,-15537,0,8160,8192,5834,1152,-5750,-98,50,27
2081269892,-4376,7014,-2180,283,-667,-1090,-17882,0,-15537,0,8160,8192,5508,916,-6090,-104,43,26
2081319892,-5934,9442,-3220,429,-689,-899,0,0,-7,-1,-15882,0,6090,694,-5576,-104,37,27
2081369892,-4530,7322,-2578,-85,-56,24,-15878,0,-15537,0,8160,8192,6144,656,-5822,-100,-1,28
2081419892,-4252,7040,-1810,98,-162,83,-15875,0,-15537,0,8160,8192,5882,1006,-6394,-99,25,31
2081469892,-4390,6514,-1774,53,-122,-34,-15873,0,-15537,0,8160,8192,5418,210,-6044,-90,21,28
2081519892,-4632,7218,-2108,184,-359,-400,-17871,0,-15537,0,8160,8192,4666,1020,-6394,-111,47,13
2081569892,-3286,4800,-2034,320,-591,-595,-15868,0,-15537,0,8160,8192,9962,1706,-4444,-95,19,19
2081619892,-4310,7660,-1958,226,-540,-508,-17866,0,-15537,0,8160,8192,3988,192,-7392,-97,29,25
2081669892,-5022,7424,-2468,204,-327,-107,-16865,0,-15537,0,8160,8192,5224,612,-6810,-103,29,15
2081719892,-4456,6794,-1754,29,-103,139,-15861,0,-15537,0,8160,8192,5372,-674,-6158,-101,35,20
2081769892,-4674,6388,-2000,88,-160,167,0,0,-7,-1,-16855,0,8120,1324,-4750,-96,12,18
2081819892,-4882,6942,-1952,35,-157,94,-15854,0,-15537,0,8160,8192,6612,718,-5968,-99,-13,38
2081869892,-3698,5460,-1032,38,-166,-18,-15853,0,-15537,0,8160,8192,4172,8,-6164,-133,30,15
2081919892,-5988,5978,-858,73,99,531,-16851,0,-15537,0,8160,8192,6280,-394,-6134,-110,-1,23
2081969892,-5374,5606,-1092,-145,-185,-47,0,0,-7,-1,-16849,0,7248,-352,-4812,-115,21,19
2082019892,-4340,5806,-1294,123,-278,-393,0,0,-7,-1,-15846,0,7126,930,-5756,-102,41,33
2082069892,-5824,6478,-1452,140,-328,-463,-15841,0,-15537,0,8160,8192,3748,-1034,-6170,-124,48,36
2082119892,-6260,5462,-52,71,122,530,-15839,0,-15537,0,8160,8192,6676,-2060,-5832,-119,34,25
2082169892,-5540,6184,-964,-221,145,420,-15838,0,-15537,0,8160,8192,4826,-1196,-6906,-102,30,41
2082219892,-5316,5924,-928,84,229,286,8160,8192,25636,31771,645,8192,5794,-498,-5868,-105,41,26
2082269892,-6250,5764,-666,102,127,574,-15835,0,-15537,0,8160,8192,5556,-1938,-6256,-98,-7,23
2082319892,-6674,6594,-1146,88,-36,120,-15833,0,-15537,0,8160,8192,6098,-1266,-5948,-108,-1,29
2082369892,-5764,6216,-816,191,-288,-354,0,0,-7,-1,-16830,0,6136,-828,-5878,-99,25,25
2082419892,-5426,6420,-652,149,-267,-190,0,0,-7,-1,-16829,0,5416,-1504,-6416,-109,25,37
2082469892,-6476,5702,-376,-68,241,734,8160,8192,0,0,645,8192,6014,-2040,-6060,-106,38,35
2082519892,-6114,4990,168,-15,215,465,8160,8192,0,0,645,8192,6098,-2296,-5860,-93,50,24
2082569892,-6878,5532,480,114,71,372,8160,8192,-17580,31776,645,8192,5980,-2684,-5822,-106,23,30
2082619892,-7004,5452,320,5,274,538,8160,8192,32420,31777,645,8192,6140,-3364,-6336,-100,44,44
2082669892,-9172,4826,728,-110,876,1781,-16811,0,-15537,0,8160,8192,5128,-3848,-6160,-103,11,22
2082719892,-7336,5376,1886,123,-20,287,8160,8192,1348,31779,645,8192,9316,-5772,-3684,-90,-7,45
2082769892,-5332,7442,-612,107,-194,-224,8160,8192,-14188,31779,645,8192,7344,4620,-5850,-68,157,52
2082819892,-3198,9542,-4534,-26,-580,-1601,-15805,0,-15537,0,8160,8192,3592,3406,-4514,-145,15,63
2082869892,-2710,6806,830,826,-230,1108,-17803,0,-15537,0,8160,8192,1538,-2514,-6000,-115,130,34
2082919892,-3312,7334,-2924,-191,119,262,0,0,-7,-1,-15801,0,7936,2830,-5986,-117,-36,55
2082969892,-2300,7386,-3316,670,-887,-1625,0,0,-7,-1,-15798,0,4912,1626,-2358,-85,-2,32
2083019892,-3148,7850,-2554,275,-224,334,-16795,0,-15537,0,8160,8192,6682,1306,-4774,-127,-6,20
2083069892,-2754,8330,-4018,-629,818,1007,8160,8192,23668,31784,645,8192,5172,3404,-5446,-113,25,25
2083119892,-720,9322,-3924,411,-596,-374,-15789,0,-15537,0,8160,8192,6562,5558,-5596,-108,-28,18
2083169892,-1878,8492,-3400,283,-150,-90,-17786,0,-15537,0,8160,8192,5634,3084,-6004,-107,99,12
2083219892,-4442,7218,-1656,-37,843,1907,8160,8192,0,0,645,8192,5918,-432,-6192,-113,156,20
2083269892,-5464,7044,-1344,192,61,484,-15782,0,-15537,0,8160,8192,5488,-706,-6332,-119,74,35
2083319892,-2618,7544,-3264,17,-521,-1102,-15780,0,-15537,0,8160,8192,5616,2762,-6252,-136,-24,36
2083369892,-3890,7508,-1472,247,-188,361,-15778,0,-15537,0,8160,8192,5846,-414,-5970,-103,-38,19
2083419892,-3902,5596,-1876,-325,284,512,-17776,0,-15537,0,8160,8192,5546,590,-6140,-101,-17,20
2083469892,-4576,7190,-1278,370,-306,18,0,0,-7,-1,-15774,0,5682,-444,-6034,-111,17,26
2083519892,-3498,6892,-1646,70,-173,-145,8160,8192,14916,31791,645,8192,6514,526,-5464,-113,50,29
2083569892,-4132,7082,-1902,139,-36,189,0,0,-7,-1,-15768,0,5890,444,-5888,-112,71,29
2083619892,-4440,7124,-1580,148,-174,-55,-15766,0,-15537,0,8160,8192,5854,-76,-6046,-108,40,30
2083669892,-3932,7098,-2016,65,-146,-12,-15764,0,-15537,0,8160,8192,5770,620,-6046,-106,5,31
2083719892,-4312,7076,-1670,119,-171,86,-15762,0,-15537,0,8160,8192,5806,-60,-6160,-103,-19,32
2083769892,-4456,7030,-1580,73,-136,48,8160,8192,2772,31795,645,8192,5832,-66,-6046,-101,-2,24
2083819892,-4478,6962,-1658,112,-112,69,-15754,0,-15537,0,8160,8192,5794,-102,-6094,-105,23,26
2083869892,-4284,7240,-1688,97,-126,43,0,0,-7,-1,-15752,0,5730,8,-6094,-114,35,33
2083919892,-4482,6856,-1542,103,-63,144,8160,8192,21700,31797,645,8192,5802,-70,-6136,-109,53,35
2083969892,-4274,7078,-1704,122,-113,38,8160,8192,6164,31798,645,8192,5902,30,-5908,-109,39,37
2084019892,-3996,7076,-1800,61,-54,110,-17747,0,-15537,0,8160,8192,5674,366,-6270,-107,41,32
2084069892,-4108,7104,-1846,101,-80,115,-15743,0,-15537,0,8160,8192,5836,162,-5952,-106,41,32
2084119892,-4096,7036,-1880,67,-70,115,-15739,0,-15537,0,8160,8192,5636,290,-6088,-108,31,34
2084169892,-4010,7156,-1694,81,-64,164,-17738,0,-15537,0,8160,8192,5654,178,-6178,-103,31,29
2084219892,-4102,7002,-1676,90,-67,78,-15736,0,-15537,0,8160,8192,5746,182,-6120,-104,54,28
2084269892,-4374,6870,-1642,131,-102,53,0,0,-7,-1,-15734,0,6086,-44,-5864,-105,50,31
2084319892,-4340,7012,-1704,83,-86,11,0,0,-7,-1,-15732,0,5894,96,-6070,-106,44,34
2084369892,-4392,7228,-1702,88,-63,193,0,0,-7,-1,-15729,0,6078,106,-5854,-108,30,37
2084419892,-3878,7128,-1882,118,-177,-141,-15729,0,-15537,0,8160,8192,5924,426,-6016,-107,39,31
2084469892,-4000,7018,-1700,111,-69,137,8160,8192,0,0,645,8192,5812,334,-5976,-104,38,30
2084519892,-4278,7162,-1652,108,-127,38,0,0,-7,-1,-16725,0,5458,36,-6246,-108,24,37
2084569892,-3906,7164,-2072,76,-104,39,8160,8192,16340,31807,645,8192,6060,560,-5826,-109,37,30
2084619892,-3966,7162,-1918,118,-112,42,-15718,0,-15537,0,8160,8192,5628,452,-6116,-103,43,29
2084669892,-3978,7154,-2018,107,-175,-74,8160,8192,-14732,31808,645,8192,5740,466,-5954,-113,29,39
2084719892,-4156,7116,-1790,130,-195,-132,8160,8192,-30268,31809,645,8192,5730,234,-6066,-97,25,25
2084769892,-3980,7134,-2052,88,-233,-185,-16712,0,-15537,0,8160,8192,5922,732,-6060,-103,10,35
2084819892,-3676,7376,-2214,154,-311,-200,8160,8192,4196,31811,645,8192,5662,790,-6142,-99,7,27
2084869892,-3982,7056,-1996,67,-142,-79,8160,8192,-11340,31811,645,8192,5756,682,-5896,-103,36,32
2084919892,-4258,7186,-1826,110,-123,-18,0,0,-7,-1,-15705,0,5716,348,-6016,-107,57,35
2084969892,-5118,5944,-2308,-47,47,158,8160,8192,23124,31813,645,8192,5904,440,-5862,-104,22,29
2085019892,-3004,6338,-1656,232,-516,-578,-15701,0,-15537,0,8160,8192,4998,1156,-6558,-104,38,27
2085069892,-4372,7078,-1876,122,-315,-375,0,0,-7,-1,-16699,0,5212,550,-6376,-104,14,29
2085119892,-4248,7290,-1956,220,-437,-458,8160,8192,-23484,31815,645,8192,6300,440,-5978,-100,25,21
2085169892,-3864,7046,-2426,137,-351,-439,-15695,0,-15537,0,8160,8192,5092,1440,-6450,-104,40,30
2085219892,-4074,7068,-1960,318,-555,-508,8160,8192,10980,31817,645,8192,6110,708,-5716,-96,44,35
2085269892,-4274,7272,-2280,85,-342,-417,-16691,0,-15537,0,8160,8192,4592,880,-7244,-113,25,15
2085319892,-4572,7070,-1890,266,-348,-341,8160,8192,-20092,31818,645,8192,6026,-1070,-5988,-98,50,28
2085369892,-4900,7536,-1942,106,-186,-70,-16687,0,-15537,0,8160,8192,5968,1182,-4984,-99,36,37
2085419892,-3932,6024,-1408,179,-228,-65,-17685,0,-15537,0,8160,8192,5080,454,-6672,-112,68,23
2085469892,-4996,7572,-2626,151,-261,-45,0,0,-7,-1,-15683,0,6078,280,-6048,-108,33,24
2085519892,-4136,6374,-2168,113,-267,40,0,0,-7,-1,-16681,0,7262,2748,-6264,-104,37,31
2085569892,-4632,6840,-1444,67,-99,169,8160,8192,-32236,31822,645,8192,6978,100,-5948,-94,17,44
2085619892,-4840,5940,-1548,12,-127,199,8160,8192,17764,31823,645,8192,6312,710,-6476,-113,36,52
2085669892,-6102,7376,-1720,-22,-63,262,8160,8192,2228,31824,645,8192,4474,-788,-6620,-89,8,24
2085719892,-5750,7314,-2088,-37,-257,-90,0,0,-7,-1,-15672,0,5986,312,-6006,-90,-16,41
2085769892,-5660,6322,-1064,112,-287,-260,0,0,-7,-1,-15671,0,6246,764,-6502,-106,45,28
2085819892,-5106,5386,-138,-4,-108,-42,-15669,0,-15537,0,8160,8192,4626,-1184,-6956,-112,10,29
2085869892,-6280,6598,-1056,-51,137,346,8160,8192,5620,31827,645,8192,4830,-1368,-6612,-97,45,40
2085919892,-7098,7714,-1160,67,482,489,-16664,0,-15537,0,8160,8192,18106,-1386,3336,-91,-52,24
2085969892,-5668,5710,-618,-9,209,482,-15659,0,-15537,0,8160,8192,5100,-1912,-5948,-108,-9,21
2086019892,-5920,5264,-238,122,-5,131,-17656,0,-15537,0,8160,8192,5790,-1436,-6350,-101,5,36
2086069892,-6084,5814,-616,214,-347,-340,-15654,0,-15537,0,8160,8192,6028,-1762,-5956,-109,4,29
2086119892,-6044,6272,-880,94,-190,-61,8160,8192,-6524,31830,645,8192,6270,-1180,-5796,-102,23,23
2086169892,-5688,6206,-1018,18,-60,244,-15650,0,-15537,0,8160,8192,5820,-806,-5918,-107,44,36
2086219892,-6242,5812,-828,53,16,211,0,0,-7,-1,-16647,0,5790,-1468,-6050,-103,56,34
2086269892,-6178,5190,268,149,146,483,-15645,0,-15537,0,8160,8192,5978,-2644,-6306,-106,69,41
2086319892,-7648,6360,-542,-27,144,401,-15641,0,-15537,0,8160,8192,6254,-2860,-5130,-106,-4,23
2086369892,-9098,6382,648,11,427,1052,-15639,0,-15537,0,8160,8192,6966,-5404,-5396,-90,39,20
2086419892,-8294,4028,1260,-77,1038,1647,-15634,0,-15537,0,8160,8192,3648,-5892,-6770,-86,113,16
2086469892,-5936,5106,192,183,-250,-185,8160,8192,15796,31836,645,8192,6904,-4070,-8014,-81,102,40
2086519892,-3478,6672,-1012,26,-225,-428,-15630,0,-15537,0,8160,8192,3024,-1686,-7142,-98,128,58
2086569892,-3456,8048,-2256,52,-218,130,-17628,0,-15537,0,8160,8192,6266,1570,-8870,-142,-28,91
2086619892,-3454,8212,-3556,231,-363,-407,0,0,-7,-1,-15624,0,4646,2640,-5642,-100,117,54
2086669892,-3848,6574,-674,481,-348,513,0,0,-7,-1,-16620,0,7758,2960,-5192,-141,2,50
2086719892,-3242,7380,-2262,26,-99,44,0,0,-7,-1,-15618,0,6686,2460,-6254,-116,70,52
2086769892,-2860,8758,-2822,705,-595,-884,-15614,0,-15537,0,8160,8192,5036,1316,-8412,-105,11,50
2086819892,-3384,7396,-2706,122,120,766,-15612,0,-15537,0,8160,8192,5138,1804,-5492,-121,16,35
2086869892,-1584,8162,-3972,-87,-17,133,-15610,0,-15537,0,8160,8192,3854,5648,-7874,-113,34,20
2086919892,-896,9194,-4000,423,-564,-579,-15609,0,-15537,0,8160,8192,4414,4652,-6152,-107,27,16
2086969892,-3678,7402,-1808,175,84,768,8160,8192,-8492,31843,645,8192,5952,124,-5970,-110,-40,12
2087019892,-7324,6078,-518,-283,1318,2591,-17604,0,-15537,0,8160,8192,6298,-484,-6036,-118,-80,22
2087069892,-2084,7732,-3476,-170,-718,-1089,8160,8192,25972,31845,645,8192,5680,2728,-5796,-116,-54,22
2087119892,-3236,7930,-2082,259,-251,-159,0,0,-7,-1,-15600,0,4900,1086,-6298,-107,15,17
2087169892,-2088,4072,-1764,-292,490,1040,8160,8192,0,0,645,8192,5522,770,-5918,-111,19,29
2087219892,-3978,7046,-1740,160,-207,-69,-15595,0,-15537,0,8160,8192,5966,250,-6124,-111,67,32
2087269892,-3944,7084,-1716,81,-117,-126,-15592,0,-15537,0,8160,8192,6050,140,-5898,-107,79,32
2087319892,-4414,7074,-1546,157,-14,178,-15590,0,-15537,0,8160,8192,5878,-142,-5968,-100,83,27
2087369892,-4470,7020,-1552,128,-109,47,-15586,0,-15537,0,8160,8192,5704,12,-6046,-114,49,27
2087419892,-3842,7186,-2022,46,-141,-10,-15585,0,-15537,0,8160,8192,5800,432,-6076,-100,19,25
2087469892,-4258,7060,-1770,96,-75,195,-15582,0,-15537,0,8160,8192,5810,-66,-6044,-112,-4,32
2087519892,-4154,7168,-1840,85,-123,27,-16579,0,-15537,0,8160,8192,5842,168,-6118,-108,25,28
2087569892,-4014,7146,-1624,119,-122,25,-15577,0,-15537,0,8160,8192,5838,68,-6144,-105,43,28
2087619892,-4052,7102,-1810,103,-113,53,0,0,-7,-1,-16575,0,5784,184,-6082,-107,45,31
2087669892,-4050,7078,-1764,115,-99,73,8160,8192,-29388,31854,645,8192,5782,194,-5982,-111,37,35
2087719892,-4036,7164,-1808,101,-111,55,-15572,0,-15537,0,8160,8192,5782,98,-6110,-108,37,33
2087769892,-4308,7092,-1742,109,-89,113,0,0,-7,-1,-16570,0,5968,24,-5920,-105,33,29
2087819892,-3942,7212,-1736,84,-138,2,8160,8192,0,0,645,8192,5712,288,-5990,-108,21,31
2087869892,-4336,6986,-1642,119,-75,162,0,0,-7,-1,-15566,0,5806,-234,-6140,-109,26,34
2087919892,-4206,7248,-1780,95,-122,45,0,0,-7,-1,-15564,0,5724,100,-6056,-107,27,29
2087969892,-3902,7036,-1786,106,-117,40,-15562,0,-15537,0,8160,8192,5726,64,-6044,-106,32,35
2088019892,-4118,7304,-1690,122,-94,121,0,0,-7,-1,-15560,0,5836,306,-5968,-108,36,36
2088069892,-3822,7224,-1906,109,-123,20,-15557,0,-15537,0,8160,8192,5646,264,-6198,-100,37,29
2088119892,-4066,7228,-1780,114,-83,124,0,0,-7,-1,-16555,0,5656,172,-6198,-107,33,31
2088169892,-4136,7046,-1808,127,-93,111,-15552,0,-15537,0,8160,8192,6050,180,-5940,-108,33,32
2088219892,-3968,7110,-1818,100,-101,48,8160,8192,-3676,31862,645,8192,5840,134,-5870,-98,41,25
2088269892,-3966,7300,-1792,104,-105,99,-15548,0,-15537,0,8160,8192,6064,350,-5874,-112,26,37
2088319892,-4058,7142,-1880,107,-92,95,-16547,0,-15537,0,8160,8192,6368,138,-5844,-102,34,28
2088369892,-3968,7288,-1826,103,-109,50,8160,8192,15252,31865,645,8192,6000,300,-5980,-104,41,29
2088419892,-4058,7198,-1814,120,-85,97,8160,8192,-284,31865,645,8192,5726,238,-6116,-107,44,30
2088469892,-3986,7164,-1844,96,-107,47,8160,8192,-15820,31866,645,8192,5824,166,-6004,-104,34,27
2088519892,-4098,7104,-1634,103,-106,80,-15540,0,-15537,0,8160,8192,5886,124,-5894,-110,25,33
2088569894,-4064,7240,-1854,94,-119,49,8160,8192,18644,31868,645,8192,5658,146,-6148,-109,28,33
2088619892,-3994,7192,-1756,88,-123,20,-16536,0,-15537,0,8160,8192,5888,142,-5930,-105,25,31
2088669892,-3982,7158,-1892,101,-103,65,0,0,-7,-1,-17534,0,5522,190,-6148,-107,35,33
2088719892,-3852,7212,-1852,94,-129,8,-18532,0,-15537,0,8160,8192,5986,436,-5842,-105,32,32
2088769892,-3960,7194,-1850,95,-111,50,8160,8192,0,0,645,8192,5748,334,-6122,-101,35,30
2088819892,-3778,7104,-2120,75,-140,-24,0,0,-7,-1,-16527,0,5674,678,-6042,-104,42,31
2088869892,-3146,7314,-2312,5,-216,-251,-16525,0,-15537,0,8160,8192,5896,1010,-5992,-104,15,30
2088919892,-3134,7372,-2242,125,-249,-110,8160,8192,-24572,31873,645,8192,5992,1010,-6162,-109,5,30
2088969892,-3526,7188,-2182,67,-263,-338,-17521,0,-15537,0,8160,8192,5866,828,-6068,-104,23,30
2089019892,-3864,6900,-2458,176,-573,-966,-16519,0,-15537,0,8160,8192,5444,1136,-6224,-102,49,24
2089069892,-4178,7730,-2442,519,-918,-1207,8160,8192,-5644,31875,645,8192,4584,1940,-5810,-99,64,29
2089119892,-3454,6626,-1970,53,-184,-150,-16515,0,-15537,0,8160,8192,7012,1878,-4818,-93,13,27
2089169892,-3488,6556,-1868,84,-191,-93,8160,8192,28820,31877,645,8192,6692,1198,-5230,-99,42,29
2089219892,-3876,6648,-1864,94,-185,-126,8160,8192,0,0,645,8192,6316,1140,-5894,-88,37,29
2089269892,-4246,6870,-2168,148,-264,-242,0,0,-7,-1,-16510,0,5354,554,-6076,-107,68,14
2089319892,-4050,6096,-1442,298,-557,-564,-17507,0,-15537,0,8160,8192,5760,1754,-6704,-94,24,21
2089369892,-3934,6526,-1854,168,-401,-438,-17505,0,-15537,0,8160,8192,6196,290,-5270,-98,18,27
2089419892,-4568,6242,-1340,159,-141,19,0,0,-7,-1,-17504,0,5578,278,-6194,-86,41,22
2089469892,-5804,7912,-2284,72,-97,269,-16502,0,-15537,0,8160,8192,3460,664,-9164,-113,34,17
2089519892,-4766,6776,-1700,96,-114,201,-16499,0,-15537,0,8160,8192,7698,36,-4336,-104,40,14
2089569892,-5038,6122,-1330,8,-129,305,0,0,-7,-1,-17497,0,5842,154,-5458,-94,8,8
2089619892,-6190,7066,-1318,82,50,13,8160,8192,20068,31884,645,8192,3166,-614,-8248,-112,3,18
2089669892,-5864,6466,-1712,16,-94,96,-16493,0,-15537,0,8160,8192,6244,366,-5868,-95,19,44
2089719892,-4292,5544,-820,-21,-256,-242,-16492,0,-15537,0,8160,8192,5844,-404,-6524,-95,30,50
2089769892,-5754,6516,-1260,120,-221,-159,0,0,-7,-1,-17490,0,6636,606,-5606,-111,59,40
2089819892,-4894,6528,-1412,-53,-385,-101,-16488,0,-15537,0,8160,8192,6714,-696,-5278,-108,19,30
2089869892,-5230,5504,-410,137,111,130,-16485,0,-15537,0,8160,8192,5536,-2398,-6174,-105,1,33
2089919892,-6092,5888,-678,-122,458,385,0,0,-7,-1,-17484,0,6624,-2608,-2746,-119,-20,26
2089969892,-7228,6508,-794,-36,507,510,-18482,0,-15537,0,8160,8192,5768,-1322,-6608,-87,-17,33
2090019892,-5950,6170,-896,101,-91,-201,8160,8192,0,0,645,8192,7090,-876,-5056,-112,12,22
2090069892,-6342,5922,-616,150,41,238,-17478,0,-15537,0,8160,8192,5990,-1390,-5916,-107,66,29
2090119892,-5418,6018,-720,118,-332,-442,-16475,0,-15537,0,8160,8192,5786,-1556,-6002,-109,52,42
2090169892,-5952,6044,-844,60,-38,252,8160,8192,0,0,645,8192,5712,-1278,-6160,-104,49,32
2090219892,-6358,6030,-652,-4,102,528,-17471,0,-15537,0,8160,8192,5754,-1688,-6022,-109,38,30
2090269892,-7310,5576,336,134,193,656,-17469,0,-15537,0,8160,8192,7428,-3202,-5006,-109,11,35
2090319892,-9628,6602,82,-87,507,837,8160,8192,0,0,645,8192,6692,-4554,-6320,-108,53,28
2090369892,-6450,2550,1558,-140,543,1350,-18467,0,-15537,0,8160,8192,6454,-3900,-5920,-103,54,40
2090419892,-9238,7072,190,-50,221,375,-16464,0,-15537,0,8160,8192,7252,-1114,-6332,-61,81,38
2090469892,-6696,6314,-1538,7,25,95,-16463,0,-15537,0,8160,8192,9516,-1380,-5280,-109,100,7
2090519892,-4704,8452,-5404,-353,-332,-1048,0,0,-7,-1,-16462,0,11716,4662,-8094,-46,169,71
2090569892,-372,5936,-2644,284,-428,-245,8160,8192,-12972,31898,645,8192,5246,78,-2630,-86,69,75
2090619892,-9020,3942,-750,-128,1090,1739,0,0,-7,-1,-17458,0,4868,250,-6184,-130,129,10
2090669892,-1614,6700,-3158,-209,-548,-1019,-16456,0,-15537,0,8160,8192,2436,4062,-4980,-106,100,35
2090719892,-2818,8984,-3104,853,-810,-946,-18453,0,-15537,0,8160,8192,6574,1414,-7542,-112,20,51
2090769892,-1960,8918,-3312,-40,72,401,8160,8192,0,0,645,8192,7450,4064,-6054,-118,-40,15
2090819892,-1500,7622,-3718,154,-209,284,-16448,0,-15537,0,8160,8192,5534,3366,-6250,-126,-41,30
2090869892,-1966,8030,-3644,-21,172,770,-16446,0,-15537,0,8160,8192,6526,3928,-4880,-116,7,23
2090919892,-3082,7716,-2346,91,173,749,8160,8192,9348,31904,645,8192,5608,1142,-5906,-126,26,12
2090969892,-4670,6356,-2390,-74,508,1265,-16440,0,-15537,0,8160,8192,5778,394,-6358,-129,21,35
2091019892,-2662,7302,-3000,87,-341,-364,8160,8192,-21724,31905,645,8192,5922,2100,-5970,-116,70,26
2091069892,-2946,7770,-2350,311,-473,-586,-16435,0,-15537,0,8160,8192,5764,1058,-5978,-118,12,22
2091119892,-4054,7002,-1584,-85,197,581,-16432,0,-15537,0,8160,8192,5672,502,-6578,-104,-7,24
2091169892,-4844,6890,-1568,82,-129,36,8160,8192,-2796,31907,645,8192,5912,-324,-6126,-110,31,25
2091219892,-3982,7354,-1922,162,-268,-330,8160,8192,-18332,31908,645,8192,6050,350,-5984,-113,50,31
2091269892,-4782,7324,-1302,99,53,435,8160,8192,31668,31909,645,8192,5972,-856,-6008,-112,60,35
2091319892,-4594,7110,-1258,142,-117,9,-16421,0,-15537,0,8160,8192,5914,-212,-6004,-109,52,27
2091369892,-3720,7132,-1868,227,-274,-121,-17419,0,-15537,0,8160,8192,5752,332,-6108,-103,10,29
2091419892,-4030,7444,-1806,114,-171,58,0,0,-7,-1,-16416,0,6008,156,-5980,-106,1,32
2091469892,-4410,7190,-1792,18,35,303,-16414,0,-15537,0,8160,8192,5746,406,-6032,-110,28,30
2091519892,-4184,7090,-1640,215,-224,-93,8160,8192,0,0,645,8192,5676,-102,-6120,-105,50,30
2091569892,-4214,7174,-1714,85,-93,55,8160,8192,0,0,645,8192,5922,104,-5864,-109,35,35
2091619892,-4358,7122,-1672,107,-86,153,0,0,-7,-1,-17407,0,5892,48,-6046,-107,31,33
2091669892,-4038,7222,-1880,111,-143,-13,-17406,0,-15537,0,8160,8192,5794,328,-5998,-110,30,29
2091719892,-4370,7090,-1680,118,-69,191,-18403,0,-15537,0,8160,8192,5912,-116,-6004,-107,33,33
2091769892,-4128,7032,-1846,69,-114,26,-16401,0,-15537,0,8160,8192,5704,230,-6076,-108,22,32
2091819892,-4208,7204,-1836,129,-116,94,8160,8192,-8156,31917,645,8192,5806,208,-5974,-111,25,34
2091869892,-3936,7146,-1866,68,-99,85,0,0,-7,-1,-16396,0,5646,396,-5948,-107,25,30
2091919892,-4104,7152,-1806,125,-118,59,-16394,0,-15537,0,8160,8192,5964,184,-6002,-111,34,35
2091969892,-4164,6984,-1594,87,-82,91,-16391,0,-15537,0,8160,8192,5910,-118,-5964,-106,34,30
2092019892,-4138,7212,-1802,110,-127,34,8160,8192,0,0,645,8192,5888,332,-5934,-106,33,34
2092069892,-4216,7098,-1640,113,-96,89,-16389,0,-15537,0,8160,8192,5790,-116,-6100,-113,36,35
2092119892,-4250,7092,-1728,107,-91,126,8160,8192,29700,31922,645,8192,5768,86,-6236,-105,31,30
2092169892,-3874,6908,-1800,106,-225,-202,-16386,0,-15537,0,8160,8192,5714,160,-6116,-108,33,32
2092219892,-4054,7124,-1870,53,-52,148,-16383,0,-15537,0,8160,8192,5740,478,-5980,-107,27,33
2092269892,-3922,7254,-1688,118,-148,-3,-16382,0,-15537,0,8160,8192,5916,202,-5990,-100,33,26
2092319892,-4516,7220,-1834,47,-2,191,-16380,0,-15537,0,8160,8192,5906,150,-6002,-109,42,32
2092369892,-4124,7124,-1914,98,-96,70,8160,8192,0,0,645,8192,5756,324,-6056,-101,43,29
2092419892,-4180,7098,-1818,100,-105,16,8160,8192,0,0,645,8192,5526,102,-6208,-102,42,28
2092469892,-4162,7210,-1848,102,-92,90,-18376,0,-15537,0,8160,8192,6004,252,-5918,-112,36,35
2092519892,-4118,7236,-1870,96,-117,33,-17375,0,-15537,0,8160,8192,5984,214,-6002,-102,33,29
2092569892,-4026,7086,-1816,87,-121,30,-18374,0,-15537,0,8160,8192,5650,320,-6034,-105,29,28
2092619892,-3798,7410,-2080,122,-214,-162,0,0,-7,-1,-16373,0,6204,778,-5760,-106,31,34
2092669892,-3974,7034,-2024,106,-186,-126,8160,8192,-10124,31930,645,8192,5638,860,-6290,-104,32,35
2092719892,-3548,7230,-2324,98,-261,-173,-17369,0,-15537,0,8160,8192,5712,736,-5938,-106,9,32
2092769892,-3300,7374,-2136,132,-312,-232,-16366,0,-15537,0,8160,8192,5722,1160,-6064,-105,-4,34
2092819892,-3616,7232,-2128,108,-247,-228,8160,8192,8804,31933,645,8192,5684,966,-6122,-100,23,28
2092869892,-3328,8292,-1722,65,-89,98,-16361,0,-15537,0,8160,8192,6156,972,-5644,-107,43,28
2092919892,-4246,7406,-2312,249,-528,-732,-16359,0,-15537,0,8160,8192,4412,2274,-6150,-100,66,33
2092969892,-4348,7344,-2116,225,-396,-447,8160,8192,0,0,645,8192,5210,410,-6788,-100,8,25
2093019892,-4420,6964,-1866,222,-448,-410,-18356,0,-15537,0,8160,8192,5978,476,-5852,-105,27,29
2093069892,-4266,6990,-2220,158,-329,-367,-16354,0,-15537,0,8160,8192,5900,820,-6378,-95,35,29
2093119892,-4270,6768,-1876,138,-268,-229,-16353,0,-15537,0,8160,8192,5616,1138,-6270,-111,56,12
2093169892,-4784,7018,-2026,272,-543,-684,8160,8192,0,0,645,8192,3188,894,-7928,-99,65,23
2093219892,-4398,6986,-2358,237,-389,-307,-17349,0,-15537,0,8160,8192,7512,1006,-4746,-94,24,19
2093269892,-3300,6166,-1820,106,-227,1,-16346,0,-15537,0,8160,8192,6630,1742,-5372,-88,36,18
2093319892,-4888,7202,-2182,135,-119,157,-16345,0,-15537,0,8160,8192,6212,878,-6292,-99,46,11
2093369892,-4406,6620,-2026,47,-79,254,0,0,-7,-1,-16343,0,5326,228,-5306,-92,30,18
2093419892,-4654,6382,-1490,87,-185,233,8160,8192,0,0,645,8192,7590,206,-4870,-100,12,48
2093469892,-5538,6882,-1470,19,-70,-7,-16340,0,-15537,0,8160,8192,7116,1412,-2552,-99,21,53
2093519892,-5430,6696,-1848,1,-136,86,0,0,-7,-1,-17338,0,3828,-804,-7712,-104,33,33
2093569892,-4954,5988,-738,3,-171,-97,-16336,0,-15537,0,8160,8192,7248,936,-4860,-95,5,49
2093619892,-6616,7676,-1926,20,-310,-177,-16335,0,-15537,0,8160,8192,5872,-1732,-4972,-110,49,24
2093669892,-5826,6400,-668,107,-83,-11,0,0,-7,-1,-16332,0,5300,-1450,-6080,-122,12,29
2093719892,-5020,6184,-1148,-102,76,239,8160,8192,0,0,645,8192,5430,-1052,-6928,-119,23,38
2093769892,-6856,7106,-516,47,596,690,-16329,0,-15537,0,8160,8192,5340,-1050,-7284,-105,0,33
2093819892,-6844,6340,-1218,43,176,416,0,0,-7,-1,-17327,0,6096,-1116,-6308,-103,73,24
2093869892,-5782,5340,32,302,-216,-219,-16325,0,-15537,0,8160,8192,6256,-1496,-6052,-111,32,30
2093919892,-5928,6122,-890,119,-273,-369,0,0,-7,-1,-17322,0,6112,-1076,-5818,-112,36,23
2093969892,-6228,5790,-348,55,20,313,0,0,-7,-1,-16320,0,5710,-1500,-6086,-107,54,27
2094019892,-5968,6138,-870,-2,-98,231,-16318,0,-15537,0,8160,8192,5852,-1322,-5996,-109,25,39
2094069892,-6274,5652,-294,152,4,261,-16317,0,-15537,0,8160,8192,5692,-2006,-6230,-102,44,36
2094119892,-6768,5932,-10,122,86,372,8160,8192,0,0,645,8192,5488,-2502,-6506,-100,45,39
2094169892,-6934,4742,744,61,255,749,-16312,0,-15537,0,8160,8192,5614,-2860,-6392,-107,23,22
2094219892,-8488,5874,626,-196,587,1159,8160,8192,0,0,645,8192,3948,-3278,-8382,-106,41,22
2094269892,-9558,6066,996,19,523,1029,0,0,-7,-1,-16310,0,5566,-4118,-6726,-96,-1,29
2094319892,-7556,4078,-818,137,-114,345,-18309,0,-15537,0,8160,8192,9098,642,-6290,-73,4,46
2094369892,-3740,8442,-2356,-119,-361,-784,0,0,-7,-1,-16306,0,4684,1250,-7426,-87,84,70
2094419892,-2574,7106,-1958,268,-241,-220,-16304,0,-15537,0,8160,8192,5034,2134,-5294,-123,95,2
2094469892,-4254,3502,-2398,173,272,1082,5544,8192,-7,-1,-15952,0,6338,168,-4836,-94,9,44
2094519892,-2786,5144,-2216,0,-342,-314,-16301,0,-15537,0,8160,8192,6774,708,-5360,-130,30,64
2094569892,-3554,8634,-3358,432,-491,-686,0,0,-7,-1,-16298,0,3108,882,-5584,-93,84,31
2094619892,-3074,7336,-1938,335,-318,4,8160,8192,-26204,31960,645,8192,5864,2138,-6060,-119,-19,55
2094669892,-2610,7794,-3128,-118,278,555,-16294,0,-15537,0,8160,8192,5674,5088,-5744,-117,15,34
2094719892,-1528,8878,-4388,227,-417,-395,8160,8192,8260,31962,645,8192,9336,5934,-2016,-111,-21,29
2094769892,-1774,8572,-3584,117,-174,126,8160,8192,0,0,645,8192,5582,3496,-6020,-119,-40,14
2094819892,-5242,7350,-1308,-131,777,2036,-16287,0,-15537,0,8160,8192,5398,-780,-6340,-118,-17,14
2094869892,-4360,7418,-2202,220,-35,568,-16284,0,-15537,0,8160,8192,5626,1236,-5918,-122,37,34
2094919892,-2342,7480,-2762,304,-534,-1156,0,0,-7,-1,-16282,0,5400,1672,-6002,-110,40,19
2094969892,-3178,7410,-1912,118,102,733,-17280,0,-15537,0,8160,8192,5440,850,-6370,-104,2,31
2095019892,-4444,7052,-1922,104,128,545,-16278,0,-15537,0,8160,8192,5568,100,-5988,-104,51,25
2095069892,-4168,7432,-1574,156,-233,-250,0,0,-7,-1,-16275,0,5472,22,-6386,-106,64,27
2095119892,-4268,7100,-1750,119,-47,173,0,0,-7,-1,-17272,0,5786,298,-6280,-111,75,31
2095169892,-4412,6852,-1568,144,-82,70,-16269,0,-15537,0,8160,8192,5844,-360,-5982,-102,72,24
2095219892,-3862,7158,-1978,82,-144,-23,-16266,0,-15537,0,8160,8192,5736,682,-6062,-115,26,34
2095269892,-3874,7346,-1868,84,-79,139,-16264,0,-15537,0,8160,8192,5888,316,-6014,-100,16,26
2095319892,-4068,7096,-1750,102,-125,48,-17262,0,-15537,0,8160,8192,5792,88,-6012,-110,22,30
2095369892,-4022,7200,-1852,108,-84,90,0,0,-7,-1,-16260,0,5730,424,-5992,-104,41,27
2095419892,-4254,7060,-1504,107,-128,31,0,0,-7,-1,-17257,0,5864,-202,-5914,-108,37,29
2095469892,-4130,7010,-1728,98,-99,78,0,0,-7,-1,-17255,0,5714,128,-6008,-108,30,31
2095519892,-4108,7048,-1732,95,-122,42,8160,8192,21828,31974,645,8192,5950,76,-5978,-110,24,34
2095569892,-3988,7086,-1758,97,-114,54,0,0,-7,-1,-16250,0,5858,176,-5968,-107,32,32
2095619892,-4178,7226,-1754,96,-105,66,8160,8192,-9244,31975,645,8192,5724,84,-6148,-106,29,30
2095669892,-4068,7182,-1902,86,-117,57,8160,8192,0,0,645,8192,5734,232,-6098,-107,28,34
2095719892,-4058,7176,-1722,102,-113,68,0,0,-7,-1,-17242,0,5776,152,-5876,-108,21,33
2095769892,-4214,7138,-1662,107,-78,133,-17240,0,-15537,0,8160,8192,5732,-16,-6212,-108,32,26
2095819892,-3994,7278,-1812,104,-128,8,-16237,0,-15537,0,8160,8192,5938,330,-5910,-105,42,31
2095869892,-4206,7208,-1646,129,-63,163,0,0,-7,-1,-16235,0,5980,-40,-5930,-108,39,33
2095919892,-3868,7236,-1940,81,-114,42,0,0,-7,-1,-16232,0,5610,398,-6146,-102,30,26
2095969892,-4062,7074,-1762,118,-76,130,8160,8192,13076,31981,645,8192,5882,106,-6048,-105,32,31
2096019892,-4138,7112,-1862,96,-90,118,-16228,0,-15537,0,8160,8192,5882,264,-5848,-103,27,33
2096069892,-4026,7112,-1802,100,-102,68,-16225,0,-15537,0,8160,8192,5768,204,-6034,-102,23,27
2096119892,-4002,7090,-1942,110,-89,157,-16222,0,-15537,0,8160,8192,5940,264,-5872,-110,31,34
2096169892,-3932,7288,-1882,111,-95,87,-16220,0,-15537,0,8160,8192,5998,456,-5882,-106,43,29
2096219892,-3976,7176,-1836,111,-81,106,-16218,0,-15537,0,8160,8192,5738,252,-6058,-108,40,29
2096269892,-3874,7338,-2046,112,-113,67,-16217,0,-15537,0,8160,8192,5704,428,-6118,-106,42,32
2096319892,-4048,7308,-1834,105,-105,88,-18215,0,-15537,0,8160,8192,5550,116,-6184,-106,31,34
2096369892,-3932,7226,-1828,104,-100,81,0,0,-7,-1,-16212,0,6012,200,-5866,-104,34,26
2096419892,-3966,7232,-1864,106,-121,54,-16212,0,-15537,0,8160,8192,5682,194,-6096,-111,33,34
2096469892,-4012,7148,-1798,104,-98,91,-18210,0,-15537,0,8160,8192,5736,208,-6082,-104,33,33
2096519892,-4060,7136,-1748,106,-97,88,8160,8192,-26748,31989,645,8192,5612,170,-6118,-103,35,33
2096569892,-3894,7292,-2004,99,-106,45,0,0,-7,-1,-16206,0,6002,272,-6000,-105,34,26
2096619892,-3826,7256,-2022,82,-117,39,0,0,-7,-1,-16203,0,5656,466,-6130,-105,26,30
2096669892,-3418,7352,-2204,57,-178,-81,-17201,0,-15537,0,8160,8192,5828,798,-6062,-106,16,36
2096719892,-3828,7490,-1964,81,-141,37,-16199,0,-15537,0,8160,8192,5834,680,-6016,-106,14,34
2096769892,-3726,7430,-2186,52,-176,-67,-18197,0,-15537,0,8160,8192,5788,944,-5962,-106,16,31
2096819892,-3806,7284,-2058,84,-230,-250,-16195,0,-15537,0,8160,8192,5752,634,-5956,-106,2,31
2096869892,-3810,7408,-2126,124,-277,-226,8160,8192,-4428,31994,645,8192,5824,596,-5956,-101,27,34
2096919892,-4234,6900,-2012,79,-218,-333,8160,8192,0,0,645,8192,5506,528,-6178,-104,63,26
2096969892,-3470,6908,-1892,318,-610,-836,8160,8192,0,0,645,8192,5616,554,-6046,-103,57,24
2097019892,-2408,5492,-1824,229,-441,-420,-16188,0,-15537,0,8160,8192,5790,770,-6312,-109,28,23
2097069892,-4266,7224,-2266,48,-161,-83,-16186,0,-15537,0,8160,8192,5874,602,-6004,-101,26,29
2097119892,-4242,6896,-1786,174,-331,-294,8160,8192,-16572,31998,645,8192,5732,176,-6204,-97,36,28
2097169892,-4454,7104,-2126,74,-217,-256,-17182,0,-15537,0,8160,8192,5728,600,-5912,-103,35,25
2097219892,-4482,6876,-1770,194,-347,-267,8160,8192,17892,32000,645,8192,6214,14,-5482,-89,14,32
2097269892,-4330,7142,-2210,155,-329,-360,8160,8192,0,0,645,8192,4874,134,-6372,-113,59,16
2097319892,-5274,7142,-2350,271,-458,-429,8160,8192,-13180,32001,645,8192,3118,742,-8364,-103,41,22
2097369892,-4542,7086,-1912,178,-411,-416,8160,8192,0,0,645,8192,4998,826,-6836,-98,15,28
2097419892,-4558,6912,-2110,208,-352,-287,-16172,0,-15537,0,8160,8192,6072,1630,-5820,-108,41,17
2097469892,-4358,6900,-2496,151,-354,-128,0,0,-7,-1,-17170,0,6802,1272,-5870,-91,-15,16
2097519892,-3628,6044,-1228,72,-148,92,0,0,-7,-1,-16168,0,6150,2930,-6180,-110,29,18
2097569892,-5272,7060,-2218,31,-95,271,8160,8192,-25324,32005,645,8192,5574,818,-6400,-96,10,43
2097619892,-5170,6752,-1880,12,-159,161,-16165,0,-15537,0,8160,8192,4834,218,-4766,-121,21,32
2097669892,-5620,7364,-2258,-31,-73,216,-16163,0,-15537,0,8160,8192,6474,-922,-5126,-113,14,8
2097719892,-5126,6116,-1036,57,-150,60,-17160,0,-15537,0,8160,8192,5646,-100,-5144,-105,-30,21
2097769892,-5334,6116,-824,66,-233,-164,-16159,0,-15537,0,8160,8192,5084,-68,-6394,-107,47,39
2097819892,-5730,6950,-1700,-15,-375,-224,0,0,-7,-1,-16156,0,7118,-556,-4940,-105,6,34
2097869892,-5926,6722,-1192,90,47,63,8160,8192,12532,32010,645,8192,4724,-392,-6294,-100,32,47
2097919892,-6904,6928,-154,112,505,764,-17152,0,-15537,0,8160,8192,6378,-1642,-5594,-115,35,29
2097969892,-7096,6900,-1806,-164,306,609,-16150,0,-15537,0,8160,8192,7156,-1346,-5152,-112,-2,19
2098019892,-6908,6476,-1076,310,-104,118,8160,8192,0,0,645,8192,6812,-1916,-5300,-101,68,36
2098069892,-6002,5946,-436,182,-203,-374,8160,8192,0,0,645,8192,5656,-1076,-6020,-106,62,26
2098119892,-6080,5830,-738,154,-203,-124,-16143,0,-15537,0,8160,8192,5882,-1746,-6054,-113,43,33
2098169892,-6038,5646,-752,-56,94,426,0,0,-7,-1,-16142,0,5902,-1482,-5906,-99,48,25
2098219892,-6880,5914,-310,57,67,527,8160,8192,0,0,645,8192,5672,-2296,-6230,-97,33,40
2098269892,-7496,6438,-622,8,169,406,0,0,-7,-1,-17137,0,5412,-3162,-6206,-104,39,24
2098319892,-8102,6276,284,73,232,734,-16134,0,-15537,0,8160,8192,5574,-3986,-6828,-92,1,32
2098369892,-9066,5046,1582,-224,850,1657,8160,8192,-11756,32017,645,8192,6818,-4518,-6118,-88,38,42
2098419892,-7038,4838,432,-68,204,469,-16131,0,-15537,0,8160,8192,5308,-4582,-6054,-83,12,34
2098469892,-6244,6692,-1360,14,-44,-149,0,0,-7,-1,-16129,0,3664,-936,-7240,-103,159,20
2098519892,-3582,10192,-2058,-416,-32,-458,0,0,-7,-1,-17127,0,3308,3646,-10896,-78,84,55
2098569892,-2824,5742,-1666,38,113,-153,-16126,0,-15537,0,8160,8192,5478,1008,-5398,-115,129,23
2098619892,-6740,7976,-2920,37,197,1157,-16126,0,-15537,0,8160,8192,10186,-4202,-5314,-131,18,58
2098669892,-710,6304,-2896,-93,-501,-854,0,0,-7,-1,-16123,0,5552,4284,-6480,-111,62,35
2098719892,-1484,7384,-2468,937,-1088,-1269,0,0,-7,-1,-16122,0,6520,4296,-5246,-99,-5,41
2098769892,-3262,7958,-2532,22,252,907,-18121,0,-15537,0,8160,8192,6234,2600,-5454,-113,-2,33
2098819892,-942,7352,-4174,-248,208,663,8160,8192,-20508,32024,645,8192,4950,4498,-6234,-119,-44,19
2098869892,434,8266,-4634,309,-559,-628,-16116,0,-15537,0,8160,8192,6794,5232,-5780,-105,15,2
2098919892,-3606,8036,-1628,263,196,954,-17113,0,-15537,0,8160,8192,6166,-346,-6300,-115,34,19
2098969892,-6720,5868,-1532,-232,1381,2588,8160,8192,-1580,32026,645,8192,4654,238,-6806,-125,36,30
2099019892,-3618,7758,-2018,23,-585,-894,-16109,0,-15537,0,8160,8192,6030,416,-6038,-125,32,41
2099069892,-2690,7640,-2798,124,-270,-409,-16107,0,-15537,0,8160,8192,5998,2184,-5912,-111,37,17
2099119892,-4416,7038,-1858,22,-22,129,-16104,0,-15537,0,8160,8192,5456,338,-6458,-93,6,13
2099169892,-4124,6864,-2160,-78,-5,165,0,0,-7,-1,-17101,0,5188,600,-6312,-114,13,29
2099219892,-3782,7502,-1844,334,-467,-545,-16098,0,-15537,0,8160,8192,6002,84,-5912,-105,68,28
2099269892,-3854,7302,-2022,-48,118,338,0,0,-7,-1,-17096,0,5440,360,-6348,-116,66,33
2099319892,-5176,5734,-2196,4,197,637,0,0,-7,-1,-16094,0,5772,194,-6004,-109,87,35
2099369892,-4008,6912,-1794,155,-248,-284,8160,8192,5204,32033,645,8192,5678,-40,-5910,-100,58,26
2099419892,-3708,7290,-2148,61,-186,-85,0,0,-7,-1,-16090,0,5774,836,-5958,-99,-6,22
2099469892,-4294,7244,-1628,47,3,329,-16087,0,-15537,0,8160,8192,5888,-146,-5958,-103,5,29
2099519892,-4060,6880,-1868,77,-166,-109,-16084,0,-15537,0,8160,8192,5676,230,-6032,-105,14,29
2099569892,-4362,7166,-1620,140,-116,88,-18081,0,-15537,0,8160,8192,5684,30,-6150,-104,35,29
2099619892,-4328,7152,-1696,75,-93,82,8160,8192,-6940,32036,645,8192,5776,120,-6040,-107,42,28
2099669892,-4090,6956,-1840,95,-106,72,8160,8192,-22476,32037,645,8192,5812,234,-6024,-106,27,31
2099719892,-4170,7306,-1784,100,-105,89,0,0,-7,-1,-17074,0,5806,118,-5988,-104,33,33
2099769892,-4362,7090,-1686,82,-63,94,-16072,0,-15537,0,8160,8192,5758,56,-6108,-100,38,25
2099819892,-4198,7072,-1738,97,-105,78,-17072,0,-15537,0,8160,8192,5798,138,-6006,-104,26,29
2099869892,-4228,7188,-1716,103,-89,95,-16069,0,-15537,0,8160,8192,5796,78,-5942,-104,32,30
2099919892,-4234,7258,-1780,94,-82,90,8160,8192,0,0,645,8192,5838,162,-6184,-110,38,35
2099969892,-4138,7102,-1878,108,-106,74,-18065,0,-15537,0,8160,8192,5978,192,-6124,-109,35,36
2100019892,-4100,7158,-1836,79,-46,150,0,0,-7,-1,-16062,0,5986,192,-5858,-103,42,27
2100069892,-4144,7072,-1738,127,-125,20,8160,8192,-15692,32043,645,8192,5840,206,-6008,-108,43,29
2100119892,-4092,6968,-1854,95,-104,62,8160,8192,0,0,645,8192,5964,134,-5778,-111,29,32
2100169892,-4152,7266,-1706,92,-92,81,-16056,0,-15537,0,8160,8192,6042,164,-5864,-103,28,27
2100219892,-4056,7000,-1836,95,-119,63,8160,8192,3236,32046,645,8192,5926,150,-5888,-110,21,38
2100269892,-4168,7128,-1668,75,-61,165,0,0,-7,-1,-17052,0,5672,-36,-6074,-101,26,27
2100319892,-4026,7152,-1804,106,-140,3,8160,8192,-27836,32047,645,8192,5602,266,-6182,-104,34,27
2100369892,-3966,7254,-1908,120,-118,46,-18049,0,-15537,0,8160,8192,5914,408,-5984,-105,31,29
2100419892,-4180,7150,-1756,97,-84,110,8160,8192,0,0,645,8192,5588,178,-6186,-100,33,26
2100469892,-3976,7316,-1908,97,-127,30,-17045,0,-15537,0,8160,8192,6062,314,-5978,-107,25,30
2100519892,-3914,7218,-1994,122,-162,-17,8160,8192,0,0,645,8192,5616,502,-6166,-108,28,32
2100569892,-4160,7188,-1820,86,-129,12,-16040,0,-15537,0,8160,8192,5618,182,-6100,-104,15,27
2100619892,-3748,7054,-2034,80,-211,-132,-16039,0,-15537,0,8160,8192,5762,642,-6074,-108,15,33
2100669892,-3858,7058,-1874,113,-203,-120,8160,8192,-5516,32052,645,8192,5672,324,-5982,-101,31,32
2100719892,-4018,7130,-1828,104,-181,-83,0,0,-7,-1,-16034,0,5738,430,-6170,-105,23,30
2100769892,-3738,7590,-2324,122,-266,-239,0,0,-7,-1,-17032,0,5848,966,-5936,-102,30,30
2100819892,-3860,7278,-2036,138,-246,-139,-18030,0,-15537,0,8160,8192,5860,676,-5910,-106,25,32
2100869892,-3840,7372,-2174,96,-212,-174,0,0,-7,-1,-16028,0,6052,958,-5892,-104,28,29
2100919892,-4358,6722,-1614,140,-230,-211,-18027,0,-15537,0,8160,8192,5968,516,-6124,-104,38,27
2100969892,-3256,6126,-1546,151,-283,-255,0,0,-7,-1,-16026,0,4888,366,-6842,-108,51,25
2101019892,-4102,6254,-1274,31,-57,44,-18024,0,-15537,0,8160,8192,5418,306,-6502,-101,34,26
2101069892,-4154,6778,-1662,51,-105,40,-16023,0,-15537,0,8160,8192,6382,-404,-5894,-106,32,29
2101119892,-4664,7008,-2116,104,-270,-337,-16021,0,-15537,0,8160,8192,6440,768,-5462,-102,51,30
2101169892,-4144,6578,-1864,336,-583,-670,8160,8192,0,0,645,8192,5488,494,-6088,-105,41,25
2101219892,-4096,7034,-2230,255,-546,-625,0,0,-7,-1,-16017,0,5304,1232,-6600,-96,24,38
2101269892,-4164,6966,-2430,208,-471,-578,-17014,0,-15537,0,8160,8192,6474,636,-5634,-107,60,16
2101319892,-5380,7610,-2372,266,-405,-340,0,0,-7,-1,-16012,0,5360,1258,-5866,-98,47,25
2101369892,-4766,7316,-2446,165,-381,-362,-16009,0,-15537,0,8160,8192,5264,1814,-6132,-95,10,26
2101419892,-4428,6752,-1946,205,-328,-130,8160,8192,0,0,645,8192,5994,1926,-5804,-110,13,12
2101469892,-4204,7000,-2478,94,-289,-9,-16004,0,-15537,0,8160,8192,8034,2042,-5878,-95,-22,21
2101519892,-4828,7016,-2258,83,-149,150,8160,8192,-7484,32065,645,8192,5654,2440,-6186,-115,21,28
2101569892,-4972,7056,-1990,26,-104,181,-16002,0,-15537,0,8160,8192,4022,788,-7444,-98,0,46
2101619892,-4546,6632,-2296,-115,-231,114,-16000,0,-15537,0,8160,8192,5872,1744,-6634,-112,-2,39
2101669892,-5676,7518,-1628,17,-19,193,8160,8192,0,0,645,8192,4110,-574,-6846,-78,46,44
2101719892,-5036,6192,-1220,-7,-338,-314,-15997,0,-15537,0,8160,8192,5030,-1610,-6092,-101,9,56
2101769892,-5896,7140,-1396,63,-350,-119,5544,8192,-7,-1,-17862,0,6130,562,-5832,-116,62,26
2101819892,-5980,5706,-410,93,5,164,-15993,0,-15537,0,8160,8192,5730,-1604,-5910,-112,33,39
2101869892,-6012,5900,-542,-42,529,330,8160,8192,14836,32071,645,8192,5266,-2460,-7050,-136,54,22
2101919892,-6582,5772,268,-63,969,1130,-15989,0,-15537,0,8160,8192,7170,-1548,-5730,-117,35,9
2101969892,-9148,7758,-1412,11,301,477,-15988,0,-15537,0,8160,8192,7362,-1484,-4486,-111,53,28
2102019892,-6136,5830,-408,316,-374,-589,5544,8192,-7,-1,-16204,0,5510,-1356,-6418,-109,62,21
2102069892,-5680,5702,-590,327,-446,-550,8160,8192,0,0,645,8192,5214,-1854,-6436,-107,76,40
2102119892,-6786,5470,-394,-121,297,723,-15981,0,-15537,0,8160,8192,5718,-2608,-6166,-102,34,33
2102169892,-6844,5314,-52,-19,86,495,-15979,0,-15537,0,8160,8192,6206,-2928,-5738,-101,13,26
2102219892,-7504,5424,714,74,150,584,0,0,-7,-1,-15976,0,6640,-3740,-5524,-101,2,28
2102269892,-8168,5296,510,-80,469,944,8160,8192,0,0,645,8192,6452,-4238,-5440,-84,64,29
2102319892,-8674,4532,536,-78,333,807,-15974,0,-15537,0,8160,8192,10176,-5582,-4944,-85,13,19
2102369892,-7888,7364,460,98,226,847,-17972,0,-15537,0,8160,8192,6128,-3670,-5746,-80,2,24
2102419892,-3500,6590,-1410,-147,-307,-550,-17969,0,-15537,0,8160,8192,5768,1096,-4908,-83,29,35
2102469892,-2666,6798,-1574,224,-297,-49,0,0,-7,-1,-15969,0,7042,1346,-6612,-84,62,74
2102519892,-2384,6796,-3284,42,68,34,-16965,0,-15537,0,8160,8192,5960,3614,-4982,-116,92,15
2102569892,-5184,7366,-1938,362,-286,466,8160,8192,-6060,32081,645,8192,6396,1550,-7352,-109,-28,66
2102619892,-4378,5464,-2104,48,70,367,-15960,0,-15537,0,8160,8192,2376,2282,-6680,-115,63,38
2102669892,-2816,7632,-3224,237,-531,-1136,0,0,-7,-1,-15955,0,7958,3248,-6848,-109,60,26
2102719892,-4196,8166,-2216,269,-205,337,-16951,0,-15537,0,8160,8192,5552,1540,-6104,-91,-12,54
2102769892,-1864,8124,-3460,-142,78,250,8160,8192,0,0,645,8192,6004,1874,-6074,-114,18,17
2102819892,-2092,9188,-4118,317,-276,-102,-17946,0,-15537,0,8160,8192,6738,4900,-5852,-123,33,19
2102869892,-2142,8426,-3006,192,-187,40,0,0,-7,-1,-15944,0,5994,2528,-5636,-109,17,17
2102919892,-3850,7222,-1848,-139,587,1700,-15942,0,-15537,0,8160,8192,5890,2,-5824,-131,-41,22
2102969892,-3804,8086,-2494,157,-145,263,-15940,0,-15537,0,8160,8192,5918,2416,-5796,-113,22,19
2103019892,-2668,8058,-2560,325,-230,-193,-15937,0,-15537,0,8160,8192,5936,2140,-5990,-122,99,22
2103069892,-2734,7836,-2502,234,-160,-5,8160,8192,-30348,32089,645,8192,6000,976,-5934,-113,37,30
2103119892,-4726,6704,-1730,162,223,775,-15932,0,-15537,0,8160,8192,6000,-168,-5602,-93,46,18
2103169892,-4290,7172,-1442,80,-262,-213,-15930,0,-15537,0,8160,8192,5850,-236,-6122,-107,25,33
2103219892,-4352,6870,-1510,165,-52,163,0,0,-7,-1,-16928,0,5298,-290,-6402,-116,65,36
2103269892,-3912,7104,-2014,128,-86,74,-15927,0,-15537,0,8160,8192,5798,460,-6116,-96,78,28
2103319892,-3884,7268,-1980,120,-99,53,-15923,0,-15537,0,8160,8192,5750,680,-6014,-112,45,31
2103369892,-3232,7406,-2348,42,-133,1,0,0,-7,-1,-15921,0,5656,1230,-6080,-93,23,23
2103419892,-4206,7124,-1790,125,-27,311,8160,8192,-8028,32094,645,8192,5720,344,-6098,-104,7,28
2103469892,-3972,7330,-1924,41,-182,-69,0,0,-7,-1,-16918,0,5806,234,-5986,-103,10,29
2103519892,-4670,6992,-1324,131,-20,246,-15917,0,-15537,0,8160,8192,5838,-576,-6198,-105,31,27
2103569892,-3972,7220,-1906,62,-187,-116,0,0,-7,-1,-16914,0,5728,164,-6188,-108,33,28
2103619892,-4168,7266,-1786,135,-61,171,-15913,0,-15537,0,8160,8192,5940,262,-6012,-107,32,30
2103669892,-3912,7242,-1880,70,-136,22,-17910,0,-15537,0,8160,8192,5772,342,-6060,-102,20,30
2103719892,-4112,7134,-1834,99,-88,91,-17907,0,-15537,0,8160,8192,5794,288,-5982,-99,28,28
2103769892,-3974,6980,-1778,100,-91,101,8160,8192,14292,32100,645,8192,5644,268,-6258,-107,37,34
2103819892,-4070,7248,-1842,93,-110,51,-16902,0,-15537,0,8160,8192,5810,424,-6036,-103,35,29
2103869892,-4054,7094,-1698,116,-62,125,-15900,0,-15537,0,8160,8192,5834,228,-6032,-105,51,32
2103919892,-4056,6998,-1922,100,-114,33,-15899,0,-15537,0,8160,8192,5726,200,-6048,-106,41,35
2103969892,-4042,6988,-1752,111,-79,102,-17896,0,-15537,0,8160,8192,5898,178,-5980,-102,37,28
2104019892,-4124,7170,-1752,97,-100,73,-15895,0,-15537,0,8160,8192,5678,46,-5950,-106,35,31
2104069892,-4058,7188,-1888,100,-80,101,-15893,0,-15537,0,8160,8192,5930,280,-5870,-103,30,31
2104119892,-4184,7104,-1772,114,-68,162,0,0,-7,-1,-15891,0,5772,60,-5924,-103,28,30
2104169892,-3756,7344,-2082,86,-142,-27,-15889,0,-15537,0,8160,8192,5660,522,-6026,-107,44,30
2104219892,-3956,7204,-1902,122,-66,135,-15886,0,-15537,0,8160,8192,5744,238,-5874,-103,39,27
2104269892,-4008,7254,-1866,87,-133,32,8160,8192,0,0,645,8192,5800,246,-6024,-108,27,37
2104319892,-4118,7242,-1730,106,-121,69,0,0,-7,-1,-16882,0,5768,200,-5988,-105,20,32
2104369892,-4012,7186,-1764,90,-118,53,0,0,-7,-1,-16879,0,5894,170,-6024,-105,26,32
2104419892,-3968,7218,-1900,102,-124,40,8160,8192,0,0,645,8192,5714,260,-6142,-111,29,36
2104469892,-3926,7168,-1842,100,-104,61,0,0,-7,-1,-15874,0,5778,298,-5974,-102,30,28
2104519892,-3890,7296,-1916,90,-130,-2,8160,8192,-22140,32111,645,8192,5806,470,-5938,-104,34,32
2104569892,-3986,7136,-1788,78,-99,95,8160,8192,27860,32112,645,8192,5658,292,-6150,-103,16,34
2104619892,-4112,7252,-1798,67,-127,35,-15868,0,-15537,0,8160,8192,5734,172,-6084,-106,9,27
2104669892,-3518,7444,-2176,42,-202,-141,-15864,0,-15537,0,8160,8192,5796,1152,-5962,-109,9,33
2104719892,-3250,7694,-2478,197,-374,-358,-16859,0,-15537,0,8160,8192,5792,974,-6000,-104,23,31
2104769892,-3528,7134,-2020,61,-102,60,0,0,-7,-1,-16857,0,5704,492,-6058,-107,38,31
2104819892,-3830,7064,-2316,155,-506,-808,-16855,0,-15537,0,8160,8192,5366,1230,-6166,-105,54,28
2104869892,-3540,7230,-2154,375,-652,-759,-15853,0,-15537,0,8160,8192,5846,684,-5880,-102,35,23
2104919892,-2450,5576,-1806,98,-229,-271,-16851,0,-15537,0,8160,8192,4334,356,-7404,-108,59,22
2104969892,-4870,7432,-2316,51,-82,96,8160,8192,-30892,32118,645,8192,6240,936,-5720,-100,46,27
2105019892,-4492,7344,-2156,113,-251,-251,-15846,0,-15537,0,8160,8192,5634,562,-5902,-106,45,32
2105069892,-3828,6996,-2110,223,-464,-538,-15846,0,-15537,0,8160,8192,4900,418,-6552,-107,37,27
2105119892,-4420,7464,-2310,254,-531,-535,-17844,0,-15537,0,8160,8192,5380,1858,-5880,-94,9,32
2105169892,-4136,6860,-2224,199,-508,-604,0,0,-7,-1,-15840,0,5668,1836,-6142,-108,47,25
2105219892,-4246,6970,-2062,244,-414,-311,-16838,0,-15537,0,8160,8192,6102,1882,-6186,-103,32,27
2105269892,-4924,7280,-2470,129,-301,-162,-15836,0,-15537,0,8160,8192,6984,928,-6406,-93,0,23
2105319892,-4698,7046,-2130,180,-303,-126,0,0,-7,-1,-15833,0,6760,1824,-4908,-95,5,27
2105369892,-5830,8954,-2980,123,-221,127,8160,8192,-24108,32124,645,8192,6388,1562,-5006,-115,9,5
2105419892,-4928,7026,-2476,70,-210,251,-15829,0,-15537,0,8160,8192,5974,1642,-7574,-95,-31,37
2105469892,-2998,5066,-620,-53,-132,128,0,0,-7,-1,-15826,0,3558,-350,-7118,-131,20,18
2105519892,-5980,7510,-2072,32,-29,340,0,0,-7,-1,-15824,0,5076,-1438,-6192,-110,18,10
2105569892,-6024,7548,-2446,-20,-277,-87,-15824,0,-15537,0,8160,8192,5384,338,-7130,-98,-22,36
2105619892,-6056,6902,-1324,181,-348,-292,-17822,0,-15537,0,8160,8192,4912,-1638,-7256,-106,58,30
2105669892,-6106,6694,-1454,-23,-276,-174,0,0,-7,-1,-15819,0,5816,-278,-6722,-113,8,25
2105719892,-4872,6472,-1802,-21,-155,65,-16818,0,-15537,0,8160,8192,6632,-98,-5450,-124,30,51
2105769892,-6194,5648,-36,131,804,882,8160,8192,-17324,32130,645,8192,5980,-1442,-6816,-104,4,34
2105819892,-6436,5412,-8,-121,565,830,-17813,0,-15537,0,8160,8192,5386,-1310,-5690,-96,92,49
2105869892,-6158,5216,-664,205,-151,-286,8160,8192,17140,32132,645,8192,6744,-1536,-5360,-113,34,9
2105919892,-6242,6210,-284,281,-323,-377,-15809,0,-15537,0,8160,8192,5402,-1888,-6040,-98,58,25
2105969892,-6220,5102,72,14,10,194,-15804,0,-15537,0,8160,8192,5978,-1790,-6092,-112,52,41
2106019892,-6386,5782,-740,-54,2,222,0,0,-7,-1,-16803,0,5950,-1402,-6028,-102,23,31
2106069892,-6200,5900,-424,152,-138,190,-15799,0,-15537,0,8160,8192,6164,-1908,-5800,-102,14,29
2106119892,-6442,5608,-290,79,101,381,8160,8192,0,0,645,8192,5892,-2242,-5844,-109,20,25
2106169892,-7286,5632,132,112,180,583,8160,8192,-10540,32136,645,8192,5946,-3346,-6302,-103,49,42
2106219892,-6786,5056,414,-71,358,900,-17793,0,-15537,0,8160,8192,7906,-3840,-4906,-109,5,23
2106269892,-6586,4968,1618,-240,667,1271,0,0,-7,-1,-15791,0,6512,-2420,-5020,-122,86,1
2106319892,-7476,5116,320,57,249,633,-15790,0,-15537,0,8160,8192,1542,-1880,-6560,-69,-1,43
2106369892,-5498,9112,-1572,-120,-226,-340,-17787,0,-15537,0,8160,8192,3344,2490,-8762,-84,35,46
2106419892,-2712,8152,-3368,-57,-247,-624,0,0,-7,-1,-15784,0,4146,302,-5606,-99,104,24
2106469892,-4864,8784,-2888,180,48,719,-16783,0,-15537,0,8160,8192,2432,918,-7788,-110,57,55
2106519892,-5226,8500,-1296,184,-38,525,-17781,0,-15537,0,8160,8192,4890,3888,-8296,-107,32,52
2106569892,-4692,8598,-3306,53,-461,-562,8160,8192,-3756,32142,645,8192,5506,2872,-5964,-86,63,22
2106619892,-4964,8898,-2932,383,-349,-255,-15777,0,-15537,0,8160,8192,5600,2246,-4892,-116,-3,32
2106669892,-3942,8262,-2600,17,-40,195,-15775,0,-15537,0,8160,8192,4382,578,-5768,-82,-23,35
2106719892,-1852,8584,-2840,292,-260,-176,0,0,-7,-1,-16773,0,5300,3668,-5714,-111,8,24
2106769892,-1770,7810,-2932,375,-173,267,8160,8192,-364,32145,645,8192,5698,3936,-5670,-129,50,19
2106819892,-3378,7628,-2242,-59,322,1164,0,0,-7,-1,-16766,0,5734,560,-6110,-109,-37,6
2106869892,-3106,7816,-3162,-149,147,519,0,0,-7,-1,-15764,0,5156,2518,-6098,-130,4,28
2106919892,-4730,7808,-1644,378,143,551,8160,8192,18564,32148,645,8192,5878,1936,-5900,-135,175,43
2106969892,-1788,7972,-3584,152,-550,-1385,0,0,-7,-1,-16758,0,5508,2508,-5884,-119,58,45
2107019892,-3234,7686,-2210,117,232,984,-15754,0,-15537,0,8160,8192,5782,788,-5848,-108,34,19
2107069892,-4922,6678,-1342,115,24,345,0,0,-7,-1,-16750,0,5366,-716,-6174,-88,18,4
2107119892,-4594,7038,-1362,121,-133,128,-15748,0,-15537,0,8160,8192,6112,-92,-5854,-105,-3,21
2107169892,-4434,7164,-1496,147,-173,-36,-17747,0,-15537,0,8160,8192,5706,-380,-5904,-111,55,31
2107219892,-3896,7048,-1812,144,-31,187,0,0,-7,-1,-15745,0,5594,728,-6122,-114,68,35
2107269892,-4122,7158,-1774,151,-62,115,8160,8192,0,0,645,8192,5922,88,-6038,-106,75,32
2107319892,-3456,7416,-2076,41,-181,-52,-15739,0,-15537,0,8160,8192,5700,962,-6114,-97,6,23
2107369892,-4442,7052,-1546,104,-86,198,0,0,-7,-1,-15736,0,5938,-368,-5914,-103,-23,27
2107419892,-3784,7028,-1910,21,-182,-115,-15735,0,-15537,0,8160,8192,5690,390,-6038,-95,-8,20
2107469892,-4484,7204,-1404,147,-125,150,0,0,-7,-1,-15733,0,5946,-74,-5886,-106,17,26
2107519892,-4354,7038,-1588,49,-97,47,0,0,-7,-1,-16732,0,5816,-134,-6014,-106,26,30
2107569892,-4290,7060,-1690,116,-125,19,0,0,-7,-1,-15730,0,5806,52,-6060,-112,38,37
2107619892,-4054,7164,-1750,94,-90,73,8160,8192,-2332,32158,645,8192,5806,210,-5918,-106,45,31
2107669892,-4240,7026,-1692,69,-47,171,8160,8192,0,0,645,8192,5660,110,-6192,-104,31,30
2107719892,-4088,7198,-1820,94,-106,55,-15723,0,-15537,0,8160,8192,5870,114,-6008,-102,23,30
2107769892,-3922,7158,-1816,85,-83,96,8160,8192,0,0,645,8192,5742,378,-6186,-110,31,34
2107819892,-4310,6996,-1690,138,-53,149,-16717,0,-15537,0,8160,8192,5746,-80,-6146,-102,49,28
2107869892,-3896,7188,-1830,98,-121,15,0,0,-7,-1,-15715,0,5808,312,-6074,-109,40,34
2107919892,-4396,7012,-1610,154,-50,182,-15712,0,-15537,0,8160,8192,5920,-120,-5934,-103,42,33
2107969892,-3888,7272,-1826,84,-113,26,-15708,0,-15537,0,8160,8192,5632,308,-6216,-102,41,30
2108019892,-3924,7192,-1662,127,-74,125,-17705,0,-15537,0,8160,8192,5818,56,-6184,-105,42,29
2108069892,-4166,7122,-1722,140,-78,118,-16703,0,-15537,0,8160,8192,6054,120,-5928,-106,50,31
2108119892,-4410,7094,-1632,125,-121,-31,0,0,-7,-1,-16699,0,5976,90,-5982,-105,52,29
2108169892,-3866,7512,-1778,88,-118,28,0,0,-7,-1,-15697,0,5960,58,-5908,-111,43,36
2108219892,-4170,6974,-1696,86,-138,-7,-16695,0,-15537,0,8160,8192,6122,262,-5688,-105,32,32
2108269892,-3894,7374,-1916,127,-150,-5,-15693,0,-15537,0,8160,8192,5662,270,-6106,-102,25,29
2108319892,-4258,7046,-1832,99,-43,219,-17691,0,-15537,0,8160,8192,5554,138,-6188,-110,20,32
2108369892,-3986,7072,-1906,96,-158,-14,-15691,0,-15537,0,8160,8192,6004,418,-5826,-109,24,31
2108419892,-3940,7256,-1840,102,-107,57,-15688,0,-15537,0,8160,8192,5686,368,-6134,-106,28,29
2108469892,-3668,7138,-2074,86,-133,-2,-17685,0,-15537,0,8160,8192,5650,726,-6072,-104,36,31
2108519892,-3690,7322,-1992,128,-237,-192,-15682,0,-15537,0,8160,8192,5870,564,-6062,-98,28,28
2108569892,-3916,7350,-2070,76,-151,-11,8160,8192,30164,32173,645,8192,5944,522,-5932,-105,29,28
2108619892,-3990,7216,-2098,91,-210,-161,8160,8192,14628,32174,645,8192,5702,452,-6060,-104,25,32
2108669892,-3464,7364,-2116,118,-252,-126,8160,8192,0,0,645,8192,5844,658,-6166,-107,5,32
2108719892,-3752,7232,-2154,40,-188,-76,-15671,0,-15537,0,8160,8192,6014,954,-5946,-103,-11,30
2108769892,-3568,7344,-1906,116,-167,-3,-16669,0,-15537,0,8160,8192,6210,866,-5822,-100,18,26
2108819892,-4616,6650,-1616,255,-602,-949,-15667,0,-15537,0,8160,8192,6202,762,-6022,-103,12,26
2108869892,-3794,6634,-1848,305,-504,-641,-15665,0,-15537,0,8160,8192,5986,262,-6038,-102,46,24
2108919892,-3736,6842,-2166,148,-359,-349,-17662,0,-15537,0,8160,8192,5288,686,-6418,-103,23,28
2108969892,-3740,6772,-1806,141,-227,-84,-15660,0,-15537,0,8160,8192,5918,686,-5828,-102,43,26
2109019892,-4508,7062,-1972,155,-258,-226,-15657,0,-15537,0,8160,8192,5420,740,-6230,-96,46,29
2109069892,-4978,7212,-1958,180,-286,-216,-15652,0,-15537,0,8160,8192,5944,226,-5766,-102,23,17
2109119892,-4712,6702,-1624,135,-202,-164,8160,8192,0,0,645,8192,5960,396,-5980,-96,58,23
2109169892,-4400,6430,-1480,136,-215,-4,-16647,0,-15537,0,8160,8192,5858,972,-6110,-98,31,25
2109219892,-5210,7096,-1996,66,-159,-80,-15645,0,-15537,0,8160,8192,5602,142,-6254,-99,24,27
2109269892,-4798,6826,-1704,143,-185,88,8160,8192,9268,32184,645,8192,5588,472,-6050,-106,43,25
2109319892,-5446,6912,-2302,62,-177,109,-15641,0,-15537,0,8160,8192,5594,530,-6426,-92,-1,30
2109369892,-5032,7310,-2010,133,-267,-28,8160,8192,0,0,645,8192,5350,-320,-5952,-106,-1,24
2109419892,-4604,7510,-2042,107,-262,-97,-15637,0,-15537,0,8160,8192,4912,646,-5962,-111,42,32
2109469892,-4584,6650,-1474,133,-209,-72,0,0,-7,-1,-16634,0,6094,198,-6182,-98,10,34
2109519892,-4834,6816,-1844,4,-95,137,8160,8192,0,0,645,8192,5990,744,-5672,-122,-1,17
2109569892,-6324,7776,-1828,113,-7,246,-15631,0,-15537,0,8160,8192,5352,1070,-6072,-102,40,43
2109619892,-4938,6480,-760,-12,10,154,0,0,-7,-1,-15629,0,5934,1224,-5962,-87,54,48
2109669892,-5446,6022,-848,129,-110,-18,-16625,0,-15537,0,8160,8192,4598,-802,-6468,-117,36,22
2109719892,-6006,6670,-1124,36,-140,49,8160,8192,0,0,645,8192,5848,220,-6084,-96,31,43
2109769892,-5486,6296,-1116,20,-246,-16,0,0,-7,-1,-15622,0,4172,-1316,-6646,-104,65,29
2109819892,-6016,6776,-1676,87,-79,-78,-16620,0,-15537,0,8160,8192,5940,86,-5576,-111,62,31
2109869892,-5518,6542,-1006,83,-7,116,8160,8192,0,0,645,8192,6008,-26,-5776,-107,20,40
2109919892,-5450,6046,-668,9,199,385,-15613,0,-15537,0,8160,8192,5466,-1232,-6292,-109,46,25
2109969892,-5912,6156,-1002,-19,174,227,-15611,0,-15537,0,8160,8192,5706,-1012,-6122,-104,21,32
2110019892,-6048,6522,-1058,98,-2,187,-15609,0,-15537,0,8160,8192,5564,-1370,-6528,-107,44,30
2110069892,-5820,6780,-1636,49,-23,123,-16607,0,-15537,0,8160,8192,6264,-548,-5882,-108,37,33
2110119892,-5316,6374,-1084,175,-131,-42,0,0,-7,-1,-16606,0,5792,-544,-6054,-107,52,32
2110169892,-5072,6636,-1222,139,-140,52,0,0,-7,-1,-15604,0,5940,-254,-5888,-109,95,40
2110219892,-5116,6752,-1604,82,-120,68,0,0,-7,-1,-15601,0,5728,10,-6108,-122,83,47
2110269892,-4542,7164,-2056,136,-154,-165,-15600,0,-15537,0,8160,8192,5902,862,-5834,-122,89,41
2110319892,-5170,6752,-1448,233,-19,263,0,0,-7,-1,-15598,0,5766,-396,-6136,-130,98,56
2110369892,-4908,6108,-1520,-72,0,331,-15595,0,-15537,0,8160,8192,6078,-726,-5888,-144,-43,60
2110419892,-5464,6486,-1046,127,-19,316,-15592,0,-15537,0,8160,8192,5830,-884,-6394,-128,76,54
2110469892,-4700,5588,-1144,-64,-177,51,8160,8192,29620,32202,645,8192,5594,74,-5978,-133,-115,56
2110519892,-5224,7336,-1466,93,-128,181,0,0,-7,-1,-15587,0,6016,-240,-6064,-110,-46,26
2110569892,-4730,6850,-2170,-12,-1,206,0,0,-7,-1,-15585,0,5682,942,-6128,-116,109,49
2110619892,-5258,6496,-1312,153,45,476,0,0,-7,-1,-15583,0,5236,-952,-6784,-98,82,28
2110669892,-4286,6022,-1130,-49,112,178,0,0,-7,-1,-15581,0,4478,-30,-6442,-123,62,34
2110719892,-5194,6578,-1194,233,-128,316,-15579,0,-15537,0,8160,8192,5114,-670,-6340,-139,76,46
2110769892,-4618,6916,-1550,107,-30,-110,-15577,0,-15537,0,8160,8192,5540,840,-6264,-116,161,46
2110819892,-3164,5932,-1236,148,-185,-152,-15573,0,-15537,0,8160,8192,5038,-52,-6420,-100,32,31
2110869892,-4726,6770,-1822,-15,20,292,8160,8192,0,0,645,8192,6694,602,-5314,-104,53,21
2110919892,-3452,5744,-1282,40,-83,-131,0,0,-7,-1,-15568,0,6094,518,-6280,-99,21,44
2110969892,-4310,7144,-1864,110,-114,144,0,0,-7,-1,-16566,0,6004,632,-6004,-108,64,32
2111019892,-4470,6912,-1870,21,5,151,0,0,-7,-1,-15564,0,5196,116,-6318,-99,71,15
2111069892,-4202,6952,-1962,87,-88,-11,8160,8192,-25740,32211,645,8192,5620,202,-6018,-110,63,13
2111119892,-4208,6738,-1848,50,-18,284,-15559,0,-15537,0,8160,8192,5844,882,-6028,-92,96,27
2111169892,-4140,6766,-1822,119,-185,53,-15558,0,-15537,0,8160,8192,5676,330,-5934,-106,8,26
2111219892,-4966,6614,-1392,20,8,221,0,0,-7,-1,-15557,0,5924,-90,-6100,-94,-68,29
2111269892,-4866,7014,-1560,-56,10,310,-15555,0,-15537,0,8160,8192,5770,-38,-5976,-97,-13,19
2111319892,-4314,6166,-1604,-17,16,123,8160,8192,27652,32215,645,8192,6362,-118,-5474,-105,7,22
2111369892,-4404,7126,-1834,79,-205,-97,-17552,0,-15537,0,8160,8192,5790,432,-6300,-110,-17,25
2111419892,-4292,7172,-1884,152,-234,-182,-15550,0,-15537,0,8160,8192,5996,358,-5994,-100,-11,23
2111469892,-4392,7110,-1816,53,-100,197,-15547,0,-15537,0,8160,8192,6132,796,-5732,-108,-48,23
2111519892,-4084,7224,-2034,5,-143,-52,-15545,0,-15537,0,8160,8192,5772,740,-5916,-103,-51,26
2111569892,-4080,7358,-1998,6,-40,372,-15543,0,-15537,0,8160,8192,5826,880,-5978,-106,-2,32
2111619892,-4850,6880,-1600,28,36,252,-17543,0,-15537,0,8160,8192,5814,376,-6130,-103,39,35
2111669892,-4686,6910,-1406,134,-81,114,-15540,0,-15537,0,8160,8192,5818,-322,-6000,-105,37,25
2111719893,-4712,7104,-1374,123,-174,-22,8160,8192,-31100,32221,645,8192,5966,-58,-6000,-108,1,32
2111769892,-4682,6876,-1224,66,-53,134,8160,8192,18900,32222,645,8192,5824,-196,-6086,-103,-12,33
2111819892,-3700,7434,-2218,95,-251,-195,-16533,0,-15537,0,8160,8192,5790,1758,-5994,-108,-7,31
2111869892,-4050,7170,-1744,307,-282,-192,-16531,0,-15537,0,8160,8192,5610,506,-6088,-106,28,24
2111919892,-4242,7186,-1912,-35,26,334,-17647,0,-15537,0,8160,8192,5732,640,-6130,-106,22,36
2111969892,-4388,6898,-1872,112,-101,45,8160,8192,22292,32225,645,8192,5820,528,-5986,-109,47,34
2112019892,-4360,7000,-1704,134,-153,-51,-16529,0,-15537,0,8160,8192,5780,588,-6084,-110,50,29
2112069892,-4398,6878,-1552,177,-160,-1,0,0,-7,-1,-16527,0,5612,-88,-6082,-111,43,26
2112119892,-3884,7048,-2186,76,-204,-190,-16524,0,-15537,0,8160,8192,5744,644,-6044,-108,44,33
2112169892,-3686,6914,-2230,185,-329,-368,8160,8192,0,0,645,8192,5692,1754,-6134,-103,18,33
2112219892,-4658,7064,-1480,226,-190,121,-16519,0,-15537,0,8160,8192,5646,830,-6156,-98,8,22
2112269892,-4910,6680,-1250,-6,12,221,-16516,0,-15537,0,8160,8192,5728,374,-6076,-103,6,28
2112319892,-4980,6748,-1056,164,-110,84,8160,8192,0,0,645,8192,5662,-624,-6054,-109,43,31
2112369892,-4942,6538,-1296,81,-119,69,-16512,0,-15537,0,8160,8192,5824,-716,-6078,-113,43,29
2112419892,-5540,6286,-752,135,-91,166,0,0,-7,-1,-16509,0,5904,-1400,-6116,-107,14,36
2112469892,-5844,6714,-880,22,93,356,-17507,0,-15537,0,8160,8192,5866,-1006,-6534,-120,54,20
2112519892,-5952,6152,-718,145,-104,275,0,0,-7,-1,-16506,0,5910,-1078,-6748,-85,-163,-8
2112569892,-6026,11764,-3168,16,-71,-169,0,0,-7,-1,-16503,0,8544,492,-5098,-112,318,8
2112619892,-550,582,354,-91,-71,-441,-16500,0,-15537,0,8160,8192,3302,970,-10082,-120,-648,-15
2112669892,-6644,11768,-2998,522,163,368,8160,8192,0,0,645,8192,3550,3294,-6810,-45,812,131
2112719892,-6980,10658,-2374,-344,-70,535,8160,8192,0,0,645,8192,5054,638,-7280,-102,-272,11
2112769892,-5840,8066,-3112,-213,194,107,-16490,0,-15537,0,8160,8192,4800,164,-6622,-142,-297,-26
2112819892,-3404,5128,-2774,245,-312,-32,0,0,-7,-1,-16487,0,5510,660,-5692,-125,5,33
2112869892,-3332,5670,-1498,195,-152,184,-16484,0,-15537,0,8160,8192,4984,658,-6050,-93,151,50
2112919892,-4680,6756,-1606,139,-75,30,-16482,0,-15537,0,8160,8192,6146,390,-5382,-104,81,29
2112969892,-4270,6748,-1920,115,-108,84,-16480,0,-15537,0,8160,8192,5888,488,-5776,-110,81,45
2113019892,-4056,6524,-1780,19,-58,76,0,0,-7,-1,-16478,0,5416,480,-6188,-102,39,29
2113069892,-4356,7152,-1842,79,-92,26,-16476,0,-15537,0,8160,8192,5862,334,-6066,-107,23,33
2113119892,-4534,6952,-1762,70,-109,123,-18473,0,-15537,0,8160,8192,5794,304,-6074,-101,33,27
2113169892,-4318,6756,-1734,109,-114,-3,8160,8192,-22892,32243,645,8192,5724,326,-5990,-108,30,30
2113219892,-4304,7054,-1782,112,-139,3,8160,8192,27108,32244,645,8192,5716,342,-6032,-106,39,32
2113269892,-4310,6738,-1712,97,-123,42,-16468,0,-15537,0,8160,8192,5780,350,-6012,-101,38,26
2113319892,-4680,7416,-1668,115,-150,-35,-17465,0,-15537,0,8160,8192,6012,328,-6044,-110,11,33
2113369892,-4482,7306,-1726,112,-143,-7,0,0,-7,-1,-16464,0,5906,340,-5914,-106,27,30
2113419892,-4324,6802,-1624,154,-172,-34,8160,8192,0,0,645,8192,5564,364,-6114,-104,45,33
2113469892,-4372,6908,-1712,149,-173,-37,-16460,0,-15537,0,8160,8192,5834,400,-5978,-104,52,35
2113519892,-15022,24430,-12580,-830,174,-957,-16460,0,-15537,0,8160,8192,4598,3656,-6966,-65,-1236,-87
2113569892,-4668,5900,1196,-87,1540,1145,-16458,0,-15537,0,8160,8192,9356,584,-1824,-180,917,37
2113619892,-14900,15404,-4238,-697,-101,-937,8160,8192,-31644,32250,645,8192,10662,2094,-2608,-115,-722,17
2113669892,562,2186,-1058,865,-488,-329,0,0,-7,-1,-16453,0,1750,146,-7484,-109,344,46
2113719892,-3922,5854,-1442,-51,256,422,-16452,0,-15537,0,8160,8192,5372,354,-6114,-77,408,70
2113769892,-5082,8260,-2736,-31,-93,432,-17449,0,-15537,0,8160,8192,6280,282,-6280,-106,152,42
2113819892,3012,1114,19204,-1118,170,-922,8160,8192,-28252,32253,645,8192,21310,-4302,-2656,-124,-148,-3
2113869892,-4328,2736,-3494,-475,923,527,0,0,-7,-1,-16446,0,3868,768,-6406,-93,184,35
2113919892,-4614,6236,-3310,304,-501,-262,0,0,-7,-1,-16444,0,6370,476,-5326,-92,109,44
2113969892,-2872,6956,-1296,221,-385,-89,-16442,0,-15537,0,8160,8192,5360,212,-5730,-113,79,37
2114019892,-4956,7028,-1784,-266,378,303,0,0,-7,-1,-16439,0,6016,528,-6248,-103,60,36
2114069892,-11356,28904,-29312,1326,-6169,-3019,0,0,-7,-1,-17437,0,56,-9958,-30900,-39,-1257,-134
2114119892,-2710,8952,820,-663,1316,1848,8160,8192,9604,32258,645,8192,4516,-794,-6628,-144,22,23
2114169892,-5442,7746,-2200,-807,271,-42,8160,8192,-5932,32258,645,8192,9542,114,-5234,-126,-246,-1
2114219892,-4396,6350,-1388,495,-543,-441,-16430,0,-15537,0,8160,8192,5280,534,-6316,-116,-42,22
2114269892,-3828,7740,-1914,-112,83,251,-16429,0,-15537,0,8160,8192,5750,448,-5366,-112,-24,19
2114319892,-3516,6972,-1674,169,-188,286,-16427,0,-15537,0,8160,8192,5506,356,-6246,-108,10,36
2114369892,-4580,7748,-1692,86,9,-5,-16425,0,-15537,0,8160,8192,6128,586,-6030,-103,56,30
2114419892,-4168,6868,-1936,131,-160,83,8160,8192,-18076,32262,645,8192,5634,480,-5906,-100,45,26
2114469892,-4436,7434,-1724,70,-102,48,0,0,-7,-1,-17421,0,6024,492,-6136,-107,21,29
2114519892,-4202,7048,-1826,122,-72,109,0,0,-7,-1,-16419,0,5826,478,-6038,-110,42,32
2114569892,-4300,7088,-1818,83,-107,55,8160,8192,852,32265,645,8192,5872,394,-5944,-103,29,29
2114619892,-4272,7082,-1708,97,-135,28,-16415,0,-15537,0,8160,8192,5812,344,-6064,-105,31,33
2114669892,-4292,6932,-1876,96,-89,78,-16413,0,-15537,0,8160,8192,5840,342,-5892,-108,32,34
2114719892,-4280,7242,-1746,84,-145,-5,8160,8192,19780,32267,645,8192,5784,372,-6024,-103,29,28
2114769892,-4256,7098,-1800,112,-155,-52,8160,8192,0,0,645,8192,5716,398,-6032,-110,38,35
2114819892,-4102,6890,-1526,124,-133,13,-16409,0,-15537,0,8160,8192,5572,374,-6002,-102,56,32
2114869892,-4258,6624,-1574,107,-157,-52,0,0,-7,-1,-17407,0,5822,332,-5936,-105,20,29
2114919892,-4532,7258,-1994,132,-204,-84,-16405,0,-15537,0,8160,8192,6176,262,-6156,-107,25,33
2114969892,-5076,8398,-1698,147,-129,-75,-18403,0,-15537,0,8160,8192,6276,342,-6854,-100,68,35
2115019892,-4568,7000,-1664,182,-202,-75,0,0,-7,-1,-16400,0,5646,366,-6134,-108,40,30
2115069892,-4434,7146,-1710,119,-144,14,-16398,0,-15537,0,8160,8192,5816,396,-6716,-102,21,26
2115119892,-4500,6978,-1834,162,-193,-59,-16396,0,-15537,0,8160,8192,5706,296,-6212,-103,46,27
2115169892,-4158,6414,-1718,126,-204,-61,0,0,-7,-1,-16393,0,5450,48,-6054,-106,21,29
2115219892,-4838,7096,-1820,151,-182,-84,-18391,0,-15537,0,8160,8192,5818,274,-6230,-97,41,32
2115269892,-4382,7460,-1366,122,-199,-41,-16389,0,-15537,0,8160,8192,6142,352,-6132,-109,-21,25
2115319892,-5286,8026,-2042,138,-147,-4,8160,8192,29956,32276,645,8192,6042,374,-5740,-105,30,22
2115369892,-5350,7492,-2032,136,-170,1,-17385,0,-15537,0,8160,8192,5258,428,-6446,-101,37,32
2115419892,-3844,6108,-1502,144,-162,14,-16384,0,-15537,0,8160,8192,5086,-180,-6120,-103,85,34
2115469892,-4330,6736,-1632,119,-141,38,-16382,0,-15537,0,8160,8192,5992,110,-5764,-103,53,22
2115519892,-4520,7020,-1852,97,-146,43,-18381,0,-15537,0,8160,8192,5558,-78,-5928,-106,50,31
2115569892,-4830,7072,-1944,105,-132,51,-18379,0,-15537,0,8160,8192,4922,214,-6082,-99,53,32
2115619892,-5018,7130,-2260,144,-173,4,-16377,0,-15537,0,8160,8192,5588,458,-6038,-103,75,33
2115669892,-4484,6544,-1734,104,-157,39,-16375,0,-15537,0,8160,8192,6356,412,-5764,-101,40,30
2115719892,-4752,6930,-1724,123,-115,54,-16372,0,-15537,0,8160,8192,4842,110,-6476,-102,83,31
2115769892,-2964,5930,-1032,124,-146,39,8160,8192,21204,32283,645,8192,4964,-254,-6502,-107,79,25
2115819892,-3834,6070,-1010,116,-112,41,8160,8192,0,0,645,8192,6292,106,-6248,-95,84,32
2115869892,-4480,7362,-1196,74,-100,48,-16367,0,-15537,0,8160,8192,4770,466,-6528,-106,19,21
2115919892,-4658,7040,-1604,96,-115,28,8160,8192,0,0,645,8192,3716,514,-6864,-100,48,33
2115969892,-4566,6528,-1812,144,-186,1,0,0,-7,-1,-16362,0,5590,172,-5896,-103,67,30
2116019892,-4968,7060,-1794,112,-168,1,-16359,0,-15537,0,8160,8192,5032,984,-6784,-105,35,31
2116069892,-4848,7042,-1746,81,-147,-22,8160,8192,-6476,32287,645,8192,5224,8,-6594,-103,18,28
2116119892,-4332,6212,-1210,99,-115,-10,-16355,0,-15537,0,8160,8192,6542,436,-5400,-103,41,31
2116169892,-4412,6594,-1100,113,-143,-65,8160,8192,27988,32289,645,8192,6360,-54,-5630,-105,35,24
2116219892,-5940,6958,-1924,185,-194,-168,8160,8192,0,0,645,8192,7842,560,-4532,-103,39,29
2116269892,-3872,5632,-896,137,-141,-11,8160,8192,0,0,645,8192,4524,-428,-6864,-113,64,24
2116319892,-4888,6306,-1812,89,-153,43,-16347,0,-15537,0,8160,8192,4706,704,-6536,-101,77,31
2116369892,-3346,5668,-910,96,-153,-29,-16344,0,-15537,0,8160,8192,4624,-888,-6912,-112,57,22
2116419892,-5268,6908,-2100,99,-207,-48,8160,8192,15844,32293,645,8192,6662,-282,-4998,-106,66,29
2116469892,-5178,6780,-1728,95,-147,-76,0,0,-7,-1,-17341,0,4906,70,-6386,-109,57,34
2116519892,-4890,7060,-1650,203,-224,-167,0,0,-7,-1,-16338,0,6284,914,-5544,-115,39,43
2116569892,-5032,6882,-1548,147,-121,-92,-16336,0,-15537,0,8160,8192,6286,1066,-5762,-94,50,31
2116619892,-5492,6866,-1872,174,-175,-114,-17334,0,-15537,0,8160,8192,6272,738,-5234,-104,43,31
2116669892,-3754,7034,-910,95,-203,-44,0,0,-7,-1,-16331,0,5246,160,-6528,-105,20,26
2116719892,-3332,5252,-1060,113,-193,-137,-16330,0,-15537,0,8160,8192,6392,580,-6078,-100,26,40
2116769892,-4294,5978,-1460,210,-338,-255,-17329,0,-15537,0,8160,8192,5402,354,-6286,-105,47,37
2116819892,-4824,6510,-1538,155,-289,-250,0,0,-7,-1,-16328,0,5878,934,-6018,-99,21,36
2116869892,-5046,6690,-1520,169,-299,-230,-16327,0,-15537,0,8160,8192,5258,182,-5860,-105,18,33
2116919892,-5946,6190,-1768,183,-243,-224,-17324,0,-15537,0,8160,8192,5076,896,-6372,-96,23,33
2116969892,-6800,5556,-1798,201,-64,-186,8160,8192,-23980,32301,645,8192,4304,946,-7480,-99,93,43
2117019892,-4944,6018,-1156,162,-317,-370,8160,8192,26020,32302,645,8192,3614,178,-7374,-106,36,35
2117069892,-7998,6740,-2512,165,-252,-337,-16317,0,-15537,0,8160,8192,5940,-122,-6188,-98,-27,28
2117119892,-5394,6618,-984,94,-318,-240,8160,8192,0,0,645,8192,4988,1600,-6620,-96,-3,46
2117169892,-5692,6328,-1450,136,-316,-256,-16312,0,-15537,0,8160,8192,7210,490,-5614,-99,-34,27
2117219892,-5836,6368,-1348,156,-255,-220,-16312,0,-15537,0,8160,8192,6512,444,-6510,-117,59,21
2117269892,-5960,6090,-1938,162,-230,-307,8160,8192,13876,32306,645,8192,4448,-574,-7552,-113,69,18
2117319892,-7548,6088,-1784,156,-63,-145,-17308,0,-15537,0,8160,8192,10196,846,-3722,-107,21,26
2117369892,-4910,6866,-496,62,-220,-67,8160,8192,-17196,32307,645,8192,4668,1162,-6470,-110,28,39
2117419892,-5572,6238,-1314,67,-193,-232,0,0,-7,-1,-16303,0,5246,710,-7210,-113,19,23
2117469892,-6112,5908,-1168,-92,-182,-498,-16302,0,-15537,0,8160,8192,6904,72,-5274,-107,36,32
2117519892,-5808,5850,-1566,-30,-256,-512,0,0,-7,-1,-17300,0,6164,-972,-7268,-107,45,31
2117569892,-5394,5884,-1000,-10,-174,-213,0,0,-7,-1,-17297,0,4730,-112,-7064,-109,75,22
2117619892,-5788,5546,-1536,47,-184,-255,8160,8192,0,0,645,8192,2822,-812,-8182,-115,34,34
2117669892,-5732,5098,-1446,66,-152,-102,0,0,-7,-1,-16293,0,2380,460,-6916,-105,-4,19
2117719892,-5072,4876,-908,20,-216,-65,0,0,-7,-1,-16290,0,4306,332,-5574,-102,-32,34
2117769892,-9536,-6480,7382,1192,-1159,6212,-16287,0,-15537,0,8160,8192,32767,5044,22474,366,-49,473
2117819892,-6228,5988,-2244,-1769,1113,-27,0,0,-7,-1,-16285,0,3716,540,-7938,-94,-124,9
2117869892,-5258,5012,238,677,-1308,-2621,-18283,0,-15537,0,8160,8192,6584,650,-6102,-129,-104,13
2117919892,-4404,6594,-1446,335,-641,-1130,0,0,-7,-1,-16281,0,5870,574,-6190,-107,28,31
2117969892,-6472,6166,-1380,-293,603,738,-17279,0,-15537,0,8160,8192,6184,578,-6098,-100,65,40
2118019892,-5500,5646,-1590,195,-3,733,8160,8192,0,0,645,8192,5628,266,-6456,-112,60,35
2118069892,-5366,5958,-1544,-233,281,291,-16275,0,-15537,0,8160,8192,5802,542,-5848,-109,36,32
2118119892,-5560,6324,-1416,297,-281,-28,-17272,0,-15537,0,8160,8192,5920,456,-5850,-106,33,39
2118169892,-5264,6220,-1372,108,-121,-74,-16270,0,-15537,0,8160,8192,5458,428,-6148,-105,50,33
2118219892,-5228,6156,-1416,114,-93,152,-16267,0,-15537,0,8160,8192,5732,514,-6002,-107,26,31
2118269892,-5642,6154,-1454,26,5,195,-18265,0,-15537,0,8160,8192,6136,368,-5742,-107,34,32
2118319892,-5570,6198,-1330,154,-168,12,0,0,-7,-1,-16263,0,5758,300,-6038,-103,19,28
2118369892,-5604,6310,-1350,112,-165,-90,8160,8192,0,0,645,8192,5796,274,-6160,-110,23,30
2118419892,-5352,6050,-1344,87,-94,93,-16257,0,-15537,0,8160,8192,5560,360,-6112,-106,34,29
2118469892,-5662,6014,-1318,77,-118,6,-16255,0,-15537,0,8160,8192,5658,344,-6196,-103,25,28
2118519892,-5536,6124,-1496,109,-172,-83,-16252,0,-15537,0,8160,8192,5850,296,-5872,-108,40,29
2118569892,-5364,6110,-1222,88,-140,-43,8160,8192,3156,32326,645,8192,5932,288,-5964,-105,29,25
2118619892,-5390,6208,-1322,106,-172,-60,-17248,0,-15537,0,8160,8192,5716,240,-6004,-107,41,29
2118669892,-5080,5894,-1256,82,-118,-9,8160,8192,-27916,32327,645,8192,5710,330,-5868,-102,77,36
2118719892,-5076,5978,-1438,103,-177,-90,8160,8192,22084,32328,645,8192,5518,334,-5868,-100,67,34
2118769892,-5730,5716,-1344,83,-169,-185,8160,8192,0,0,645,8192,5730,288,-5932,-108,39,29
2118819892,-5368,5554,-1168,85,-152,-120,-16238,0,-15537,0,8160,8192,5404,572,-6154,-96,49,41
2118869892,-5368,5344,-1342,95,-190,-175,-16236,0,-15537,0,8160,8192,5286,160,-6122,-103,47,31
2118919892,-5978,5692,-1164,32,-180,-180,0,0,-7,-1,-17235,0,5536,236,-6224,-102,3,31
2118969892,-6216,6200,-1012,11,-141,-139,-16233,0,-15537,0,8160,8192,5910,296,-6064,-101,39,31
2119019892,-10948,6704,406,187,-94,-233,0,0,-7,-1,-16231,0,7116,-3176,-5438,-318,-203,-64
2119069892,-9274,6556,-1514,-126,445,881,8160,8192,-21132,32333,645,8192,13204,2186,-1536,-71,95,64
2119119892,-6086,6208,-1460,104,-491,-766,8160,8192,0,0,645,8192,6038,518,-6182,-112,-63,20
2119169892,-5588,6704,-1216,306,-155,182,-16227,0,-15537,0,8160,8192,5718,464,-6060,-107,40,26
2119219892,-5402,5888,-1400,6,10,177,-16225,0,-15537,0,8160,8192,5430,426,-5954,-105,30,28
2119269892,-5710,6034,-1250,97,-111,195,8160,8192,-17740,32336,645,8192,5840,294,-6084,-104,27,30
2119319892,-5862,5860,-1270,50,-45,29,-16221,0,-15537,0,8160,8192,5770,276,-6116,-104,35,31
2119369892,-5638,5978,-1262,189,-276,-177,8160,8192,16724,32338,645,8192,5684,222,-6018,-103,35,32
2119419892,-5858,6058,-1210,20,-50,64,-16218,0,-15537,0,8160,8192,5884,318,-6106,-105,24,27
2119469892,-5880,6026,-1118,94,-110,63,-16215,0,-15537,0,8160,8192,5826,260,-6022,-107,40,29
2119519892,-7430,6562,-624,205,8,582,0,0,-7,-1,-16213,0,6294,42,-6092,-108,94,35
2119569892,-5736,5456,-1308,-20,-122,-378,-18210,0,-15537,0,8160,8192,5602,462,-6004,-110,23,30
2119619892,-5280,6628,-1180,234,-175,149,-18208,0,-15537,0,8160,8192,5790,136,-6172,-105,85,36
2119669892,-7444,6366,-1246,18,-40,178,-16206,0,-15537,0,8160,8192,6598,-84,-6006,-111,-77,19
2119719892,-5460,6042,-1240,90,-79,98,-16241,0,-15537,0,8160,8192,5650,306,-5998,-107,54,33
2119769892,-5884,6048,-1152,165,-129,73,8160,8192,23508,32344,645,8192,5770,234,-6078,-107,33,29
2119819892,-5846,5808,-1200,109,-163,-47,-16200,0,-15537,0,8160,8192,5806,200,-6032,-103,28,28
2119869892,-5824,5866,-1178,63,-56,112,8160,8192,-7564,32345,645,8192,5836,146,-6010,-106,29,33
2119919892,-5938,5894,-1124,87,-83,118,0,0,-7,-1,-16194,0,5702,176,-6154,-105,33,28
2119969892,-5890,5904,-1112,119,-152,-53,8160,8192,0,0,645,8192,5886,148,-5964,-106,30,31
