timestamp_us,a1x,a1y,a1z,g1x,g1y,g1z,a2x,a2y,a2z,g2x,g2y,g2z,a3x,a3y,a3z,g3x,g3y,g3z
2517619892,-6686,4886,-644,97,-107,60,-16057,0,-15537,0,8160,8192,5812,184,-6024,-104,31,31
2517669892,-6698,4872,-654,96,-108,61,8160,8192,0,0,645,8192,5836,226,-6034,-106,28,30
2517719892,-6724,4886,-656,98,-107,58,-17052,0,-15537,0,8160,8192,5792,178,-6030,-107,33,31
2517769892,-6692,4874,-680,95,-108,60,8160,8192,0,0,645,8192,5818,182,-6074,-109,32,28
2517819892,-6698,4872,-646,98,-112,57,8160,8192,7844,-27118,645,8192,5796,224,-5986,-104,33,30
2517869892,-6700,4880,-636,97,-107,59,-16048,0,-15537,0,8160,8192,5814,188,-6040,-105,34,29
2517919892,-6716,4874,-586,99,-108,59,8160,8192,0,0,645,8192,5800,170,-6040,-107,33,30
2517969892,-6688,4900,-668,99,-110,58,-16043,0,-15537,0,8160,8192,5776,182,-6082,-107,33,31
2518019892,-6668,4878,-676,97,-108,60,-17040,0,-15537,0,8160,8192,5820,192,-6012,-105,33,30
2518069892,-6696,4864,-634,98,-110,58,-17038,0,-15537,0,8160,8192,5754,192,-6050,-104,35,32
2518119892,-6674,4876,-644,97,-106,60,-16037,0,-15537,0,8160,8192,5762,186,-6022,-105,30,29
2518169892,-6684,4884,-662,98,-109,57,-16035,0,-15537,0,8160,8192,5798,214,-5988,-106,30,29
2518219892,-6702,4890,-642,99,-109,59,-16033,0,-15537,0,8160,8192,5800,214,-6040,-107,30,31
2518269892,-6672,4876,-608,97,-107,59,-18031,0,-15537,0,8160,8192,5796,218,-6016,-106,34,30
2518319892,-6688,4864,-622,99,-110,58,0,0,-7,-1,-16029,0,5814,176,-6040,-106,32,30
2518369892,-6710,4884,-620,99,-109,59,0,0,-7,-1,-16027,0,5802,184,-6056,-103,33,32
2518419892,-6678,4874,-678,97,-108,58,8160,8192,0,0,645,8192,5814,174,-6048,-106,30,32
2518469892,-6706,4874,-644,97,-109,61,-18023,0,-15537,0,8160,8192,5786,192,-5948,-107,33,30
2518519892,-6688,4886,-620,98,-108,58,0,0,-7,-1,-16021,0,5780,242,-6078,-106,30,29
2518569892,-6700,4856,-638,100,-108,59,0,0,-7,-1,-16018,0,5800,174,-6036,-108,31,30
2518619892,-6730,4888,-614,99,-110,62,-16016,0,-15537,0,8160,8192,5818,182,-6034,-105,29,32
2518669892,-6690,4890,-582,101,-110,62,8160,8192,0,0,645,8192,5780,178,-6108,-107,34,29
2518719892,-6726,4872,-654,100,-107,59,-17011,0,-15537,0,8160,8192,5818,216,-6034,-106,34,30
2518769892,-6690,4898,-624,99,-109,57,-18009,0,-15537,0,8160,8192,5802,156,-6024,-107,31,30
2518819892,-6686,4882,-616,97,-107,61,-17007,0,-15537,0,8160,8192,5782,186,-6018,-104,31,30
2518869892,-6694,4882,-614,100,-108,62,-16004,0,-15537,0,8160,8192,5806,208,-6074,-108,32,31
2518919892,-6690,4882,-666,96,-106,59,8160,8192,-6268,-27102,645,8192,5788,176,-6022,-106,32,32
2518969892,-6720,4894,-602,97,-105,60,0,0,-7,-1,-16000,0,5796,188,-6050,-106,32,30
2519019892,-6728,4898,-638,99,-110,56,-15998,0,-15537,0,8160,8192,5808,166,-6086,-107,32,31
2519069892,-6694,4872,-712,97,-107,63,-15996,0,-15537,0,8160,8192,5758,222,-6024,-108,32,30
2519119892,-6700,4870,-618,96,-112,58,-15993,0,-15537,0,8160,8192,5790,144,-6024,-105,31,30
2519169892,-6690,4904,-682,98,-107,63,8160,8192,0,0,645,8192,5792,202,-6044,-106,32,31
2519219892,-6686,4904,-650,102,-110,62,-15988,0,-15537,0,8160,8192,5804,192,-6054,-108,31,30
2519269892,-6726,4882,-656,98,-110,56,-15986,0,-15537,0,8160,8192,5820,194,-6076,-107,30,31
2519319892,-6724,4864,-612,99,-107,62,-16983,0,-15537,0,8160,8192,5776,194,-6054,-105,30,30
2519369892,-6676,4904,-626,99,-110,55,0,0,-7,-1,-15981,0,5788,222,-6046,-105,32,30
2519419892,-6692,4884,-676,100,-107,60,8160,8192,-30556,-27094,645,8192,5768,188,-6042,-105,33,29
2519469892,-6684,4860,-712,97,-109,59,-17976,0,-15537,0,8160,8192,5806,156,-6030,-107,30,30
2519519892,-6702,4874,-690,98,-107,57,8160,8192,3908,-27092,645,8192,5818,166,-6040,-109,33,30
2519569892,-6688,4862,-642,98,-108,61,-15972,0,-15537,0,8160,8192,5774,220,-6036,-107,30,31
2519619892,-6654,4890,-634,97,-110,57,-15969,0,-15537,0,8160,8192,5800,170,-6068,-106,34,29
2519669892,-6726,4876,-618,98,-107,61,-15967,0,-15537,0,8160,8192,5792,184,-6012,-106,31,30
2519719892,-6692,4904,-586,98,-109,58,-17965,0,-15537,0,8160,8192,5780,158,-6044,-109,32,30
2519769892,-6720,4856,-632,98,-109,64,0,0,-7,-1,-15964,0,5792,202,-6016,-106,32,30
2519819892,-6720,4886,-602,99,-111,60,-15962,0,-15537,0,8160,8192,5780,196,-6006,-108,31,31
2519869892,-6674,4884,-684,97,-109,57,0,0,-7,-1,-15959,0,5774,174,-6036,-104,33,31
2519919892,-6722,4862,-644,94,-105,61,0,0,-7,-1,-16955,0,5772,188,-6032,-104,29,31
2519969892,-6668,4938,-618,101,-113,55,-16952,0,-15537,0,8160,8192,2116,-1078,-3926,-104,11,31
2520019892,-4274,5322,408,183,-271,169,8160,8192,-20380,-27085,645,8192,14826,2628,-324,-150,11,147
2520069892,-8386,6892,138,329,-198,-286,-15946,0,-15537,0,8160,8192,5622,702,-7008,-91,52,36
2520119892,-6138,4332,-278,317,-195,340,-15944,0,-15537,0,8160,8192,5844,214,-5590,-95,93,35
2520169892,-8588,6222,-490,16,94,72,-15941,0,-15537,0,8160,8192,6982,24,-6790,-109,30,42
2520219892,-6870,5638,-766,52,-170,-132,-15939,0,-15537,0,8160,8192,6372,282,-7010,-99,55,32
2520269892,-7090,4798,-666,99,-57,141,8160,8192,-32524,-27081,645,8192,6196,290,-5864,-106,26,28
2520319892,-6884,4878,-758,63,-63,85,-15935,0,-15537,0,8160,8192,5818,258,-5804,-110,50,32
2520369892,-6102,4868,-524,116,-144,40,-15934,0,-15537,0,8160,8192,5242,228,-6314,-103,53,28
2520419892,-6748,4676,-916,57,-37,160,8160,8192,-13596,-27079,645,8192,5834,236,-5798,-105,25,29
2520469892,-6846,4884,-682,66,-117,-19,-15928,0,-15537,0,8160,8192,5960,128,-6052,-107,29,36
2520519892,-6820,5042,-436,106,-93,44,0,0,-7,-1,-15924,0,5782,112,-6370,-107,30,29
2520569892,-6910,4806,-726,93,-84,90,-15922,0,-15537,0,8160,8192,5882,240,-5988,-105,32,27
2520619892,-6638,4868,-680,115,-152,22,0,0,-7,-1,-15921,0,5752,222,-5910,-113,32,34
2520669892,-6606,4936,-512,85,-72,103,8160,8192,-25740,-27075,645,8192,5640,166,-6146,-104,35,29
2520719892,-6608,4860,-652,109,-125,66,-16917,0,-15537,0,8160,8192,5742,202,-5988,-104,34,29
2520769892,-6692,4848,-696,106,-132,37,-15915,0,-15537,0,8160,8192,5874,156,-5906,-107,31,34
2520819892,-6742,4922,-502,96,-88,66,-16913,0,-15537,0,8160,8192,5744,130,-6114,-105,32,31
2520869892,-6710,4928,-724,95,-115,57,-15911,0,-15537,0,8160,8192,5832,200,-5986,-106,34,31
2520919892,-6754,4834,-758,92,-101,67,-17910,0,-15537,0,8160,8192,5892,218,-5988,-108,28,31
2520969892,-6724,4958,-500,109,-120,43,0,0,-7,-1,-15907,0,5726,200,-6154,-107,32,30
2521019892,-6722,4872,-688,97,-101,71,8160,8192,-3420,-27070,645,8192,5806,188,-6018,-106,32,31
2521069892,-6744,4864,-708,101,-114,57,-15904,0,-15537,0,8160,8192,5840,228,-6000,-108,31,30
2521119892,-6660,4930,-616,93,-105,52,0,0,-7,-1,-15902,0,5768,198,-6094,-106,33,29
2521169892,-6696,4872,-610,91,-92,78,0,0,-7,-1,-15899,0,5772,186,-6026,-107,31,27
2521219892,-6662,4882,-700,101,-128,39,-17897,0,-15537,0,8160,8192,5810,158,-5986,-104,29,34
2521269892,-6712,4910,-606,93,-103,61,-15895,0,-15537,0,8160,8192,5768,208,-6046,-107,33,31
2521319892,-6696,4866,-594,100,-108,60,-15893,0,-15537,0,8160,8192,5790,188,-6082,-106,30,29
2521369892,-6716,4848,-662,96,-113,62,8160,8192,18900,-27064,645,8192,5810,172,-6004,-106,31,31
2521419892,-6760,4928,-584,102,-111,60,-15886,0,-15537,0,8160,8192,5826,232,-6022,-104,30,28
2521469892,-6692,4910,-584,102,-115,53,0,0,-7,-1,-16882,0,5766,220,-6062,-106,32,28
2521519892,-6678,4832,-712,88,-100,71,-15880,0,-15537,0,8160,8192,5814,174,-5956,-107,31,31
2521569892,-6662,4922,-622,98,-117,52,8160,8192,0,0,645,8192,5776,178,-6010,-107,29,29
2521619892,-6686,4928,-564,95,-104,64,0,0,-7,-1,-15875,0,5782,172,-6018,-105,32,32
2521669892,-6744,4842,-622,100,-109,57,-15873,0,-15537,0,8160,8192,5836,218,-6024,-103,30,31
2521719892,-6702,4908,-680,101,-116,48,0,0,-7,-1,-15870,0,5806,198,-5976,-105,33,31
2521769892,-6708,4982,-608,94,-98,68,-16868,0,-15537,0,8160,8192,5832,174,-6140,-105,36,32
2521819892,-6762,4960,-602,99,-111,63,8160,8192,10148,-27057,645,8192,5810,232,-6048,-106,32,30
2521869892,-6680,4958,-728,95,-104,72,8160,8192,0,0,645,8192,5782,202,-6022,-106,35,32
2521919892,-6676,4994,-616,96,-111,61,-17860,0,-15537,0,8160,8192,5736,170,-6010,-107,33,32
2521969892,-6724,4930,-668,90,-97,54,-15855,0,-15537,0,8160,8192,5846,170,-6078,-107,37,31
2522019892,-6724,4806,-628,89,-92,55,8160,8192,0,0,645,8192,5818,216,-5980,-105,37,29
2522069892,-6680,4856,-636,103,-113,49,0,0,-7,-1,-15850,0,5754,198,-6066,-105,32,28
2522119892,-6752,4894,-676,96,-97,66,0,0,-7,-1,-16848,0,5842,234,-6044,-106,32,31
2522169892,-6740,4878,-616,101,-115,54,0,0,-7,-1,-15845,0,5822,180,-6040,-106,31,28
2522219892,-6748,4896,-648,99,-104,58,-15843,0,-15537,0,8160,8192,5784,194,-6032,-107,32,29
2522269892,-6696,4924,-614,98,-110,66,8160,8192,1396,-27050,645,8192,5790,234,-6028,-103,33,30
2522319892,-6702,4896,-620,102,-118,56,0,0,-7,-1,-15836,0,5784,168,-5992,-106,32,31
2522369892,-6684,4840,-602,93,-105,57,8160,8192,-29676,-27049,645,8192,5814,192,-6026,-106,33,29
2522419892,-6712,4922,-600,102,-110,57,-15833,0,-15537,0,8160,8192,5812,156,-6078,-106,32,30
2522469892,-6736,4904,-640,98,-106,63,-15831,0,-15537,0,8160,8192,5828,208,-5994,-107,33,29
2522519892,-6736,4808,-668,100,-108,61,-15830,0,-15537,0,8160,8192,5782,182,-5944,-108,30,29
2522569892,-6682,4928,-640,95,-110,52,-16827,0,-15537,0,8160,8192,5842,200,-6064,-107,35,29
2522619892,-6700,4880,-638,94,-107,55,-17826,0,-15537,0,8160,8192,5808,190,-6022,-104,28,30
2522669892,-6644,4932,-614,110,-128,45,-15825,0,-15537,0,8160,8192,5772,208,-6100,-104,33,32
2522719892,-6718,4874,-592,107,-113,55,0,0,-7,-1,-15823,0,5796,160,-6062,-104,29,30
2522769892,-6818,4948,-584,110,-108,73,0,0,-7,-1,-15821,0,5834,278,-6074,-106,34,30
2522819892,-6710,4850,-662,98,-115,54,-15816,0,-15537,0,8160,8192,5850,204,-5952,-106,31,29
2522869892,-6648,4866,-674,90,-105,58,0,0,-7,-1,-15814,0,5820,184,-6028,-107,32,30
2522919892,-6660,4920,-682,98,-122,45,0,0,-7,-1,-15813,0,5812,158,-6080,-103,32,31
2522969892,-6688,4858,-640,95,-104,57,-17812,0,-15537,0,8160,8192,5784,152,-6062,-107,29,31
2523019892,-6674,4860,-538,102,-110,57,8160,8192,30500,-27039,645,8192,5746,196,-6066,-106,34,31
2523069892,-6742,4862,-664,97,-100,64,-15805,0,-15537,0,8160,8192,5802,204,-6028,-109,30,31
2523119892,-6736,4844,-646,97,-104,62,8160,8192,-572,-27038,645,8192,5810,194,-5998,-104,32,32
2523169892,-6692,4824,-628,99,-106,60,-15801,0,-15537,0,8160,8192,5722,206,-6030,-106,32,29
2523219892,-6718,4896,-664,92,-105,66,-15799,0,-15537,0,8160,8192,5788,196,-6018,-105,33,29
2523269892,-6790,4952,-646,94,-111,50,-17796,0,-15537,0,8160,8192,5864,224,-6012,-106,30,31
2523319892,-6650,4878,-650,99,-112,53,0,0,-7,-1,-15791,0,5782,220,-6052,-107,33,30
2523369892,-6700,4960,-652,110,-116,65,8160,8192,-12716,-27034,645,8192,5782,212,-6086,-104,34,29
2523419892,-6710,4890,-724,107,-113,67,8160,8192,-28252,-27033,645,8192,5780,228,-6068,-107,34,30
2523469892,-6714,4826,-696,93,-104,59,-17786,0,-15537,0,8160,8192,5800,178,-6022,-105,32,32
2523519892,-6720,4896,-600,94,-106,54,-17783,0,-15537,0,8160,8192,5804,190,-6048,-104,33,30
2523569892,-6698,4888,-680,90,-104,62,-16778,0,-15537,0,8160,8192,5826,190,-5968,-105,32,30
2523619892,-6668,4950,-656,96,-116,47,-16776,0,-15537,0,8160,8192,5796,188,-6052,-106,32,29
2523669892,-6710,4876,-594,99,-105,60,-16774,0,-15537,0,8160,8192,5766,206,-6048,-106,32,31
2523719892,-6736,4928,-662,103,-107,67,-16772,0,-15537,0,8160,8192,5798,180,-6058,-104,33,27
2523769892,-6746,4874,-576,100,-111,62,0,0,-7,-1,-16770,0,5764,226,-5988,-106,30,32
2523819892,-6688,4870,-746,93,-103,63,-17767,0,-15537,0,8160,8192,5818,172,-5994,-107,29,29
2523869892,-6724,4890,-632,95,-108,50,8160,8192,0,0,645,8192,5810,190,-6022,-103,31,29
2523919892,-6754,4902,-716,94,-104,61,-15762,0,-15537,0,8160,8192,5858,190,-6044,-106,33,30
2523969892,-6722,4850,-644,98,-113,58,-15760,0,-15537,0,8160,8192,5828,248,-6032,-105,32,32
2524019892,-6670,4894,-632,102,-111,55,-17759,0,-15537,0,8160,8192,5794,220,-6120,-105,29,30
2524069892,-6758,4864,-634,96,-104,63,-15757,0,-15537,0,8160,8192,5830,208,-6068,-106,31,32
2524119892,-6718,4862,-690,99,-114,50,8160,8192,16388,-27022,645,8192,5766,172,-6060,-104,30,29
2524169892,-6756,4890,-656,93,-101,63,-15751,0,-15537,0,8160,8192,5804,194,-6026,-107,32,32
2524219892,-6722,4858,-616,100,-108,55,0,0,-7,-1,-16748,0,5828,162,-6008,-108,29,33
2524269892,-6760,4960,-710,98,-110,58,-17746,0,-15537,0,8160,8192,5840,214,-6084,-108,30,32
2524319892,-6792,4874,-612,98,-103,53,-15743,0,-15537,0,8160,8192,5830,226,-6016,-107,30,29
2524369892,-6668,4856,-698,105,-120,53,-15739,0,-15537,0,8160,8192,5792,238,-6074,-109,33,31
2524419892,-6714,4794,-616,98,-110,50,-15737,0,-15537,0,8160,8192,5844,156,-6068,-108,29,30
2524469892,-6722,4864,-664,104,-112,56,0,0,-7,-1,-15736,0,5798,218,-6020,-107,33,30
2524519892,-6656,4884,-656,101,-112,62,0,0,-7,-1,-15732,0,5802,194,-6054,-105,31,29
2524569892,-6702,4844,-674,98,-112,58,0,0,-7,-1,-16728,0,5810,186,-6028,-103,29,29
2524619892,-6692,4854,-670,96,-113,54,0,0,-7,-1,-15726,0,5776,166,-6026,-106,31,29
2524669892,-6714,4846,-632,96,-103,61,8160,8192,0,0,645,8192,5816,206,-6042,-105,30,28
2524719892,-6674,4902,-650,97,-112,58,-17722,0,-15537,0,8160,8192,5810,174,-6076,-105,33,31
2524769892,-6732,4874,-642,93,-104,63,-15720,0,-15537,0,8160,8192,5780,172,-5978,-109,30,29
2524819892,-6668,4878,-640,98,-113,55,-17719,0,-15537,0,8160,8192,5778,162,-6028,-107,33,30
2524869892,-6706,4890,-668,95,-105,60,-15717,0,-15537,0,8160,8192,5758,194,-6040,-106,31,30
2524919892,-6706,4902,-618,99,-108,60,8160,8192,29956,-27010,645,8192,5774,184,-6058,-103,32,28
2524969892,-6690,4900,-648,98,-112,56,-15713,0,-15537,0,8160,8192,5806,190,-6086,-105,34,31
2525019892,-6718,4882,-638,95,-108,58,0,0,-7,-1,-15710,0,5840,158,-6080,-105,34,29
2525069892,-6748,4930,-640,99,-110,54,-15706,0,-15537,0,8160,8192,5788,228,-6032,-107,33,30
2525119892,-6686,4896,-696,94,-105,63,8160,8192,-32188,-27007,645,8192,5808,192,-6026,-106,31,31
2525169892,-6698,4904,-678,97,-112,56,8160,8192,17812,-27006,645,8192,5736,194,-6066,-105,30,30
2525219892,-6714,4896,-676,96,-101,59,-15698,0,-15537,0,8160,8192,5808,216,-6058,-105,35,30
2525269892,-6704,4894,-628,96,-105,61,-15696,0,-15537,0,8160,8192,5818,230,-5992,-107,32,29
2525319892,-6732,4878,-650,98,-110,56,8160,8192,0,0,645,8192,5804,164,-6028,-107,34,28
2525369892,-6732,4904,-674,98,-104,66,-15691,0,-15537,0,8160,8192,5816,202,-6048,-108,34,30
2525419892,-6702,4858,-600,101,-113,49,8160,8192,0,0,645,8192,5828,210,-6036,-106,31,30
2525469892,-6668,4874,-662,96,-105,58,-15688,0,-15537,0,8160,8192,5782,214,-6048,-105,37,29
2525519892,-6698,4910,-670,99,-110,58,8160,8192,-25404,-27001,645,8192,5790,178,-5998,-106,33,30
2525569892,-6718,4844,-622,98,-110,56,-16682,0,-15537,0,8160,8192,5796,192,-6008,-108,33,31
2525619892,-6728,4876,-656,98,-103,61,-15680,0,-15537,0,8160,8192,5810,186,-6038,-106,32,33
2525669892,-6704,4890,-574,101,-109,57,8160,8192,-6476,-26999,645,8192,5774,178,-6036,-105,30,31
2525719892,-6702,4874,-638,95,-107,62,-15675,0,-15537,0,8160,8192,5770,194,-6060,-104,30,29
2525769892,-6716,4904,-602,100,-112,56,-15674,0,-15537,0,8160,8192,5798,180,-6036,-107,29,31
2525819892,-6718,4912,-624,97,-107,63,0,0,-7,-1,-16671,0,5818,194,-6046,-108,33,28
2525869892,-6708,4840,-614,100,-108,59,0,0,-7,-1,-15669,0,5786,214,-6030,-105,33,31
2525919892,-6714,4922,-662,100,-109,56,-17668,0,-15537,0,8160,8192,5790,192,-6034,-103,33,29
2525969892,-6702,4860,-618,97,-103,64,-15665,0,-15537,0,8160,8192,5824,200,-6004,-108,32,31
2526019892,-6668,4878,-594,102,-113,55,-15663,0,-15537,0,8160,8192,5774,202,-6022,-108,29,30
2526069892,-6706,4892,-662,99,-106,61,8160,8192,308,-26992,645,8192,5810,176,-6040,-105,32,29
2526119892,-6728,4840,-594,102,-112,58,-17660,0,-15537,0,8160,8192,5758,188,-6060,-108,31,29
2526169892,-6680,4860,-618,99,-108,58,-15657,0,-15537,0,8160,8192,5796,178,-6040,-106,32,29
2526219892,-6728,4884,-640,96,-108,59,8160,8192,19236,-26990,645,8192,5788,190,-6038,-107,34,29
2526269892,-6682,4908,-682,100,-114,56,-15652,0,-15537,0,8160,8192,5748,184,-6112,-107,32,31
2526319892,-6696,4848,-566,96,-104,61,-16650,0,-15537,0,8160,8192,5798,196,-6032,-106,33,30
2526369892,-6672,4892,-632,98,-114,55,0,0,-7,-1,-16649,0,5782,190,-6058,-107,29,32
2526419892,-6704,4864,-606,97,-101,64,-15646,0,-15537,0,8160,8192,5802,200,-6036,-106,32,29
2526469892,-6716,4898,-636,99,-111,61,0,0,-7,-1,-16643,0,5832,208,-6000,-105,31,29
2526519892,-6730,4926,-626,97,-108,58,0,0,-7,-1,-15642,0,5818,164,-6078,-106,32,30
2526569892,-6696,4910,-634,103,-104,63,-15640,0,-15537,0,8160,8192,5756,218,-6036,-105,34,30
2526619892,-6690,4926,-590,97,-105,66,-17638,0,-15537,0,8160,8192,5722,192,-6036,-109,29,30
2526669892,-6644,4840,-742,95,-111,69,-15635,0,-15537,0,8160,8192,5798,208,-5978,-104,31,29
2526719892,-6720,4820,-582,92,-105,43,-15633,0,-15537,0,8160,8192,5806,114,-6022,-105,28,30
2526769892,-6784,4882,-624,95,-95,58,0,0,-7,-1,-15632,0,5842,134,-6060,-106,34,29
2526819892,-6766,4872,-646,102,-111,57,-17095,0,-15537,0,8160,8192,5788,210,-6084,-106,30,28
2526869892,-6740,4910,-650,100,-114,60,-15627,0,-15537,0,8160,8192,5804,182,-6016,-106,34,29
2526919892,-6700,4896,-622,101,-108,61,-15623,0,-15537,0,8160,8192,5786,206,-6054,-108,31,29
2526969892,-6672,4920,-660,101,-115,55,-15622,0,-15537,0,8160,8192,5796,188,-6080,-106,32,32
2527019892,-6720,4890,-662,94,-104,64,8160,8192,0,0,645,8192,5776,152,-6026,-106,33,29
2527069892,-6730,4924,-650,101,-113,59,8160,8192,17268,-26977,645,8192,5780,200,-6058,-105,32,33
2527119892,-6690,4878,-688,93,-104,63,8160,8192,1732,-26976,645,8192,5806,168,-6026,-106,33,30
2527169892,-6686,4890,-636,99,-112,60,0,0,-7,-1,-15611,0,5788,192,-6040,-107,30,32
2527219892,-6720,4886,-642,98,-107,60,8160,8192,0,0,645,8192,5828,168,-5984,-107,33,28
2527269892,-6760,4912,-696,99,-107,63,-16608,0,-15537,0,8160,8192,5778,210,-5996,-106,34,30
2527319892,-6634,4900,-668,100,-113,58,0,0,-7,-1,-15606,0,5816,174,-6080,-106,30,30
2527369892,-6732,4864,-664,97,-105,59,-16603,0,-15537,0,8160,8192,5810,188,-6020,-107,30,29
2527419892,-6702,4858,-602,98,-107,58,-17602,0,-15537,0,8160,8192,5844,194,-6016,-107,30,32
2527469892,-6722,4896,-660,99,-110,61,-15600,0,-15537,0,8160,8192,5806,220,-5994,-106,29,34
2527519892,-6700,4878,-640,98,-113,57,0,0,-7,-1,-15598,0,5768,172,-6074,-106,33,33
2527569892,-6706,4886,-638,100,-111,57,0,0,-7,-1,-15596,0,5766,188,-6008,-106,31,30
2527619892,-6684,4838,-648,99,-107,62,-15594,0,-15537,0,8160,8192,5766,198,-6018,-107,34,31
2527669892,-6694,4888,-612,100,-111,57,0,0,-7,-1,-16592,0,5818,184,-6090,-107,32,30
2527719892,-6692,4852,-654,98,-108,62,0,0,-7,-1,-15590,0,5810,170,-6014,-108,33,31
2527769892,26290,-28492,8452,-222,-3701,-767,-15588,0,-15537,0,8160,8192,20668,-2380,24034,64,-1929,-136
2527819892,-11212,-4170,-10094,521,5564,-3425,8160,8192,-19164,-26966,645,8192,12180,-1644,-13590,-136,-1461,-39
2527869892,-11076,9478,-3594,126,1220,207,8160,8192,30836,-26965,645,8192,5948,366,-7500,-99,326,42
2527919892,-3250,1938,-2448,1417,-2977,-1528,0,0,-7,-1,-15580,0,5036,1160,-4582,-121,-148,52
2527969892,-6184,6568,-730,669,119,555,8160,8192,-236,-26964,645,8192,4628,366,-7416,-86,130,39
2528019892,-8950,5974,-1168,-284,446,394,8160,8192,-15772,-26963,645,8192,5976,178,-6504,-103,43,25
2528069892,-6622,4642,-1402,110,-406,-223,0,0,-7,-1,-15575,0,5922,-356,-5326,-127,41,44
2528119892,-6558,5176,-1022,-140,125,77,-16573,0,-15537,0,8160,8192,5772,260,-6356,-106,45,31
2528169892,-6448,4700,-946,192,-152,135,0,0,-7,-1,-15571,0,5324,126,-6342,-102,41,27
2528219892,-6960,4896,-1312,121,-207,-74,-15570,0,-15537,0,8160,8192,6014,202,-5612,-107,16,31
2528269892,-6604,4992,-926,80,-54,95,8160,8192,-27916,-26959,645,8192,5728,158,-6246,-105,36,33
2528319892,-6704,5060,-908,39,-35,97,8160,8192,0,0,645,8192,5706,118,-6182,-103,31,28
2528369892,-6834,4806,-1160,85,-91,66,-17562,0,-15537,0,8160,8192,5904,232,-5864,-106,28,32
2528419892,-6718,4980,-986,136,-138,29,8160,8192,-8988,-26957,645,8192,5820,176,-6112,-107,29,33
2528469892,-6680,4940,-1012,113,-129,48,0,0,-7,-1,-15559,0,5792,236,-6044,-105,29,28
2528519892,-6584,4792,-1186,85,-105,82,0,0,-7,-1,-16554,0,5784,276,-5858,-106,32,30
2528569892,-6578,4936,-1002,53,-65,70,-15552,0,-15537,0,8160,8192,5766,162,-5994,-107,29,31
2528619892,-6650,4984,-966,124,-131,65,-15550,0,-15537,0,8160,8192,5756,174,-6112,-104,34,29
2528669892,-6706,4892,-1002,117,-137,40,-15547,0,-15537,0,8160,8192,5846,172,-5984,-109,33,31
2528719892,-6704,4948,-1056,95,-102,58,-15544,0,-15537,0,8160,8192,5824,194,-6008,-106,34,29
2528769892,-6674,5022,-992,91,-91,74,-15543,0,-15537,0,8160,8192,5802,186,-6060,-108,37,30
2528819892,-6704,4872,-1082,79,-89,72,8160,8192,0,0,645,8192,5850,218,-5994,-105,33,29
2528869893,-6642,4932,-1136,110,-130,48,-15539,0,-15537,0,8160,8192,5794,172,-6036,-107,31,30
2528919894,-6604,4908,-1028,106,-115,50,-15538,0,-15537,0,8160,8192,5772,176,-6080,-107,36,30
2528969892,-6670,4876,-1006,93,-90,83,0,0,-7,-1,-16535,0,5712,172,-5978,-106,29,30
2529019892,-6710,4920,-1102,87,-92,78,-17533,0,-15537,0,8160,8192,5730,208,-5980,-110,35,30
2529069892,-6634,4964,-1014,91,-102,45,8160,8192,-14348,-26947,645,8192,5816,98,-6038,-105,25,32
2529119892,-6730,4910,-1002,111,-117,44,0,0,-7,-1,-16530,0,5780,176,-6026,-105,34,28
2529169892,-6764,4858,-996,95,-98,62,-16528,0,-15537,0,8160,8192,5808,240,-5994,-106,37,33
2529219892,-6692,4902,-1020,94,-101,66,-16526,0,-15537,0,8160,8192,5788,210,-6034,-105,35,30
2529269892,-6664,4886,-1068,93,-105,63,-16524,0,-15537,0,8160,8192,5722,172,-6022,-106,33,28
2529319892,-6686,4892,-1064,100,-111,57,-17522,0,-15537,0,8160,8192,5760,180,-6012,-106,30,26
2529369892,-6704,4972,-988,107,-121,50,8160,8192,23508,-26942,645,8192,5768,160,-6034,-106,30,29
2529419892,-6700,4908,-1030,93,-94,67,5544,8192,-7,-1,-16627,0,5774,166,-6066,-105,30,29
2529469892,-6684,4926,-1070,95,-111,59,-17517,0,-15537,0,8160,8192,5804,208,-6022,-107,32,30
2529519892,-6706,4924,-1064,99,-108,59,8160,8192,0,0,645,8192,5808,200,-6068,-109,31,31
2529569892,-6700,4950,-986,102,-110,59,-16513,0,-15537,0,8160,8192,5758,182,-6058,-106,32,29
2529619892,-6650,4888,-1018,96,-109,58,0,0,-7,-1,-16511,0,5780,158,-6052,-105,31,30
2529669892,-6692,4912,-1082,93,-99,63,8160,8192,-4172,-26938,645,8192,5776,202,-6078,-107,32,30
2529719892,-6652,4912,-1060,108,-122,62,0,0,-7,-1,-16507,0,5780,212,-6044,-105,33,30
2529769892,-6682,4936,-1048,97,-104,56,-18505,0,-15537,0,8160,8192,5812,182,-6038,-107,32,30
2529819892,-7240,4606,-966,457,-1065,217,-17503,0,-15537,0,8160,8192,5844,196,-6034,-105,29,30
2529869892,-9748,3924,-1586,875,-4822,1302,-16500,0,-15537,0,8160,8192,5486,238,-6228,-106,35,27
2529919892,-11448,5664,1356,-832,2378,-358,8160,8192,-16316,-26934,645,8192,5844,188,-6008,-107,28,30
2529969892,-7084,3822,-442,84,-1225,-1031,-16497,0,-15537,0,8160,8192,5762,232,-5982,-110,29,29
2530019892,-5648,6144,260,-199,-2528,460,0,0,-7,-1,-16495,0,5780,104,-5940,-111,3,33
2530069892,-6908,5054,378,-768,2458,-426,-16495,0,-15537,0,8160,8192,5960,240,-5884,-130,76,48
2530119892,-4644,4578,-318,560,-745,-98,-16493,0,-15537,0,8160,8192,5940,4,-6472,-103,-21,21
2530169892,-6596,4626,186,58,199,270,-16491,0,-15537,0,8160,8192,5896,302,-6030,-105,42,30
2530219892,-7196,4988,-1340,-448,2150,-441,8160,8192,0,0,645,8192,5996,208,-5930,-109,31,33
2530269892,-6500,4630,-230,-387,990,123,-18487,0,-15537,0,8160,8192,5390,348,-6346,-103,22,24
2530319892,-6984,4802,-1142,180,-430,71,0,0,-7,-1,-16486,0,6008,48,-5814,-108,34,28
2530369892,-5594,4012,-422,38,-102,13,-17484,0,-15537,0,8160,8192,5204,184,-5562,-110,29,32
2530419892,-6760,5640,-370,-25,205,207,8160,8192,0,0,645,8192,5782,88,-6218,-103,29,30
2530469892,-6628,4616,-486,246,-309,9,0,0,-7,-1,-17483,0,5638,102,-5832,-102,42,29
2530519892,-6946,5022,-634,64,-75,4,0,0,-7,-1,-16481,0,5818,262,-6042,-109,27,33
2530569892,-6684,5148,-714,72,35,171,8160,8192,0,0,645,8192,5818,142,-6090,-105,34,28
2530619892,-6758,4870,-774,49,-117,79,-18477,0,-15537,0,8160,8192,5786,286,-5998,-105,27,28
2530669892,-6666,5006,-772,113,-115,-13,8160,8192,0,0,645,8192,5944,118,-5922,-110,34,32
2530719892,-7028,4410,-510,215,54,320,0,0,-7,-1,-17473,0,5986,-582,-6060,-100,82,38
2530769892,-5728,5480,830,171,-286,130,-18472,0,-15537,0,8160,8192,5256,-842,-6378,-110,69,30
2530819892,-4546,4500,-990,589,-1293,-286,-16469,0,-15537,0,8160,8192,6604,-868,-5584,-120,8,37
2530869892,-7272,5376,-16,59,910,1219,0,0,-7,-1,-17467,0,6060,1412,-7616,-89,73,31
2530919892,-5932,5208,-882,278,771,1223,-16465,0,-15537,0,8160,8192,5550,-566,-5472,-90,138,38
2530969892,-6396,5438,-562,176,-145,596,-16463,0,-15537,0,8160,8192,6178,376,-6246,-108,18,26
2531019892,-5342,5868,-826,197,-49,237,0,0,-7,-1,-16461,0,5888,-296,-6528,-105,12,28
2531069892,-6536,6168,-1338,233,41,551,-16458,0,-15537,0,8160,8192,5314,238,-6548,-105,39,38
2531119892,-6266,5456,-1226,179,-3,425,-16455,0,-15537,0,8160,8192,7330,686,-5010,-100,6,25
2531169892,-5474,5356,-838,200,30,387,8160,8192,-11500,-26915,645,8192,5052,442,-6766,-102,54,35
2531219892,-5850,6174,-924,199,54,644,-16451,0,-15537,0,8160,8192,5100,1176,-6534,-96,24,36
2531269892,-6294,5680,-1734,186,99,506,-16448,0,-15537,0,8160,8192,5258,228,-6298,-106,31,31
2531319892,-5482,5710,-1392,161,-113,187,8160,8192,0,0,645,8192,5814,442,-5904,-100,27,31
2531369892,-5264,5556,-1256,172,-76,258,8160,8192,0,0,645,8192,5354,-42,-6352,-99,42,28
2531419892,-6016,5584,-1516,132,82,475,8160,8192,-23644,-26911,645,8192,5828,258,-5910,-100,15,28
2531469892,-6102,5822,-1182,158,67,487,-16443,0,-15537,0,8160,8192,5446,-18,-6146,-103,24,31
2531519892,-5648,6006,-1232,201,-95,305,-16442,0,-15537,0,8160,8192,5834,80,-5932,-109,38,29
2531569892,-5754,5840,-1228,91,-112,200,8160,8192,-4716,-26909,645,8192,5828,182,-6110,-102,-55,26
2531619892,-5592,5900,-1348,20,-238,193,0,0,-7,-1,-16438,0,5936,190,-5922,-98,-174,31
2531669892,-6626,8564,-1788,-2,-109,312,0,0,-7,-1,-17437,0,6230,374,-6214,-100,-98,34
2531719892,-5484,6262,-1814,172,-40,270,-16436,0,-15537,0,8160,8192,5488,410,-5476,-104,61,34
2531769892,-6026,6624,-1362,76,-69,39,0,0,-7,-1,-16435,0,5818,610,-6174,-109,20,33
2531819892,-5514,6736,-1690,124,-132,81,-16433,0,-15537,0,8160,8192,5422,524,-6248,-104,26,36
2531869892,-5288,6284,-1548,114,-112,103,-16430,0,-15537,0,8160,8192,5754,622,-6208,-106,26,33
2531919892,-5308,6164,-1638,114,-122,98,-16428,0,-15537,0,8160,8192,5744,706,-6090,-105,25,32
2531969892,-5430,6246,-1488,104,-94,58,-16426,0,-15537,0,8160,8192,5654,554,-6024,-105,35,30
2532019892,-5536,6260,-1522,83,-107,56,-16158,0,-15537,0,8160,8192,5720,502,-6102,-106,26,26
2532069892,-5432,6106,-1494,88,-150,6,8160,8192,0,0,645,8192,5772,468,-6076,-102,25,28
2532119892,-5576,5928,-1190,96,-111,66,-16419,0,-15537,0,8160,8192,5946,178,-6000,-110,26,26
2532169892,-6720,7896,-1556,121,1,-19,-16416,0,-15537,0,8160,8192,7444,192,-5300,-107,237,29
2532219892,-3100,154,3362,292,263,1858,-16414,0,-15537,0,8160,8192,5014,-4268,-7556,-100,66,20
2532269892,-5076,6816,-3120,-804,269,-290,-16411,0,-15537,0,8160,8192,6126,3816,-5806,-113,0,33
2532319892,-4510,7178,-2328,1133,-1775,-2128,-16410,0,-15537,0,8160,8192,5594,392,-6040,-109,-6,29
2532369892,-6110,5668,26,57,755,1780,-16407,0,-15537,0,8160,8192,5672,-1952,-6140,-108,22,23
2532419892,-7190,5344,-1436,-838,1030,1119,8160,8192,0,0,645,8192,5588,528,-6188,-97,26,16
2532469892,-5734,6618,-1184,653,-909,-601,-16403,0,-15537,0,8160,8192,6014,-330,-5962,-105,78,28
2532519892,-6060,5862,-676,175,321,491,0,0,-7,-1,-16402,0,5488,-874,-6498,-109,93,39
2532569892,-5250,5426,-976,8,330,475,-16400,0,-15537,0,8160,8192,5706,-84,-6106,-110,78,35
2532619892,-5558,6322,-1694,206,-411,-221,0,0,-7,-1,-16398,0,5926,124,-5896,-104,60,30
2532669892,-5350,6648,-1888,61,-42,141,8160,8192,-18828,-26892,645,8192,6118,394,-6100,-105,39,31
2532719892,-5796,7050,-2108,58,13,210,-17395,0,-15537,0,8160,8192,5758,666,-5898,-102,21,40
2532769892,-4946,6572,-1730,116,-194,-49,8160,8192,15636,-26890,645,8192,5592,724,-6172,-106,13,31
2532819892,-4890,6090,-1366,121,-42,192,8160,8192,0,0,645,8192,6026,150,-5900,-103,25,32
2532869892,-4918,6218,-1532,60,27,295,8160,8192,0,0,645,8192,5612,324,-6180,-103,46,34
2532919892,-5746,6562,-1764,88,-37,135,8160,8192,-30972,-26888,645,8192,5772,272,-6046,-105,33,34
2532969892,-5142,6160,-1564,80,-55,140,8160,8192,19028,-26887,645,8192,5800,118,-6036,-108,25,26
2533019892,-5358,5962,-1136,129,18,345,0,0,-7,-1,-16379,0,6112,-268,-5848,-110,17,26
2533069892,-5538,5910,-1176,47,73,348,8160,8192,0,0,645,8192,6036,-298,-5952,-106,14,29
2533119892,-5524,6316,-1300,87,-64,169,8160,8192,-27580,-26885,645,8192,6076,-394,-5906,-100,21,35
2533169892,-5366,6366,-1358,63,-50,175,-17372,0,-15537,0,8160,8192,5758,350,-5998,-103,38,37
2533219892,-5502,6936,-1946,77,-79,106,-16370,0,-15537,0,8160,8192,5886,158,-5960,-109,27,28
2533269892,-4982,6584,-1590,93,-75,113,-16368,0,-15537,0,8160,8192,5750,630,-6044,-104,56,28
2533319892,-4788,6432,-2300,135,-153,-75,0,0,-7,-1,-16365,0,6162,774,-5892,-106,101,30
2533369892,-4526,7012,-2304,126,-132,-47,0,0,-7,-1,-16362,0,5830,1288,-6006,-112,94,19
2533419892,-4560,7100,-2214,119,-47,14,-18360,0,-15537,0,8160,8192,5856,1164,-5952,-110,120,26
2533469892,-4874,7176,-2252,117,34,162,-16358,0,-15537,0,8160,8192,6024,1182,-5934,-114,148,36
2533519892,-5364,7292,-2222,141,-12,-21,0,0,-7,-1,-16356,0,5030,972,-6600,-112,133,33
2533569892,-5002,6422,-1724,211,-111,-58,-16353,0,-15537,0,8160,8192,5886,56,-5904,-112,120,39
2533619892,-5742,5954,-1320,31,162,451,-16350,0,-15537,0,8160,8192,5858,-378,-5898,-99,21,35
2533669892,-5280,6288,-1730,1,-253,-79,-17347,0,-15537,0,8160,8192,5810,350,-5964,-97,-127,30
2533719892,-4888,6452,-1408,107,-424,-85,0,0,-7,-1,-17344,0,5856,114,-5886,-106,-154,24
2533769892,-5310,6576,-1750,-56,-4,218,-17342,0,-15537,0,8160,8192,5772,496,-5954,-99,-86,26
2533819892,-5182,6654,-1706,145,-312,-43,8160,8192,17060,-26874,645,8192,5918,466,-6030,-103,-55,21
2533869892,-4794,6636,-1962,1,-191,-97,8160,8192,1524,-26873,645,8192,5758,284,-5920,-106,-43,17
2533919892,-6096,6148,-780,63,184,732,8160,8192,0,0,645,8192,5936,-928,-6076,-92,-48,25
2533969892,-5622,6110,-1398,-93,-106,-53,-18332,0,-15537,0,8160,8192,5770,-44,-6080,-100,-38,24
2534019892,-5068,6462,-1260,302,-390,-73,8160,8192,20452,-26871,645,8192,5852,-104,-5988,-105,-14,30
2534069892,-4992,6534,-1838,-33,51,148,0,0,-7,-1,-16327,0,5664,926,-6114,-106,75,32
2534119892,-4972,6680,-1594,268,-262,-110,-18327,0,-15537,0,8160,8192,5790,240,-6090,-107,68,31
2534169892,-5156,6656,-1624,20,81,181,0,0,-7,-1,-17325,0,5544,508,-5974,-111,78,32
2534219892,-4910,6460,-1774,166,-238,-218,-18324,0,-15537,0,8160,8192,5844,294,-5968,-104,59,31
2534269892,-5070,6518,-1476,117,-51,133,8160,8192,0,0,645,8192,5724,220,-6040,-110,58,28
2534319892,-5424,6154,-1340,71,-85,-33,0,0,-7,-1,-17320,0,5776,-172,-6076,-105,43,26
2534369892,-5434,6308,-1314,107,-103,81,0,0,-7,-1,-16319,0,5780,-32,-6090,-107,21,26
2534419892,-5362,6424,-1496,70,-169,-97,0,0,-7,-1,-16317,0,6012,-84,-5892,-105,14,30
2534469892,-5372,6434,-1464,95,-73,84,-17316,0,-15537,0,8160,8192,5834,-28,-6082,-105,30,28
2534519892,-5486,6332,-1434,74,-67,100,8160,8192,-3836,-26864,645,8192,5818,-32,-6088,-105,46,34
2534569892,-5286,6354,-1384,127,-155,-7,-17313,0,-15537,0,8160,8192,5804,-96,-5918,-108,27,32
2534619892,-5510,6296,-1276,100,-10,242,-15690,0,-15537,0,8160,8192,5682,-58,-6072,-109,31,33
2534669892,-5266,6438,-1494,131,-155,55,8160,8192,15092,-26861,645,8192,5728,180,-6076,-108,39,33
2534719892,-5336,6324,-1320,105,-17,196,-16306,0,-15537,0,8160,8192,5774,-336,-6028,-102,39,30
2534769892,-5232,6420,-1776,45,-39,135,0,0,-7,-1,-17304,0,5806,350,-5970,-110,70,34
2534819892,-5442,6182,-1212,173,-85,0,-16302,0,-15537,0,8160,8192,5802,-258,-5978,-108,70,40
2534869892,-4782,6878,-2066,-26,-42,48,8160,8192,18484,-26858,645,8192,5988,856,-5806,-106,51,35
2534919892,-4690,6612,-1902,143,-213,35,-16297,0,-15537,0,8160,8192,5808,550,-6056,-105,-1,28
2534969892,-4970,6602,-1474,6,63,350,8160,8192,-12588,-26857,645,8192,5906,148,-6064,-104,8,28
2535019892,-4846,6476,-1828,80,-163,-3,-17294,0,-15537,0,8160,8192,5718,494,-5890,-109,25,27
2535069892,-5102,6738,-1430,176,-98,149,-16291,0,-15537,0,8160,8192,5784,96,-6118,-108,51,33
2535119892,-5160,6414,-1524,53,-26,48,-17289,0,-15537,0,8160,8192,5796,16,-6048,-108,52,34
2535169892,-5550,6372,-1228,158,4,312,0,0,-7,-1,-16287,0,5984,-696,-6006,-109,55,34
2535219892,-5368,6352,-1438,-29,105,228,-17284,0,-15537,0,8160,8192,5914,-116,-6142,-108,92,28
2535269892,-4706,6508,-1648,228,-284,-221,0,0,-7,-1,-16281,0,5616,354,-6008,-113,90,32
2535319892,-5558,6524,-1216,145,102,325,-17279,0,-15537,0,8160,8192,5874,-488,-6018,-108,93,35
2535369892,-5602,6208,-1232,10,270,543,-16276,0,-15537,0,8160,8192,6026,-436,-5848,-104,107,42
2535419892,-4680,6712,-1878,176,-281,-205,-16274,0,-15537,0,8160,8192,5912,790,-6018,-101,92,41
2535469892,-4690,6944,-1910,180,-226,-160,-16273,0,-15537,0,8160,8192,5930,156,-5852,-114,89,43
2535519892,-5144,6620,-1432,66,252,499,8160,8192,13124,-26848,645,8192,5996,-50,-6016,-104,131,39
2535569892,-5542,7354,-1940,100,-63,261,-16267,0,-15537,0,8160,8192,6080,114,-6026,-114,54,30
2535619892,-5146,6982,-1978,166,-186,47,8160,8192,0,0,645,8192,5696,-104,-5784,-108,14,35
2535669892,-5448,7290,-1944,31,-5,231,-16264,0,-15537,0,8160,8192,6074,28,-6164,-104,29,32
2535719892,-4866,6596,-1830,82,-111,137,-16261,0,-15537,0,8160,8192,5780,132,-6048,-112,23,30
2535769892,-4500,6758,-1744,49,-78,160,8160,8192,980,-26844,645,8192,5646,840,-6420,-107,41,27
2535819892,-4330,6972,-2078,156,-251,-327,-18258,0,-15537,0,8160,8192,5372,574,-6212,-105,27,28
2535869892,-4250,7198,-2274,-1,-197,278,8160,8192,-30092,-26843,645,8192,5766,984,-6054,-105,-117,23
2535919892,-4068,7048,-2572,-146,-281,89,8160,8192,19908,-26842,645,8192,5882,1220,-5834,-100,-164,24
2535969892,-4428,6928,-1716,101,-114,191,0,0,-7,-1,-16253,0,5774,542,-6046,-95,-134,22
2536019892,-5282,6500,-1018,-32,115,505,-16250,0,-15537,0,8160,8192,5644,-724,-6232,-90,-132,25
2536069892,-5722,6676,-944,-100,-106,400,-18248,0,-15537,0,8160,8192,5936,-866,-6054,-105,-211,30
2536119892,-5458,6540,-1226,79,-144,75,8160,8192,23300,-26839,645,8192,5858,-826,-6052,-104,-5,28
2536169892,-4630,7088,-1792,132,-153,-52,-16243,0,-15537,0,8160,8192,5608,438,-6094,-106,131,27
2536219892,-3696,6166,-1650,306,-23,-31,-16241,0,-15537,0,8160,8192,5272,560,-6156,-116,354,35
2536269892,-4776,6868,-1688,181,-72,22,-16238,0,-15537,0,8160,8192,5700,318,-6162,-109,137,28
2536319892,-4524,6736,-1506,132,-66,216,0,0,-7,-1,-16236,0,5894,122,-5952,-111,93,30
2536369892,-5152,7072,-1692,101,58,291,0,0,-7,-1,-17235,0,5792,182,-6124,-101,82,28
2536419892,-4102,6768,-1956,106,-301,-111,-18232,0,-15537,0,8160,8192,5766,432,-5974,-104,70,29
2536469892,-4308,6726,-1682,111,-74,80,-16231,0,-15537,0,8160,8192,5670,912,-6088,-101,37,25
2536519892,-4522,7190,-1854,98,-113,176,0,0,-7,-1,-16229,0,5860,680,-6028,-109,28,32
2536569892,-4300,6866,-1916,102,-137,-4,0,0,-7,-1,-16226,0,5890,536,-5878,-107,17,30
2536619892,-4572,6972,-1732,95,-64,186,-16224,0,-15537,0,8160,8192,5594,382,-5872,-107,10,30
2536669892,-4734,6604,-1782,69,-98,73,8160,8192,0,0,645,8192,5902,54,-5966,-105,10,29
2536719892,-4764,6886,-1438,100,-64,187,0,0,-7,-1,-17219,0,5836,60,-6204,-98,3,24
2536769892,-4944,6652,-1394,100,-99,103,0,0,-7,-1,-16217,0,5780,-366,-6012,-106,22,29
2536819892,-5034,6888,-1408,72,0,284,-16216,0,-15537,0,8160,8192,5758,16,-6078,-108,28,28
2536869892,-4930,6554,-1404,134,-66,67,-16214,0,-15537,0,8160,8192,5728,-242,-6126,-109,32,31
2536919892,-4486,6758,-1816,80,-181,-51,-17212,0,-15537,0,8160,8192,5844,392,-5728,-107,19,31
2536969892,-4680,6738,-1464,141,-91,229,-16879,0,-15537,0,8160,8192,5606,-94,-5996,-106,16,26
2537019892,-4850,7088,-1568,38,-108,165,-17207,0,-15537,0,8160,8192,5814,242,-6034,-110,21,33
2537069892,-4662,6906,-1620,188,-127,47,-16205,0,-15537,0,8160,8192,5778,338,-5952,-99,25,28
2537119892,-4162,6876,-1788,78,-212,6,-16203,0,-15537,0,8160,8192,5714,510,-5982,-104,9,30
2537169892,-4986,6604,-1398,92,30,354,-16201,0,-15537,0,8160,8192,5610,-472,-6120,-102,31,27
2537219892,-4760,7016,-1824,-26,-118,-96,0,0,-7,-1,-16199,0,5810,24,-6044,-98,1,26
2537269892,-4294,7266,-1864,128,-158,73,-18197,0,-15537,0,8160,8192,5832,720,-6040,-106,44,32
2537319892,-4630,6790,-1456,133,-83,125,0,0,-7,-1,-16196,0,5890,-264,-6002,-104,47,28
2537369892,-4842,6940,-1816,49,-17,258,-16194,0,-15537,0,8160,8192,5726,72,-6066,-108,51,29
2537419892,-4552,7640,-1968,109,-220,-286,0,0,-7,-1,-16192,0,5894,976,-6176,-114,36,36
2537469892,-4184,6892,-1204,280,192,373,0,0,-7,-1,-16189,0,5654,-604,-6122,-100,72,26
2537519892,-4668,6798,-1782,-219,136,658,8160,8192,-18492,-26818,645,8192,5706,574,-5960,-120,68,34
2537569892,-4426,6834,-1578,260,-74,-65,-16187,0,-15537,0,8160,8192,5788,-12,-5964,-110,43,33
2537619892,-4390,7142,-1710,137,-233,8,-18184,0,-15537,0,8160,8192,5716,178,-6136,-97,30,21
2537669892,-4396,6826,-1692,37,-59,116,-18182,0,-15537,0,8160,8192,5842,188,-5952,-108,-2,32
2537719892,-4386,7010,-1710,63,-155,116,8160,8192,-15100,-26815,645,8192,5746,226,-6024,-101,16,25
2537769892,-4352,7134,-1740,114,-149,83,8160,8192,0,0,645,8192,5808,362,-6008,-111,23,36
2537819892,-4318,7102,-1810,97,-182,60,-18177,0,-15537,0,8160,8192,5808,494,-6050,-103,20,30
2537869892,-4140,7112,-1706,116,-46,107,0,0,-7,-1,-16176,0,6244,362,-5614,-102,33,30
2537919892,-4082,6910,-1992,57,-215,-4,-16174,0,-15537,0,8160,8192,5990,418,-5814,-111,47,32
2537969892,-4472,7122,-1558,147,7,199,0,0,-7,-1,-16172,0,5688,188,-6076,-108,31,29
2538019892,-4440,6958,-1608,91,-142,92,-17169,0,-15537,0,8160,8192,5756,248,-6050,-107,20,31
2538069892,-4232,7040,-1700,125,-125,28,8160,8192,0,0,645,8192,5800,22,-6082,-99,18,22
2538119892,-4588,7020,-1488,80,-20,270,8160,8192,0,0,645,8192,5784,142,-6030,-108,34,31
2538169892,-4192,6998,-1850,61,-236,-19,-17162,0,-15537,0,8160,8192,5846,50,-5996,-112,39,31
2538219892,-4634,6838,-1446,160,-1,92,8160,8192,26148,-26807,645,8192,5808,-60,-5976,-108,39,32
2538269892,-4356,7044,-1786,45,-163,39,-16159,0,-15537,0,8160,8192,5820,330,-6028,-107,33,28
2538319892,-4140,6930,-1758,156,-103,18,-18158,0,-15537,0,8160,8192,5796,338,-6138,-110,41,32
2538369892,-4420,6952,-1646,92,-87,108,0,0,-7,-1,-16156,0,5772,150,-6054,-106,49,27
2538419892,-4366,7038,-1756,94,-76,49,0,0,-7,-1,-17154,0,5772,292,-6008,-102,31,26
2538469892,-4356,7090,-1692,114,-97,124,0,0,-7,-1,-17152,0,5824,354,-6024,-107,27,32
2538519892,-4368,7058,-1700,105,-91,91,8160,8192,-1532,-26803,645,8192,5804,196,-6042,-100,17,27
2538569892,-4370,7038,-1668,125,-93,18,-17149,0,-15537,0,8160,8192,5794,70,-6014,-105,31,31
2538619892,-4272,6978,-1812,55,-119,40,8160,8192,-32604,-26801,645,8192,5820,254,-6036,-109,55,36
2538669892,-4296,7044,-1722,105,-112,58,0,0,-7,-1,-16144,0,5832,250,-5934,-107,36,30
2538719892,-4370,7070,-1690,101,-96,88,-16144,0,-15537,0,8160,8192,5784,178,-6088,-106,36,28
2538769892,-4448,7022,-1690,122,-106,74,-16141,0,-15537,0,8160,8192,5822,-8,-6092,-114,38,36
2538819892,-4518,6982,-1708,67,-64,147,0,0,-7,-1,-16139,0,5952,28,-5866,-106,37,31
2538869892,-4588,6814,-1424,100,-12,182,-16137,0,-15537,0,8160,8192,5784,-98,-6066,-98,41,21
2538919892,-4622,7322,-1600,126,-152,80,-16135,0,-15537,0,8160,8192,6256,84,-5598,-108,19,36
2538969892,-4092,6262,-1368,88,-41,39,-16133,0,-15537,0,8160,8192,6476,430,-5896,-96,29,21
2539019892,-4214,7226,-1530,238,-141,-114,-16132,0,-15537,0,8160,8192,5684,222,-6114,-110,6,40
2539069892,-4264,7044,-1714,93,-143,123,-18130,0,-15537,0,8160,8192,5858,298,-5986,-116,30,45
2539119892,-4414,6928,-1956,25,-25,199,0,0,-7,-1,-16128,0,5928,238,-5964,-86,51,12
2539169892,-4224,7146,-1544,185,-136,-140,-16125,0,-15537,0,8160,8192,5620,278,-6172,-110,17,36
2539219892,-4248,7040,-1912,75,-181,76,8160,8192,0,0,645,8192,5826,248,-6018,-110,30,35
2539269892,-4498,6968,-1704,106,-8,116,0,0,-7,-1,-17122,0,5762,172,-6138,-103,25,27
2539319892,-4306,7046,-1764,94,-231,-59,8160,8192,0,0,645,8192,5818,204,-6026,-108,17,36
2539369892,-4252,7054,-1788,62,-96,28,-16118,0,-15537,0,8160,8192,5632,290,-6102,-99,24,26
2539419892,-4164,7118,-1714,90,-141,52,0,0,-7,-1,-17117,0,5794,270,-6012,-113,20,35
2539469892,-4398,7004,-1694,85,-59,156,-16115,0,-15537,0,8160,8192,5806,84,-6030,-103,34,25
2539519892,-4398,7144,-1558,133,-105,46,8160,8192,15428,-26787,645,8192,5684,136,-6104,-105,33,32
2539569892,-4328,6972,-1732,102,-145,40,-16112,0,-15537,0,8160,8192,5886,164,-5938,-109,48,31
2539619892,-4462,7066,-1654,108,-52,132,-16111,0,-15537,0,8160,8192,5778,130,-6068,-102,41,27
2539669892,-4352,7046,-1790,103,-185,-11,0,0,-7,-1,-16109,0,5830,168,-5998,-105,43,31
2539719892,-4412,7112,-1560,108,-27,118,0,0,-7,-1,-17106,0,5762,112,-6032,-106,45,26
2539769892,-4352,7018,-1784,90,-146,37,-16104,0,-15537,0,8160,8192,5800,252,-5988,-107,39,37
2539819892,-4396,6994,-1616,114,-48,99,-16102,0,-15537,0,8160,8192,5828,-50,-6022,-99,43,26
2539869892,-4508,7012,-1668,73,-72,141,8160,8192,0,0,645,8192,5746,182,-6084,-106,38,32
2539919892,-4330,7132,-1836,102,-154,50,-16100,0,-15537,0,8160,8192,5806,194,-6022,-111,36,32
2539969892,-4196,7144,-1684,102,-88,55,8160,8192,6676,-26780,645,8192,5768,432,-6084,-99,44,27
2540019892,-4156,7160,-1790,116,-150,28,8160,8192,-8860,-26780,645,8192,5776,320,-5986,-109,30,33
2540069892,-4322,7054,-1736,124,-100,64,-16094,0,-15537,0,8160,8192,5828,352,-6028,-105,30,29
2540119892,-4240,7078,-1728,114,-117,26,0,0,-7,-1,-17091,0,5766,428,-5966,-109,24,31
2540169892,-4286,7006,-1806,104,-117,84,-18089,0,-15537,0,8160,8192,5824,188,-6010,-106,31,31
2540219892,-4474,6990,-1668,83,-59,113,-17087,0,-15537,0,8160,8192,5770,42,-6060,-105,32,28
2540269892,-4502,7036,-1632,98,-115,63,-16085,0,-15537,0,8160,8192,5854,36,-6060,-112,23,33
2540319892,-4452,6996,-1682,87,-126,54,-17083,0,-15537,0,8160,8192,5852,74,-6040,-111,21,31
2540369892,-4394,7038,-1622,92,-99,73,8160,8192,13460,-26774,645,8192,5766,104,-6092,-103,21,22
2540419892,-4274,6966,-1648,121,-148,-33,-16078,0,-15537,0,8160,8192,5846,92,-6074,-113,21,33
2540469892,-4496,7024,-1616,51,-25,246,8160,8192,0,0,645,8192,5818,-32,-5972,-104,28,24
2540519892,-4328,7162,-1760,94,-148,-27,-16073,0,-15537,0,8160,8192,5772,274,-6170,-110,32,33
2540569892,-4144,7162,-1914,102,-171,-2,-16070,0,-15537,0,8160,8192,6124,442,-5792,-107,27,29
2540619892,-4274,7108,-1652,120,-38,167,0,0,-7,-1,-16068,0,5572,320,-6166,-100,23,26
2540669892,-4162,7252,-1786,127,-222,-63,8160,8192,0,0,645,8192,5854,362,-6058,-112,31,44
2540719892,-4464,7026,-1656,71,7,236,8160,8192,-29756,-26769,645,8192,5886,100,-5982,-100,37,20
2540769892,-4298,6992,-1598,106,-136,9,0,0,-7,-1,-16063,0,5610,164,-6092,-106,26,30
2540819892,-4324,7140,-1794,124,-161,10,0,0,-7,-1,-16060,0,5976,170,-5956,-108,32,35
2540869892,-4260,6866,-1668,53,-57,116,-16059,0,-15537,0,8160,8192,5616,236,-6138,-95,19,16
2540919892,-4368,7246,-1594,127,-177,4,-16058,0,-15537,0,8160,8192,5728,116,-6020,-116,14,41
2540969892,-4382,6896,-1776,44,-59,162,-17058,0,-15537,0,8160,8192,5922,122,-5966,-98,53,24
2541019892,-4358,7044,-1456,178,-104,10,-16057,0,-15537,0,8160,8192,5692,70,-6178,-114,35,36
2541069892,-4492,6964,-1710,59,-111,105,-18056,0,-15537,0,8160,8192,5968,-62,-5942,-99,49,28
2541119892,-4212,7072,-1670,112,-81,20,-16053,0,-15537,0,8160,8192,5520,344,-6234,-104,34,27
2541169892,-4210,7144,-1752,133,-207,21,-18052,0,-15537,0,8160,8192,5882,110,-5978,-119,45,48
2541219892,-4364,7004,-1820,30,-16,186,-16049,0,-15537,0,8160,8192,5796,334,-6058,-102,49,31
2541269892,-4184,7102,-1774,180,-193,-78,8160,8192,0,0,645,8192,5838,376,-6006,-121,28,38
2541319892,-4168,7118,-1770,91,-93,88,8160,8192,-19580,-26760,645,8192,5842,192,-6028,-106,30,28
2541369892,-4420,6912,-1840,27,-72,163,-16042,0,-15537,0,8160,8192,5912,178,-5856,-95,29,15
2541419892,-4466,7066,-1888,110,-128,16,-17040,0,-15537,0,8160,8192,5598,212,-6122,-83,31,10
2541469892,-3632,6970,-852,133,-97,56,8160,8192,-652,-26758,645,8192,5840,274,-5802,-108,21,26
2541519892,-4504,7020,-1890,65,-108,108,0,0,-7,-1,-17034,0,5820,58,-6062,-102,41,39
2541569892,-4444,7218,-1726,139,-144,44,-16033,0,-15537,0,8160,8192,5850,208,-5914,-125,27,53
2541619892,-4334,7088,-1776,93,-108,87,-18031,0,-15537,0,8160,8192,5816,134,-6032,-103,39,32
2541669892,-4296,7130,-1742,140,-145,-23,-16029,0,-15537,0,8160,8192,5766,342,-6008,-114,28,42
2541719892,-4340,7106,-1976,59,-114,109,0,0,-7,-1,-16027,0,6108,268,-5810,-105,34,28
2541769892,-4584,6142,-1478,16,66,127,8160,8192,-28332,-26753,645,8192,6556,-112,-5872,-86,52,6
2541819892,-3902,6952,-1724,60,-231,-125,8160,8192,21668,-26752,645,8192,5830,102,-6088,-116,31,41
2541869892,-4244,6650,-1412,82,25,235,0,0,-7,-1,-16020,0,5596,60,-6192,-101,42,27
2541919892,-4278,6906,-1782,40,-79,156,-16018,0,-15537,0,8160,8192,5756,106,-6078,-94,47,22
2541969892,-4284,7076,-1686,121,-145,-10,-16016,0,-15537,0,8160,8192,5780,-18,-6084,-110,3,27
2542019892,-4280,7070,-1722,52,-72,132,-16014,0,-15537,0,8160,8192,5760,94,-6070,-109,22,29
2542069892,-3962,6842,-1784,63,-74,136,8160,8192,9524,-26748,645,8192,5806,174,-6004,-105,25,30
2542119892,-4072,7452,-1470,161,78,247,-16009,0,-15537,0,8160,8192,5756,292,-6106,-106,23,31
2542169892,-4136,7140,-1816,94,-137,87,-15942,0,-15537,0,8160,8192,5820,256,-6108,-108,29,31
2542219892,-4090,7042,-1834,128,-76,31,-16004,0,-15537,0,8160,8192,5848,282,-6050,-106,28,25
2542269892,-4070,7164,-1800,83,-150,38,8160,8192,12916,-26745,645,8192,5730,330,-6004,-107,25,30
2542319892,-4146,7138,-1868,88,-88,65,0,0,-7,-1,-16003,0,5826,274,-6048,-104,32,31
2542369892,-4170,7112,-1698,121,-133,21,-18002,0,-15537,0,8160,8192,5736,276,-6052,-103,47,28
2542419892,-4080,7172,-1782,106,-109,45,0,0,-7,-1,-16000,0,5810,260,-6008,-106,40,32
2542469892,-4214,7084,-1756,107,-79,109,8160,8192,0,0,645,8192,5808,230,-6022,-102,42,30
2542519892,-4266,7068,-1668,106,-108,57,0,0,-7,-1,-15996,0,5794,66,-6056,-111,33,29
2542569892,-4328,7032,-1650,99,-117,61,-15995,0,-15537,0,8160,8192,5800,16,-6022,-107,35,28
2542619892,-4324,7036,-1728,93,-98,37,0,0,-7,-1,-15992,0,5784,84,-6028,-106,39,30
2542669892,-4182,7038,-1764,98,-142,68,0,0,-7,-1,-15990,0,5716,144,-6102,-105,39,32
2542719892,-4268,7084,-1662,96,-81,96,-16988,0,-15537,0,8160,8192,5916,116,-5940,-106,42,28
2542769892,-4256,7032,-1728,117,-107,50,0,0,-7,-1,-16987,0,5912,64,-5884,-103,64,36
2542819892,-4134,7040,-1678,106,-98,42,0,0,-7,-1,-16985,0,5800,194,-6060,-105,31,36
2542869892,-4152,7198,-1834,77,-147,90,0,0,-7,-1,-16983,0,6004,244,-5842,-110,13,31
2542919892,-4202,7074,-1740,94,-54,133,-15981,0,-15537,0,8160,8192,5818,162,-5946,-98,21,23
2542969892,-4080,7142,-1710,117,-168,2,-15978,0,-15537,0,8160,8192,5802,196,-6028,-115,10,36
2543019892,-4184,7064,-1860,93,-88,131,0,0,-7,-1,-16976,0,5886,192,-5938,-105,33,32
2543069892,-4218,7110,-1762,81,-55,67,-15974,0,-15537,0,8160,8192,5790,246,-5968,-97,34,22
2543119892,-4200,7144,-1762,142,-197,-35,8160,8192,0,0,645,8192,5770,256,-5916,-119,22,33
2543169892,-4168,7098,-1680,115,-6,116,8160,8192,-4588,-26732,645,8192,5692,130,-6148,-101,36,29
2543219892,-4170,7186,-1776,87,-153,41,-15966,0,-15537,0,8160,8192,5836,252,-6008,-113,29,31
2543269892,-4270,7048,-1782,96,-75,102,-15964,0,-15537,0,8160,8192,5822,152,-5942,-103,33,25
2543319892,-4276,7188,-1676,105,-105,30,8160,8192,14340,-26729,645,8192,5830,170,-6044,-109,29,32
2543369892,-4272,7106,-1764,91,-129,95,-15956,0,-15537,0,8160,8192,5896,44,-5958,-110,32,32
2543419892,-4224,7062,-1624,106,-55,61,8160,8192,0,0,645,8192,5714,92,-6088,-109,27,30
2543469892,-4256,7078,-1816,83,-168,73,8160,8192,-32268,-26727,645,8192,5918,90,-5932,-106,38,30
2543519892,-4224,7054,-1574,106,-15,79,-15949,0,-15537,0,8160,8192,5676,94,-6110,-95,40,19
2543569892,-4156,7202,-1658,120,-210,-19,-15946,0,-15537,0,8160,8192,5832,138,-6060,-120,20,38
2543619892,-4174,7082,-1832,67,-25,165,0,0,-7,-1,-15943,0,5860,166,-5962,-100,40,26
2543669892,-4142,7182,-1654,116,-114,46,-15939,0,-15537,0,8160,8192,5720,242,-6076,-105,28,30
2543719892,-4084,7154,-1944,97,-171,52,-15938,0,-15537,0,8160,8192,5886,202,-5926,-111,33,33
2543769892,-4180,7154,-1700,108,-26,103,-15936,0,-15537,0,8160,8192,5774,258,-6004,-104,40,26
2543819892,-4142,7224,-1798,97,-161,55,0,0,-7,-1,-15934,0,5724,186,-6094,-107,35,35
2543869892,-4182,7082,-1724,94,-18,121,-15932,0,-15537,0,8160,8192,5826,152,-5994,-95,48,23
2543919892,-4126,7166,-1744,95,-157,36,-16930,0,-15537,0,8160,8192,5826,214,-6024,-111,29,34
2543969892,-4084,7150,-1846,93,-89,97,0,0,-7,-1,-15927,0,5846,252,-6014,-106,36,28
2544019892,-4096,7114,-1692,112,-108,42,-17925,0,-15537,0,8160,8192,5752,244,-6078,-107,28,29
2544069892,-4106,7162,-1834,84,-143,80,0,0,-7,-1,-16923,0,5882,230,-5988,-109,25,34
2544119892,-4178,7484,-1576,104,0,102,-17921,0,-15537,0,8160,8192,5854,204,-6172,-96,35,19
2544169892,-4078,7154,-1820,86,-175,46,0,0,-7,-1,-15919,0,5882,170,-5904,-100,28,22
2544219892,-4108,7064,-1738,99,-49,66,-17917,0,-15537,0,8160,8192,5730,180,-6018,-93,28,14
2544269892,-4024,7168,-1466,141,-176,-22,-16915,0,-15537,0,8160,8192,5634,194,-6276,-118,13,43
2544319892,-4140,7102,-1854,60,-85,177,-15914,0,-15537,0,8160,8192,5882,156,-5944,-111,40,37
2544369892,-4024,7054,-1550,128,-84,44,8160,8192,0,0,645,8192,5720,148,-6116,-117,15,45
2544419892,-4060,7192,-1926,118,-213,20,0,0,-7,-1,-15910,0,5950,126,-5914,-113,39,39
2544469892,-4184,7120,-1732,100,-8,110,8160,8192,0,0,645,8192,5758,210,-6060,-98,38,19
2544519892,-4150,7168,-1780,117,-218,-9,-15905,0,-15537,0,8160,8192,5878,198,-5962,-118,21,41
2544569892,-4212,7184,-1812,87,-13,127,0,0,-7,-1,-15904,0,5848,136,-5960,-99,56,21
2544619892,-4152,7112,-1638,132,-149,17,-15902,0,-15537,0,8160,8192,5742,146,-6074,-112,31,37
2544669892,-4124,7092,-1846,76,-114,91,0,0,-7,-1,-16898,0,5880,120,-5976,-106,33,29
2544719892,-4204,7154,-1626,119,-59,79,0,0,-7,-1,-15895,0,5814,130,-6056,-103,26,29
2544769892,-4144,7118,-1814,82,-171,71,8160,8192,0,0,645,8192,5900,62,-5902,-111,25,35
2544819892,-4244,7016,-1602,88,8,150,-15890,0,-15537,0,8160,8192,5720,-12,-6052,-99,35,21
2544869892,-4272,7124,-1758,97,-145,59,-17888,0,-15537,0,8160,8192,5864,52,-6028,-110,32,37
2544919892,-4204,7172,-1678,108,-31,112,-15886,0,-15537,0,8160,8192,5832,98,-6004,-99,48,25
2544969892,-4026,7214,-1798,110,-146,7,-16884,0,-15537,0,8160,8192,5778,306,-6064,-111,40,34
2545019892,-3900,7184,-1950,97,-136,25,-15880,0,-15537,0,8160,8192,5840,352,-5996,-104,30,31
2545069892,-4000,7194,-1866,89,-108,52,8160,8192,-5132,-26703,645,8192,5778,410,-6014,-106,22,30
2545119892,-4130,7168,-1834,100,-109,82,0,0,-7,-1,-15876,0,5862,112,-5946,-106,38,30
2545169892,-4152,7048,-1698,80,-36,117,0,0,-7,-1,-15873,0,5784,100,-6064,-105,55,31
2545219892,-4086,7142,-1838,108,-131,23,-15872,0,-15537,0,8160,8192,5814,222,-6002,-107,49,34
2545269892,-4108,7180,-1772,112,-82,79,0,0,-7,-1,-15870,0,5782,174,-5988,-103,38,31
2545319892,-4096,7152,-1812,93,-146,28,-15868,0,-15537,0,8160,8192,5818,158,-6052,-105,25,31
2545369892,-4086,7136,-1776,95,-80,104,0,0,-7,-1,-15865,0,5776,132,-6044,-105,26,28
2545419892,-4078,7176,-1808,93,-118,38,-15863,0,-15537,0,8160,8192,5788,222,-6046,-108,18,29
2545469892,-4034,7162,-1784,100,-112,91,0,0,-7,-1,-16859,0,5782,238,-5980,-105,29,32
2545519892,-4106,7162,-1760,94,-98,55,-15853,0,-15537,0,8160,8192,5768,196,-6056,-104,24,27
2545569892,-3936,7170,-1930,91,-176,11,-15850,0,-15537,0,8160,8192,5790,400,-6030,-108,22,29
2545619892,-3954,7232,-1894,117,-138,-32,0,0,-7,-1,-15847,0,5784,398,-6040,-105,19,28
2545669892,-3770,7340,-2104,78,-194,-34,8160,8192,5044,-26693,645,8192,5788,696,-5998,-108,27,30
2545719892,-3676,7302,-2074,104,-193,-93,0,0,-7,-1,-16840,0,5728,896,-6038,-99,26,31
2545769892,-3822,7472,-2440,152,-346,-228,-17837,0,-15537,0,8160,8192,6422,1106,-5742,-103,22,28
2545819892,-3756,7538,-2096,123,-180,24,-17836,0,-15537,0,8160,8192,5762,776,-6076,-98,41,30
2545869892,-3906,7314,-2010,72,-145,-68,8160,8192,8436,-26690,645,8192,6124,478,-5618,-100,46,32
2545919892,-4202,7130,-1432,158,-133,-158,0,0,-7,-1,-15831,0,5960,482,-5926,-108,50,18
2545969892,-4204,6906,-1850,162,-280,-288,0,0,-7,-1,-16830,0,5338,160,-6312,-102,47,26
2546019892,-4660,7228,-1514,141,-66,15,8160,8192,0,0,645,8192,5606,76,-5880,-97,44,37
2546069892,-4450,5828,-1306,1,3,65,-15824,0,-15537,0,8160,8192,5406,-304,-6136,-102,28,22
2546119892,-4442,6532,-992,112,-89,24,-15821,0,-15537,0,8160,8192,5510,-306,-6008,-106,16,23
2546169892,-5068,7240,-2024,75,-219,-54,0,0,-7,-1,-15819,0,5852,-440,-6208,-100,17,33
2546219892,-4454,7078,-1514,146,-252,-105,-16817,0,-15537,0,8160,8192,5496,148,-6158,-102,29,33
2546269892,-4384,6852,-1608,153,-255,-153,0,0,-7,-1,-15815,0,6046,48,-5920,-108,31,23
2546319892,-4644,7142,-1962,105,-170,-15,8160,8192,0,0,645,8192,5782,60,-5964,-101,34,26
2546369892,-4554,6868,-1754,55,-51,125,0,0,-7,-1,-16811,0,5734,96,-6072,-100,26,31
2546419892,-4118,6742,-1262,86,-88,69,-15809,0,-15537,0,8160,8192,6072,182,-5958,-99,19,32
2546469892,-4728,6936,-1698,146,-155,-123,0,0,-7,-1,-16808,0,5944,114,-5932,-103,21,27
2546519892,-4362,6718,-1342,125,-140,-82,-15804,0,-15537,0,8160,8192,5854,-24,-6108,-105,27,30
2546569892,-4642,6766,-1828,86,-103,123,8160,8192,-12460,-26680,645,8192,5760,84,-5972,-106,34,31
2546619892,-4830,6768,-1476,108,-70,108,0,0,-7,-1,-16798,0,5792,-248,-6150,-106,34,29
2546669892,-4964,6882,-1278,117,-60,84,8160,8192,22004,-26678,645,8192,5544,-434,-6164,-104,56,29
2546719892,-4942,6672,-1390,108,-90,56,-15794,0,-15537,0,8160,8192,5868,-748,-6034,-108,67,29
2546769892,-5064,6638,-1262,101,-54,76,8160,8192,-9068,-26677,645,8192,5756,-530,-6094,-107,56,36
2546819892,-4854,6748,-1404,102,-112,-3,8160,8192,-24604,-26676,645,8192,5772,-418,-6114,-104,59,28
2546869892,-4674,6744,-1514,121,-101,93,-15785,0,-15537,0,8160,8192,5810,38,-6050,-107,52,35
2546919892,-4692,6898,-1706,88,-80,64,8160,8192,9860,-26674,645,8192,5948,2,-5964,-109,53,32
2546969892,-4468,6556,-1492,103,-1,166,0,0,-7,-1,-15780,0,5714,50,-6068,-110,68,34
2547019892,-4502,6960,-1836,75,-72,88,-15778,0,-15537,0,8160,8192,5842,378,-5958,-112,74,34
2547069892,-4190,7020,-1720,153,-101,115,-17775,0,-15537,0,8160,8192,5880,358,-6040,-109,75,34
2547119892,-4310,6962,-1736,106,-105,84,-15772,0,-15537,0,8160,8192,5824,342,-6004,-109,47,36
2547169892,-4332,6998,-1820,87,-108,88,-15770,0,-15537,0,8160,8192,5850,226,-6062,-109,12,32
2547219892,-4176,7122,-1914,44,-108,68,8160,8192,-17820,-26670,645,8192,5792,532,-6034,-110,-9,31
2547269892,-4264,7180,-1924,80,-141,52,8160,8192,0,0,645,8192,5832,370,-6020,-106,-2,27
2547319892,-4438,6922,-1744,73,-30,218,0,0,-7,-1,-15762,0,5846,238,-6028,-105,-3,30
2547369892,-4432,6848,-1700,60,-113,56,8160,8192,0,0,645,8192,5794,88,-5972,-104,-15,29
2547419892,-4376,6892,-1706,88,-132,85,-15759,0,-15537,0,8160,8192,5776,118,-5986,-102,-14,29
2547469892,-4362,6976,-1756,45,-148,71,-16757,0,-15537,0,8160,8192,5858,302,-6030,-104,8,31
2547519892,-4606,6984,-1602,123,-90,123,8160,8192,20036,-26665,645,8192,5888,-18,-6020,-104,0,34
2547569892,-4372,6982,-1742,52,-101,5,-15753,0,-15537,0,8160,8192,5758,134,-6078,-104,11,31
2547619892,-4716,6956,-1300,132,-5,334,8160,8192,-11036,-26664,645,8192,5854,-422,-6092,-106,29,28
2547669892,-4890,6820,-1508,-21,72,200,8160,8192,-26572,-26663,645,8192,5840,-354,-5958,-106,34,28
2547719892,-4654,6880,-1476,160,-115,155,-15745,0,-15537,0,8160,8192,6002,-78,-5946,-109,29,30
2547769892,-4414,6806,-1504,51,-102,65,0,0,-7,-1,-16743,0,5990,-134,-5948,-106,18,28
2547819892,-3868,6176,-1232,95,-107,93,-17741,0,-15537,0,8160,8192,5878,228,-6072,-111,33,29
2547869892,-4158,7214,-1724,72,-98,132,8160,8192,-23180,-26660,645,8192,5726,452,-6090,-106,48,36
2547919892,-4410,7122,-1796,147,-83,102,-15736,0,-15537,0,8160,8192,5840,196,-6050,-102,42,31
2547969892,-3886,7238,-2152,49,-149,-1,0,0,-7,-1,-15732,0,5846,772,-5930,-106,27,34
2548019892,-3680,7398,-2078,148,-205,-31,8160,8192,-4252,-26658,645,8192,5772,944,-6046,-106,38,32
2548069892,-3880,7288,-1988,104,-108,25,-16728,0,-15537,0,8160,8192,5736,590,-6080,-105,36,33
2548119892,-3804,7188,-2228,35,-129,54,8160,8192,30212,-26656,645,8192,5760,848,-6002,-108,35,29
2548169892,-4376,7050,-1640,169,-61,101,8160,8192,0,0,645,8192,5874,-124,-6074,-101,38,27
2548219892,-4970,6720,-1200,45,172,487,0,0,-7,-1,-16719,0,5900,-838,-5962,-107,36,29
2548269892,-5592,6552,-788,0,246,481,8160,8192,-16396,-26654,645,8192,6022,-1598,-5972,-106,37,35
2548319892,-5556,7038,-1380,13,80,366,-15710,0,-15537,0,8160,8192,5870,-1214,-6036,-109,51,30
2548369892,-5506,7582,-2090,76,-177,-33,-17708,0,-15537,0,8160,8192,5980,-698,-6074,-110,35,31
2548419892,-4484,8132,-2572,160,-385,-323,-15706,0,-15537,0,8160,8192,6010,1086,-5638,-97,49,41
2548469892,-3708,7796,-1998,251,-379,-281,-15703,0,-15537,0,8160,8192,5008,724,-5880,-109,67,43
2548519892,-3624,7640,-2440,22,-235,-9,-15700,0,-15537,0,8160,8192,5570,1352,-6142,-108,26,32
2548569892,-3756,7720,-2222,159,-161,1,-15698,0,-15537,0,8160,8192,5472,1054,-6160,-106,37,32
2548619892,-3730,7274,-2040,100,-14,139,-15696,0,-15537,0,8160,8192,5804,862,-6072,-106,54,33
2548669892,-4188,7066,-1672,103,176,424,8160,8192,-9612,-26648,645,8192,5728,148,-6068,-108,63,30
2548719892,-4630,6918,-1508,-2,93,320,8160,8192,-25148,-26647,645,8192,5872,-326,-6072,-103,29,30
2548769892,-4446,6922,-1528,85,-94,89,-15690,0,-15537,0,8160,8192,5738,-268,-5994,-107,19,28
2548819892,-4258,6940,-1486,120,-119,25,-15688,0,-15537,0,8160,8192,5700,-110,-5952,-104,39,36
2548869892,-4086,6356,-1198,73,-19,199,8160,8192,-6220,-26645,645,8192,5704,-546,-5950,-107,56,29
2548919892,-4178,6822,-1604,45,-81,44,0,0,-7,-1,-15685,0,5978,-246,-5832,-105,42,32
2548969892,-4300,6670,-1578,140,-76,190,-15682,0,-15537,0,8160,8192,6004,-184,-5908,-106,47,37
2549019892,-4162,7264,-2056,40,-178,32,-17680,0,-15537,0,8160,8192,5826,270,-5978,-111,24,34
2549069892,-4376,7874,-2148,197,-248,-38,-15677,0,-15537,0,8160,8192,6150,-18,-6068,-109,20,33
2549119892,-4108,7628,-2014,83,-141,77,0,0,-7,-1,-15675,0,5810,216,-5952,-108,44,34
2549169892,-4246,7308,-1882,156,-163,81,-17671,0,-15537,0,8160,8192,6040,276,-5956,-109,39,32
2549219892,-3828,6948,-1660,103,-113,35,-17668,0,-15537,0,8160,8192,6226,168,-5964,-103,24,28
2549269892,-5626,9452,-2944,90,-37,206,-15667,0,-15537,0,8160,8192,4900,214,-6334,-100,24,40
2549319892,-3824,6944,-1848,49,-79,101,-15664,0,-15537,0,8160,8192,5688,358,-6082,-101,9,26
2549369892,-3844,7328,-2006,152,-199,-82,-15662,0,-15537,0,8160,8192,5918,678,-5856,-107,15,28
2549419892,-4162,7220,-1628,82,-35,180,8160,8192,19492,-26636,645,8192,5960,24,-5846,-108,8,26
2549469892,-3854,7118,-1996,31,-163,4,-15655,0,-15537,0,8160,8192,5802,662,-6064,-102,14,30
2549519892,-3310,7386,-2244,187,-304,-199,8160,8192,-11580,-26635,645,8192,5776,1268,-5986,-104,34,29
2549569892,-3210,7666,-2390,135,-244,-121,-15651,0,-15537,0,8160,8192,5792,1250,-6032,-104,41,24
2549619892,-3624,7242,-2104,108,-91,135,-16648,0,-15537,0,8160,8192,5788,486,-6010,-109,32,25
2549669892,-4274,7258,-1708,57,-4,242,-15646,0,-15537,0,8160,8192,5710,-146,-6134,-110,36,27
2549719892,-4630,6956,-1278,46,33,393,0,0,-7,-1,-15644,0,5914,-702,-5984,-102,19,26
2549769892,-5324,6764,-996,46,93,389,0,0,-7,-1,-15642,0,5988,-1362,-6124,-106,34,26
2549819892,-5690,6308,0,90,314,514,-17639,0,-15537,0,8160,8192,5442,-2512,-6364,-104,58,34
2549869892,-7606,7754,-142,303,552,1194,8160,8192,10740,-26629,645,8192,6926,-1776,-5258,-104,61,49
2549919892,-3540,6880,-2440,-135,-647,-860,-15634,0,-15537,0,8160,8192,5384,2054,-5948,-100,15,38
2549969892,-2892,7132,-1572,608,-922,-1153,8160,8192,-20332,-26628,645,8192,6290,-38,-5738,-106,-13,17
2550019892,-4614,7886,-1334,-16,417,1314,-16632,0,-15537,0,8160,8192,6162,32,-6358,-97,0,37
2550069892,-3978,8094,-3110,-535,-53,-246,-15629,0,-15537,0,8160,8192,4496,1928,-7270,-113,-47,21
2550119892,-1908,7934,-2124,1084,-1745,-1933,-17627,0,-15537,0,8160,8192,5534,1640,-5736,-102,48,23
2550169892,-2016,7264,-1574,482,-1075,-1323,-17626,0,-15537,0,8160,8192,6610,1284,-5480,-112,54,25
2550219892,-3784,7366,-2102,-36,492,521,-15624,0,-15537,0,8160,8192,5686,482,-6076,-107,79,39
2550269892,-3796,6476,-1898,-271,878,1620,8160,8192,17524,-26623,645,8192,5642,382,-5904,-103,54,35
2550319892,-4574,6660,-1890,-270,642,1212,8160,8192,1988,-26622,645,8192,6108,218,-5832,-110,31,31
2550369892,-4450,6640,-1300,279,-329,-318,-17614,0,-15537,0,8160,8192,5652,-386,-6334,-103,6,31
2550419892,-3442,7732,-2196,266,-579,-696,-17612,0,-15537,0,8160,8192,5944,1190,-5924,-112,24,30
2550469892,-3798,7444,-1902,302,-481,-383,8160,8192,20916,-26620,645,8192,5878,-218,-6084,-105,39,32
2550519892,-3550,7330,-2240,-73,147,382,-15608,0,-15537,0,8160,8192,5674,896,-5940,-109,28,33
2550569892,-3848,7278,-2226,68,-9,328,8160,8192,0,0,645,8192,5750,748,-6038,-111,6,35
2550619892,-3828,7240,-2074,98,-143,6,0,0,-7,-1,-15602,0,5832,652,-5936,-104,29,29
2550669892,-3874,7214,-2088,111,-170,-72,-15600,0,-15537,0,8160,8192,5828,544,-6064,-110,40,28
2550719892,-4390,7054,-1634,129,-44,235,8160,8192,0,0,645,8192,5934,-196,-6024,-103,25,25
2550769892,-4428,6980,-1818,9,-28,162,8160,8192,0,0,645,8192,5956,-64,-5888,-108,13,31
2550819892,-4122,7120,-1938,145,-213,-65,8160,8192,0,0,645,8192,5828,244,-5986,-108,29,32
2550869892,-3886,7318,-1998,119,-153,-56,0,0,-7,-1,-15587,0,5714,400,-6036,-106,31,33
2550919892,-3562,7338,-2454,83,-218,-100,-17584,0,-15537,0,8160,8192,5644,1064,-6070,-106,41,30
2550969892,-3808,7264,-2212,197,-370,-403,8160,8192,0,0,645,8192,5824,844,-6012,-105,46,25
2551019892,-3896,7074,-2006,204,-450,-454,8160,8192,0,0,645,8192,5866,550,-5746,-105,38,32
2551069892,-4102,6976,-2056,113,-324,-274,8160,8192,31092,-26611,645,8192,5918,630,-5946,-93,18,29
2551119892,-3864,6508,-1588,80,-120,10,8160,8192,15556,-26610,645,8192,5808,332,-6278,-100,32,28
2551169892,-4226,6322,-1524,77,-122,114,8160,8192,20,-26609,645,8192,5734,-6,-6106,-105,55,21
2551219892,-4272,6724,-1604,107,-153,-71,-15569,0,-15537,0,8160,8192,5784,308,-6050,-99,49,22
2551269892,-4818,7268,-1830,164,-242,-131,-15567,0,-15537,0,8160,8192,5754,436,-6066,-102,49,32
2551319892,-4158,6400,-1248,73,-218,-227,-15565,0,-15537,0,8160,8192,6144,164,-5724,-98,24,24
2551369892,-4274,6038,-1418,190,-80,229,0,0,-7,-1,-15564,0,5220,1586,-5300,-109,158,30
2551419892,-4790,6902,-2016,200,-570,-797,-15562,0,-15537,0,8160,8192,5016,-410,-6168,-98,26,29
2551469892,-4464,6948,-1960,148,-272,-232,-15559,0,-15537,0,8160,8192,5748,452,-5912,-99,-22,25
2551519892,-4124,6986,-2222,-18,-348,-67,-16555,0,-15537,0,8160,8192,5910,1142,-6034,-107,5,20
2551569892,-4516,6942,-1574,223,-129,44,-16553,0,-15537,0,8160,8192,5456,0,-6556,-93,31,27
2551619892,-5274,7364,-2134,19,-103,90,8160,8192,-8732,-26603,645,8192,6852,136,-5536,-108,26,19
2551669892,-4692,7252,-1770,95,-184,238,0,0,-7,-1,-15547,0,5368,740,-5656,-94,30,25
2551719892,-5444,6798,-1584,67,18,141,0,0,-7,-1,-15544,0,4664,484,-6908,-104,57,22
2551769892,-4536,6600,-1218,103,-145,149,-16542,0,-15537,0,8160,8192,5888,146,-5904,-103,47,23
2551819893,-5000,6768,-1634,61,-76,127,-15539,0,-15537,0,8160,8192,5780,-126,-6110,-99,24,29
2551869895,-4468,6656,-1452,88,-140,36,-15537,0,-15537,0,8160,8192,6062,54,-6276,-106,46,31
2551919892,-3986,6124,-1208,112,-116,44,-16535,0,-15537,0,8160,8192,5752,530,-6254,-107,27,21
2551969892,-5030,6500,-1386,112,-72,63,-17532,0,-15537,0,8160,8192,5846,126,-5924,-102,10,38
2552019892,-5044,6640,-1330,38,-2,70,0,0,-7,-1,-16530,0,5240,-248,-6556,-105,21,25
2552069892,-5128,7330,-1560,56,-74,15,0,0,-7,-1,-16528,0,5158,-502,-6510,-103,20,24
2552119892,-4968,6436,-1450,62,-113,-10,-16526,0,-15537,0,8160,8192,5662,-280,-6326,-100,30,31
2552169892,-5216,6822,-1510,103,-116,-51,-17525,0,-15537,0,8160,8192,5752,-266,-6204,-111,34,27
2552219892,-4806,6524,-1392,79,-170,-107,-16522,0,-15537,0,8160,8192,5930,-88,-5828,-106,38,24
2552269892,-5044,6948,-1640,125,-199,-136,-16520,0,-15537,0,8160,8192,6020,20,-5918,-104,35,35
2552319892,-4938,6832,-1730,72,-219,-180,8160,8192,-29628,-26592,645,8192,5566,124,-5952,-101,53,32
2552369892,-4860,6772,-1788,116,-198,-166,-16517,0,-15537,0,8160,8192,5980,278,-6072,-108,39,31
2552419892,-4956,7082,-1570,113,-114,-26,-17514,0,-15537,0,8160,8192,5672,-260,-6218,-106,43,27
2552469892,-5434,6352,-1022,99,55,218,-16513,0,-15537,0,8160,8192,5680,-1152,-6040,-108,37,28
2552519892,-5954,5930,-634,70,159,502,8160,8192,0,0,645,8192,5726,-1012,-6018,-104,43,28
2552569892,-6262,5986,-80,167,248,489,-18509,0,-15537,0,8160,8192,5782,-2642,-6156,-107,22,33
2552619892,-7012,6526,-672,-66,415,652,-16507,0,-15537,0,8160,8192,5002,-2336,-6674,-112,36,36
2552669892,-5728,5574,-780,14,50,239,0,0,-7,-1,-17504,0,7126,-1622,-5392,-104,35,25
2552719892,-6248,7464,-1662,150,-146,216,-16503,0,-15537,0,8160,8192,5768,-898,-6228,-122,41,30
2552769892,-4958,6472,-1140,-7,119,462,-16501,0,-15537,0,8160,8192,6156,-1136,-5510,-105,34,45
2552819892,-5310,7230,-1452,4,132,413,0,0,-7,-1,-16499,0,4380,-456,-7124,-113,36,38
2552869892,-4048,6212,-884,58,106,239,-16497,0,-15537,0,8160,8192,5260,102,-7120,-119,46,27
2552919892,-4076,6130,-1746,89,-100,124,-16496,0,-15537,0,8160,8192,3480,-12,-7094,-100,44,45
2552969892,-4516,6878,-1362,204,-130,80,-17493,0,-15537,0,8160,8192,6666,704,-5504,-125,66,36
2553019892,-3828,7026,-1974,-9,-94,84,8160,8192,0,0,645,8192,7420,1392,-4484,-98,-8,42
2553069892,-3814,7390,-2292,120,-251,-181,0,0,-7,-1,-16489,0,5578,690,-6046,-105,4,47
2553119892,-3214,7546,-2462,185,-219,-181,8160,8192,-16060,-26580,645,8192,6442,1488,-5506,-117,29,35
2553169892,-3304,7714,-2648,44,92,237,8160,8192,0,0,645,8192,6564,1440,-5570,-108,55,36
2553219892,-3714,7500,-2176,107,153,468,8160,8192,0,0,645,8192,5786,1234,-5850,-114,64,30
2553269892,-4572,8238,-2670,52,19,365,-17481,0,-15537,0,8160,8192,5926,1142,-5652,-112,32,31
2553319892,-3860,7198,-2036,150,-132,-103,0,0,-7,-1,-16479,0,5336,526,-6392,-107,14,32
2553369892,-3412,6892,-1930,161,-83,317,0,0,-7,-1,-17477,0,6046,726,-5794,-104,37,40
2553419892,-4072,7384,-2068,45,-34,154,-16474,0,-15537,0,8160,8192,5812,574,-6164,-106,25,34
2553469892,-3334,6550,-1894,155,-171,32,8160,8192,6260,-26574,645,8192,5910,790,-6024,-113,28,30
2553519892,-3648,7186,-2108,126,-146,-1,8160,8192,-9276,-26574,645,8192,5466,700,-6166,-112,37,29
2553569892,-4110,7094,-1590,135,19,359,8160,8192,-24812,-26573,645,8192,5784,46,-6066,-108,36,34
2553619892,-4132,6864,-1794,-18,193,441,-16465,0,-15537,0,8160,8192,5800,384,-5994,-107,47,31
2553669892,-4146,7206,-2058,152,-183,-43,0,0,-7,-1,-17463,0,5794,392,-5968,-114,38,35
2553719892,-3686,7208,-2218,122,-235,-57,0,0,-7,-1,-16461,0,5722,508,-5970,-111,24,35
2553769892,-3814,7336,-2114,137,-251,-165,-18460,0,-15537,0,8160,8192,5658,806,-6108,-109,33,30
2553819892,-3652,7274,-2224,211,-374,-367,0,0,-7,-1,-16457,0,5798,682,-6000,-108,31,29
2553869892,-4226,7232,-1790,105,-36,224,0,0,-7,-1,-16455,0,6040,-36,-5856,-106,10,28
2553919892,-4458,6792,-1860,-66,145,457,-17454,0,-15537,0,8160,8192,5664,36,-6020,-107,17,27
2553969892,-4430,6968,-1822,150,-206,-106,-16451,0,-15537,0,8160,8192,5930,48,-6070,-103,27,22
2554019892,-4112,7298,-1816,172,-250,-151,-16449,0,-15537,0,8160,8192,5996,126,-5912,-107,31,30
2554069892,-4426,7068,-1532,54,87,377,0,0,-7,-1,-16447,0,5988,-170,-5954,-107,27,30
2554119892,-4088,6910,-1950,20,14,222,8160,8192,0,0,645,8192,5860,436,-5948,-109,29,32
2554169892,-4018,7414,-1976,196,-267,-123,-17442,0,-15537,0,8160,8192,5872,490,-5996,-105,40,34
2554219892,-3666,7236,-2102,113,-192,-107,-16439,0,-15537,0,8160,8192,5862,802,-5964,-104,32,26
2554269892,-3752,7208,-2224,128,-250,-149,8160,8192,19828,-26562,645,8192,5966,940,-5914,-101,36,29
2554319892,-3996,7124,-2004,148,-314,-230,-16434,0,-15537,0,8160,8192,6118,506,-5838,-105,27,31
2554369892,-3728,7144,-2344,131,-408,-443,0,0,-7,-1,-16432,0,5860,1262,-6024,-105,36,29
2554419892,-4044,7488,-2464,342,-615,-694,-18431,0,-15537,0,8160,8192,5686,1288,-5952,-100,38,21
2554469892,-3586,7756,-2638,190,-584,-745,0,0,-7,-1,-17428,0,5624,1840,-6286,-97,29,28
2554519892,-3988,7222,-2294,184,-360,-291,0,0,-7,-1,-16426,0,6228,1192,-5972,-100,46,25
2554569892,-4352,6984,-2084,71,-140,131,-18424,0,-15537,0,8160,8192,6444,-94,-5226,-101,53,21
2554619892,-5496,7334,-2304,46,-117,-45,0,0,-7,-1,-16424,0,5352,22,-5708,-106,25,18
2554669892,-4618,7074,-1898,165,-285,-16,8160,8192,0,0,645,8192,5220,890,-5594,-92,18,24
2554719892,-3988,6604,-1876,28,-190,136,-16420,0,-15537,0,8160,8192,6122,1482,-6002,-102,40,20
2554769892,-4300,7086,-2146,79,-267,25,-16417,0,-15537,0,8160,8192,6458,1516,-5670,-102,29,15
2554819892,-5452,7834,-2350,80,-60,76,-17415,0,-15537,0,8160,8192,4070,1542,-6914,-103,30,14
2554869892,-4256,6490,-1626,63,-209,36,8160,8192,30004,-26553,645,8192,6042,1440,-5238,-102,38,8
2554919892,-4208,6118,-1512,78,-67,235,-16411,0,-15537,0,8160,8192,5162,182,-6322,-90,49,18
2554969892,-5376,6400,-1502,67,-5,-18,-16411,0,-15537,0,8160,8192,6176,-750,-7024,-93,-4,36
2555019892,-5370,5468,-356,5,215,264,-17409,0,-15537,0,8160,8192,5628,-1500,-6366,-116,17,14
2555069892,-5676,6256,-926,33,-93,62,0,0,-7,-1,-16406,0,5510,-906,-6622,-111,33,27
2555119892,-5936,6860,-1048,154,-235,-300,-16404,0,-15537,0,8160,8192,6582,-1022,-5524,-100,20,37
2555169892,-4920,5950,-1114,54,-121,-70,-16402,0,-15537,0,8160,8192,6102,-356,-6064,-101,20,33
2555219892,-5282,6544,-1484,131,-144,-175,0,0,-7,-1,-16399,0,6604,-212,-5640,-100,33,27
2555269892,-4950,6604,-1422,159,-336,-322,0,0,-7,-1,-16397,0,5886,-146,-6270,-108,28,24
2555319892,-5042,6746,-1322,80,-253,-235,0,0,-7,-1,-16395,0,5156,94,-6168,-109,62,26
2555369892,-5020,6390,-1168,124,-126,70,-17393,0,-15537,0,8160,8192,6020,-600,-5796,-106,12,33
2555419892,-5660,6272,-1272,56,-109,84,0,0,-7,-1,-17390,0,5806,-668,-5902,-109,37,31
2555469892,-5938,6106,-702,119,2,119,-16388,0,-15537,0,8160,8192,5918,-972,-5944,-110,28,30
2555519892,-5778,6058,-804,104,-46,126,-16387,0,-15537,0,8160,8192,5776,-1120,-6144,-104,22,29
2555569892,-5718,6162,-976,87,-20,142,-18385,0,-15537,0,8160,8192,5934,-906,-5986,-106,28,30
2555619892,-5498,6224,-1096,69,-97,57,-16383,0,-15537,0,8160,8192,5952,-634,-6034,-109,35,34
2555669892,-5510,6502,-1160,50,19,256,-16381,0,-15537,0,8160,8192,5796,-592,-5938,-103,37,36
2555719892,-5164,6040,-1020,7,160,476,-17379,0,-15537,0,8160,8192,6066,-494,-5934,-105,20,34
2555769892,-5354,6304,-1196,60,90,305,-16376,0,-15537,0,8160,8192,5518,-718,-6472,-110,37,30
2555819892,-6784,7966,-1758,65,210,505,-18374,0,-15537,0,8160,8192,5532,-964,-6222,-107,38,37
2555869892,-5984,6430,-530,-40,386,757,8160,8192,-18572,-26538,645,8192,5140,-1310,-6132,-103,19,33
2555919892,-6680,7406,-1674,-48,272,721,-16370,0,-15537,0,8160,8192,5212,-1218,-6072,-112,36,36
2555969892,-5474,5780,-552,101,107,376,-17367,0,-15537,0,8160,8192,5902,-1410,-6046,-115,54,43
2556019892,-5222,6404,-1272,24,90,450,-16366,0,-15537,0,8160,8192,6200,-1706,-5670,-118,25,32
2556069892,-3748,5750,-660,-51,133,165,-16364,0,-15537,0,8160,8192,6192,186,-6652,-129,53,28
2556119892,-5224,7898,-2216,56,-100,244,0,0,-7,-1,-16362,0,7710,-486,-6228,-125,-15,28
2556169892,-4314,6972,-1158,-12,139,307,8160,8192,19284,-26533,645,8192,1732,-1840,-8494,-115,58,44
2556219892,-3658,7386,-2700,17,-280,-492,-16358,0,-15537,0,8160,8192,5918,3970,-5366,-101,23,54
2556269892,-2452,7528,-3132,377,-592,-835,8160,8192,0,0,645,8192,4966,2070,-6580,-100,37,50
2556319892,-2770,7718,-2948,481,-525,-640,0,0,-7,-1,-16354,0,5650,2842,-6828,-115,51,31
2556369892,-2988,8506,-3480,116,-209,16,8160,8192,22676,-26530,645,8192,5894,2982,-5720,-106,38,23
2556419892,-2924,7012,-2312,105,145,414,-16351,0,-15537,0,8160,8192,5746,1740,-6180,-109,38,30
2556469892,-4096,7158,-2062,69,325,820,-17349,0,-15537,0,8160,8192,5706,52,-6076,-104,30,27
2556519892,-4560,6722,-1438,-200,698,1298,-17348,0,-15537,0,8160,8192,6112,-220,-5936,-106,10,30
2556569892,-4552,6648,-1830,-112,175,357,0,0,-7,-1,-16346,0,5674,-108,-6236,-106,41,35
2556619892,-4252,7526,-2180,357,-526,-486,0,0,-7,-1,-16344,0,5784,446,-5954,-108,33,30
2556669892,-3366,7164,-2190,230,-529,-594,0,0,-7,-1,-16343,0,5942,940,-5836,-109,34,29
2556719892,-3812,7284,-2046,151,-152,88,-16342,0,-15537,0,8160,8192,5752,472,-6040,-106,27,30
2556769892,-4030,7170,-1944,-22,202,532,-17340,0,-15537,0,8160,8192,5688,376,-6042,-110,31,29
2556819892,-4206,6926,-1704,51,118,355,0,0,-7,-1,-16338,0,5816,186,-5982,-105,34,32
2556869892,-4524,7128,-1632,80,-1,304,-16337,0,-15537,0,8160,8192,5688,-104,-6064,-107,25,37
2556919892,-3838,7206,-2300,64,-228,-316,-16334,0,-15537,0,8160,8192,5698,710,-6038,-110,37,36
2556969892,-3844,7302,-1708,281,-351,-137,0,0,-7,-1,-16332,0,5846,260,-6114,-105,28,37
2557019892,-3964,7196,-1980,-35,53,283,0,0,-7,-1,-16331,0,5914,300,-5972,-109,12,31
2557069892,-3982,7004,-2038,71,-62,122,0,0,-7,-1,-16329,0,5770,486,-6034,-104,29,29
2557119892,-4036,7220,-1970,162,-218,-119,-17326,0,-15537,0,8160,8192,5750,250,-6138,-110,26,30
2557169892,-3798,7234,-2246,53,-112,27,0,0,-7,-1,-17326,0,5772,782,-5996,-104,46,21
2557219892,-4686,6896,-1376,181,-55,236,-16325,0,-15537,0,8160,8192,5810,-624,-6114,-104,33,27
2557269892,-4368,6924,-1786,-21,-24,58,-16323,0,-15537,0,8160,8192,5912,-198,-6058,-109,18,29
2557319892,-4014,7166,-1870,152,-219,5,-16321,0,-15537,0,8160,8192,5872,546,-5950,-108,24,27
2557369892,-4940,6494,-876,178,99,369,-17319,0,-15537,0,8160,8192,5902,-1738,-5834,-111,36,21
2557419892,-3276,7122,-2786,-293,180,338,8160,8192,0,0,645,8192,5748,2082,-6006,-106,35,34
2557469892,-3430,7282,-2312,546,-841,-939,-16313,0,-15537,0,8160,8192,5768,724,-5996,-105,38,32
2557519892,-3978,7276,-1658,173,-192,40,0,0,-7,-1,-16311,0,5910,-318,-6044,-107,41,26
2557569892,-4350,6842,-2006,-271,442,614,-18309,0,-15537,0,8160,8192,5770,268,-6056,-105,29,27
2557619892,-4828,6850,-1492,207,-110,320,-16307,0,-15537,0,8160,8192,5812,-326,-6140,-108,28,36
2557669892,-4076,7172,-2110,65,-269,-412,8160,8192,0,0,645,8192,5854,446,-6088,-106,44,33
2557719892,-3912,7334,-1942,289,-330,-142,0,0,-7,-1,-17303,0,5718,244,-6172,-106,49,33
2557769892,-4212,7010,-1830,-49,185,436,8160,8192,-19116,-26509,645,8192,5800,-16,-6004,-107,26,30
2557819892,-4316,6974,-1890,68,-69,125,0,0,-7,-1,-16300,0,5984,136,-5862,-104,27,30
2557869892,-4230,7168,-1848,176,-270,-160,0,0,-7,-1,-17297,0,5984,42,-5938,-104,23,28
2557919892,-4064,7234,-1984,76,-71,76,-16295,0,-15537,0,8160,8192,5688,288,-6062,-102,36,29
2557969892,-4098,7138,-1856,82,-37,194,-16293,0,-15537,0,8160,8192,5778,312,-6092,-109,36,32
2558019892,-4074,7004,-1856,100,-106,55,0,0,-7,-1,-16291,0,5958,206,-5866,-102,35,29
2558069892,-4118,7096,-1904,120,-135,26,8160,8192,18740,-26504,645,8192,5754,210,-6086,-106,30,34
2558119892,-4356,7146,-1866,91,-71,127,-16287,0,-15537,0,8160,8192,5874,-24,-5978,-101,19,31
2558169892,-3934,7150,-2026,74,-145,-10,0,0,-7,-1,-16284,0,5702,452,-5992,-107,26,31
2558219892,-3634,7274,-2294,140,-282,-237,0,0,-7,-1,-16283,0,5624,1010,-6132,-103,28,29
2558269892,-3730,7448,-2222,184,-393,-346,-16280,0,-15537,0,8160,8192,5718,1106,-6046,-102,28,28
2558319892,-3786,7354,-2352,164,-380,-339,-16278,0,-15537,0,8160,8192,5796,874,-5940,-101,39,29
2558369892,-4340,7392,-2326,211,-366,-427,8160,8192,0,0,645,8192,5788,900,-5990,-103,42,25
2558419892,-3902,6936,-2206,242,-486,-470,-16274,0,-15537,0,8160,8192,6010,952,-5912,-94,26,33
2558469892,-4034,7044,-2242,115,-359,-331,0,0,-7,-1,-16272,0,5838,878,-6140,-100,35,23
2558519892,-3714,6826,-1986,97,-375,-368,0,0,-7,-1,-16270,0,5576,1552,-6368,-108,37,22
2558569892,-4386,8044,-2974,131,-346,-215,0,0,-7,-1,-16267,0,5384,622,-6152,-93,7,24
2558619892,-3830,7310,-2060,102,-219,-84,0,0,-7,-1,-17265,0,7302,1196,-5400,-89,-3,36
2558669892,-4270,7354,-1918,88,-102,166,8160,8192,28916,-26495,645,8192,4514,194,-6610,-109,54,15
2558719892,-5282,7284,-2106,126,-129,184,-18261,0,-15537,0,8160,8192,4610,708,-6284,-91,17,25
2558769892,-3994,6458,-1542,70,-251,90,-16259,0,-15537,0,8160,8192,6036,-258,-5960,-97,21,19
2558819892,-5618,6886,-1692,55,-50,65,0,0,-7,-1,-17256,0,5010,692,-6548,-88,37,19
2558869892,-4496,6134,-968,68,37,169,-18255,0,-15537,0,8160,8192,7326,-834,-5026,-86,0,26
2558919892,-4930,6360,-1144,31,118,261,-17253,0,-15537,0,8160,8192,5830,372,-5204,-106,27,15
2558969892,-5420,6802,-760,77,53,208,0,0,-7,-1,-16253,0,4966,-92,-6236,-106,36,39
2559019892,-6344,7052,-1372,106,-139,-82,8160,8192,-14300,-26490,645,8192,6276,-126,-6170,-109,40,24
2559069892,-4772,6190,-838,146,-185,-64,-16249,0,-15537,0,8160,8192,6350,-528,-5918,-110,45,27
2559119892,-5752,6478,-1210,64,-221,-64,-18247,0,-15537,0,8160,8192,6118,-1052,-5698,-109,33,26
2559169892,-5780,6472,-868,105,-77,23,-16245,0,-15537,0,8160,8192,5682,-980,-6084,-103,40,37
2559219892,-5288,6238,-944,69,-90,-35,8160,8192,-10908,-26487,645,8192,5834,-1086,-6256,-103,13,34
2559269892,-5794,6168,-710,98,123,399,-16240,0,-15537,0,8160,8192,5622,-1442,-6178,-100,35,24
2559319892,-6024,5812,-370,112,160,503,-16238,0,-15537,0,8160,8192,6074,-1918,-6016,-117,34,34
2559369892,-5768,5832,-494,22,199,435,-16236,0,-15537,0,8160,8192,5626,-1858,-6052,-110,56,26
2559419892,-5700,6206,-610,66,90,480,-16234,0,-15537,0,8160,8192,5784,-1680,-5998,-109,61,42
2559469892,-5324,5404,-494,-5,271,658,-16231,0,-15537,0,8160,8192,6000,-2208,-5668,-118,50,31
2559519892,-7504,8378,-1632,-31,387,696,8160,8192,0,0,645,8192,1242,-1978,-9256,-113,94,47
2559569892,-5114,6986,-1048,-3,14,166,-16228,0,-15537,0,8160,8192,4078,416,-7324,-106,35,57
2559619892,-3898,6342,-1532,248,-418,-440,-17226,0,-15537,0,8160,8192,7368,-48,-5060,-117,53,30
2559669892,-2818,6068,-1034,174,-296,-134,8160,8192,0,0,645,8192,6486,616,-6968,-102,1,43
2559719892,-3464,7162,-1608,-15,21,97,0,0,-7,-1,-17221,0,7736,132,-5346,-109,28,30
2559769892,-4562,8486,-2804,132,-54,121,8160,8192,14804,-26478,645,8192,5866,1668,-6494,-100,24,42
2559819892,-2506,6158,-2000,84,-61,26,0,0,-7,-1,-16217,0,7910,1330,-4216,-114,14,39
2559869892,-2846,7536,-2548,164,-135,-91,5544,8192,-7,-1,-15980,0,5136,2458,-7050,-114,-11,37
2559919892,-3296,8232,-3088,194,-318,-228,0,0,-7,-1,-17212,0,5332,2718,-6084,-104,5,44
2559969892,-3160,7728,-2972,262,-340,-356,-16210,0,-15537,0,8160,8192,5232,1816,-6370,-107,41,28
2560019892,-3294,7586,-2512,180,-97,165,0,0,-7,-1,-16208,0,5722,1466,-6086,-108,51,34
2560069892,-4008,7244,-2178,15,334,625,-16207,0,-15537,0,8160,8192,5834,480,-6016,-108,56,28
2560119892,-4802,6788,-1442,-5,337,781,-18205,0,-15537,0,8160,8192,5982,-174,-5912,-104,35,30
2560169892,-4828,6698,-1654,40,-57,101,-16204,0,-15537,0,8160,8192,5782,-240,-6092,-108,33,34
2560219892,-4300,7198,-1796,180,-221,-57,-18202,0,-15537,0,8160,8192,5730,-12,-6056,-109,29,30
2560269892,-4012,7350,-2176,44,-61,60,-16200,0,-15537,0,8160,8192,5642,626,-5994,-111,22,37
2560319892,-3742,7254,-2230,110,-197,-17,-16198,0,-15537,0,8160,8192,6004,768,-6008,-106,8,32
2560369892,-3836,7160,-2080,90,-82,59,-18196,0,-15537,0,8160,8192,5672,560,-6206,-106,27,28
2560419892,-3888,7162,-2222,88,-142,30,-16194,0,-15537,0,8160,8192,5614,612,-6000,-110,31,30
2560469892,-4432,7040,-1702,143,-105,127,0,0,-7,-1,-17193,0,6018,-182,-5968,-105,30,27
2560519892,-4474,6908,-1698,68,-93,55,0,0,-7,-1,-17192,0,5852,-176,-5992,-111,33,28
2560569892,-4224,7158,-1988,130,-231,-155,0,0,-7,-1,-16189,0,5792,452,-6130,-108,38,26
2560619892,-4578,6954,-1300,173,-56,244,8160,8192,0,0,645,8192,6154,-454,-5908,-107,40,28
2560669892,-5262,6490,-926,23,288,587,0,0,-7,-1,-17183,0,5552,-1648,-5930,-111,32,27
2560719892,-3562,7432,-2840,-202,27,296,8160,8192,0,0,645,8192,5650,2538,-5910,-109,14,32
2560769892,-3800,7198,-2148,546,-866,-1114,-16178,0,-15537,0,8160,8192,5614,366,-6084,-104,27,27
2560819892,-3286,7514,-2284,98,-259,-67,-16176,0,-15537,0,8160,8192,5770,612,-5934,-109,28,26
2560869892,-4906,6770,-1648,-161,558,1000,0,0,-7,-1,-16174,0,5808,-166,-6038,-109,19,28
2560919892,-4502,6986,-1768,43,-53,98,-16171,0,-15537,0,8160,8192,5878,114,-6004,-106,38,30
2560969892,-4082,7316,-1724,300,-405,-354,-16168,0,-15537,0,8160,8192,5742,158,-6074,-103,46,29
2561019892,-4026,7080,-1884,115,-148,1,0,0,-7,-1,-17168,0,5736,140,-6072,-108,44,30
2561069892,-4268,6944,-1796,48,25,261,-16167,0,-15537,0,8160,8192,5820,128,-5990,-101,22,32
2561119892,-3896,7112,-2272,78,-241,-167,8160,8192,0,0,645,8192,5744,888,-5996,-109,43,31
2561169892,-4122,7180,-1852,266,-363,-329,8160,8192,-26988,-26457,645,8192,5906,690,-6028,-100,52,29
2561219892,-3878,7360,-2176,106,-234,-189,-17162,0,-15537,0,8160,8192,5848,908,-5902,-105,49,29
2561269892,-4126,7088,-2122,170,-293,-279,-16160,0,-15537,0,8160,8192,5992,748,-5856,-103,42,31
2561319892,-3656,7212,-2260,178,-467,-413,-16157,0,-15537,0,8160,8192,5810,1290,-5900,-99,41,31
2561369892,-4036,7308,-2242,279,-603,-612,-16155,0,-15537,0,8160,8192,5558,820,-6340,-104,22,19
2561419892,-4152,7038,-1976,173,-420,-355,-16154,0,-15537,0,8160,8192,4396,958,-6888,-106,44,21
2561469892,-5098,7658,-2228,141,-325,48,0,0,-7,-1,-17152,0,5688,-40,-6066,-97,-5,20
2561519892,-4246,6334,-1816,65,-182,182,-16152,0,-15537,0,8160,8192,5914,214,-5992,-110,27,29
2561569892,-4622,6522,-1598,82,-123,158,-16150,0,-15537,0,8160,8192,5780,156,-5822,-95,12,19
2561619892,-4674,6440,-1616,73,-216,30,8160,8192,29796,-26450,645,8192,5564,56,-6044,-114,27,23
2561669892,-4966,6872,-1724,131,-192,-35,0,0,-7,-1,-16144,0,5612,446,-6344,-96,50,25
2561719892,-4294,6822,-1772,36,-178,-61,8160,8192,0,0,645,8192,5034,666,-6150,-104,47,20
2561769892,-6036,7868,-2804,123,-198,-53,-16139,0,-15537,0,8160,8192,6014,1572,-5478,-108,28,19
2561819892,-4956,7356,-2322,110,-275,22,0,0,-7,-1,-17136,0,6006,652,-6086,-97,17,17
2561869892,-4376,6756,-1646,99,-126,35,-16134,0,-15537,0,8160,8192,5204,-90,-6168,-102,7,30
2561919892,-5472,7110,-1854,62,-38,223,8160,8192,0,0,645,8192,4356,58,-7286,-92,54,29
2561969892,-5360,6536,-1646,57,-94,61,-16129,0,-15537,0,8160,8192,5708,216,-6090,-102,23,15
2562019892,-6038,7300,-1402,97,10,120,-16128,0,-15537,0,8160,8192,3858,-526,-7062,-100,48,27
2562069892,-5542,6572,-1334,41,-222,-91,0,0,-7,-1,-17127,0,4872,-454,-6562,-111,36,14
2562119892,-5236,6834,-1490,134,-258,-217,-16126,0,-15537,0,8160,8192,6506,194,-6048,-102,36,33
2562169892,-5562,6682,-1530,120,-41,-82,-16124,0,-15537,0,8160,8192,5604,-402,-6048,-111,34,26
2562219892,-5142,6708,-1404,69,-48,97,0,0,-7,-1,-17122,0,5926,42,-5856,-105,18,31
2562269892,-5124,6924,-1830,54,-179,-94,8160,8192,24436,-26440,645,8192,4810,-224,-6230,-104,42,34
2562319892,-4662,6622,-1528,114,-296,-244,-16117,0,-15537,0,8160,8192,6166,78,-5526,-108,21,28
2562369892,-4684,6636,-1582,113,-253,-223,8160,8192,-6636,-26439,645,8192,6092,596,-5876,-101,36,30
2562419892,-5664,7094,-1934,138,-240,-93,-16113,0,-15537,0,8160,8192,4776,472,-6518,-113,49,28
2562469892,-5408,6712,-1434,96,-82,97,8160,8192,0,0,645,8192,6584,-38,-5654,-108,39,30
2562519892,-5970,6486,-1128,63,23,114,8160,8192,0,0,645,8192,5710,-576,-6350,-104,31,30
2562569892,-5636,5898,-734,168,19,247,0,0,-7,-1,-16108,0,5706,-1292,-6062,-110,37,29
2562619892,-6220,6006,-692,58,91,296,-16106,0,-15537,0,8160,8192,5998,-1632,-5952,-101,64,28
2562669892,-6720,6136,-238,158,174,573,-16105,0,-15537,0,8160,8192,5852,-2228,-6072,-111,30,39
2562719892,-5942,5842,-502,-24,95,305,8160,8192,15684,-26433,645,8192,5136,-1498,-6674,-106,28,32
2562769892,-6140,7324,-1312,94,11,313,-18101,0,-15537,0,8160,8192,5216,-1470,-6900,-114,42,32
2562819892,-5858,6404,-956,-32,239,546,-18098,0,-15537,0,8160,8192,5958,-1212,-5808,-113,21,36
2562869892,-5014,5242,-282,12,384,716,-16096,0,-15537,0,8160,8192,5582,-1178,-6108,-114,24,32
2562919892,-6346,6850,-1136,-7,415,899,8160,8192,19076,-26430,645,8192,6250,-1462,-6356,-106,41,39
2562969892,-5594,6364,-774,-70,313,588,-16091,0,-15537,0,8160,8192,9486,-134,-4542,-103,41,47
2563019892,-5664,7842,-2006,69,43,341,0,0,-7,-1,-16089,0,4250,-1424,-5916,-117,61,39
2563069892,-4664,5976,-1264,31,-104,6,0,0,-7,-1,-17087,0,9346,240,-4968,-125,32,33
2563119892,-2144,6016,-728,109,-199,-27,-16085,0,-15537,0,8160,8192,7170,1216,-6480,-102,-19,44
2563169892,-3304,7226,-2510,94,-281,-347,-17083,0,-15537,0,8160,8192,3448,1236,-6796,-122,38,39
2563219892,-2428,7764,-3072,195,-226,-224,-16081,0,-15537,0,8160,8192,4862,2058,-5894,-104,69,30
2563269892,-3372,8270,-3334,276,-369,-270,0,0,-7,-1,-17078,0,5050,2512,-6728,-111,50,26
2563319892,-2898,7776,-2826,235,-334,-317,8160,8192,0,0,645,8192,4902,2488,-6604,-101,51,46
2563369892,-3504,8288,-3180,158,-159,26,0,0,-7,-1,-17075,0,5978,1910,-6082,-107,30,30
2563419892,-3364,7620,-2730,87,61,292,8160,8192,-5212,-26423,645,8192,5356,1730,-6200,-111,63,33
2563469892,-3850,7250,-1928,95,304,701,-16071,0,-15537,0,8160,8192,5952,520,-5990,-107,52,36
2563519892,-4102,7114,-2232,-114,309,583,-16068,0,-15537,0,8160,8192,5810,988,-6120,-106,31,35
2563569892,-4482,7036,-1616,187,-108,137,0,0,-7,-1,-17066,0,6058,-230,-6058,-104,11,32
2563619892,-3974,7184,-2226,38,-98,35,-16064,0,-15537,0,8160,8192,5994,802,-5916,-107,33,30
2563669892,-3942,7146,-1948,202,-249,-155,0,0,-7,-1,-16062,0,5796,258,-5938,-105,32,33
2563719892,-4088,7108,-1856,37,47,362,-16059,0,-15537,0,8160,8192,5868,388,-6010,-107,36,33
2563769892,-4446,7056,-1932,48,25,134,0,0,-7,-1,-17056,0,5764,234,-6134,-103,45,28
2563819892,-4242,7166,-1884,158,-186,15,-16054,0,-15537,0,8160,8192,5538,-94,-6086,-109,24,29
2563869892,-4206,6964,-1870,67,-67,78,0,0,-7,-1,-16052,0,5942,216,-6062,-112,17,29
2563919892,-4172,7078,-1842,107,-99,107,0,0,-7,-1,-17050,0,5540,-68,-6174,-108,21,25
2563969892,-4206,7252,-2066,51,-75,98,-16048,0,-15537,0,8160,8192,5718,160,-6108,-111,29,20
2564019892,-5460,6780,-894,147,207,778,-16045,0,-15537,0,8160,8192,5778,-1620,-6216,-107,24,28
2564069892,-2962,7492,-3368,-307,-165,-655,0,0,-7,-1,-17042,0,5832,2566,-5974,-108,26,34
2564119892,-3606,7502,-1970,804,-993,-634,-16040,0,-15537,0,8160,8192,5718,450,-6100,-106,32,31
2564169892,-4052,7298,-1786,-156,274,486,-18038,0,-15537,0,8160,8192,5824,-188,-6026,-105,32,29
2564219892,-4968,6728,-1516,-20,287,706,-16037,0,-15537,0,8160,8192,5786,-380,-5994,-110,12,30
2564269892,-4504,6876,-1700,141,-253,-246,-16034,0,-15537,0,8160,8192,5856,-150,-6016,-104,39,28
2564319892,-3830,7206,-1978,201,-374,-325,-16031,0,-15537,0,8160,8192,5806,420,-5982,-104,35,32
2564369892,-3902,7276,-2066,93,-86,73,-16029,0,-15537,0,8160,8192,5916,600,-6050,-106,32,30
2564419892,-3528,7344,-2420,38,-125,-1,-17027,0,-15537,0,8160,8192,5590,1428,-5990,-107,27,30
2564469892,-3106,7276,-2714,245,-695,-868,-16025,0,-15537,0,8160,8192,5454,2122,-5964,-102,47,27
2564519892,-3380,7446,-2634,432,-905,-1068,0,0,-7,-1,-16023,0,6174,1782,-5502,-101,45,26
2564569892,-3370,7096,-2242,154,-506,-468,-16021,0,-15537,0,8160,8192,5564,792,-6432,-92,23,25
2564619892,-3950,6500,-2110,60,-125,114,-16019,0,-15537,0,8160,8192,5424,636,-5908,-111,53,16
2564669892,-6160,8412,-3264,152,-281,45,-16017,0,-15537,0,8160,8192,5892,736,-5744,-90,19,18
2564719892,-4022,6634,-1436,66,-92,72,8160,8192,-15932,-26403,645,8192,7002,312,-5142,-84,-2,35
2564769892,-4752,7070,-1784,86,-145,185,-16013,0,-15537,0,8160,8192,5582,-258,-6138,-114,25,19
2564819892,-4244,6308,-1500,83,-181,8,0,0,-7,-1,-16010,0,6552,446,-5670,-89,31,22
2564869892,-5028,6708,-2144,122,-283,-62,8160,8192,0,0,645,8192,7736,470,-4850,-107,24,21
2564919892,-4856,7066,-1982,50,-116,123,0,0,-7,-1,-16006,0,5608,-920,-6150,-109,52,12
2564969892,-5120,6560,-1554,83,-60,148,8160,8192,-28076,-26399,645,8192,5472,-990,-5932,-104,40,13
2565019892,-5262,7058,-1356,59,9,127,8160,8192,21924,-26398,645,8192,5672,12,-6162,-96,24,35
2565069892,-5044,6854,-1526,73,-122,-91,-15998,0,-15537,0,8160,8192,5710,-98,-5940,-107,34,13
2565119892,-4456,6320,-1236,112,-332,-375,-15995,0,-15537,0,8160,8192,5640,-172,-6140,-102,6,42
2565169892,-4308,6232,-1366,109,-407,-315,-15992,0,-15537,0,8160,8192,6418,-52,-5872,-111,7,9
2565219892,-5024,6558,-1504,125,-213,-153,-15990,0,-15537,0,8160,8192,5356,698,-6200,-100,26,31
2565269892,-5140,6578,-1728,92,-361,-229,0,0,-7,-1,-16988,0,5496,-476,-6076,-109,26,23
2565319892,-3574,5646,-1052,74,-107,-81,-15986,0,-15537,0,8160,8192,5304,168,-6716,-91,18,41
2565369892,-4792,6238,-1136,97,93,147,-15984,0,-15537,0,8160,8192,6298,48,-6170,-107,36,33
2565419892,-5590,6522,-1000,120,153,317,0,0,-7,-1,-15982,0,4132,-1010,-6994,-111,53,26
2565469892,-4928,4612,-494,33,163,296,8160,8192,0,0,645,8192,6410,-730,-5974,-112,26,24
2565519892,-5884,6206,-1110,132,-231,-138,-17979,0,-15537,0,8160,8192,6064,-1136,-6130,-104,19,31
2565569892,-5712,6440,-1400,72,-205,-158,0,0,-7,-1,-15977,0,5670,-638,-6078,-104,40,26
2565619892,-5580,6632,-1362,152,-371,-245,-15975,0,-15537,0,8160,8192,5912,-500,-6074,-105,41,34
2565669892,-5120,6270,-1344,103,-210,-102,8160,8192,0,0,645,8192,5936,-178,-5950,-108,50,36
2565719892,-5270,6242,-1414,121,-85,12,8160,8192,1028,-26387,645,8192,5610,-358,-6034,-109,58,31
2565769892,-5422,6446,-1458,83,-100,49,8160,8192,0,0,645,8192,5832,-290,-5978,-107,56,35
2565819892,-5754,6196,-952,132,-1,231,-17965,0,-15537,0,8160,8192,5892,-972,-5902,-110,44,37
2565869892,-5778,5968,-808,67,169,462,-15963,0,-15537,0,8160,8192,5652,-1206,-6072,-105,43,29
2565919892,-5744,5564,-426,81,268,700,-15961,0,-15537,0,8160,8192,6104,-1418,-6094,-114,37,34
2565969892,-6428,6390,-806,18,334,787,-15955,0,-15537,0,8160,8192,4652,-2182,-6668,-118,50,39
2566019892,-7586,6766,-1616,39,275,866,-16954,0,-15537,0,8160,8192,6968,-2342,-6354,-118,30,42
2566069892,-5582,5324,302,-131,479,983,8160,8192,23348,-26382,645,8192,5610,-1662,-6338,-126,8,42
2566119892,-6202,6680,-644,-49,393,959,-15951,0,-15537,0,8160,8192,5546,-2392,-6150,-112,4,57
2566169892,-3938,3296,-242,-96,186,586,-15949,0,-15537,0,8160,8192,12322,-1566,-1836,-126,-23,31
2566219892,-5078,8574,-1924,34,-139,-6,-16947,0,-15537,0,8160,8192,3692,1256,-7852,-126,26,47
2566269892,-4632,10924,-3286,141,-518,-504,-17944,0,-15537,0,8160,8192,4524,-606,-7640,-81,15,37
2566319892,-2970,8382,-3448,262,-609,-1023,-15941,0,-15537,0,8160,8192,3244,1004,-6200,-97,15,9
2566369892,-2364,8008,-3814,507,-518,-789,8160,8192,-4332,-26378,645,8192,7362,3186,-5270,-114,32,17
2566419892,-3504,9330,-4652,329,-504,-461,-17937,0,-15537,0,8160,8192,7274,3322,-4776,-116,26,30
2566469892,-1614,6864,-2634,79,-5,248,0,0,-7,-1,-16935,0,6574,2886,-5634,-99,25,38
2566519892,-3390,7650,-2898,115,99,371,0,0,-7,-1,-16933,0,5904,2024,-5982,-109,39,28
2566569892,-4002,7316,-2218,31,423,853,8160,8192,-940,-26375,645,8192,5836,836,-5990,-109,41,31
2566619892,-4428,6932,-1962,-96,444,791,-15925,0,-15537,0,8160,8192,5864,260,-5952,-106,50,28
2566669892,-4730,6734,-1798,102,-17,273,-15924,0,-15537,0,8160,8192,5772,-128,-5860,-107,42,28
2566719892,-4446,7024,-1864,99,-133,-14,0,0,-7,-1,-16922,0,5842,14,-6016,-108,22,32
2566769892,-4198,7014,-1712,114,-29,185,0,0,-7,-1,-15921,0,5766,58,-6040,-109,34,30
2566819892,-4084,7018,-2004,22,-2,209,0,0,-7,-1,-15919,0,5788,670,-5916,-107,32,29
2566869892,-3824,7136,-2256,180,-309,-280,-15917,0,-15537,0,8160,8192,5770,752,-5926,-111,28,31
2566919892,-4110,7162,-1824,115,-62,231,-17914,0,-15537,0,8160,8192,5706,196,-5970,-108,20,25
2566969892,-4376,6996,-1828,-8,86,279,8160,8192,0,0,645,8192,5748,50,-6214,-109,18,27
2567019892,-4350,6880,-1568,113,-72,219,8160,8192,0,0,645,8192,5900,-126,-5872,-107,15,29
2567069892,-4488,7038,-1684,61,-60,93,-16909,0,-15537,0,8160,8192,6020,12,-5964,-112,10,30
2567119892,-3944,7130,-2050,114,-177,-64,0,0,-7,-1,-16908,0,5788,308,-5974,-108,31,27
2567169892,-4188,7192,-1782,120,-62,186,0,0,-7,-1,-15907,0,5724,70,-6146,-109,42,32
2567219892,-4282,6972,-1800,72,-14,142,-15905,0,-15537,0,8160,8192,5902,-62,-5966,-105,43,31
2567269892,-3980,7130,-2026,101,-121,62,0,0,-7,-1,-16903,0,5778,512,-5980,-112,31,29
2567319892,-3898,7074,-1990,157,-226,-117,-16899,0,-15537,0,8160,8192,5774,326,-6040,-106,48,30
2567369892,-3790,7216,-2178,97,-136,36,0,0,-7,-1,-16896,0,5696,648,-6024,-105,31,34
2567419892,-4080,7088,-1976,129,-94,131,0,0,-7,-1,-15894,0,5800,218,-6022,-105,31,31
2567469892,-4258,7130,-1896,61,-34,187,8160,8192,-18444,-26361,645,8192,5848,118,-6006,-105,28,28
2567519892,-4318,7026,-1900,117,-134,16,-15889,0,-15537,0,8160,8192,5832,46,-5978,-105,33,28
2567569892,-4150,7182,-1936,120,-144,4,8160,8192,16020,-26359,645,8192,5820,138,-6038,-103,34,29
2567619892,-4228,7110,-1852,100,-76,105,-16885,0,-15537,0,8160,8192,5830,102,-6016,-103,36,31
2567669892,-4180,7100,-1952,86,-93,73,-15884,0,-15537,0,8160,8192,5822,312,-6080,-105,29,30
2567719892,-4014,7194,-1992,112,-148,5,-15881,0,-15537,0,8160,8192,5774,384,-6054,-104,31,31
2567769892,-3892,7258,-2204,110,-215,-124,8160,8192,19412,-26356,645,8192,5866,620,-5970,-107,24,29
2567819892,-3814,7320,-2048,162,-288,-220,-15878,0,-15537,0,8160,8192,5910,558,-5830,-105,36,30
2567869892,-3944,7148,-2228,118,-268,-244,0,0,-7,-1,-15874,0,5926,814,-6106,-97,42,24
2567919892,-4046,7040,-2038,178,-324,-139,0,0,-7,-1,-15872,0,5562,188,-6268,-111,31,34
2567969892,-4122,6936,-1930,61,-138,12,-16870,0,-15537,0,8160,8192,5852,436,-6170,-102,37,31
2568019892,-4592,6732,-1442,137,-88,142,-15867,0,-15537,0,8160,8192,6012,-284,-5974,-96,40,28
2568069892,-4680,6828,-1672,48,-86,80,-16865,0,-15537,0,8160,8192,6036,-184,-6022,-104,27,34
2568119892,-4430,6816,-2000,126,-321,-239,8160,8192,-23804,-26351,645,8192,5796,-20,-6074,-102,34,30
2568169892,-4316,7062,-1832,168,-388,-337,-15860,0,-15537,0,8160,8192,5886,236,-5970,-109,25,33
2568219892,-4246,7088,-2152,132,-313,-360,8160,8192,10660,-26349,645,8192,5860,724,-6068,-104,37,26
2568269892,-4088,7140,-2246,207,-399,-314,0,0,-7,-1,-15854,0,5784,970,-6100,-107,48,28
2568319892,-4040,7332,-2506,141,-436,-399,-16852,0,-15537,0,8160,8192,5500,1310,-6314,-100,47,25
2568369892,-3342,6088,-1672,165,-331,-170,-16850,0,-15537,0,8160,8192,4932,1254,-6614,-106,40,21
2568419892,-4692,7726,-2252,90,-197,-21,8160,8192,14052,-26346,645,8192,5244,438,-6516,-109,55,24
2568469892,-4080,6930,-1728,105,-158,120,0,0,-7,-1,-16844,0,5198,840,-6040,-96,33,28
2568519892,-4508,6738,-1564,69,-100,222,-17841,0,-15537,0,8160,8192,5060,-178,-6570,-106,37,21
2568569892,-4554,6192,-1234,100,-32,221,-15836,0,-15537,0,8160,8192,5826,-718,-6284,-96,29,27
2568619892,-5394,7172,-1938,34,-32,273,-16833,0,-15537,0,8160,8192,6476,180,-5204,-93,20,30
2568669892,-5120,7012,-1660,72,-125,138,0,0,-7,-1,-15832,0,6060,-184,-5840,-103,27,24
2568719892,-4010,6602,-1144,58,-175,-106,-16830,0,-15537,0,8160,8192,5178,2,-6396,-105,19,19
2568769892,-5734,7840,-2360,128,-172,0,0,0,-7,-1,-15827,0,5478,46,-6052,-103,48,23
2568819892,-3854,5770,-1200,97,-290,-73,8160,8192,0,0,645,8192,6680,354,-5590,-105,26,24
2568869892,-4534,6528,-1780,77,-167,-27,0,0,-7,-1,-15819,0,6024,428,-5972,-96,12,27
2568919892,-5066,7396,-2168,65,-204,-73,0,0,-7,-1,-16817,0,5696,442,-6158,-96,21,31
2568969892,-4936,6616,-1734,106,-125,-89,-15814,0,-15537,0,8160,8192,5104,-204,-6338,-106,41,27
2569019892,-4000,5586,-1064,87,-88,28,-17810,0,-15537,0,8160,8192,7036,220,-4954,-111,29,23
2569069892,-5316,7092,-1826,77,-108,104,8160,8192,0,0,645,8192,5570,-452,-6108,-101,21,41
2569119892,-4352,6458,-1236,41,-176,-86,8160,8192,-6844,-26336,645,8192,5680,-142,-6456,-107,17,26
2569169892,-5008,6812,-1578,118,-267,-253,8160,8192,0,0,645,8192,5334,96,-6274,-112,17,20
2569219892,-4270,6500,-1354,79,-308,-222,8160,8192,27620,-26334,645,8192,6250,-14,-6156,-98,33,34
2569269892,-5646,6326,-1100,125,57,249,-16797,0,-15537,0,8160,8192,5678,-922,-5864,-112,56,28
2569319892,-5128,5588,-616,29,134,278,0,0,-7,-1,-16794,0,6084,-706,-6124,-104,19,31
2569369892,-5638,6272,-974,101,122,354,-17792,0,-15537,0,8160,8192,5742,-970,-6152,-105,20,26
2569419892,-5986,6038,-418,69,225,455,-17790,0,-15537,0,8160,8192,5838,-2160,-6224,-111,32,34
2569469892,-6150,5800,-382,-26,394,845,8160,8192,0,0,645,8192,5918,-1842,-6018,-109,53,33
2569519892,-6340,6088,-396,55,152,378,-15785,0,-15537,0,8160,8192,6278,-2056,-5732,-109,59,42
2569569892,-6040,5974,72,69,260,740,8160,8192,0,0,645,8192,6200,-2578,-5624,-116,39,48
2569619892,-3988,5222,530,-248,508,844,0,0,-7,-1,-16779,0,6936,-2586,-5810,-133,33,36
2569669892,-4424,6458,-1992,99,-424,-282,-16776,0,-15537,0,8160,8192,6542,216,-6672,-120,-6,51
2569719892,-3714,6794,-2608,379,-756,-886,-15773,0,-15537,0,8160,8192,6302,2082,-4676,-116,16,41
2569769892,24,5098,-2086,198,-924,-826,0,0,-7,-1,-15771,0,8896,3164,-4680,-110,5,45
2569819892,-3480,7744,-2762,178,-164,-17,-16769,0,-15537,0,8160,8192,6250,2066,-5138,-104,32,29
2569869892,-3966,7570,-2658,-58,304,638,8160,8192,22260,-26324,645,8192,5912,1514,-5822,-103,-1,24
2569919892,-4094,7412,-2130,-34,383,695,0,0,-7,-1,-16763,0,5582,974,-6268,-97,6,29
2569969892,-4458,7166,-1900,8,278,483,0,0,-7,-1,-15761,0,5488,256,-6184,-102,39,26
2570019892,-4404,7026,-2026,56,85,349,-18758,0,-15537,0,8160,8192,6252,1054,-5912,-102,58,26
2570069892,-3866,6380,-1754,101,-62,109,-16757,0,-15537,0,8160,8192,5732,236,-6202,-104,55,26
2570119892,-3808,6414,-974,169,-36,209,-16753,0,-15537,0,8160,8192,6258,-128,-5726,-106,23,27
2570169892,-4264,6770,-1374,55,51,224,-15751,0,-15537,0,8160,8192,5902,-402,-6106,-102,28,42
2570219892,-4060,7126,-2160,46,-30,127,-15748,0,-15537,0,8160,8192,5536,748,-6080,-101,34,30
2570269892,-4206,7490,-2202,227,-278,-140,-15746,0,-15537,0,8160,8192,5582,244,-6042,-114,40,30
2570319892,-3558,7412,-2340,102,-216,-145,-15745,0,-15537,0,8160,8192,5978,1214,-5932,-108,24,35
2570369892,-3630,7606,-2500,142,-288,-144,-15743,0,-15537,0,8160,8192,5856,1280,-6084,-113,17,35
2570419892,-3194,7390,-2570,141,-234,-113,8160,8192,-17564,-26316,645,8192,5570,1254,-6256,-106,34,37
2570469892,-3792,7378,-2158,132,22,260,-16739,0,-15537,0,8160,8192,5784,622,-5994,-108,48,28
2570519892,-4342,6870,-1816,12,199,522,8160,8192,16900,-26314,645,8192,5596,12,-6090,-111,43,26
2570569892,-4514,6732,-1656,62,7,231,-15733,0,-15537,0,8160,8192,5650,-54,-6064,-107,33,24
2570619892,-4454,7016,-1666,165,-194,-80,0,0,-7,-1,-15733,0,5712,-326,-5990,-109,23,27
2570669892,-4158,7318,-2116,27,25,388,-15731,0,-15537,0,8160,8192,5860,856,-6084,-100,30,28
2570719892,-3772,7402,-2518,129,-365,-562,0,0,-7,-1,-15728,0,5882,1254,-6066,-107,36,32
2570769892,-3644,7472,-2022,309,-399,-109,-16726,0,-15537,0,8160,8192,5818,426,-5936,-110,33,36
2570819892,-5242,6670,-1012,-53,380,736,8160,8192,-10780,-26310,645,8192,5852,-1456,-6128,-106,28,30
2570869892,-4420,6748,-2082,-118,139,409,-15720,0,-15537,0,8160,8192,5782,438,-5928,-108,17,27
2570919892,-4028,7112,-2094,323,-520,-526,8160,8192,23684,-26308,645,8192,5802,312,-5974,-105,10,26
2570969892,-3762,7422,-2062,132,-253,-89,-15714,0,-15537,0,8160,8192,5840,392,-6070,-106,12,29
2571019892,-4054,7060,-2128,14,15,174,-16710,0,-15537,0,8160,8192,5898,580,-5938,-106,32,29
2571069892,-4022,7158,-2166,163,-267,-165,8160,8192,0,0,645,8192,5730,616,-6028,-108,32,28
2571119892,-3888,7288,-2154,171,-361,-316,-15705,0,-15537,0,8160,8192,5746,678,-5962,-101,45,28
2571169892,-4096,7230,-2190,147,-374,-331,8160,8192,11540,-26304,645,8192,5734,662,-6078,-99,22,27
2571219892,-4150,7598,-2264,182,-322,-266,-15699,0,-15537,0,8160,8192,5876,664,-5864,-105,38,28
2571269892,-4250,6838,-2082,150,-296,-139,8160,8192,-19532,-26303,645,8192,5878,166,-5784,-100,35,31
2571319892,-4422,6774,-1788,92,-238,-112,8160,8192,30468,-26302,645,8192,5680,328,-5912,-96,27,31
2571369892,-4554,6788,-1814,176,-339,-264,-15692,0,-15537,0,8160,8192,6058,434,-5810,-103,37,26
2571419892,-4360,7104,-2070,155,-310,-253,-15690,0,-15537,0,8160,8192,5498,802,-6320,-105,49,23
2571469892,-4618,7270,-1946,150,-167,-4,-15687,0,-15537,0,8160,8192,5808,224,-5918,-99,43,23
2571519892,-5010,7746,-2498,69,-173,-98,0,0,-7,-1,-15686,0,6968,932,-5422,-97,29,33
2571569892,-4964,7824,-2514,129,-237,0,-16684,0,-15537,0,8160,8192,5260,462,-6076,-99,45,27
2571619892,-4608,7238,-2236,98,-276,-78,0,0,-7,-1,-16680,0,5796,304,-6176,-99,40,25
2571669892,-4552,6896,-1950,144,-239,-66,8160,8192,-12748,-26297,645,8192,6086,582,-5648,-103,52,20
2571719892,-4704,6648,-1664,100,-155,40,-15677,0,-15537,0,8160,8192,5762,496,-5858,-96,38,26
2571769892,-4864,7060,-2022,37,-137,42,8160,8192,21716,-26295,645,8192,5612,28,-6144,-104,43,18
2571819892,-7082,9946,-3634,91,-210,35,8160,8192,6180,-26294,645,8192,4882,1260,-6856,-110,16,22
2571869892,-5142,7732,-2190,82,-145,-6,-17672,0,-15537,0,8160,8192,4738,782,-7860,-92,47,25
2571919892,-4978,6778,-1662,91,-33,23,8160,8192,-24892,-26293,645,8192,5862,-278,-6018,-98,-9,31
2571969892,-5166,6748,-1766,42,-42,148,0,0,-7,-1,-15668,0,5968,-328,-5362,-98,27,21
2572019892,-4342,6130,-1294,42,-188,-90,8160,8192,9572,-26291,645,8192,5092,86,-6286,-103,-26,20
2572069892,-6352,7988,-2456,102,-285,-97,0,0,-7,-1,-15663,0,4826,-94,-6504,-105,0,25
2572119892,-4844,6590,-1072,61,-274,-102,-15660,0,-15537,0,8160,8192,6344,76,-6002,-97,9,28
2572169892,-5414,6470,-1122,72,-99,-67,0,0,-7,-1,-16658,0,6650,-912,-5310,-110,25,25
2572219892,-4818,6054,-970,95,-145,7,0,0,-7,-1,-16657,0,5966,-436,-5968,-109,31,26
2572269892,-5736,6562,-1346,89,4,115,8160,8192,-2572,-26288,645,8192,5140,-682,-6400,-101,42,38
2572319892,-5854,6584,-1266,102,16,97,0,0,-7,-1,-15652,0,5940,-862,-5944,-105,39,36
2572369892,-5510,6538,-1194,131,-60,157,-15649,0,-15537,0,8160,8192,5794,-360,-6100,-109,54,35
2572419892,-5516,6390,-1448,109,-95,41,-15647,0,-15537,0,8160,8192,5978,-738,-5944,-111,55,31
2572469892,-5400,6390,-1248,78,-51,155,8160,8192,0,0,645,8192,5836,-478,-6044,-104,23,29
2572519892,-5306,6312,-1186,99,-168,39,0,0,-7,-1,-15642,0,5758,-728,-6068,-103,36,32
2572569892,-5384,6820,-1416,78,-22,258,0,0,-7,-1,-16639,0,5828,-730,-6126,-105,42,36
2572619892,-5382,5714,-486,85,270,598,0,0,-7,-1,-15637,0,5680,-1270,-6128,-113,45,31
2572669892,-5634,6358,-898,-7,266,512,-15635,0,-15537,0,8160,8192,4868,-1144,-6836,-117,47,30
2572719892,-5424,6104,-756,91,132,544,8160,8192,0,0,645,8192,5908,-1046,-6158,-109,36,42
2572769892,-5072,5386,-442,-16,287,686,-15633,0,-15537,0,8160,8192,6768,-1028,-5122,-119,23,27
2572819892,-7120,7512,-946,-49,437,835,-17631,0,-15537,0,8160,8192,1388,-2762,-9590,-120,80,47
2572869892,-5856,6382,-374,-54,403,768,8160,8192,0,0,645,8192,2146,-2222,-8574,-104,49,59
2572919892,-5000,5816,-1092,17,14,328,0,0,-7,-1,-15625,0,6068,-3076,-5878,-112,11,46
2572969892,-2752,6378,-1602,58,-429,-458,-15624,0,-15537,0,8160,8192,2674,1706,-8122,-111,17,52
2573019892,-3138,7952,-2572,358,-728,-938,0,0,-7,-1,-15622,0,3238,250,-6654,-108,35,53
2573069892,-1512,6928,-2934,244,-484,-686,-15619,0,-15537,0,8160,8192,8828,3952,-4128,-100,28,20
2573119892,-3094,8950,-3792,289,-258,-172,-15617,0,-15537,0,8160,8192,5142,2622,-6316,-109,27,36
2573169892,-2728,8170,-3488,100,-159,71,0,0,-7,-1,-15615,0,5698,2816,-6124,-105,37,38
2573219892,-3484,7350,-2608,136,162,469,0,0,-7,-1,-15613,0,5632,1678,-6026,-111,63,28
2573269892,-3556,7280,-2302,54,206,575,-16611,0,-15537,0,8160,8192,5954,1132,-5800,-107,52,33
2573319892,-4154,7040,-1952,46,313,669,-15607,0,-15537,0,8160,8192,6020,366,-5880,-104,53,31
2573369892,-4314,6794,-1874,-36,196,479,-15606,0,-15537,0,8160,8192,5914,182,-5940,-106,45,32
2573419892,-4210,7124,-2136,144,-186,-49,-15603,0,-15537,0,8160,8192,5656,386,-6058,-108,42,35
2573469892,-3762,7194,-2086,165,-266,-145,-15602,0,-15537,0,8160,8192,5716,362,-6192,-107,41,32
2573519892,-3768,7200,-2360,87,-116,78,0,0,-7,-1,-15601,0,5636,578,-6086,-108,33,34
2573569892,-4118,7292,-2052,80,-36,216,-15599,0,-15537,0,8160,8192,5850,276,-5994,-106,17,28
2573619892,-4342,7150,-1862,74,-8,190,-15596,0,-15537,0,8160,8192,5786,60,-6066,-109,26,33
2573669892,-4264,7018,-1842,65,-41,208,8160,8192,0,0,645,8192,5934,142,-6032,-109,24,34
2573719892,-4036,7228,-2162,116,-199,-162,0,0,-7,-1,-15591,0,5886,494,-5984,-112,31,27
2573769892,-3948,7206,-1924,165,-173,48,-17589,0,-15537,0,8160,8192,5818,214,-6048,-106,32,28
2573819892,-4254,6828,-1656,35,86,310,-15587,0,-15537,0,8160,8192,5668,-156,-6090,-105,35,24
2573869892,-4344,6440,-1524,61,85,458,-16584,0,-15537,0,8160,8192,5540,-598,-5710,-113,14,27
2573919892,-3268,7234,-2972,-21,-356,-514,-15583,0,-15537,0,8160,8192,5708,1942,-6084,-104,0,30
2573969892,-3434,7552,-2102,457,-792,-740,0,0,-7,-1,-15580,0,5898,128,-5984,-101,5,29
2574019892,-4156,7124,-1768,-38,196,555,0,0,-7,-1,-16577,0,5812,-482,-6050,-108,22,30
2574069892,-5380,6686,-1412,-106,443,950,-15575,0,-15537,0,8160,8192,5920,-548,-6022,-108,19,28
2574119892,-4302,6930,-2036,148,-383,-503,-17572,0,-15537,0,8160,8192,5762,318,-6030,-103,32,29
2574169892,-3634,7458,-2038,370,-656,-635,0,0,-7,-1,-15570,0,5712,498,-5970,-101,42,30
2574219892,-4116,7180,-1792,-4,165,426,-15567,0,-15537,0,8160,8192,5854,54,-5994,-105,36,31
2574269892,-4502,6846,-1936,-50,237,525,0,0,-7,-1,-15565,0,5742,190,-6060,-104,40,26
2574319892,-4444,6984,-1794,167,-257,-161,0,0,-7,-1,-16564,0,5802,54,-6048,-105,34,29
2574369892,-4014,7238,-1994,153,-291,-240,-17563,0,-15537,0,8160,8192,5706,304,-6020,-105,24,30
2574419892,-4064,7204,-1848,89,-16,238,8160,8192,-15260,-26255,645,8192,5848,222,-6000,-104,21,28
2574469892,-4358,6974,-1876,31,13,210,-15559,0,-15537,0,8160,8192,5700,212,-6022,-107,37,33
2574519892,-4248,6926,-1816,154,-199,-65,-15556,0,-15537,0,8160,8192,5576,112,-6244,-103,38,28
2574569892,-4230,7066,-1962,106,-126,17,0,0,-7,-1,-15556,0,5900,36,-5996,-111,38,35
2574619892,-4270,7046,-1994,61,-29,169,-15553,0,-15537,0,8160,8192,5732,236,-6096,-102,31,28
2574669892,-4152,7046,-1936,103,-150,7,-17551,0,-15537,0,8160,8192,5820,182,-5894,-110,31,38
2574719892,-4016,7236,-2094,108,-123,25,0,0,-7,-1,-15549,0,5744,508,-6154,-101,43,27
2574769892,-3946,7298,-2158,133,-230,-178,-17547,0,-15537,0,8160,8192,5796,586,-5986,-103,41,26
2574819892,-3618,7330,-2464,135,-318,-257,8160,8192,-8476,-26249,645,8192,5730,978,-5970,-106,38,28
2574869892,-3760,7256,-2264,183,-401,-333,-15544,0,-15537,0,8160,8192,5518,852,-6130,-103,35,27
2574919892,-4222,7368,-2212,122,-263,-195,-15543,0,-15537,0,8160,8192,5866,838,-6086,-105,34,27
2574969892,-3870,7256,-2408,99,-303,-250,0,0,-7,-1,-15541,0,5948,1118,-5746,-104,40,24
2575019893,-4276,6968,-2232,212,-409,-294,0,0,-7,-1,-15539,0,5460,510,-6408,-95,27,30
2575069892,-4032,7056,-2026,144,-344,-215,0,0,-7,-1,-16536,0,5900,1064,-5850,-106,37,20
2575119892,-4188,6848,-2080,155,-369,-330,-16535,0,-15537,0,8160,8192,5630,564,-6446,-104,47,24
2575169892,-5070,7798,-2232,115,-238,-62,0,0,-7,-1,-16533,0,4888,566,-6154,-98,43,26
2575219892,-4608,6678,-1694,45,-39,85,-16531,0,-15537,0,8160,8192,5202,894,-6836,-93,15,34
2575269892,-5104,6870,-1884,70,-134,89,-16528,0,-15537,0,8160,8192,5470,1384,-6232,-99,15,28
2575319892,-4978,7524,-2382,75,-237,-98,8160,8192,-32764,-26241,645,8192,4022,1070,-6658,-99,41,26
2575369892,-4406,6706,-2090,82,-306,-90,0,0,-7,-1,-16525,0,6208,766,-6448,-98,1,25
2575419892,-3780,5326,-1304,66,-10,211,8160,8192,1700,-26239,645,8192,4332,-558,-7284,-105,34,8
2575469892,-3772,6216,-1264,76,-65,261,-16521,0,-15537,0,8160,8192,6442,178,-6362,-93,25,22
2575519892,-4966,6880,-1486,66,-70,87,-16519,0,-15537,0,8160,8192,5798,-136,-5674,-92,5,25
2575569892,-6006,7322,-1972,108,-80,98,0,0,-7,-1,-17518,0,4562,-1114,-6534,-93,38,25
2575619892,-5820,6526,-898,100,61,297,8160,8192,5092,-26236,645,8192,5784,-720,-5784,-101,34,19
2575669892,-5530,5978,-868,65,-129,-4,-16513,0,-15537,0,8160,8192,5632,-1142,-6144,-105,30,40
2575719892,-5810,6454,-1078,108,-153,-41,-16510,0,-15537,0,8160,8192,6168,-1406,-6016,-104,46,34
2575769892,-5346,6284,-854,109,-102,75,8160,8192,24020,-26234,645,8192,5824,-1582,-6048,-109,43,29
2575819892,-5684,5956,-936,50,44,239,8160,8192,8484,-26233,645,8192,5810,-1490,-6092,-105,42,31
2575869892,-5908,5688,-524,104,158,548,-18503,0,-15537,0,8160,8192,5646,-2182,-5934,-106,29,34
2575919892,-6370,6668,-964,-34,223,585,-16501,0,-15537,0,8160,8192,5492,-1744,-6304,-118,56,31
2575969892,-5360,6110,-570,47,137,446,-18499,0,-15537,0,8160,8192,5520,-1514,-6448,-108,33,50
2576019892,-5120,7002,-990,74,13,218,-16496,0,-15537,0,8160,8192,5914,-928,-6294,-121,32,36
2576069892,-6042,6580,-1318,120,55,210,8160,8192,-3660,-26230,645,8192,3946,-3478,-6038,-120,37,36
2576119892,-38,1972,1340,-38,-17,282,-18492,0,-15537,0,8160,8192,7822,-120,-5092,-105,30,43
2576169892,-4050,6924,-1532,62,-72,18,0,0,-7,-1,-16491,0,6240,-700,-6536,-117,41,35
2576219892,-3022,7770,-2704,145,-569,-708,8160,8192,15268,-26227,645,8192,6276,1666,-5492,-112,19,34
2576269892,-3292,7932,-2852,375,-513,-549,-16487,0,-15537,0,8160,8192,7116,1938,-5646,-107,3,37
2576319892,-2868,7480,-2372,48,117,345,-16486,0,-15537,0,8160,8192,6474,1824,-5458,-111,2,31
2576369892,-2976,6842,-2236,-75,494,899,8160,8192,0,0,645,8192,6810,2004,-5570,-98,13,35
2576419892,-3598,7610,-2844,17,67,189,0,0,-7,-1,-16482,0,5438,1756,-6240,-110,41,34
2576469892,-3456,7300,-2206,261,-258,-66,0,0,-7,-1,-16481,0,5686,976,-6086,-109,52,34
2576519892,-3748,7316,-2284,69,-62,13,-16480,0,-15537,0,8160,8192,5750,982,-5996,-105,52,32
2576569892,-4132,7192,-1880,112,94,406,-16478,0,-15537,0,8160,8192,5988,196,-6110,-104,32,33
2576619892,-4408,6936,-1832,-39,236,540,0,0,-7,-1,-16476,0,5714,-62,-5972,-102,26,30
2576669892,-4358,7088,-1916,76,-51,200,8160,8192,6516,-26220,645,8192,5762,320,-6054,-110,29,31
2576719892,-4020,7044,-1820,168,-210,-90,0,0,-7,-1,-16472,0,5780,92,-6034,-106,41,29
2576769892,-3724,7220,-2182,93,-201,-102,0,0,-7,-1,-16470,0,5674,714,-6148,-107,29,30
2576819892,-4154,6930,-1744,127,-62,163,-18469,0,-15537,0,8160,8192,5854,6,-6030,-102,13,28
2576869892,-4026,7044,-2090,22,-41,146,-16467,0,-15537,0,8160,8192,5674,208,-6010,-109,2,30
2576919892,-4480,7062,-1630,180,-93,169,-16465,0,-15537,0,8160,8192,5478,-448,-6140,-104,31,28
2576969892,-4056,7130,-2104,-7,-13,100,-16463,0,-15537,0,8160,8192,5726,538,-6086,-107,48,31
2577019892,-4350,7246,-1788,198,-142,188,8160,8192,28836,-26215,645,8192,5928,128,-5994,-114,30,31
2577069892,-4412,7276,-1818,105,-90,-76,-16459,0,-15537,0,8160,8192,6048,-576,-5954,-104,52,26
2577119892,-4554,6944,-1480,54,232,855,8160,8192,0,0,645,8192,5624,-16,-6110,-106,34,33
2577169892,-2446,7216,-3480,-98,-615,-1325,0,0,-7,-1,-16455,0,5642,2196,-5994,-103,14,31
2577219892,-3338,7686,-2006,757,-908,-433,8160,8192,0,0,645,8192,5804,438,-5960,-108,22,26
2577269892,-4558,6874,-1508,-285,638,815,-16451,0,-15537,0,8160,8192,5834,-814,-6022,-103,40,21
2577319892,-5074,6594,-1498,-17,306,971,-16449,0,-15537,0,8160,8192,5868,-214,-5986,-105,13,27
2577369892,-4366,7110,-1862,157,-332,-480,-16447,0,-15537,0,8160,8192,5836,230,-6096,-107,25,31
2577419892,-3758,7444,-2054,368,-557,-404,-16445,0,-15537,0,8160,8192,5776,408,-6130,-106,43,30
2577469892,-3862,7128,-1878,9,101,274,8160,8192,20084,-26208,645,8192,5752,338,-5948,-105,56,27
2577519892,-4310,6868,-1908,62,62,364,-16440,0,-15537,0,8160,8192,5720,94,-6022,-108,39,33
2577569892,-4286,6998,-1942,86,-151,-8,5544,8192,-7,-1,-16017,0,5824,146,-6078,-105,24,27
2577619892,-4170,7156,-1936,141,-262,-124,0,0,-7,-1,-16436,0,5664,218,-6174,-103,13,30
2577669892,-3800,7180,-1982,90,-89,50,0,0,-7,-1,-16435,0,5876,554,-5936,-104,38,29
2577719892,-4050,7212,-2176,104,-158,-22,-17432,0,-15537,0,8160,8192,5936,664,-6068,-106,33,28
2577769892,-3810,7188,-2182,132,-292,-213,-16430,0,-15537,0,8160,8192,5694,940,-5936,-110,30,34
2577819892,-4174,7332,-2158,170,-314,-221,8160,8192,-23132,-26203,645,8192,5878,372,-6220,-101,30,28
2577869892,-3982,7222,-2090,83,-231,-68,-16426,0,-15537,0,8160,8192,5926,766,-6074,-105,27,26
2577919892,-4206,6962,-1994,144,-298,-205,-17423,0,-15537,0,8160,8192,5614,508,-6172,-104,33,32
2577969892,-4120,7082,-1986,199,-367,-298,-16420,0,-15537,0,8160,8192,5954,590,-6072,-98,45,30
2578019892,-4392,7076,-2002,165,-312,-181,-16418,0,-15537,0,8160,8192,5896,196,-6096,-100,29,30
2578069892,-4670,6986,-1938,119,-221,21,0,0,-7,-1,-16416,0,6040,134,-6100,-108,24,26
2578119892,-4288,7194,-2268,107,-329,-313,0,0,-7,-1,-16414,0,5958,730,-6044,-101,42,18
2578169892,-4386,7134,-2164,280,-520,-490,-18412,0,-15537,0,8160,8192,5930,490,-5984,-102,45,32
2578219892,-5026,8004,-2760,99,-297,-352,-18410,0,-15537,0,8160,8192,4942,658,-6602,-98,55,30
2578269892,-4052,7088,-2146,148,-319,-100,0,0,-7,-1,-16408,0,5634,796,-6266,-98,34,30
2578319892,-4690,7506,-2144,75,-109,111,8160,8192,0,0,645,8192,5418,1520,-6046,-95,28,29
2578369892,-4258,6404,-1666,77,-30,261,-18403,0,-15537,0,8160,8192,7016,664,-5192,-106,28,23
2578419892,-4634,6618,-1686,27,-65,273,-16400,0,-15537,0,8160,8192,5318,1104,-6000,-97,10,29
2578469892,-5500,7018,-1806,95,-123,78,0,0,-7,-1,-16397,0,6244,396,-5608,-98,21,23
2578519892,-4240,6858,-1250,141,-182,-29,-17395,0,-15537,0,8160,8192,5824,-466,-6110,-114,31,17
2578569892,-4470,6326,-1470,39,-86,122,0,0,-7,-1,-16393,0,5548,174,-6316,-96,48,21
2578619892,-4946,6454,-1180,76,-79,35,-16391,0,-15537,0,8160,8192,5324,-516,-6256,-99,20,28
2578669892,-5724,6852,-1804,73,-126,10,-16388,0,-15537,0,8160,8192,5640,-492,-6352,-98,39,29
2578719892,-5764,6988,-1640,88,-137,-54,-18386,0,-15537,0,8160,8192,5736,-470,-5982,-104,36,20
2578769892,-4908,6410,-1258,103,-241,-123,0,0,-7,-1,-17384,0,5618,-440,-6390,-102,22,31
2578819892,-5412,6988,-1400,60,-208,-103,-16381,0,-15537,0,8160,8192,5470,-112,-6010,-96,34,31
2578869892,-5080,5906,-984,141,-177,-60,8160,8192,-21708,-26187,645,8192,5776,-160,-6116,-111,18,24
2578919892,-5150,6468,-1246,68,-28,94,-16376,0,-15537,0,8160,8192,5454,-322,-6100,-110,35,27
2578969892,-5218,5986,-1004,108,37,178,-16374,0,-15537,0,8160,8192,5808,-694,-6134,-107,40,30
2579019892,-5534,6178,-922,99,108,333,0,0,-7,-1,-16372,0,5882,-1256,-6060,-102,40,34
2579069892,-5850,5930,-714,26,255,446,8160,8192,0,0,645,8192,5812,-1674,-6196,-105,45,28
2579119892,-5850,5814,-380,52,144,485,-16366,0,-15537,0,8160,8192,5850,-1806,-5996,-113,33,37
2579169892,-5534,5940,-728,20,102,397,-16364,0,-15537,0,8160,8192,5038,-1092,-6260,-106,47,45
2579219892,-7782,9008,-2334,46,118,447,-16362,0,-15537,0,8160,8192,6046,-1210,-5886,-121,40,29
2579269892,-5102,6156,-548,51,203,544,-16360,0,-15537,0,8160,8192,7514,-1250,-4974,-108,28,54
2579319892,-5364,6336,-1176,-18,236,545,-16358,0,-15537,0,8160,8192,6480,-1438,-5900,-116,35,34
2579369892,-3752,6158,-764,63,-24,104,-16355,0,-15537,0,8160,8192,6596,-592,-5818,-115,36,43
2579419892,-4988,8262,-2320,154,-289,-242,-18353,0,-15537,0,8160,8192,4922,62,-6320,-113,34,42
2579469892,-3274,7070,-2130,126,-234,-280,8160,8192,0,0,645,8192,5740,2224,-6014,-115,30,33
2579519892,-3162,7406,-2778,181,-375,-398,-16348,0,-15537,0,8160,8192,5400,1956,-5620,-117,53,39
2579569892,-4018,8696,-2882,123,29,147,8160,8192,22932,-26176,645,8192,6642,1848,-5434,-105,47,25
2579619892,-3758,7614,-2528,17,207,495,-17345,0,-15537,0,8160,8192,6578,1438,-5672,-111,7,34
2579669892,-3162,6774,-2124,-7,302,614,0,0,-7,-1,-16342,0,5980,836,-5856,-98,3,31
2579719892,-3884,7476,-2500,87,-138,31,8160,8192,0,0,645,8192,5562,746,-6074,-112,16,30
2579769892,-3526,7046,-2204,148,-181,-31,-16339,0,-15537,0,8160,8192,6044,1016,-5938,-106,20,24
2579819892,-3674,7444,-2154,131,-149,3,0,0,-7,-1,-16336,0,5686,806,-6092,-108,22,27
2579869892,-3792,7382,-2108,85,10,355,-16334,0,-15537,0,8160,8192,6048,544,-5962,-109,25,37
2579919892,-4134,7220,-2128,41,103,349,-17207,0,-15537,0,8160,8192,5680,338,-6128,-105,38,29
2579969892,-4250,7176,-1934,109,-39,205,0,0,-7,-1,-16331,0,5716,344,-6052,-108,32,36
2580019892,-4342,7256,-1836,104,-57,139,-16330,0,-15537,0,8160,8192,5726,86,-6222,-107,32,32
2580069892,-4076,7000,-1930,117,-148,-16,8160,8192,-1356,-26169,645,8192,5802,190,-6158,-111,37,35
2580119892,-3846,7230,-2058,127,-148,58,-16325,0,-15537,0,8160,8192,6028,618,-5898,-107,41,33
2580169892,-4020,7088,-2028,138,-153,-16,5544,8192,-7,-1,-15548,0,5862,352,-6056,-107,41,34
2580219892,-4174,7112,-1998,107,-77,106,-17320,0,-15537,0,8160,8192,5788,96,-6002,-116,42,34
2580269892,-4174,7128,-1966,59,19,274,-18318,0,-15537,0,8160,8192,5648,210,-5902,-105,36,28
2580319892,-4448,7288,-1990,110,-115,58,8160,8192,-13500,-26165,645,8192,5766,28,-6226,-109,23,26
2580369892,-4424,7036,-1552,111,46,461,0,0,-7,-1,-17314,0,5858,-298,-5946,-102,22,23
2580419892,-3188,7294,-2832,-7,-361,-715,8160,8192,20964,-26163,645,8192,5574,1634,-6110,-106,42,29
2580469892,-3652,7510,-1894,478,-597,-326,0,0,-7,-1,-17309,0,5776,236,-5950,-102,46,32
2580519892,-4592,6984,-1602,-169,432,740,-17307,0,-15537,0,8160,8192,5854,-552,-6052,-107,37,29
2580569892,-4938,6652,-1540,27,111,470,0,0,-7,-1,-16305,0,5832,-416,-5970,-108,14,28
2580619892,-4032,7078,-2066,177,-366,-395,-17303,0,-15537,0,8160,8192,5852,474,-6032,-105,28,30
2580669892,-3606,7502,-2268,243,-424,-295,0,0,-7,-1,-16300,0,5782,734,-6012,-106,26,28
2580719892,-3480,7362,-2530,38,-69,91,-18299,0,-15537,0,8160,8192,5732,1274,-6002,-107,25,26
2580769892,-3636,7322,-2454,140,-304,-263,0,0,-7,-1,-16298,0,5924,1330,-5850,-109,33,29
2580819892,-3606,7228,-2036,237,-527,-609,8160,8192,27748,-26157,645,8192,5104,906,-6254,-100,36,26
2580869892,-4058,7118,-2138,213,-438,-412,-16293,0,-15537,0,8160,8192,5652,690,-6180,-105,32,36
2580919892,-4488,7204,-2002,106,-159,75,8160,8192,0,0,645,8192,5850,80,-5826,-90,28,27
2580969892,-4078,6582,-2040,44,-231,-138,-16289,0,-15537,0,8160,8192,6358,670,-5730,-106,30,17
2581019892,-4166,7150,-2014,259,-533,-482,0,0,-7,-1,-17287,0,5478,538,-5846,-105,29,22
2581069892,-5630,8660,-2950,134,-236,23,8160,8192,15604,-26153,645,8192,4942,318,-6494,-96,3,27
2581119892,-3740,5918,-1732,69,-227,96,-17283,0,-15537,0,8160,8192,5928,528,-5774,-103,49,24
2581169892,-4878,7306,-2250,122,-204,-70,8160,8192,0,0,645,8192,5412,-118,-6594,-101,41,26
2581219892,-4768,6764,-1856,95,-197,24,8160,8192,-31004,-26151,645,8192,5818,392,-5924,-105,36,19
2581269892,-5082,6782,-1736,100,-122,22,0,0,-7,-1,-16277,0,6866,306,-5320,-99,32,22
2581319892,-4814,6550,-1628,63,-157,-91,-16275,0,-15537,0,8160,8192,6830,420,-5574,-108,37,14
2581369892,-1864,3330,-318,55,-241,29,8160,8192,0,0,645,8192,9470,946,-3794,-105,-23,13
2581419892,-5956,8188,-2492,106,-174,34,-16272,0,-15537,0,8160,8192,5622,-26,-6042,-103,40,28
2581469892,-4030,5816,-1324,116,-133,5,8160,8192,22388,-26147,645,8192,6374,-16,-5294,-101,35,27
2581519892,-5234,7368,-1982,34,-168,-19,-16269,0,-15537,0,8160,8192,5680,-62,-6580,-96,25,33
2581569892,-5246,6828,-1548,153,-165,-159,-16267,0,-15537,0,8160,8192,6154,-170,-5644,-114,11,19
2581619892,-5040,6548,-1218,80,-137,-50,-16265,0,-15537,0,8160,8192,6326,-820,-5396,-102,2,39
2581669892,-4666,6376,-1468,-15,-225,-70,-16264,0,-15537,0,8160,8192,5762,-794,-6130,-110,13,28
2581719892,-5316,7026,-1464,137,-264,-137,-16261,0,-15537,0,8160,8192,6466,-778,-5414,-111,21,20
2581769892,-5642,6266,-1268,58,76,184,0,0,-7,-1,-17259,0,5788,-740,-6076,-102,32,30
2581819892,-5794,6632,-1018,67,103,246,-16256,0,-15537,0,8160,8192,5654,-854,-6194,-104,27,25
2581869892,-5500,6278,-1036,63,26,178,0,0,-7,-1,-17254,0,5804,-702,-6066,-106,33,29
2581919892,-5264,6312,-1274,107,-123,19,-16251,0,-15537,0,8160,8192,5784,-688,-5980,-109,44,31
2581969892,-5424,6364,-978,125,-113,138,-16250,0,-15537,0,8160,8192,5838,-900,-5994,-109,34,31
2582019892,-5576,5988,-814,103,-7,313,-18249,0,-15537,0,8160,8192,5846,-1142,-6012,-106,47,32
2582069892,-6502,6534,-962,111,224,540,-16247,0,-15537,0,8160,8192,5586,-1808,-6180,-107,54,39
2582119892,-6260,6610,-930,-45,354,730,0,0,-7,-1,-17246,0,5234,-1780,-6212,-111,32,37
2582169892,-5512,6032,-564,18,271,608,-16244,0,-15537,0,8160,8192,6326,-1906,-5650,-107,53,52
2582219892,-4570,5148,-276,55,119,418,-16242,0,-15537,0,8160,8192,5504,-2026,-6312,-126,48,33
2582269892,-4242,5612,-494,16,27,384,0,0,-7,-1,-16241,0,6202,-470,-5936,-119,2,41
2582319892,-5240,7796,-2290,87,-112,189,-16239,0,-15537,0,8160,8192,8504,1418,-6106,-116,11,50
2582369892,-4780,7422,-2458,43,-200,1,-16236,0,-15537,0,8160,8192,7164,1412,-5042,-109,20,40
2582419892,-3916,7616,-2550,123,-267,-150,-18233,0,-15537,0,8160,8192,5132,-616,-5432,-126,10,29
2582469892,-3104,7386,-2350,138,-250,-272,-16230,0,-15537,0,8160,8192,4914,892,-6060,-104,37,27
2582519892,-4004,7864,-3192,121,-67,57,0,0,-7,-1,-16228,0,6566,1634,-5900,-107,32,19
2582569892,-3224,7544,-2688,52,130,347,8160,8192,8276,-26130,645,8192,5980,2600,-6188,-101,27,44
2582619892,-3220,7770,-3166,175,-300,-387,-16226,0,-15537,0,8160,8192,4924,2104,-6768,-112,61,32
2582669892,-3064,7672,-2630,242,-230,-64,0,0,-7,-1,-17225,0,5318,1690,-6298,-111,59,35
2582719892,-3720,7422,-2588,23,87,284,0,0,-7,-1,-16223,0,5720,1162,-5956,-110,55,38
2582769892,-4052,7156,-2152,104,176,502,-16221,0,-15537,0,8160,8192,5764,566,-6044,-104,56,29
2582819892,-4344,7092,-1996,-21,230,534,0,0,-7,-1,-16218,0,5560,236,-6044,-111,37,35
2582869892,-4212,7084,-2156,99,-131,20,-16217,0,-15537,0,8160,8192,5796,160,-5962,-110,32,30
2582919892,-3800,7068,-2028,144,-196,-27,-16215,0,-15537,0,8160,8192,5946,526,-5926,-107,32,29
2582969892,-4340,7102,-1962,136,-87,129,0,0,-7,-1,-17212,0,5766,44,-6104,-106,24,30
2583019892,-4046,7096,-1982,55,-38,190,8160,8192,-476,-26124,645,8192,5664,316,-5986,-106,16,29
2583069892,-4306,7170,-1986,131,-163,43,-16208,0,-15537,0,8160,8192,5860,0,-6020,-109,4,28
2583119892,-4286,7120,-1814,68,-58,158,-16206,0,-15537,0,8160,8192,5980,26,-6026,-106,20,27
2583169892,-4354,7108,-1890,99,-69,94,-16204,0,-15537,0,8160,8192,6020,88,-6062,-107,29,28
2583219892,-4154,7210,-1968,121,-130,24,-16202,0,-15537,0,8160,8192,5728,196,-5932,-109,45,29
2583269892,-4292,6846,-1558,127,-13,203,-17200,0,-15537,0,8160,8192,5636,-340,-6064,-109,46,27
2583319892,-4280,6824,-1872,15,57,367,0,0,-7,-1,-16198,0,5826,66,-5886,-103,29,28
2583369892,-3908,7260,-2254,131,-351,-429,-16196,0,-15537,0,8160,8192,5834,856,-6072,-104,7,30
2583419892,-3352,7472,-2326,262,-498,-348,-17193,0,-15537,0,8160,8192,5740,1126,-5956,-107,13,33
2583469892,-4234,7266,-1740,122,-68,98,-16191,0,-15537,0,8160,8192,5806,14,-6086,-103,36,27
2583519892,-4852,6812,-1384,8,276,690,-16189,0,-15537,0,8160,8192,5940,-704,-5992,-103,46,29
2583569892,-4814,6718,-1728,-20,75,202,8160,8192,25236,-26115,645,8192,5800,-144,-6020,-104,41,29
2583619892,-3752,7246,-2350,242,-525,-579,-16185,0,-15537,0,8160,8192,5906,894,-5944,-107,31,31
2583669892,-3254,7590,-2540,201,-446,-420,8160,8192,-5836,-26114,645,8192,5660,1380,-6094,-103,28,28
2583719892,-3566,7068,-2200,97,-156,10,-16181,0,-15537,0,8160,8192,5814,1064,-6032,-107,17,30
2583769892,-3998,7310,-2422,93,-221,-117,-18180,0,-15537,0,8160,8192,5920,632,-6006,-98,28,26
2583819892,-4260,7006,-1838,189,-353,-223,8160,8192,13092,-26111,645,8192,5612,450,-6222,-98,20,27
2583869892,-4416,6742,-1676,127,-205,-6,-16175,0,-15537,0,8160,8192,5616,74,-6098,-100,30,35
2583919892,-4466,7412,-2190,63,-267,-180,8160,8192,0,0,645,8192,6024,568,-5966,-100,27,25
2583969892,-4456,7188,-2222,254,-492,-336,-18169,0,-15537,0,8160,8192,5728,588,-5904,-109,41,21
2584019892,-4180,6990,-2144,147,-460,-427,-16166,0,-15537,0,8160,8192,5592,666,-6184,-102,24,23
2584069892,-4118,6946,-2238,158,-340,-67,-16163,0,-15537,0,8160,8192,6628,794,-5392,-99,16,15
2584119892,-3942,6226,-1470,81,-129,45,-17161,0,-15537,0,8160,8192,6862,1066,-5056,-102,58,28
2584169892,-4426,6392,-1734,119,-140,102,8160,8192,-30124,-26106,645,8192,6336,174,-5930,-93,40,24
2584219892,-4936,6972,-1988,70,-114,127,-16158,0,-15537,0,8160,8192,5844,602,-6320,-97,25,23
2584269892,-4276,6518,-1596,95,-179,-48,8160,8192,4340,-26104,645,8192,6356,698,-5786,-98,36,20
2584319892,-4196,6674,-1970,62,-249,-88,-16154,0,-15537,0,8160,8192,5092,720,-6370,-99,33,25
2584369892,-4556,7420,-2204,133,-334,-104,-16151,0,-15537,0,8160,8192,6216,1204,-5948,-99,5,21
2584419892,-4502,7102,-2142,116,-190,-39,8160,8192,0,0,645,8192,6328,804,-5904,-106,28,16
2584469892,-5124,6412,-1962,49,-60,121,-18144,0,-15537,0,8160,8192,6352,500,-5578,-94,43,20
2584519892,-4906,6236,-1158,64,-19,46,0,0,-7,-1,-16143,0,6704,520,-5488,-96,15,26
2584569892,-5700,6616,-1610,79,-39,24,-17141,0,-15537,0,8160,8192,6114,-466,-5182,-114,50,25
2584619892,-4624,5496,-750,67,-59,43,0,0,-7,-1,-16139,0,6396,-480,-5388,-105,32,30
2584669892,-6394,7556,-1762,42,-121,-9,-16137,0,-15537,0,8160,8192,5010,-162,-6078,-105,54,38
2584719892,-5316,5962,-842,97,-103,46,-16135,0,-15537,0,8160,8192,5338,-1132,-6316,-112,33,25
2584769892,-5832,6052,-802,110,14,144,-16133,0,-15537,0,8160,8192,5960,-1386,-6066,-107,37,28
2584819892,-5800,6194,-890,50,91,254,8160,8192,0,0,645,8192,5842,-1370,-6130,-104,16,32
2584869892,-5608,6200,-948,84,132,343,-16128,0,-15537,0,8160,8192,5772,-1120,-6064,-104,27,30
2584919892,-5842,6420,-1132,70,10,174,-16125,0,-15537,0,8160,8192,5844,-1000,-6018,-104,15,31
2584969892,-5068,6256,-628,88,-23,331,-16123,0,-15537,0,8160,8192,5376,-1104,-6356,-102,37,37
2585019892,-5676,6202,-572,38,232,600,-16120,0,-15537,0,8160,8192,6596,-1692,-5442,-110,51,37
2585069892,-5892,6102,-770,-33,392,689,8160,8192,0,0,645,8192,6792,-1810,-5778,-114,52,32
2585119892,-4850,6070,-928,-1,139,488,-16116,0,-15537,0,8160,8192,5094,-1218,-6550,-114,30,44
2585169892,-4912,6514,-1260,151,-64,197,-16114,0,-15537,0,8160,8192,6950,-1392,-4448,-118,65,35
2585219892,-3860,6552,-1104,60,-148,-52,8160,8192,-28700,-26090,645,8192,5634,46,-6874,-106,34,51
2585269892,-4850,8096,-2524,140,-198,10,0,0,-7,-1,-16111,0,5280,-294,-7298,-113,46,39
2585319892,-3472,6536,-1990,74,-183,-127,0,0,-7,-1,-16109,0,5684,1446,-6448,-98,14,45
2585369892,-4202,8064,-2726,202,-212,-389,-16107,0,-15537,0,8160,8192,4958,950,-6942,-116,51,26
2585419892,-4438,8836,-3448,134,37,271,0,0,-7,-1,-16105,0,4608,70,-6286,-114,15,28
2585469892,-3908,7584,-2368,-22,399,801,-16104,0,-15537,0,8160,8192,5748,692,-5740,-105,16,46
2585519892,-4426,7526,-2464,95,71,294,-16102,0,-15537,0,8160,8192,5666,882,-6232,-121,45,36
2585569892,-3574,7526,-2680,184,-291,-257,-18100,0,-15537,0,8160,8192,5626,1978,-6038,-119,50,41
2585619892,-2756,7644,-2934,326,-723,-862,-17099,0,-15537,0,8160,8192,5616,2214,-6024,-105,28,32
2585669892,-2770,7814,-3012,238,-432,-335,-18097,0,-15537,0,8160,8192,5766,2266,-6090,-107,33,35
2585719892,-3408,7360,-2648,60,140,417,-16095,0,-15537,0,8160,8192,5724,1472,-6066,-105,53,32
2585769892,-4796,6686,-1488,54,345,835,8160,8192,0,0,645,8192,6010,-568,-5974,-103,61,21
2585819892,-5354,6478,-1520,-70,143,363,-17090,0,-15537,0,8160,8192,5774,-524,-6050,-104,11,24
2585869892,-4474,7004,-2108,208,-547,-558,8160,8192,0,0,645,8192,5816,264,-6102,-103,4,26
2585919892,-3966,7230,-1770,225,-415,-326,8160,8192,15940,-26079,645,8192,6066,-42,-6082,-102,13,30
2585969892,-4294,7034,-1940,-18,152,474,-16087,0,-15537,0,8160,8192,5920,216,-6032,-109,29,33
2586019892,-4752,6734,-1706,92,26,276,0,0,-7,-1,-17085,0,5958,14,-6060,-108,30,32
2586069892,-4428,6968,-1962,130,-285,-275,-16083,0,-15537,0,8160,8192,5686,110,-6068,-109,26,31
2586119892,-4240,7194,-2004,119,-182,-36,8160,8192,0,0,645,8192,5884,404,-6026,-106,26,30
2586169892,-4514,6942,-1752,89,56,318,0,0,-7,-1,-17077,0,5716,-184,-6078,-108,44,32
2586219892,-4650,6796,-1670,63,48,259,-16075,0,-15537,0,8160,8192,5698,-106,-6060,-105,52,30
2586269892,-4408,6924,-2000,89,-135,79,0,0,-7,-1,-17072,0,5790,486,-5972,-105,32,28
2586319892,-3576,7406,-2592,159,-475,-650,-18070,0,-15537,0,8160,8192,5840,1314,-5976,-101,26,28
2586369892,-4206,7138,-1640,196,-123,201,-16068,0,-15537,0,8160,8192,5896,-284,-6012,-105,17,29
2586419892,-5334,6588,-1244,-117,518,991,-17066,0,-15537,0,8160,8192,5800,-714,-6156,-110,12,30
2586469892,-4678,6788,-1966,79,-203,-172,8160,8192,0,0,645,8192,5800,460,-6056,-107,35,26
2586519892,-3774,7364,-2226,365,-774,-891,8160,8192,26116,-26070,645,8192,5732,706,-6038,-105,37,29
2586569892,-3856,7274,-2216,99,-137,-25,-18059,0,-15537,0,8160,8192,5858,452,-6006,-105,43,31
2586619892,-4510,6910,-2046,12,175,516,-17056,0,-15537,0,8160,8192,5794,486,-6058,-103,35,29
2586669892,-4274,6894,-2174,120,-333,-335,8160,8192,-20492,-26068,645,8192,5846,770,-5976,-106,27,33
2586719892,-4228,7276,-2242,255,-570,-538,-16052,0,-15537,0,8160,8192,5776,624,-6000,-104,34,26
2586769892,-4000,6966,-2160,111,-300,-159,-16050,0,-15537,0,8160,8192,5940,712,-5900,-101,26,29
2586819892,-4308,6870,-1988,57,-116,160,0,0,-7,-1,-16048,0,5964,722,-6116,-95,24,32
2586869892,-4374,6736,-1872,109,-222,-176,-16046,0,-15537,0,8160,8192,6042,344,-6124,-104,42,30
2586919892,-4266,6954,-2182,152,-305,-195,-18045,0,-15537,0,8160,8192,5722,566,-6110,-102,69,21
2586969892,-4782,7024,-2238,130,-318,-229,-16042,0,-15537,0,8160,8192,5888,424,-6104,-103,44,27
2587019892,-5326,7720,-2612,94,-170,-96,8160,8192,1828,-26062,645,8192,5156,550,-6246,-101,36,27
2587069892,-5124,7602,-2334,80,-236,-33,8160,8192,-13708,-26062,645,8192,5866,362,-5974,-92,20,25
2587119892,-4732,7532,-2220,94,-247,-85,-16037,0,-15537,0,8160,8192,5642,1488,-5938,-96,2,31
2587169892,-4076,6838,-2020,78,-219,-40,0,0,-7,-1,-16035,0,6206,546,-5748,-106,38,23
2587219892,-3472,6178,-1710,63,-218,58,-16033,0,-15537,0,8160,8192,7534,924,-5044,-100,-2,21
2587269892,-3294,4690,-948,78,-37,203,8160,8192,-10316,-26059,645,8192,5574,234,-6356,-107,-28,8
2587319892,-5094,7264,-1644,55,-23,161,-16028,0,-15537,0,8160,8192,4830,36,-7204,-100,38,24
2587369892,-5690,7382,-1870,57,-71,9,-16025,0,-15537,0,8160,8192,5606,-400,-5998,-95,14,29
2587419892,-4928,6236,-1400,86,-99,-54,0,0,-7,-1,-16022,0,7618,572,-4296,-102,47,17
2587469892,-6056,7132,-1744,54,-285,-270,0,0,-7,-1,-17019,0,5354,-892,-6024,-103,5,32
2587519892,-5224,6990,-1882,45,-189,-45,-16016,0,-15537,0,8160,8192,5460,-328,-6626,-107,8,27
2587569892,-6032,6888,-1120,92,-12,42,8160,8192,27540,-26054,645,8192,6108,-984,-5944,-102,23,27
2587619892,-5546,6408,-1122,52,105,245,-18013,0,-15537,0,8160,8192,5608,-708,-6188,-106,39,29
2587669892,-5898,6710,-1184,118,109,294,0,0,-7,-1,-16011,0,5542,-710,-5958,-111,31,28
2587719892,-5860,6338,-1046,43,46,234,-16008,0,-15537,0,8160,8192,5740,-970,-6092,-106,17,30
2587769892,-5574,6038,-864,102,-43,79,0,0,-7,-1,-16007,0,5928,-1184,-6004,-101,31,30
2587819892,-5462,6190,-1100,67,-179,-19,0,0,-7,-1,-16005,0,5894,-816,-5986,-105,29,32
2587869892,-5636,6364,-1092,79,-89,143,-16002,0,-15537,0,8160,8192,5670,-1202,-6184,-106,42,29
2587919892,-5722,6270,-778,81,149,494,-16000,0,-15537,0,8160,8192,5720,-1472,-5876,-108,41,36
2587969892,-5744,5798,-480,29,340,725,-15997,0,-15537,0,8160,8192,6162,-1878,-5906,-99,29,35
2588019892,-5166,5632,-860,-17,191,495,-15995,0,-15537,0,8160,8192,7006,-1604,-4860,-120,42,24
2588069892,-6624,7006,-1946,91,66,464,-17993,0,-15537,0,8160,8192,6312,-1332,-5714,-106,45,39
2588119892,-4322,5874,-670,49,104,439,-17993,0,-15537,0,8160,8192,6736,-1108,-5824,-111,43,41
2588169892,-5190,7028,-1472,16,62,319,8160,8192,0,0,645,8192,7810,-684,-5306,-127,11,33
2588219892,-6964,9654,-2900,56,49,297,-16988,0,-15537,0,8160,8192,4262,1814,-7228,-120,48,42
2588269892,-4932,6928,-1396,48,40,99,0,0,-7,-1,-15986,0,5778,-1572,-7032,-107,28,47
2588319892,-4378,7126,-2000,86,-70,41,-15983,0,-15537,0,8160,8192,6448,-700,-5400,-108,20,45
2588369892,-3550,7350,-2006,83,-122,-193,-17981,0,-15537,0,8160,8192,5818,3138,-4398,-113,32,35
2588419892,-3098,7876,-2994,112,-255,-365,0,0,-7,-1,-16978,0,6264,1938,-5766,-109,4,36
2588469892,-2516,7674,-3190,281,-481,-544,-15976,0,-15537,0,8160,8192,5388,3332,-6264,-119,55,26
2588519892,-2274,7512,-3218,257,-410,-308,-16974,0,-15537,0,8160,8192,5882,2672,-5922,-114,61,39
2588569892,-3162,7806,-2788,174,-61,65,0,0,-7,-1,-16972,0,5632,2032,-6054,-110,99,32
2588619892,-3660,7548,-2568,74,231,474,-15970,0,-15537,0,8160,8192,5798,1216,-6084,-107,77,33
2588669892,-4268,7056,-1946,38,307,695,-16968,0,-15537,0,8160,8192,5822,500,-5906,-105,52,28
2588719892,-4830,6692,-1618,45,10,197,8160,8192,0,0,645,8192,5946,-240,-5844,-105,8,31
2588769892,-4358,6964,-1878,113,-276,-172,-15963,0,-15537,0,8160,8192,5978,332,-6070,-101,0,28
2588819892,-4390,7080,-1820,143,-145,21,-15960,0,-15537,0,8160,8192,5780,-50,-6148,-108,34,29
2588869892,-4548,6904,-1804,33,108,345,-15957,0,-15537,0,8160,8192,5938,-44,-5978,-110,46,32
2588919892,-4144,6902,-2066,96,-157,-46,-17954,0,-15537,0,8160,8192,5794,492,-6010,-108,39,36
2588969892,-4158,7042,-1950,154,-209,-31,-15952,0,-15537,0,8160,8192,5758,222,-6030,-108,17,30
2589019892,-4300,7006,-1950,35,-24,192,-15950,0,-15537,0,8160,8192,5906,274,-5920,-105,1,25
2589069892,-4206,6874,-1962,99,-138,54,8160,8192,20212,-26031,645,8192,5920,144,-5966,-107,5,24
2589119892,-4284,6988,-1834,86,-116,124,-15947,0,-15537,0,8160,8192,5852,168,-6002,-110,11,24
2589169892,-4598,6992,-1660,111,-78,108,-15943,0,-15537,0,8160,8192,6050,-338,-6048,-106,27,28
2589219892,-4462,6768,-1642,81,10,178,8160,8192,-26396,-26029,645,8192,5718,-308,-5958,-110,53,25
2589269892,-3956,7122,-2400,18,-107,54,8160,8192,23604,-26028,645,8192,5718,992,-6058,-106,45,29
2589319892,-3708,7208,-2370,234,-391,-420,-15934,0,-15537,0,8160,8192,5678,838,-5990,-107,55,34
2589369892,-4306,7054,-1630,130,24,336,8160,8192,0,0,645,8192,5808,-418,-6010,-106,41,25
2589419892,-4612,6800,-1752,-77,226,500,8160,8192,0,0,645,8192,5808,-96,-6016,-105,15,28
2589469892,-4428,6882,-1996,184,-346,-296,-15926,0,-15537,0,8160,8192,5760,154,-6062,-104,18,26
2589519892,-3900,7298,-2108,168,-368,-337,-16924,0,-15537,0,8160,8192,5704,530,-6080,-102,36,27
2589569892,-3952,7116,-2168,84,-106,54,-17922,0,-15537,0,8160,8192,5796,548,-6100,-106,30,31
2589619892,-4346,6982,-2022,64,-43,129,8160,8192,0,0,645,8192,5820,682,-6050,-103,30,28
2589669892,-4286,7216,-2092,154,-339,-288,-15916,0,-15537,0,8160,8192,6076,878,-5854,-108,30,30
2589719892,-3978,6982,-2248,196,-439,-347,-15913,0,-15537,0,8160,8192,5976,712,-5960,-101,25,28
2589769892,-4034,7318,-2370,126,-311,-285,8160,8192,0,0,645,8192,5800,960,-5944,-105,32,27
2589819892,-4260,6830,-1968,172,-316,-185,-16908,0,-15537,0,8160,8192,5834,504,-6234,-98,24,34
2589869892,-4238,6642,-1672,71,-130,13,-17907,0,-15537,0,8160,8192,5204,442,-6580,-99,30,30
2589919892,-5066,7156,-2306,106,-217,72,-17905,0,-15537,0,8160,8192,5682,388,-5910,-113,28,22
2589969892,-4340,7130,-2084,119,-307,-237,-15903,0,-15537,0,8160,8192,6108,624,-5870,-103,43,21
2590019892,-5302,8074,-2616,195,-342,-136,0,0,-7,-1,-15901,0,6046,650,-6274,-96,26,26
2590069892,-5000,7026,-2174,88,-206,-21,0,0,-7,-1,-15899,0,5864,526,-6052,-109,52,29
2590119892,-4654,7272,-2132,105,-202,88,-15897,0,-15537,0,8160,8192,6092,528,-5756,-95,35,22
2590169892,-4434,6712,-1940,84,-180,69,8160,8192,6100,-26014,645,8192,6146,428,-5834,-103,18,28
2590219892,-4414,6746,-1946,78,-176,5,-17892,0,-15537,0,8160,8192,5844,328,-5870,-98,37,20
2590269892,-4362,6754,-1668,78,-207,-49,8160,8192,0,0,645,8192,6144,834,-5596,-95,22,30
2590319892,-4688,7104,-1992,101,-187,-2,8160,8192,25028,-26012,645,8192,6562,388,-5824,-102,37,20
2590369892,-4664,6698,-1910,70,-114,36,-15887,0,-15537,0,8160,8192,6016,-286,-6192,-104,30,16
2590419892,-4074,5962,-1222,62,-126,-32,-16885,0,-15537,0,8160,8192,5656,246,-6128,-102,36,25
2590469892,-5364,7398,-2092,66,-142,-91,0,0,-7,-1,-15883,0,5196,-192,-6370,-95,11,27
2590519892,-5128,6810,-1648,78,-184,-82,-17881,0,-15537,0,8160,8192,5908,120,-6338,-98,53,27
2590569892,-4882,6954,-1928,107,-261,-119,0,0,-7,-1,-15879,0,5696,-122,-6168,-107,23,23
2590619892,-5644,7706,-1762,100,-287,-123,-15876,0,-15537,0,8160,8192,5030,168,-6014,-104,45,35
2590669892,-5180,6366,-1208,72,-48,12,-15874,0,-15537,0,8160,8192,4950,124,-6378,-112,27,17
2590719892,-5556,6642,-1198,112,8,143,-17871,0,-15537,0,8160,8192,5508,-672,-6082,-102,44,33
2590769892,-5228,5826,-806,62,116,222,8160,8192,16276,-26005,645,8192,5540,-718,-6190,-113,39,28
2590819892,-5958,6694,-1440,108,80,248,8160,8192,740,-26004,645,8192,5790,-606,-6012,-105,41,27
2590869892,-5634,6122,-942,84,27,138,0,0,-7,-1,-15864,0,5688,-1012,-6004,-105,43,32
2590919892,-5546,6350,-1104,87,-113,80,-15863,0,-15537,0,8160,8192,5898,-696,-5956,-105,25,30
2590969892,-5794,6134,-864,116,-81,177,8160,8192,19668,-26002,645,8192,5886,-1366,-6024,-105,24,26
2591019892,-6216,6146,-666,74,112,491,-17859,0,-15537,0,8160,8192,5628,-2136,-6152,-112,27,29
2591069892,-5906,5512,-268,13,330,673,-15855,0,-15537,0,8160,8192,6202,-1712,-5912,-103,34,33
2591119892,-5556,5812,-430,22,237,641,-15852,0,-15537,0,8160,8192,5368,-1920,-6360,-107,32,38
2591169892,-5416,6412,-828,-8,204,560,0,0,-7,-1,-15850,0,5354,-2052,-6746,-97,51,48
2591219892,-4458,5754,-870,101,12,273,-16846,0,-15537,0,8160,8192,6620,200,-5550,-119,67,33
2591269892,-4884,6900,-1590,39,-36,322,-15844,0,-15537,0,8160,8192,6184,-596,-5906,-121,1,26
2591319892,-5296,6744,-1724,37,62,262,0,0,-7,-1,-16842,0,9288,-940,-4414,-106,2,27
2591369892,-3546,6288,-1286,37,-56,29,0,0,-7,-1,-15839,0,5802,1876,-6492,-106,13,39
2591419892,-3164,6730,-1904,154,-251,-186,-15837,0,-15537,0,8160,8192,6552,1092,-5810,-111,16,37
2591469892,-3418,7662,-2506,114,-242,-253,0,0,-7,-1,-15835,0,5518,740,-5598,-114,25,20
2591519892,-554,4792,-1080,146,-33,12,-15833,0,-15537,0,8160,8192,4506,526,-7140,-115,44,24
2591569892,-3168,6792,-2220,77,102,409,8160,8192,29844,-25993,645,8192,6874,2320,-5500,-101,12,42
2591619892,-2766,7070,-2874,113,-240,-232,8160,8192,0,0,645,8192,5500,2352,-5902,-117,44,32
2591669892,-2894,7526,-2772,297,-415,-241,-15828,0,-15537,0,8160,8192,5598,1780,-6056,-106,53,36
2591719892,-3208,7634,-2790,109,-144,-54,8160,8192,-16764,-25991,645,8192,5828,1472,-6062,-114,50,37
2591769892,-3790,7278,-2230,107,223,634,-15824,0,-15537,0,8160,8192,5760,856,-5968,-103,55,30
2591819892,-4238,6920,-1892,-37,310,628,8160,8192,0,0,645,8192,5674,304,-6114,-100,44,28
2591869892,-4578,6958,-1730,133,-102,138,-15819,0,-15537,0,8160,8192,5938,-100,-5914,-108,24,36
2591919892,-4046,7174,-2200,114,-251,-219,-15817,0,-15537,0,8160,8192,5980,596,-5934,-100,35,30
2591969892,-4058,7014,-1840,159,-105,131,-15815,0,-15537,0,8160,8192,5794,74,-6060,-108,38,35
2592019892,-4250,6976,-1932,-13,99,336,-16813,0,-15537,0,8160,8192,5916,120,-5976,-108,28,32
2592069892,-4206,7042,-1974,138,-196,-39,8160,8192,5556,-25985,645,8192,5868,190,-5894,-109,17,31
2592119892,-4046,7128,-1932,122,-205,-57,8160,8192,-9980,-25985,645,8192,5718,226,-6028,-106,13,27
2592169892,-4386,7196,-1884,69,-41,186,-17806,0,-15537,0,8160,8192,5928,194,-6062,-105,13,32
2592219892,-4280,7038,-1966,90,-97,60,8160,8192,0,0,645,8192,5626,196,-6066,-107,29,29
2592269892,-4388,7108,-1828,133,-137,42,0,0,-7,-1,-15803,0,5854,-96,-6118,-109,33,31
2592319892,-4410,7076,-1914,85,-51,163,-17801,0,-15537,0,8160,8192,5894,188,-6112,-108,40,28
2592369892,-4538,6924,-1610,142,-66,112,-15799,0,-15537,0,8160,8192,5892,-712,-5998,-105,37,28
2592419892,-4038,7236,-2236,-52,108,430,0,0,-7,-1,-15796,0,5688,1284,-6020,-107,33,30
2592469892,-3766,7320,-2456,272,-559,-683,-17794,0,-15537,0,8160,8192,5816,1170,-6030,-104,32,28
2592519892,-3806,7412,-1808,243,-291,-59,8160,8192,-3196,-25979,645,8192,5842,-16,-6128,-104,23,32
2592569892,-4842,6770,-1590,-159,455,797,8160,8192,0,0,645,8192,5792,-292,-6008,-107,27,28
2592619892,-4408,6854,-2126,91,-184,-85,-15785,0,-15537,0,8160,8192,5772,588,-6040,-105,34,24
2592669892,-3668,7260,-2286,328,-721,-817,-15783,0,-15537,0,8160,8192,5776,970,-5978,-103,27,26
2592719892,-3704,7618,-2382,170,-392,-370,-15781,0,-15537,0,8160,8192,5900,1336,-5954,-106,13,25
2592769892,-3614,7104,-2372,62,-128,43,-15777,0,-15537,0,8160,8192,6200,1010,-5854,-107,18,25
2592819892,-4084,7166,-2168,111,-238,-89,-15774,0,-15537,0,8160,8192,5714,960,-5976,-103,24,28
2592869892,-4036,6880,-2022,182,-367,-244,-16772,0,-15537,0,8160,8192,5542,672,-6164,-98,38,30
2592919892,-4510,7400,-2172,220,-434,-374,-15770,0,-15537,0,8160,8192,5810,1100,-5720,-105,63,21
2592969892,-4408,6954,-1938,186,-356,-276,0,0,-7,-1,-16768,0,5202,380,-6274,-99,51,22
2593019892,-5292,7296,-2012,43,-123,153,-16766,0,-15537,0,8160,8192,6592,702,-5266,-93,21,38
2593069892,-4160,5842,-1226,58,-91,171,-16764,0,-15537,0,8160,8192,5860,62,-6216,-94,8,25
2593119892,-4786,6670,-1622,97,-140,-22,8160,8192,6980,-25969,645,8192,5876,-38,-5894,-103,34,31
2593169892,-4726,6698,-1604,97,-139,108,0,0,-7,-1,-15761,0,5902,0,-6046,-101,42,21
2593219892,-4954,7200,-1924,85,-210,-3,-15758,0,-15537,0,8160,8192,5748,234,-5964,-99,19,33
2593269892,-4610,7204,-2290,50,-285,-225,-15755,0,-15537,0,8160,8192,4642,1002,-7060,-102,23,31
2593319892,-4576,7380,-1990,159,-304,-115,-15754,0,-15537,0,8160,8192,5816,188,-5786,-104,18,22
2593369892,-4834,7288,-2018,55,-110,27,8160,8192,-5164,-25966,645,8192,6150,84,-5822,-113,18,24
2593419892,-5004,6872,-1722,45,7,116,-16750,0,-15537,0,8160,8192,4922,622,-6902,-102,49,32
2593469892,-4278,6286,-1470,79,-159,-38,-15748,0,-15537,0,8160,8192,5698,432,-6166,-108,32,40
2593519892,-5124,6962,-1672,99,-125,-69,-17745,0,-15537,0,8160,8192,5274,114,-6452,-103,58,42
2593569892,-5050,6258,-1208,113,-112,-22,-16743,0,-15537,0,8160,8192,5896,-78,-5880,-117,24,19
2593619892,-5004,6064,-460,115,-15,183,0,0,-7,-1,-16741,0,5582,-988,-6272,-103,13,35
2593669892,-5614,5792,-872,16,-101,99,0,0,-7,-1,-16738,0,6448,-1638,-5860,-104,20,33
2593719892,-5798,6586,-1292,116,-48,74,0,0,-7,-1,-16736,0,5834,-1082,-6100,-105,26,32
2593769892,-5268,6450,-1318,72,-9,64,0,0,-7,-1,-15734,0,5852,-642,-6124,-105,28,29
2593819892,-5102,6532,-1508,41,-103,47,8160,8192,-13916,-25959,645,8192,5732,-36,-6208,-105,15,31
2593869892,-4732,6668,-1762,70,-292,-218,-15731,0,-15537,0,8160,8192,5858,-2,-5928,-107,30,31
2593919892,-4908,6626,-1594,102,-197,-13,8160,8192,20548,-25957,645,8192,5968,-48,-5872,-106,41,26
2593969892,-4966,6518,-1552,84,-13,191,8160,8192,0,0,645,8192,5902,-202,-6010,-106,31,30
2594019892,-5314,6378,-1260,110,32,259,-17724,0,-15537,0,8160,8192,5866,-740,-6050,-105,26,32
2594069892,-5832,6152,-928,75,166,510,0,0,-7,-1,-16722,0,6030,-1170,-5954,-105,31,32
2594119892,-5792,6594,-950,28,144,474,-17720,0,-15537,0,8160,8192,5994,-1270,-5960,-106,50,36
2594169892,-5992,7004,-1350,77,102,374,8160,8192,8404,-25953,645,8192,5248,-1278,-6668,-119,53,29
2594219892,-4770,5598,-486,34,237,574,-15715,0,-15537,0,8160,8192,5928,-986,-5834,-101,49,45
2594269892,-5192,6508,-848,32,144,387,8160,8192,0,0,645,8192,6866,-528,-5592,-123,34,30
2594319892,-5222,6776,-1158,111,16,244,-16710,0,-15537,0,8160,8192,3226,-2028,-7118,-118,40,34
2594369892,-4174,5372,-646,45,48,38,0,0,-7,-1,-15707,0,2356,348,-9424,-113,108,47
2594419892,-3866,6180,-1794,115,-100,24,-15705,0,-15537,0,8160,8192,4638,238,-6708,-116,66,30
2594469892,-4476,7216,-2090,110,-52,79,-15703,0,-15537,0,8160,8192,5720,1156,-5688,-101,33,45
2594519892,-4032,7316,-2228,113,-25,-3,-15701,0,-15537,0,8160,8192,6474,48,-4432,-119,54,31
2594569892,-3800,7464,-2212,76,-13,45,-15698,0,-15537,0,8160,8192,4862,1626,-6602,-116,17,33
2594619892,-2938,7168,-2178,60,19,223,-17696,0,-15537,0,8160,8192,5874,1242,-6268,-105,5,44
2594669892,-3084,7466,-2944,120,-83,37,-17692,0,-15537,0,8160,8192,5388,2308,-6274,-117,36,29
2594719892,-2752,7494,-3132,247,-477,-560,0,0,-7,-1,-15690,0,5738,2362,-5786,-112,39,33
2594769892,-3456,7802,-2456,237,-229,-75,8160,8192,18580,-25944,645,8192,5906,452,-5982,-101,43,31
2594819892,-4138,7064,-2144,-112,497,875,-15685,0,-15537,0,8160,8192,5858,664,-5954,-108,39,31
2594869892,-4494,6834,-1884,71,112,354,-15682,0,-15537,0,8160,8192,5616,162,-6062,-106,37,33
2594919892,-4538,6990,-1710,126,-147,42,-15680,0,-15537,0,8160,8192,5620,-120,-6140,-107,35,34
2594969892,-4256,7026,-2034,95,-152,-76,-15678,0,-15537,0,8160,8192,5840,236,-5934,-105,45,33
2595019892,-4034,7076,-1938,112,-65,174,0,0,-7,-1,-15676,0,5574,358,-6106,-106,29,33
2595069892,-4262,7018,-2030,65,-63,82,0,0,-7,-1,-15674,0,5884,228,-5994,-105,26,27
2595119892,-4196,7044,-1932,114,-134,46,-15672,0,-15537,0,8160,8192,5862,26,-5904,-106,20,28
2595169892,-4272,6956,-1902,67,-77,113,8160,8192,0,0,645,8192,5706,170,-6038,-105,23,26
2595219892,-4278,7016,-1868,84,-113,108,-16668,0,-15537,0,8160,8192,5932,174,-5934,-110,20,29
2595269892,-4002,7206,-2100,127,-237,-182,8160,8192,-5708,-25937,645,8192,5972,430,-5780,-106,27,26
2595319892,-4456,6926,-1460,133,12,356,0,0,-7,-1,-15664,0,5748,-422,-6002,-108,34,32
2595369892,-4782,6858,-1592,-14,148,335,0,0,-7,-1,-15662,0,5874,-582,-6048,-113,34,27
2595419892,-3808,7244,-2520,61,-191,-19,-15658,0,-15537,0,8160,8192,5720,1446,-6070,-107,36,32
2595469892,-3434,7464,-2518,314,-653,-760,-15655,0,-15537,0,8160,8192,5924,1104,-6010,-104,45,32
2595519892,-3944,7360,-1792,132,-25,295,-17653,0,-15537,0,8160,8192,5830,-12,-6070,-107,21,31
2595569892,-5178,6726,-1432,-138,473,850,-16651,0,-15537,0,8160,8192,5894,-504,-6022,-109,9,27
2595619892,-4526,6768,-1930,116,-256,-229,-15649,0,-15537,0,8160,8192,5700,342,-6062,-104,34,28
2595669892,-3690,7380,-2312,315,-710,-787,-15647,0,-15537,0,8160,8192,5640,868,-6058,-106,37,27
2595719892,-3526,7360,-2226,115,-202,-31,-17644,0,-15537,0,8160,8192,5752,724,-5954,-106,31,26
2595769892,-3616,6954,-2422,10,-54,177,0,0,-7,-1,-15642,0,5742,912,-5966,-103,25,30
2595819892,-4586,7306,-2052,145,-258,-143,0,0,-7,-1,-15641,0,5612,402,-6112,-108,19,33
2595869892,-4366,7100,-1876,138,-325,-298,-15639,0,-15537,0,8160,8192,5806,448,-6054,-104,24,26
2595919892,-4444,7184,-2044,194,-337,-182,0,0,-7,-1,-16638,0,5838,170,-5912,-96,27,27
2595969892,-4338,7078,-1912,132,-289,-197,-15636,0,-15537,0,8160,8192,5512,644,-6262,-103,36,32
2596019892,-4748,6974,-1944,152,-211,-1,0,0,-7,-1,-15634,0,5446,430,-6250,-111,44,25
2596069892,-4624,6720,-1950,84,-144,33,8160,8192,7860,-25924,645,8192,5882,452,-6014,-106,34,25
2596119892,-4604,6962,-2072,154,-272,-78,-15630,0,-15537,0,8160,8192,5584,238,-6150,-104,41,24
2596169892,-4130,6606,-1960,152,-391,-253,-15628,0,-15537,0,8160,8192,6092,888,-5964,-102,27,24
2596219892,-3550,6070,-1738,137,-353,-183,8160,8192,0,0,645,8192,6206,748,-5852,-99,14,32
2596269892,-4090,6666,-2050,22,-128,61,8160,8192,11252,-25921,645,8192,5124,898,-6472,-100,39,25
2596319892,-4528,7204,-2296,109,-249,-90,-15621,0,-15537,0,8160,8192,5536,412,-5908,-107,50,19
2596369892,-4500,6544,-1516,151,-97,21,0,0,-7,-1,-15620,0,6402,498,-5284,-93,37,22
2596419892,-4622,6236,-1448,15,-25,175,-15615,0,-15537,0,8160,8192,6848,-174,-4898,-104,38,10
2596469892,-4638,6186,-1580,76,-247,-15,0,0,-7,-1,-15613,0,6858,814,-5896,-105,-16,15
2596519892,-5282,7750,-2112,85,-152,42,-15611,0,-15537,0,8160,8192,5230,118,-6598,-100,41,23
2596569892,-4370,5836,-1292,117,-150,-21,0,0,-7,-1,-16609,0,5542,320,-6270,-100,37,22
2596619892,-5106,7062,-1572,81,-178,-51,-15607,0,-15537,0,8160,8192,5728,204,-6304,-98,30,36
2596669892,-4306,5482,-910,125,-204,-124,-15602,0,-15537,0,8160,8192,6174,124,-5874,-108,22,22
2596719892,-5152,5878,-1178,118,-121,-134,-17600,0,-15537,0,8160,8192,6794,-360,-5568,-104,9,27
2596769892,-4980,5688,-780,17,-50,140,0,0,-7,-1,-15598,0,6646,-590,-5502,-106,16,35
2596819892,-5420,6216,-1152,84,-58,82,0,0,-7,-1,-15596,0,5980,-398,-5872,-102,27,29
2596869892,-5254,6238,-970,135,75,201,-17594,0,-15537,0,8160,8192,5758,-992,-6014,-112,25,26
2596919892,-5492,6128,-1184,17,81,284,-15591,0,-15537,0,8160,8192,5768,-984,-6128,-108,27,28
2596969892,-5946,5994,-620,94,146,441,-16588,0,-15537,0,8160,8192,5976,-1642,-5940,-106,22,33
2597019892,-5844,5670,-520,-4,86,333,-15586,0,-15537,0,8160,8192,5818,-1640,-6006,-104,21,32
2597069892,-5420,6024,-670,109,-95,140,8160,8192,0,0,645,8192,5544,-1452,-6290,-103,31,38
2597119892,-5266,7204,-1188,72,31,307,0,0,-7,-1,-15581,0,5386,-496,-5906,-116,47,32
2597169892,-5322,6806,-1228,82,209,465,0,0,-7,-1,-16579,0,6472,-706,-5342,-104,63,44
2597219892,-5016,6442,-1460,12,90,277,0,0,-7,-1,-15578,0,5664,-86,-5918,-112,38,35
2597269892,-5204,6764,-1590,154,-8,196,-15576,0,-15537,0,8160,8192,5810,-392,-5934,-120,66,29
2597319892,-4296,6606,-1204,28,37,287,0,0,-7,-1,-15574,0,4020,-892,-6898,-108,27,37
2597369892,-3940,5434,-436,16,215,426,0,0,-7,-1,-15572,0,5310,-318,-6246,-108,21,37
2597419892,-3994,6312,-1182,46,55,186,-15570,0,-15537,0,8160,8192,5670,186,-6482,-118,54,37
2597469892,-3832,7032,-1526,115,-132,29,8160,8192,31604,-25903,645,8192,5598,786,-6304,-108,41,43
2597519892,-2970,6384,-2148,161,-321,-370,-15566,0,-15537,0,8160,8192,6772,854,-4600,-108,40,32
2597569892,-2942,6912,-1648,184,-114,-37,-15564,0,-15537,0,8160,8192,6268,1330,-6116,-113,34,32
2597619892,-3182,7882,-2940,-12,88,205,8160,8192,0,0,645,8192,5102,2354,-6126,-103,53,42
2597669892,-3546,7462,-2548,211,-113,119,8160,8192,-30540,-25900,645,8192,5904,1496,-6160,-113,49,28
2597719892,-3214,7494,-2530,112,-142,-32,-16558,0,-15537,0,8160,8192,5756,1310,-5892,-104,39,38
2597769892,-3352,7332,-2748,103,-114,161,8160,8192,3924,-25898,645,8192,5864,1784,-5928,-112,30,28
2597819892,-3670,7384,-2452,156,-205,-165,-16553,0,-15537,0,8160,8192,5822,896,-5906,-103,34,33
2597869892,-4240,7128,-1812,61,207,659,0,0,-7,-1,-15551,0,5912,-116,-5978,-109,17,32
2597919892,-5166,6656,-1336,-105,421,801,0,0,-7,-1,-16549,0,5850,-866,-6014,-109,12,28
2597969892,-4264,7036,-2288,71,-315,-471,-17548,0,-15537,0,8160,8192,5860,798,-5932,-109,30,31
2598019892,-3872,7252,-1802,372,-480,-324,-15546,0,-15537,0,8160,8192,5780,-12,-6094,-108,46,33
2598069892,-4172,7222,-2120,-101,222,494,-15543,0,-15537,0,8160,8192,5724,408,-6046,-113,15,36
2598119892,-4162,7006,-2112,86,-22,187,0,0,-7,-1,-15541,0,5726,300,-6032,-104,24,27
2598169893,-4130,7088,-1962,125,-252,-105,-15539,0,-15537,0,8160,8192,5762,254,-5990,-106,10,26
2598219892,-4358,7144,-1872,100,-112,72,-18536,0,-15537,0,8160,8192,5944,-74,-6108,-104,19,26
2598269892,-4520,7108,-1644,51,54,292,-16533,0,-15537,0,8160,8192,5788,-98,-6164,-107,27,30
2598319892,-4672,6926,-1630,121,-33,154,-18531,0,-15537,0,8160,8192,5952,-402,-5974,-110,56,30
2598369892,-3608,7190,-2480,27,-198,-114,8160,8192,0,0,645,8192,5752,1418,-5980,-108,24,33
2598419892,-3646,7400,-2264,309,-513,-448,-16526,0,-15537,0,8160,8192,5798,682,-6074,-100,29,31
2598469892,-4386,7186,-1538,91,87,412,8160,8192,-16972,-25888,645,8192,5832,-364,-6052,-104,22,29
2598519892,-4664,6772,-1792,-77,254,543,0,0,-7,-1,-16523,0,5802,172,-6024,-107,28,28
2598569892,-4346,7048,-1982,240,-389,-381,-18521,0,-15537,0,8160,8192,5798,362,-6072,-103,42,27
2598619892,-3698,7342,-2202,224,-434,-431,8160,8192,1956,-25885,645,8192,5660,630,-6098,-104,42,28
2598669892,-4038,7260,-2090,91,-56,150,0,0,-7,-1,-16518,0,5790,476,-5960,-105,34,24
2598719892,-4476,6914,-1820,64,-5,184,0,0,-7,-1,-16516,0,5948,854,-5860,-109,24,32
2598769892,-4280,7224,-1950,191,-358,-277,-16514,0,-15537,0,8160,8192,6014,444,-6052,-102,36,29
2598819892,-4032,7004,-1938,180,-352,-297,-16512,0,-15537,0,8160,8192,5776,658,-6066,-105,52,32
2598869892,-4402,7046,-1908,140,-173,-11,8160,8192,-10188,-25882,645,8192,5778,256,-5976,-102,40,26
2598919892,-4502,7066,-1978,101,-178,-78,-18507,0,-15537,0,8160,8192,5894,334,-6024,-107,33,36
2598969892,-4554,7066,-2152,138,-286,-200,0,0,-7,-1,-16506,0,5716,364,-6042,-102,23,30
2599019892,-3980,6468,-1752,166,-360,-216,8160,8192,0,0,645,8192,6028,364,-5994,-106,19,33
2599069892,-4426,6934,-2164,127,-289,-153,-16502,0,-15537,0,8160,8192,5890,196,-6066,-106,48,23
2599119892,-4414,6852,-1948,141,-265,-83,0,0,-7,-1,-16499,0,5924,178,-5860,-105,4,24
2599169892,-4464,6990,-2074,106,-218,-28,0,0,-7,-1,-16496,0,5596,784,-6166,-102,28,28
2599219892,-4596,7022,-2022,131,-259,-154,-18493,0,-15537,0,8160,8192,4740,628,-6698,-103,38,29
2599269892,-4510,7734,-2398,142,-350,-157,8160,8192,-3404,-25876,645,8192,5748,590,-6020,-104,30,26
2599319892,-4628,6502,-1794,87,-119,155,-18488,0,-15537,0,8160,8192,5616,-32,-6302,-105,46,27
2599369892,-4350,6840,-1800,44,-129,66,0,0,-7,-1,-16486,0,5720,538,-6258,-107,23,23
2599419892,-4874,7564,-2408,117,-262,-179,-16484,0,-15537,0,8160,8192,5190,320,-6152,-99,19,24
2599469892,-3894,6700,-1796,73,-253,-70,-17482,0,-15537,0,8160,8192,5536,972,-5960,-91,9,30
2599519892,-3886,6264,-1482,77,-125,46,-16480,0,-15537,0,8160,8192,5780,794,-6156,-102,36,20
2599569892,-4702,6788,-1868,84,-123,-36,0,0,-7,-1,-16479,0,6500,-30,-5620,-104,37,18
2599619892,-4308,6750,-1726,111,-187,-103,-16476,0,-15537,0,8160,8192,5724,474,-6314,-102,41,20
2599669892,-4648,6694,-1894,53,-214,-107,8160,8192,3380,-25869,645,8192,6764,412,-5580,-91,28,31
2599719892,-5380,7092,-1892,106,-161,-145,-16473,0,-15537,0,8160,8192,7158,458,-5144,-113,25,13
2599769892,-5270,6304,-1312,145,-146,-107,8160,8192,0,0,645,8192,7190,-990,-5504,-98,19,44
2599819892,-5430,6276,-896,22,-67,19,0,0,-7,-1,-17469,0,5068,-64,-7092,-114,23,16
2599869892,-5478,6134,-1056,99,30,162,-16467,0,-15537,0,8160,8192,5926,-1092,-6282,-98,25,33
2599919892,-5538,5716,-510,66,231,359,0,0,-7,-1,-17465,0,5682,-1418,-6270,-106,25,22
2599969892,-5642,5654,-590,62,206,434,0,0,-7,-1,-16462,0,6240,-1254,-5716,-107,23,31
2600019892,-6108,5968,-704,110,54,292,8160,8192,25700,-25864,645,8192,5808,-1498,-6070,-105,32,32
2600069892,-5904,6174,-868,67,-105,-38,-16458,0,-15537,0,8160,8192,5860,-1346,-6052,-106,31,31
2600119892,-5400,6448,-1094,104,-202,12,-16457,0,-15537,0,8160,8192,5858,-1062,-6054,-105,34,34
2600169892,-5328,6592,-1358,23,11,272,8160,8192,-20908,-25862,645,8192,5450,-618,-6166,-100,43,32
2600219892,-5298,6914,-1510,95,30,240,0,0,-7,-1,-16452,0,5392,-496,-6198,-102,28,34
2600269892,-5048,6728,-1382,59,44,250,-16450,0,-15537,0,8160,8192,5344,-362,-6376,-114,30,22
2600319892,-5316,6972,-1290,82,127,379,-18447,0,-15537,0,8160,8192,5830,-496,-6152,-103,45,38
2600369892,-5010,6910,-1008,7,303,594,-16445,0,-15537,0,8160,8192,5868,-1304,-5928,-113,48,35
2600419892,-5186,6278,-822,54,284,688,0,0,-7,-1,-16442,0,3742,-1496,-6904,-105,57,37
2600469892,-4772,5678,-678,-32,202,529,0,0,-7,-1,-17440,0,5440,-1480,-6498,-119,9,30
2600519892,-5278,7110,-1504,84,19,335,8160,8192,0,0,645,8192,5952,870,-5204,-104,23,45
2600569892,-130,1200,866,42,-122,-113,-18435,0,-15537,0,8160,8192,7090,2430,-4882,-98,20,43
2600619892,-3456,6624,-1718,144,-291,-314,0,0,-7,-1,-17433,0,7080,1060,-5330,-116,45,39
2600669892,-2164,6952,-2434,153,-412,-531,8160,8192,20340,-25854,645,8192,5892,982,-5246,-113,41,34
2600719892,-3488,7822,-2746,259,-99,178,0,0,-7,-1,-17428,0,5874,1888,-6192,-104,38,38
2600769892,-2944,7008,-1958,-8,284,572,8160,8192,0,0,645,8192,6370,1732,-5592,-112,-9,31
2600819892,-3842,8138,-3166,135,-226,5,8160,8192,-26268,-25852,645,8192,6556,2100,-5776,-104,-12,47
2600869892,-3426,7598,-2746,250,-389,-305,8160,8192,0,0,645,8192,6040,1346,-5866,-121,27,37
2600919892,-3626,7334,-2338,115,-67,133,-16421,0,-15537,0,8160,8192,6054,802,-5832,-106,53,24
2600969892,-3708,6938,-1956,61,147,405,0,0,-7,-1,-16419,0,5842,492,-5890,-106,53,38
2601019892,-3820,7242,-2524,44,57,283,-16416,0,-15537,0,8160,8192,5790,1274,-5886,-113,53,36
2601069892,-3558,7416,-2464,174,-205,-18,-18414,0,-15537,0,8160,8192,5582,828,-6162,-106,51,33
2601119892,-4044,7046,-1752,117,-1,272,8160,8192,11588,-25847,645,8192,5812,-18,-5968,-110,48,33
2601169892,-4066,6992,-2204,26,28,185,0,0,-7,-1,-17411,0,6018,490,-5844,-104,39,28
2601219892,-4012,7066,-1984,159,-158,26,0,0,-7,-1,-16409,0,5812,248,-6008,-109,34,29
2601269892,-4304,7212,-1912,47,-54,141,-16407,0,-15537,0,8160,8192,6078,166,-5890,-110,3,32
2601319892,-4166,7068,-1922,103,-100,68,0,0,-7,-1,-17404,0,5804,222,-6096,-104,30,27
2601369892,-4136,7166,-2014,100,-98,88,-16402,0,-15537,0,8160,8192,5876,316,-6036,-104,40,29
2601419892,-4084,7102,-2092,110,-152,-14,-16401,0,-15537,0,8160,8192,5762,280,-5968,-111,37,31
2601469892,-4360,6976,-1690,127,-76,141,8160,8192,-31628,-25842,645,8192,5882,-408,-5972,-107,15,25
2601519892,-4122,6976,-2032,-11,-23,200,-16396,0,-15537,0,8160,8192,5916,558,-5790,-107,5,27
2601569892,-4352,6732,-1418,226,-213,32,-17394,0,-15537,0,8160,8192,5740,-802,-5942,-106,3,24
2601619892,-3602,7374,-2654,-124,32,219,8160,8192,0,0,645,8192,5660,1828,-6110,-106,20,33
2601669892,-3876,7248,-2190,391,-567,-531,-16390,0,-15537,0,8160,8192,5874,496,-5960,-108,39,32
2601719892,-4468,7092,-1450,78,84,379,0,0,-7,-1,-17388,0,5932,-848,-6004,-106,42,33
2601769892,-4636,6714,-1992,-197,339,519,-18385,0,-15537,0,8160,8192,5800,290,-6028,-105,31,29
2601819892,-4318,7094,-1942,294,-463,-395,-18382,0,-15537,0,8160,8192,5812,268,-5990,-99,29,26
2601869892,-3828,7390,-2010,152,-293,-221,0,0,-7,-1,-16380,0,5740,268,-5986,-106,30,28
2601919892,-4086,7324,-2056,50,29,285,8160,8192,0,0,645,8192,5854,432,-6096,-107,32,32
2601969892,-4092,7096,-2042,89,-144,-54,-17376,0,-15537,0,8160,8192,5852,458,-6082,-107,33,29
2602019892,-4058,7220,-2110,175,-325,-218,8160,8192,-5916,-25834,645,8192,5684,414,-6166,-104,39,27
2602069892,-4258,7040,-1956,67,-173,-192,-17372,0,-15537,0,8160,8192,5764,294,-5982,-104,34,32
2602119892,-4094,7072,-2142,101,-194,-28,0,0,-7,-1,-16370,0,6076,588,-5808,-108,21,33
2602169892,-3984,7208,-2132,101,-257,-139,-16367,0,-15537,0,8160,8192,5830,566,-6070,-102,30,26
2602219892,-4136,6904,-1998,151,-334,-184,-18365,0,-15537,0,8160,8192,5706,580,-5770,-105,22,34
2602269892,-4158,7148,-2114,148,-310,-252,-16363,0,-15537,0,8160,8192,5834,844,-6160,-100,23,30
2602319892,-3874,7072,-2264,190,-479,-379,0,0,-7,-1,-17360,0,5754,888,-6324,-107,15,31
2602369892,-4370,7386,-2218,212,-393,-313,8160,8192,16404,-25828,645,8192,5490,842,-6160,-104,37,25
2602419892,-4608,7346,-2310,129,-219,-8,0,0,-7,-1,-17354,0,6146,582,-5860,-106,43,27
2602469892,-3894,5864,-2058,109,-234,51,-16352,0,-15537,0,8160,8192,6828,788,-5326,-104,31,19
2602519892,-3998,6374,-1456,126,-154,46,-16349,0,-15537,0,8160,8192,5268,542,-6532,-103,46,20
2602569892,-4934,7380,-2370,106,-270,-76,-16346,0,-15537,0,8160,8192,4724,786,-6656,-93,35,27
2602619892,-4354,6842,-1768,133,-213,-20,8160,8192,0,0,645,8192,6808,742,-5286,-102,30,19
2602669892,-5142,7606,-2222,104,-149,13,-16341,0,-15537,0,8160,8192,5428,-176,-6182,-93,42,23
2602719892,-4932,7624,-2286,52,-138,3,0,0,-7,-1,-16338,0,5410,176,-6256,-103,29,17
2602769892,-3526,5526,-1318,84,-103,63,8160,8192,23188,-25822,645,8192,4792,-1010,-7112,-112,37,13
2602819892,-5620,7804,-2538,114,-201,46,5544,8192,-7,-1,-16307,0,6242,368,-5684,-101,37,24
2602869892,-4464,6188,-1344,114,-178,-68,0,0,-7,-1,-16332,0,5526,636,-6562,-96,11,25
2602919892,-4514,6436,-1278,92,-212,-136,0,0,-7,-1,-16329,0,5590,-180,-6266,-97,38,30
2602969892,-4986,6322,-1216,151,-172,-130,-16327,0,-15537,0,8160,8192,5850,-466,-6232,-113,36,23
2603019892,-5708,6602,-1318,103,-96,15,0,0,-7,-1,-16324,0,6758,384,-5404,-102,20,41
2603069892,-5130,6070,-1006,60,-175,27,-18323,0,-15537,0,8160,8192,6748,-458,-5880,-109,10,13
2603119892,-5094,6248,-1142,117,49,207,8160,8192,-20028,-25817,645,8192,5762,-1338,-5724,-102,25,33
2603169892,-5554,6192,-810,40,93,259,-16319,0,-15537,0,8160,8192,5808,-1176,-5972,-107,17,32
2603219892,-5866,6118,-836,76,147,396,0,0,-7,-1,-17317,0,5930,-1136,-6010,-107,12,30
2603269892,-5846,6276,-1110,54,-45,89,-16315,0,-15537,0,8160,8192,5778,-988,-6148,-107,24,30
2603319892,-5480,6358,-1088,128,-187,-72,8160,8192,-16636,-25814,645,8192,5900,-718,-6010,-109,44,31
2603369892,-5202,6466,-1306,67,-127,87,-18309,0,-15537,0,8160,8192,5966,-570,-5906,-108,48,35
2603419892,-5132,6514,-1234,106,48,297,-16307,0,-15537,0,8160,8192,5736,-602,-6116,-104,50,34
2603469892,-4830,6218,-1138,84,82,309,-17304,0,-15537,0,8160,8192,6018,-576,-5874,-109,39,33
2603519892,-5306,6262,-1252,102,41,282,-16302,0,-15537,0,8160,8192,5520,-484,-6394,-112,32,31
2603569892,-5818,7208,-1488,65,165,499,0,0,-7,-1,-16300,0,5566,-376,-6496,-102,50,39
2603619892,-6194,8408,-2006,6,230,635,-17297,0,-15537,0,8160,8192,6960,-880,-4914,-113,20,35
2603669892,-5436,6752,-1068,67,192,565,0,0,-7,-1,-16296,0,5082,-1374,-5844,-108,32,42
2603719892,-4578,5966,-968,-12,83,293,8160,8192,0,0,645,8192,7004,-718,-5694,-121,-8,32
2603769892,-5066,6954,-1548,141,-50,238,-16291,0,-15537,0,8160,8192,6790,86,-5428,-109,24,40
2603819892,-5160,8164,-2080,36,-42,194,0,0,-7,-1,-16289,0,7648,1254,-4696,-98,42,55
2603869892,-4490,7076,-1698,83,-74,65,-16287,0,-15537,0,8160,8192,8466,446,-4712,-117,43,38
2603919892,-5000,8184,-2614,99,-110,70,-16284,0,-15537,0,8160,8192,6174,1398,-5746,-103,28,49
2603969892,-3914,7290,-2736,149,-208,-146,-16283,0,-15537,0,8160,8192,7382,936,-4678,-107,26,39
2604019892,-3244,7878,-2952,115,-60,61,-18281,0,-15537,0,8160,8192,5056,1306,-6416,-107,37,42
2604069892,-2852,7620,-3406,154,-396,-475,0,0,-7,-1,-17279,0,5604,3132,-6166,-116,39,33
2604119892,-2820,7958,-3014,399,-608,-620,-16277,0,-15537,0,8160,8192,5644,2326,-6148,-109,48,40
2604169892,-3276,7750,-3032,110,-96,70,-16275,0,-15537,0,8160,8192,5860,1626,-5974,-110,56,33
2604219892,-3992,7194,-2158,65,314,663,-16274,0,-15537,0,8160,8192,5706,336,-6078,-105,45,29
2604269892,-4096,7022,-2204,-152,434,749,0,0,-7,-1,-16272,0,5934,814,-6122,-104,21,26
2604319892,-4130,6904,-2156,115,-261,-97,-17269,0,-15537,0,8160,8192,5772,624,-5982,-100,20,26
2604369892,-4422,7140,-1680,217,-293,-171,-16267,0,-15537,0,8160,8192,5860,-232,-6084,-104,18,29
2604419892,-4288,7052,-2052,-15,69,271,0,0,-7,-1,-16265,0,5556,246,-6178,-109,35,33
2604469892,-4534,6812,-1762,136,-89,140,0,0,-7,-1,-16263,0,5692,-68,-6040,-104,39,31
2604519892,-4426,6978,-1962,118,-207,-119,0,0,-7,-1,-17260,0,5788,128,-6110,-108,29,33
2604569892,-4104,7026,-1918,114,-138,47,0,0,-7,-1,-16260,0,5754,186,-6096,-103,20,28
2604619892,-4206,6878,-1926,49,-64,132,-16258,0,-15537,0,8160,8192,5722,334,-5994,-111,19,33
2604669892,-4332,7162,-2034,100,-134,32,-16256,0,-15537,0,8160,8192,5834,302,-6002,-106,23,27
2604719892,-4500,6922,-1672,141,-90,114,8160,8192,7108,-25792,645,8192,5804,-190,-5888,-110,31,28
2604769892,-4284,7028,-2068,39,-47,89,8160,8192,-8428,-25792,645,8192,5736,318,-5884,-110,43,29
2604819892,-4590,6872,-1476,170,-75,165,8160,8192,0,0,645,8192,5802,-516,-6092,-105,31,27
2604869892,-4474,6900,-1728,-40,185,548,8160,8192,0,0,645,8192,5806,458,-6034,-108,21,34
2604919892,-3310,7290,-2816,140,-504,-706,-16245,0,-15537,0,8160,8192,5740,1194,-5998,-100,26,31
2604969892,-3932,7336,-1724,273,-253,76,8160,8192,0,0,645,8192,5858,-124,-6134,-108,21,29
2605019892,-4402,6890,-1964,-204,474,746,-16241,0,-15537,0,8160,8192,5758,334,-6026,-109,42,28
2605069892,-4272,6958,-1976,212,-296,-179,-17239,0,-15537,0,8160,8192,5728,320,-6002,-103,40,26
2605119892,-4156,7202,-1774,199,-358,-286,-16237,0,-15537,0,8160,8192,5778,-56,-6058,-106,23,31
2605169892,-4242,7042,-1918,43,-5,215,-16234,0,-15537,0,8160,8192,5802,150,-6024,-105,17,28
2605219892,-4394,6976,-1946,81,-28,181,-16231,0,-15537,0,8160,8192,5760,308,-6000,-103,37,27
2605269892,-4190,7032,-2024,135,-258,-178,8160,8192,-32716,-25784,645,8192,5640,266,-5986,-106,36,31
2605319892,-4116,7092,-1924,132,-174,-25,8160,8192,17284,-25783,645,8192,5850,236,-5984,-106,36,32
2605369892,-4354,7010,-1812,73,-2,235,-17225,0,-15537,0,8160,8192,5702,8,-6124,-103,41,28
2605419892,-4346,6820,-1900,90,-117,42,-18223,0,-15537,0,8160,8192,5560,12,-6042,-104,38,28
2605469892,-4262,7248,-2140,144,-229,-143,-17221,0,-15537,0,8160,8192,6132,340,-5732,-100,37,28
2605519892,-4034,7254,-2266,98,-187,-72,-18219,0,-15537,0,8160,8192,5688,872,-5978,-110,31,34
2605569892,-3974,7158,-2228,160,-236,-74,-16216,0,-15537,0,8160,8192,5610,558,-5988,-103,37,26
2605619892,-3506,7146,-2218,122,-341,-290,-16213,0,-15537,0,8160,8192,5910,984,-5930,-108,29,32
2605669892,-3556,6774,-2158,191,-368,-278,8160,8192,0,0,645,8192,5730,808,-6126,-99,35,23
2605719892,-3982,6892,-2154,140,-386,-309,0,0,-7,-1,-16209,0,5910,748,-6018,-101,19,29
2605769892,-3614,6834,-2316,156,-419,-350,-18207,0,-15537,0,8160,8192,6058,1050,-5644,-98,28,26
2605819892,-4240,7012,-2122,153,-328,-124,8160,8192,-7004,-25776,645,8192,5156,544,-6340,-105,47,17
2605869892,-4254,7350,-2398,107,-267,-183,8160,8192,-22540,-25775,645,8192,6948,578,-4994,-90,44,29
2605919892,-3726,6148,-1476,122,-206,-50,0,0,-7,-1,-16201,0,6222,686,-5442,-99,39,19
2605969892,-5096,7378,-2280,58,-139,130,-16199,0,-15537,0,8160,8192,6510,110,-5450,-97,18,25
2606019892,-4758,7048,-2244,77,-164,151,0,0,-7,-1,-17197,0,6170,510,-5570,-110,42,14
2606069892,-4240,6800,-1754,101,-138,43,8160,8192,0,0,645,8192,5202,438,-6000,-93,16,29
2606119892,-4880,6828,-1612,85,-149,13,0,0,-7,-1,-16192,0,4944,982,-6402,-102,19,19
2606169892,-4288,6366,-1744,72,-205,-51,-16190,0,-15537,0,8160,8192,5406,1102,-7170,-104,33,12
2606219892,-4952,6568,-1712,137,-181,-39,8160,8192,-220,-25770,645,8192,5900,98,-5958,-93,11,20
2606269892,-5140,6794,-1888,-1,-168,-41,8160,8192,-15756,-25769,645,8192,5924,-96,-5494,-88,48,24
2606319892,-5376,6602,-1624,182,-221,-153,-16182,0,-15537,0,8160,8192,5702,-14,-5938,-105,30,24
2606369892,-4480,5360,-882,73,-233,-64,-16179,0,-15537,0,8160,8192,5170,-290,-5882,-116,42,30
2606419892,-5208,5846,-1146,76,-11,193,8160,8192,0,0,645,8192,6950,-306,-5312,-110,19,17
2606469892,-5506,5714,-534,115,106,211,-17176,0,-15537,0,8160,8192,5680,-1166,-6290,-105,50,36
2606519892,-5716,6182,-790,83,113,250,-18174,0,-15537,0,8160,8192,5736,-1372,-6250,-111,47,27
2606569892,-6226,5894,-440,103,284,578,8160,8192,22100,-25764,645,8192,5992,-2132,-5946,-109,27,27
2606619892,-6608,5736,-182,-4,274,630,-16170,0,-15537,0,8160,8192,5902,-2320,-6038,-102,7,37
2606669892,-6176,6154,-642,41,-44,116,8160,8192,0,0,645,8192,5286,-1958,-6436,-104,26,36
2606719892,-4988,6044,-1170,70,-234,49,8160,8192,0,0,645,8192,6858,-1306,-4746,-118,26,21
2606769892,-4916,6192,-914,48,87,409,-16164,0,-15537,0,8160,8192,5140,-850,-6432,-99,24,43
2606819892,-5002,6286,-1202,-16,264,583,8160,8192,0,0,645,8192,6130,-1478,-5778,-113,38,27
2606869892,-5054,7038,-1630,41,120,497,-17158,0,-15537,0,8160,8192,5132,-880,-6310,-115,29,44
2606919892,-4614,6404,-1520,121,-20,226,-16157,0,-15537,0,8160,8192,6150,-1594,-5362,-115,71,36
2606969892,-4166,7008,-1388,63,-62,164,-16155,0,-15537,0,8160,8192,4754,1008,-7244,-106,17,47
2607019892,-6044,9146,-2818,45,-15,342,-17152,0,-15537,0,8160,8192,3142,-70,-6816,-113,36,42
2607069892,-3460,6384,-1636,77,-150,-108,0,0,-7,-1,-16150,0,5254,1336,-6454,-104,13,53
2607119892,-3192,7718,-2506,202,-311,-556,0,0,-7,-1,-17148,0,5522,422,-6480,-115,73,43
2607169892,-2702,7492,-2354,208,-161,-217,-16147,0,-15537,0,8160,8192,6168,2144,-6402,-112,37,32
2607219892,-3526,7798,-3222,104,-122,75,8160,8192,16740,-25754,645,8192,6114,2048,-5944,-100,17,46
2607269892,-2984,7396,-2742,147,-115,43,-18144,0,-15537,0,8160,8192,5984,1786,-5982,-114,55,31
2607319892,-3750,7598,-2492,139,11,284,-16141,0,-15537,0,8160,8192,6014,1076,-5884,-108,53,29
2607369892,-3680,7224,-2260,30,206,568,8160,8192,-29868,-25752,645,8192,5970,906,-5900,-104,53,33
2607419892,-4106,7040,-2114,103,56,252,8160,8192,0,0,645,8192,5842,704,-5942,-107,51,30
2607469892,-4236,7068,-1830,114,-64,189,8160,8192,4596,-25750,645,8192,6150,-68,-5834,-109,24,33
2607519892,-4272,7094,-2036,28,16,150,-17133,0,-15537,0,8160,8192,5840,606,-5986,-110,28,30
2607569892,-4160,7152,-2012,162,-198,21,-16130,0,-15537,0,8160,8192,5762,360,-6168,-109,16,34
2607619892,-3868,7224,-2202,66,-97,69,-16129,0,-15537,0,8160,8192,5916,604,-6024,-106,18,30
2607669892,-3952,7118,-2058,144,-137,83,8160,8192,7988,-25747,645,8192,5734,342,-5972,-106,34,29
2607719892,-4120,7210,-2028,39,1,248,-16126,0,-15537,0,8160,8192,5726,394,-5994,-108,18,28
2607769892,-4102,6934,-1854,123,-102,121,0,0,-7,-1,-16124,0,5802,168,-5966,-111,18,31
2607819892,-4144,7086,-1978,96,-136,-26,8160,8192,26916,-25745,645,8192,6076,16,-6232,-101,25,19
2607869892,-4780,6740,-1184,106,229,729,-18120,0,-15537,0,8160,8192,5760,-654,-5798,-105,39,29
2607919892,-3550,7270,-3026,-102,-242,-610,0,0,-7,-1,-17118,0,5762,1880,-6092,-107,36,31
2607969892,-3446,7568,-1968,588,-892,-786,-16115,0,-15537,0,8160,8192,5792,-12,-6076,-103,40,34
2608019892,-4566,6962,-1494,-177,529,929,0,0,-7,-1,-17112,0,5846,-674,-6026,-106,42,28
2608069892,-4680,6672,-2098,-147,292,517,8160,8192,0,0,645,8192,5820,394,-6132,-108,32,28
2608119892,-4016,7128,-2064,346,-657,-645,0,0,-7,-1,-17107,0,5754,232,-6020,-103,30,28
2608169892,-3992,7186,-1918,87,-162,-45,-16105,0,-15537,0,8160,8192,5866,96,-6004,-105,28,33
2608219892,-4184,7060,-2008,-3,153,442,8160,8192,-31836,-25739,645,8192,5780,226,-6072,-105,40,30
2608269892,-4230,7016,-1978,110,-128,24,8160,8192,18164,-25738,645,8192,5696,208,-6090,-106,38,29
2608319892,-4118,7128,-2026,140,-251,-138,0,0,-7,-1,-16098,0,5900,248,-5994,-105,26,30
2608369892,-4122,7132,-2008,108,-117,62,0,0,-7,-1,-16097,0,5968,168,-5922,-104,20,27
2608419892,-4200,7062,-1940,54,-43,146,-18095,0,-15537,0,8160,8192,5624,256,-6038,-106,19,33
2608469892,-4234,7016,-1962,104,-168,9,-18093,0,-15537,0,8160,8192,5878,84,-5986,-107,20,32
2608519892,-4104,7114,-2054,113,-166,-49,8160,8192,0,0,645,8192,5824,320,-5936,-106,34,33
2608569892,-3784,7272,-2320,108,-248,-154,-16087,0,-15537,0,8160,8192,6034,1008,-6098,-105,28,29
2608619892,-3668,7408,-2342,162,-355,-346,-18085,0,-15537,0,8160,8192,5626,1170,-6044,-110,41,31
2608669892,-3752,7308,-2262,167,-346,-314,8160,8192,0,0,645,8192,5886,1048,-5896,-98,38,25
2608719892,-4216,7552,-2416,162,-326,-264,-18081,0,-15537,0,8160,8192,5744,816,-6050,-104,33,27
2608769892,-4192,7020,-1914,133,-231,-71,-16079,0,-15537,0,8160,8192,5940,404,-6118,-96,22,26
2608819892,-4706,6912,-2004,100,-235,-65,8160,8192,-21660,-25730,645,8192,6040,-66,-5862,-101,25,31
2608869892,-4546,6938,-1812,111,-200,-6,-16076,0,-15537,0,8160,8192,5842,192,-6004,-105,38,19
2608919892,-4760,7100,-1910,135,-275,-139,8160,8192,0,0,645,8192,5830,-4,-5818,-102,22,26
2608969892,-4286,7196,-2584,101,-360,-115,-18072,0,-15537,0,8160,8192,5758,566,-6022,-105,18,18
2609019892,-4318,7442,-2230,206,-488,-323,-16070,0,-15537,0,8160,8192,6540,364,-5670,-102,32,25
2609069892,-4390,7506,-2270,144,-370,-361,-17068,0,-15537,0,8160,8192,5158,1140,-5994,-97,36,35
2609119892,-3578,6650,-1968,118,-282,-99,0,0,-7,-1,-16065,0,6028,670,-5916,-96,33,27
2609169892,-4470,7008,-2276,70,-137,43,-16063,0,-15537,0,8160,8192,5320,578,-6516,-101,40,23
2609219892,-3606,6164,-1756,44,-117,119,0,0,-7,-1,-17061,0,6302,486,-5630,-96,7,18
2609269892,-6508,8252,-2868,97,-30,145,8160,8192,0,0,645,8192,2318,938,-7378,-108,49,18
2609319892,-3542,6044,-1352,87,-121,111,-17056,0,-15537,0,8160,8192,5108,494,-6358,-93,24,24
2609369892,-5122,6744,-1494,80,-86,32,0,0,-7,-1,-16053,0,6194,-402,-6032,-88,-1,29
2609419892,-5444,6586,-1320,79,-92,72,-16050,0,-15537,0,8160,8192,5828,-264,-5822,-94,44,24
2609469892,-5362,5986,-1038,88,-54,114,-16048,0,-15537,0,8160,8192,5714,-618,-5720,-106,29,24
2609519892,-5372,5842,-1116,54,-260,-136,-16045,0,-15537,0,8160,8192,6238,-790,-5664,-106,11,36
2609569892,-5030,5998,-984,151,-147,-20,0,0,-7,-1,-17043,0,5822,-1276,-6234,-109,25,21
2609619892,-5356,6472,-1194,72,-9,151,-16041,0,-15537,0,8160,8192,5664,-722,-6188,-113,21,22
2609669892,-5520,6204,-1086,99,21,226,8160,8192,-23628,-25717,645,8192,6056,-604,-5884,-106,37,32
2609719892,-5426,6440,-1108,109,-36,148,0,0,-7,-1,-16037,0,5896,-660,-6006,-106,29,34
2609769892,-5546,6216,-1074,101,-105,74,0,0,-7,-1,-16035,0,5744,-1254,-6136,-106,40,31
2609819892,-6156,6234,-682,120,110,474,0,0,-7,-1,-17033,0,5788,-1848,-6020,-109,44,35
2609869892,-6468,6778,-1050,-14,256,620,8160,8192,-20236,-25714,645,8192,5578,-1508,-6344,-110,33,43
2609919892,-7058,8448,-2170,36,228,586,-16030,0,-15537,0,8160,8192,6798,-1856,-4978,-113,14,38
2609969892,-4984,5542,-418,68,162,534,-18028,0,-15537,0,8160,8192,6538,-1732,-5916,-111,17,47
2610019892,-5436,7172,-1440,-15,74,312,-16026,0,-15537,0,8160,8192,4374,-654,-6750,-128,8,31
2610069892,-3590,5720,-448,142,-127,143,-18024,0,-15537,0,8160,8192,7340,304,-6458,-117,-4,41
2610119892,-5124,8454,-2878,39,-138,158,-16022,0,-15537,0,8160,8192,4560,478,-6792,-112,42,49
2610169892,-4750,7644,-2516,145,-163,-13,0,0,-7,-1,-16019,0,6140,136,-5754,-123,38,40
2610219892,-3572,7468,-2758,110,-273,-330,0,0,-7,-1,-16017,0,6478,1014,-5030,-113,57,33
2610269892,-3438,8148,-2708,175,-127,-97,8160,8192,-13452,-25708,645,8192,6034,1768,-5992,-99,43,27
2610319892,-2900,6900,-2486,24,66,209,0,0,-7,-1,-17013,0,5924,1424,-5734,-106,24,35
2610369892,-3600,7950,-3032,70,78,335,8160,8192,0,0,645,8192,5808,1814,-5934,-101,23,33
2610419892,-3646,7674,-2902,140,-146,-3,8160,8192,0,0,645,8192,5756,1524,-6062,-109,51,29
2610469892,-3678,7600,-2494,192,-177,-34,8160,8192,0,0,645,8192,6160,1424,-5658,-109,50,37
2610519892,-3726,7340,-2446,87,-64,76,0,0,-7,-1,-16005,0,5796,946,-5992,-106,52,36
2610569892,-3946,7030,-1876,90,185,539,-16003,0,-15537,0,8160,8192,5872,270,-6024,-111,44,36
2610619892,-4144,7050,-2086,-46,201,462,-16001,0,-15537,0,8160,8192,5678,502,-5990,-109,32,30
2610669892,-4244,6952,-1810,196,-234,-85,-15999,0,-15537,0,8160,8192,5882,62,-6086,-105,35,28
2610719892,-4056,7188,-1912,100,-95,97,0,0,-7,-1,-15996,0,5848,118,-6002,-110,39,29
2610769892,-4176,7144,-1872,87,-40,160,8160,8192,27796,-25700,645,8192,5816,198,-6142,-108,31,30
2610819892,-4198,7020,-1850,102,-73,134,-15992,0,-15537,0,8160,8192,6020,80,-5924,-111,29,32
2610869892,-3974,7118,-2038,72,-105,61,-15990,0,-15537,0,8160,8192,5810,468,-5914,-110,18,26
2610919892,-4286,7222,-1924,135,-139,95,0,0,-7,-1,-16988,0,5724,86,-6018,-107,23,26
2610969892,-4556,6958,-1590,99,23,260,-15986,0,-15537,0,8160,8192,5848,-686,-5974,-105,33,28
2611019892,-4380,7162,-1918,-34,187,566,0,0,-7,-1,-15984,0,5918,480,-5910,-103,16,29
2611069892,-3286,7464,-2940,160,-660,-1067,8160,8192,116,-25695,645,8192,5670,1522,-6026,-106,33,33
2611119892,-3296,7586,-2246,461,-686,-477,8160,8192,-15420,-25695,645,8192,5856,492,-5986,-104,31,32
2611169892,-4494,6958,-1664,-173,596,1058,0,0,-7,-1,-15976,0,5756,-470,-5998,-104,34,25
2611219892,-4810,6588,-1896,-60,179,484,-15973,0,-15537,0,8160,8192,5776,68,-6080,-105,17,24
2611269892,-4220,7072,-1992,271,-506,-499,0,0,-7,-1,-15972,0,5820,-20,-6040,-105,14,31
2611319892,-3898,7320,-2056,113,-238,-87,0,0,-7,-1,-15970,0,5852,258,-5952,-111,20,33
2611369892,-4110,7136,-1998,52,49,244,-15967,0,-15537,0,8160,8192,5834,374,-6042,-104,41,31
2611419892,-4242,7090,-1976,93,-64,131,-15965,0,-15537,0,8160,8192,5688,194,-6036,-103,37,32
2611469892,-4360,7058,-1830,106,-158,-11,-15964,0,-15537,0,8160,8192,5824,12,-6026,-106,18,32
2611519892,-4212,7134,-1870,95,-116,33,-16961,0,-15537,0,8160,8192,5710,22,-6054,-107,26,30
2611569892,-4170,7194,-2044,90,-102,46,-15957,0,-15537,0,8160,8192,5690,186,-6078,-106,35,27
2611619892,-4136,7046,-1914,104,-116,40,8160,8192,25828,-25687,645,8192,5718,204,-6012,-105,40,31
2611669892,-4128,6992,-1964,107,-97,78,0,0,-7,-1,-15954,0,5804,198,-6010,-107,42,31
2611719892,-4256,7014,-1880,103,-75,84,0,0,-7,-1,-15952,0,5518,118,-6132,-105,48,28
2611769892,-4136,7106,-1956,91,-119,38,0,0,-7,-1,-15949,0,5750,362,-6006,-107,42,30
2611819892,-3956,7170,-2136,120,-185,-81,-15946,0,-15537,0,8160,8192,5764,522,-6022,-106,38,30
2611869892,-3902,7250,-2142,124,-209,-80,8160,8192,13684,-25683,645,8192,5892,526,-5968,-105,35,29
2611919892,-4094,7140,-2050,117,-202,-114,-17940,0,-15537,0,8160,8192,5872,710,-6044,-104,23,29
2611969892,-3972,7424,-2326,160,-370,-347,0,0,-7,-1,-15936,0,5828,910,-6118,-106,21,29
2612019892,-3388,6860,-2310,176,-445,-403,8160,8192,32612,-25681,645,8192,5886,1274,-6024,-102,25,28
2612069892,-3974,7014,-2086,174,-326,-224,8160,8192,0,0,645,8192,5872,472,-6082,-103,43,27
2612119892,-4192,7186,-2204,60,-213,-92,8160,8192,0,0,645,8192,6186,532,-5482,-98,23,25
2612169892,-4652,7396,-2484,168,-327,-108,8160,8192,-13996,-25679,645,8192,6124,620,-5822,-107,24,17
2612219892,-4160,6964,-2058,138,-361,-222,-17920,0,-15537,0,8160,8192,5724,172,-5974,-104,27,27
2612269892,-5572,7786,-2858,149,-315,-350,0,0,-7,-1,-15918,0,6210,902,-6004,-96,36,26
2612319892,-4474,6970,-2040,93,-207,-90,-15916,0,-15537,0,8160,8192,5564,670,-6816,-94,21,31
2612369892,-4260,6544,-1658,75,-111,92,-15915,0,-15537,0,8160,8192,6698,542,-5342,-97,20,29
2612419892,-4174,6220,-1428,73,-6,162,-15914,0,-15537,0,8160,8192,5974,168,-6248,-90,45,26
2612469892,-5248,7476,-2280,37,-129,88,-16914,0,-15537,0,8160,8192,5604,-206,-6464,-101,26,21
2612519892,-2958,4518,-572,81,-86,118,8160,8192,8324,-25673,645,8192,4768,-154,-6884,-110,11,8
2612569892,-6140,7942,-2504,84,-135,102,0,0,-7,-1,-15908,0,5872,-692,-5786,-99,29,25
2612619892,-4880,6078,-1248,108,-115,-3,-15905,0,-15537,0,8160,8192,4862,-138,-6714,-106,32,25
2612669892,-5260,6868,-1454,72,-127,50,-15901,0,-15537,0,8160,8192,5990,-524,-6106,-96,12,33
2612719892,-5482,6710,-1394,112,-131,-60,-15899,0,-15537,0,8160,8192,6002,-398,-6220,-106,51,21
2612769892,-5576,7184,-1772,115,-271,-209,8160,8192,-3820,-25670,645,8192,5882,-308,-5918,-109,41,27
2612819892,-5328,6374,-1076,96,-151,105,-15895,0,-15537,0,8160,8192,6048,-1084,-5946,-103,9,32
2612869892,-5880,6048,-700,77,132,444,8160,8192,0,0,645,8192,5956,-1394,-5994,-104,26,28
2612919892,-5976,6198,-588,93,160,426,-15893,0,-15537,0,8160,8192,6084,-1778,-5894,-107,36,31
2612969892,-6062,6540,-810,23,202,503,-15892,0,-15537,0,8160,8192,5610,-1210,-6282,-113,48,30
2613019892,-5978,6078,-496,88,216,490,8160,8192,0,0,645,8192,5692,-1268,-6028,-115,61,37
2613069892,-5150,5138,-344,57,105,509,-15887,0,-15537,0,8160,8192,6696,-1294,-5646,-109,47,47
2613119892,-5556,6268,-1138,43,98,478,8160,8192,18500,-25664,645,8192,6860,-1928,-5138,-124,42,41
2613169892,-4274,5998,-130,33,165,436,-15881,0,-15537,0,8160,8192,6834,-1394,-4884,-119,14,48
2613219892,-6022,7862,-1874,-13,142,312,0,0,-7,-1,-15878,0,3434,-764,-7444,-112,23,54
2613269892,-4094,7092,-2210,95,-332,-314,-15876,0,-15537,0,8160,8192,5870,276,-6044,-110,23,56
2613319892,-3348,8328,-2748,292,-603,-896,-15874,0,-15537,0,8160,8192,6172,902,-6312,-107,51,9
2613369892,-2744,7830,-2982,163,-342,-431,8160,8192,0,0,645,8192,4240,1882,-6704,-102,7,30
2613419892,-2178,7914,-3308,39,-14,112,-17869,0,-15537,0,8160,8192,5544,3250,-6240,-100,11,35
2613469892,-3244,8124,-3348,114,33,270,0,0,-7,-1,-16868,0,5842,2400,-5934,-109,23,26
2613519892,-3536,7490,-2420,103,124,427,-15864,0,-15537,0,8160,8192,5546,1172,-6212,-105,27,33
2613569892,-4124,7172,-2112,0,328,670,-16860,0,-15537,0,8160,8192,5654,492,-6038,-106,66,29
2613619892,-4788,6922,-1836,31,253,583,-15856,0,-15537,0,8160,8192,5726,-312,-6156,-105,44,33
2613669892,-4476,6932,-1948,37,11,248,-16855,0,-15537,0,8160,8192,5798,24,-6030,-109,43,34
2613719892,-4044,7034,-2002,174,-288,-238,-16854,0,-15537,0,8160,8192,5944,530,-5898,-106,21,31
2613769892,-3712,7300,-2268,97,-239,-145,8160,8192,13140,-25654,645,8192,5864,892,-6006,-114,23,28
2613819892,-4000,7088,-1974,100,-52,105,-17851,0,-15537,0,8160,8192,5716,82,-6080,-105,28,26
2613869892,-4376,7006,-1722,18,191,597,0,0,-7,-1,-15848,0,5698,30,-5978,-111,30,34
2613919892,-4236,6830,-2066,49,-42,58,-16846,0,-15537,0,8160,8192,5682,142,-6142,-109,42,33
2613969892,-3748,7218,-2276,185,-364,-338,8160,8192,0,0,645,8192,5784,526,-5980,-111,44,24
2614019892,-4190,7048,-1734,150,-47,187,-15841,0,-15537,0,8160,8192,5984,-308,-6016,-109,50,27
2614069892,-4296,6996,-1976,-35,203,550,8160,8192,0,0,645,8192,5860,542,-5974,-104,32,27
2614119892,-3394,7522,-2876,188,-617,-907,-16837,0,-15537,0,8160,8192,5860,1644,-6032,-103,30,32
2614169892,-3978,7284,-1472,409,-363,34,0,0,-7,-1,-15834,0,5786,-676,-6058,-105,42,27
2614219892,-4694,6748,-1702,-320,680,988,8160,8192,4388,-25647,645,8192,5818,-306,-5968,-107,32,27
2614269892,-4468,6742,-2066,155,-275,-104,0,0,-7,-1,-15831,0,5776,322,-6044,-107,15,32
2614319892,-4096,7290,-1840,287,-593,-596,-15829,0,-15537,0,8160,8192,5878,132,-6028,-101,9,27
2614369892,-3910,7174,-2118,55,-25,171,-15826,0,-15537,0,8160,8192,5724,316,-6052,-107,24,31
2614419892,-4206,7052,-2044,19,87,396,0,0,-7,-1,-16825,0,5798,396,-6022,-105,16,28
2614469892,-4420,6980,-1912,125,-188,-29,8160,8192,-7756,-25644,645,8192,5890,12,-6002,-103,24,32
2614519892,-4016,7194,-2092,129,-279,-231,-17820,0,-15537,0,8160,8192,5788,384,-6052,-107,27,28
2614569892,-3990,7280,-2028,133,-166,-4,8160,8192,26708,-25642,645,8192,5760,430,-5976,-101,35,27
2614619892,-3812,7148,-2460,95,-180,-80,-17813,0,-15537,0,8160,8192,5800,970,-6024,-108,56,30
2614669892,-3862,7060,-2320,164,-348,-349,-15812,0,-15537,0,8160,8192,5878,968,-5992,-98,50,26
2614719892,-3886,7074,-2058,166,-339,-271,-15809,0,-15537,0,8160,8192,5768,628,-6064,-110,35,32
2614769892,-4370,7400,-2028,108,-164,83,-15807,0,-15537,0,8160,8192,6146,508,-6000,-99,17,25
2614819892,-4378,6746,-1744,81,-135,83,-15805,0,-15537,0,8160,8192,5674,82,-6182,-105,15,34
2614869892,-4052,6578,-1774,125,-319,-283,0,0,-7,-1,-16803,0,5614,406,-6036,-97,31,22
2614919892,-4624,6946,-1778,229,-389,-189,0,0,-7,-1,-16799,0,5866,306,-5878,-112,27,30
2614969892,-4422,6734,-1758,66,-142,-34,0,0,-7,-1,-15796,0,5618,238,-6114,-105,45,23
2615019892,-4600,6740,-1704,148,-170,10,-15794,0,-15537,0,8160,8192,5784,306,-6082,-100,45,33
2615069892,-4938,7572,-2438,65,-252,-280,-16793,0,-15537,0,8160,8192,5754,724,-5914,-96,40,31
2615119892,-3772,6486,-1808,168,-328,-165,-15791,0,-15537,0,8160,8192,5962,816,-5794,-104,42,28
2615169892,-3496,6106,-1692,85,-213,-24,0,0,-7,-1,-15789,0,5932,474,-5880,-96,32,29
2615219892,-4080,6448,-1688,121,-171,65,8160,8192,21348,-25632,645,8192,6458,-2,-5688,-100,30,30
2615269892,-4562,6974,-1912,67,-82,86,-15784,0,-15537,0,8160,8192,6634,562,-5632,-106,45,16
2615319892,-5120,7106,-2044,110,-146,122,-15781,0,-15537,0,8160,8192,5786,694,-6206,-99,20,30
2615369892,-4986,7036,-1990,78,-139,38,-15779,0,-15537,0,8160,8192,5486,-264,-5940,-108,35,15
2615419892,-3568,5236,-874,81,-115,-28,-15777,0,-15537,0,8160,8192,3958,572,-6924,-110,35,24
2615469892,-4832,6614,-1712,101,-180,-43,8160,8192,0,0,645,8192,5442,506,-6112,-106,45,29
2615519892,-4442,6668,-1662,63,-154,-21,-15772,0,-15537,0,8160,8192,6386,722,-5682,-99,32,27
2615569892,-4988,7270,-1724,102,-218,-160,-15623,0,-15537,0,8160,8192,5724,-6,-6310,-98,12,29
2615619892,-4598,6680,-1630,78,-185,-77,8160,8192,28132,-25626,645,8192,5138,-142,-6534,-94,52,29
2615669892,-5324,6790,-1544,138,-82,-1,-15765,0,-15537,0,8160,8192,5448,-210,-5866,-106,52,20
2615719892,-5128,6012,-996,95,-80,78,8160,8192,-2940,-25625,645,8192,6412,-582,-5744,-101,38,33
2615769892,-5832,6698,-1812,83,-122,130,0,0,-7,-1,-16759,0,5928,-1224,-5862,-110,28,26
2615819892,-5552,5832,-406,110,187,437,0,0,-7,-1,-15757,0,6236,-1430,-5918,-110,26,30
2615869892,-6090,6156,-648,38,328,725,-15754,0,-15537,0,8160,8192,6000,-1818,-5888,-109,22,30
2615919892,-6378,6048,-402,15,344,769,0,0,-7,-1,-16751,0,5812,-2154,-6088,-107,20,35
2615969892,-4962,5236,470,13,161,407,0,0,-7,-1,-15749,0,5194,-1996,-6702,-118,39,34
2616019892,-5892,6890,-1140,135,-127,173,-16747,0,-15537,0,8160,8192,5340,-1244,-6056,-108,50,43
2616069892,-5722,7114,-1768,16,-61,121,8160,8192,19380,-25619,645,8192,5960,-1678,-5722,-120,0,34
2616119892,-4294,6114,-1236,136,-69,223,0,0,-7,-1,-16742,0,6366,36,-5612,-110,14,46
2616169892,-2870,5736,-938,22,6,213,8160,8192,0,0,645,8192,7502,428,-5346,-110,8,42
2616219892,-4160,7632,-2506,89,-119,41,-15740,0,-15537,0,8160,8192,6964,1434,-5060,-107,21,48
2616269892,-3560,6756,-1930,127,-161,-111,-15736,0,-15537,0,8160,8192,5660,116,-5658,-108,28,47
2616319892,-3620,7306,-2420,65,-70,40,8160,8192,0,0,645,8192,4212,1236,-6862,-115,44,33
2616369892,-3542,7702,-2150,104,-2,146,0,0,-7,-1,-16733,0,6300,210,-5750,-108,31,23
2616419892,-4094,7196,-2310,30,161,424,8160,8192,-23836,-25614,645,8192,6190,286,-5854,-105,1,31
2616469892,-2990,6580,-2052,-18,159,325,0,0,-7,-1,-15727,0,5560,1578,-5784,-98,16,34
2616519892,-4144,7706,-2668,234,-261,-63,-15727,0,-15537,0,8160,8192,5912,1028,-6232,-111,44,26
2616569892,-3010,7270,-2756,129,-372,-406,8160,8192,-4908,-25612,645,8192,5440,1836,-6240,-108,33,38
2616619892,-3272,7294,-2360,229,-257,-44,-15724,0,-15537,0,8160,8192,5696,1212,-5876,-108,48,31
2616669892,-3808,7322,-2350,32,142,404,8160,8192,0,0,645,8192,5854,1066,-6148,-109,36,35
2616719892,-4120,7156,-2032,61,198,601,-15720,0,-15537,0,8160,8192,5724,290,-5946,-107,38,33
2616769892,-4486,7102,-1972,0,64,256,0,0,-7,-1,-16718,0,5746,234,-5950,-108,29,30
2616819892,-3930,7176,-2068,170,-284,-167,8160,8192,-17052,-25608,645,8192,5766,504,-6018,-106,33,32
2616869892,-3958,7222,-1958,102,-75,129,-15714,0,-15537,0,8160,8192,5866,246,-5968,-106,28,29
2616919892,-3948,7106,-2056,38,-46,141,0,0,-7,-1,-15711,0,5964,526,-5896,-104,28,29
2616969892,-4402,7252,-1862,152,-112,105,8160,8192,1876,-25605,645,8192,5960,28,-6074,-107,35,26
2617019892,-4366,7284,-1920,83,-34,119,-17706,0,-15537,0,8160,8192,5894,0,-5998,-110,49,28
2617069892,-4414,7042,-1680,112,34,370,0,0,-7,-1,-16703,0,5830,180,-6052,-102,47,30
2617119892,-3558,7402,-2594,60,-326,-442,8160,8192,0,0,645,8192,5666,1140,-6040,-102,26,32
2617169892,-3794,7328,-1912,281,-409,-285,-15698,0,-15537,0,8160,8192,5826,-116,-5942,-105,35,30
2617219892,-4672,6916,-1602,-111,359,710,-16697,0,-15537,0,8160,8192,5790,-416,-6048,-105,21,29
2617269892,-4560,6836,-1836,35,-2,167,0,0,-7,-1,-16693,0,5820,186,-6072,-105,31,30
2617319892,-3914,7228,-2120,240,-518,-535,8160,8192,24196,-25600,645,8192,5758,278,-6048,-103,28,28
2617369892,-3958,7200,-2012,111,-116,61,8160,8192,0,0,645,8192,5796,102,-5988,-104,36,31
2617419892,-4238,7066,-2006,-15,157,419,-15688,0,-15537,0,8160,8192,5810,374,-6018,-106,32,31
2617469892,-4254,7060,-2042,151,-238,-134,-17685,0,-15537,0,8160,8192,5816,406,-5880,-104,40,30
2617519892,-4092,7178,-2010,165,-288,-219,8160,8192,27588,-25597,645,8192,5914,310,-6080,-105,34,31
2617569892,-4172,7196,-2116,85,-67,146,-15678,0,-15537,0,8160,8192,5830,532,-6040,-104,23,27
2617619892,-4056,7192,-2192,97,-189,-21,8160,8192,-3484,-25596,645,8192,5798,530,-6044,-107,17,27
2617669892,-3962,7468,-2376,167,-412,-404,-15672,0,-15537,0,8160,8192,5716,1060,-6016,-106,16,30
2617719892,-3960,7508,-2468,227,-442,-341,-15667,0,-15537,0,8160,8192,5846,860,-5894,-102,26,32
2617769892,-3984,6842,-1886,107,-158,-29,0,0,-7,-1,-15664,0,5812,286,-6010,-105,32,31
2617819892,-4440,6944,-1944,78,-151,7,8160,8192,0,0,645,8192,6064,494,-5956,-95,32,29
2617869892,-4256,7026,-2060,158,-382,-343,-15658,0,-15537,0,8160,8192,5800,296,-6006,-100,28,30
2617919892,-4136,6624,-1788,206,-330,-91,0,0,-7,-1,-15655,0,5938,314,-5796,-110,46,19
2617969892,-4486,6938,-2066,71,-168,-38,8160,8192,18836,-25590,645,8192,5912,524,-5938,-104,53,26
2618019892,-4248,6708,-1654,163,-192,-14,-15651,0,-15537,0,8160,8192,5208,696,-6206,-98,60,26
2618069892,-4006,6404,-1652,89,-285,-151,0,0,-7,-1,-15648,0,5810,344,-6014,-101,9,32
2618119892,-4684,7324,-1976,109,-176,-86,-16646,0,-15537,0,8160,8192,5630,148,-6422,-97,26,31
2618169892,-4268,6988,-2036,96,-223,-76,8160,8192,0,0,645,8192,5720,664,-6178,-98,24,27
2618219892,-4040,6390,-1908,115,-205,37,8160,8192,6692,-25586,645,8192,6028,540,-5836,-108,38,18
2618269892,-4754,6800,-1874,99,-148,-4,8160,8192,-8844,-25586,645,8192,6746,896,-4952,-97,29,26
2618319892,-4422,6494,-1414,74,-137,-52,-15634,0,-15537,0,8160,8192,4908,30,-6656,-107,34,16
2618369892,-3360,5190,-934,53,-55,107,-15630,0,-15537,0,8160,8192,5070,-808,-6950,-110,23,12
2618419892,-4978,6192,-1878,114,-165,-3,8160,8192,10084,-25583,645,8192,7608,524,-4574,-105,19,22
2618469892,-5186,6978,-1874,81,-152,-76,8160,8192,0,0,645,8192,5354,-232,-6076,-106,42,18
2618519892,-4920,6684,-1732,86,-268,-128,-17623,0,-15537,0,8160,8192,6236,378,-5982,-96,8,33
2618569892,-4612,6208,-1396,119,-214,-188,8160,8192,29012,-25581,645,8192,5530,-22,-5870,-105,43,18
2618619892,-6032,6796,-1608,120,-63,-70,0,0,-7,-1,-15620,0,5936,-718,-6070,-102,26,27
2618669892,-4702,4272,-20,32,7,306,-15616,0,-15537,0,8160,8192,6930,-2130,-5502,-118,21,25
2618719892,-6228,6102,-766,60,225,440,-15613,0,-15537,0,8160,8192,6306,-2138,-5866,-110,26,25
2618769892,-6504,5852,-136,51,466,743,-15608,0,-15537,0,8160,8192,5686,-2344,-6174,-106,24,33
2618819892,-6336,5670,-68,-45,439,796,-16606,0,-15537,0,8160,8192,6072,-2616,-5890,-104,26,36
2618869892,-6726,6292,-198,35,284,626,-15604,0,-15537,0,8160,8192,4706,-2528,-6214,-104,62,47
2618919892,-5500,5652,-260,35,-41,218,-16600,0,-15537,0,8160,8192,5894,-1594,-5970,-116,54,39
2618969892,-5394,6650,-1526,79,-165,30,-15597,0,-15537,0,8160,8192,5090,-1602,-6774,-121,16,40
2619019892,-4846,7076,-1770,121,-122,129,-15596,0,-15537,0,8160,8192,7102,-2182,-6594,-111,22,45
2619069892,-7188,8762,-2386,62,159,136,-15595,0,-15537,0,8160,8192,-70,-2350,-10946,-116,115,50
2619119892,-4924,7400,-2366,76,1,139,8160,8192,-10812,-25573,645,8192,7016,1472,-4246,-119,53,36
2619169892,-3378,6960,-1932,97,-136,-63,8160,8192,0,0,645,8192,7210,1410,-5592,-112,45,39
2619219892,-4022,8190,-2976,134,-163,-55,0,0,-7,-1,-16589,0,5980,1360,-6310,-103,30,27
2619269892,-3460,7996,-2960,79,-30,137,-15587,0,-15537,0,8160,8192,5822,1470,-5680,-106,17,40
2619319892,-3028,7534,-3062,119,-94,51,0,0,-7,-1,-15584,0,5928,2476,-6162,-108,27,34
2619369892,-2868,7658,-2816,203,-350,-303,-17583,0,-15537,0,8160,8192,5774,2072,-5930,-109,43,30
2619419892,-2726,7362,-3020,176,-313,-269,0,0,-7,-1,-15581,0,5476,2046,-6118,-110,48,35
2619469892,-3346,7376,-2678,160,-80,157,-15579,0,-15537,0,8160,8192,5734,1054,-5896,-107,44,30
2619519892,-3988,7252,-2266,-57,346,760,-15577,0,-15537,0,8160,8192,5858,748,-5928,-106,2,31
2619569892,-4246,6824,-2186,8,-21,202,8160,8192,0,0,645,8192,5876,650,-5952,-103,0,30
2619619892,-4640,6908,-1348,218,-255,35,-15571,0,-15537,0,8160,8192,5940,-698,-5982,-108,11,30
2619669892,-4310,6934,-1912,14,-27,66,0,0,-7,-1,-15569,0,5878,106,-6026,-108,36,31
2619719892,-4268,6994,-1782,170,-152,64,0,0,-7,-1,-15567,0,5640,-250,-6142,-106,38,33
2619769892,-3962,6964,-2146,6,-65,34,0,0,-7,-1,-16565,0,5782,524,-6014,-108,33,31
2619819892,-4268,7014,-1812,159,-85,176,-17564,0,-15537,0,8160,8192,5892,46,-6072,-105,39,34
2619869892,-4226,7002,-1972,12,-1,131,0,0,-7,-1,-16563,0,5962,402,-5924,-108,29,32
2619919892,-3976,7174,-2120,159,-223,-102,-15561,0,-15537,0,8160,8192,5940,342,-6032,-106,32,33
2619969892,-4286,7198,-1924,84,-37,171,0,0,-7,-1,-15559,0,5814,76,-6040,-109,33,25
2620019892,-4444,6918,-1954,101,-4,222,8160,8192,-28316,-25559,645,8192,5968,-120,-6164,-110,52,25
2620069892,-4482,6724,-1712,98,-4,287,8160,8192,21684,-25558,645,8192,5708,-184,-5922,-105,32,27
2620119892,-3672,7300,-2600,27,-315,-403,8160,8192,6148,-25557,645,8192,5808,1242,-6020,-103,4,28
2620169892,-3944,7176,-1840,233,-289,-22,8160,8192,0,0,645,8192,5858,20,-5990,-109,5,32
2620219892,-4500,6840,-1790,-85,276,556,-15549,0,-15537,0,8160,8192,5776,-100,-6074,-106,23,26
2620269892,-4374,6988,-2024,108,-156,22,0,0,-7,-1,-15546,0,5820,328,-6040,-107,32,30
2620319892,-4082,7158,-2034,186,-359,-341,0,0,-7,-1,-16545,0,5820,150,-6104,-107,33,32
2620369892,-4080,7168,-1978,93,-31,191,-16543,0,-15537,0,8160,8192,5784,230,-6102,-105,37,32
2620419892,-4202,6990,-2076,55,-8,200,-15540,0,-15537,0,8160,8192,5746,432,-5972,-104,37,28
2620469894,-3970,7120,-2234,161,-319,-263,-15538,0,-15537,0,8160,8192,5752,708,-6000,-104,35,30
2620519892,-4022,7138,-2042,153,-311,-286,-18535,0,-15537,0,8160,8192,5690,112,-5982,-102,27,29
2620569892,-3924,7088,-2100,87,-163,-16,8160,8192,-2604,-25551,645,8192,5892,570,-5896,-102,25,28
2620619892,-3974,7078,-2332,128,-330,-238,-16531,0,-15537,0,8160,8192,5866,1090,-5896,-106,13,28
2620669892,-3924,7278,-2332,240,-486,-359,-17530,0,-15537,0,8160,8192,5572,840,-5976,-102,26,30
2620719892,-3932,6884,-2098,127,-298,-167,-18528,0,-15537,0,8160,8192,6130,406,-6020,-94,24,29
2620769892,-4656,6936,-1968,105,-182,6,-16526,0,-15537,0,8160,8192,5768,286,-5960,-111,21,27
2620819892,-4486,6898,-2022,103,-218,-82,0,0,-7,-1,-17523,0,5892,244,-5942,-104,36,17
2620869892,-4674,7110,-1864,176,-250,-30,-16521,0,-15537,0,8160,8192,6330,318,-5498,-102,43,33
2620919892,-3912,6016,-1386,116,-227,-70,-16519,0,-15537,0,8160,8192,5282,386,-6444,-98,41,23
2620969892,-3834,5826,-1414,89,-212,-34,-16517,0,-15537,0,8160,8192,5772,-112,-6042,-100,27,31
2621019892,-4640,7010,-1990,75,-149,48,-16515,0,-15537,0,8160,8192,5266,140,-6524,-100,34,24
2621069892,-4940,7044,-1982,72,-134,89,-16513,0,-15537,0,8160,8192,5736,52,-6060,-106,27,24
2621119892,-4360,6426,-1766,92,-181,-81,0,0,-7,-1,-16511,0,5920,232,-6018,-106,50,24
2621169892,-4930,7654,-2298,119,-266,8,0,0,-7,-1,-16509,0,6200,584,-5702,-95,32,29
2621219892,-5212,7240,-2186,119,-234,-112,-18507,0,-15537,0,8160,8192,5320,130,-6050,-107,45,21
2621269892,-4984,7064,-2004,134,-242,-111,0,0,-7,-1,-17504,0,5832,-352,-6506,-104,30,22
2621319892,-5060,7166,-1962,102,-141,-10,8160,8192,26500,-25539,645,8192,6040,-66,-5842,-105,38,19
2621369892,-5972,7898,-2200,76,-62,71,-16500,0,-15537,0,8160,8192,4806,176,-7038,-98,52,24
2621419892,-5140,6388,-1562,76,-78,63,0,0,-7,-1,-16499,0,6054,-488,-6026,-95,-3,23
2621469892,-5398,6634,-1264,40,-19,150,-16497,0,-15537,0,8160,8192,6066,-612,-6044,-95,5,28
2621519892,-5480,6204,-970,90,-25,123,8160,8192,29892,-25536,645,8192,5670,-1166,-6320,-99,25,26
2621569892,-5420,6056,-850,98,-46,122,0,0,-7,-1,-17491,0,6008,-1102,-5960,-107,18,27
2621619892,-5328,6418,-1266,19,-160,74,8160,8192,-1180,-25535,645,8192,5748,-872,-6096,-106,26,28
2621669892,-5364,6430,-1094,103,-32,84,8160,8192,-16716,-25534,645,8192,5994,-602,-5896,-104,24,34
2621719892,-5018,6572,-1438,60,-148,-38,0,0,-7,-1,-17486,0,5658,-480,-6126,-108,32,36
2621769892,-5176,6568,-1364,141,-49,241,0,0,-7,-1,-16484,0,5956,-818,-5886,-107,35,33
2621819892,-5282,6306,-1236,54,135,482,8160,8192,2212,-25531,645,8192,6268,-696,-5822,-106,47,32
2621869892,-5704,6362,-870,101,279,636,0,0,-7,-1,-16480,0,5538,-1426,-6132,-116,57,32
2621919892,-5536,6678,-1112,-6,221,469,8160,8192,0,0,645,8192,4958,-1410,-6758,-115,65,43
2621969892,-3994,5848,-1192,121,-193,-48,0,0,-7,-1,-17476,0,7590,146,-4500,-111,51,39
2622019892,-2544,2940,-408,165,-283,-248,-16474,0,-15537,0,8160,8192,6150,6,-5394,-108,49,36
2622069892,-4338,7356,-2170,79,-133,-10,0,0,-7,-1,-16471,0,6328,488,-6200,-102,21,39
2622119892,-4694,7902,-2394,112,6,215,-16469,0,-15537,0,8160,8192,5828,414,-5896,-112,36,26
2622169892,-4720,7326,-2094,56,122,417,-16467,0,-15537,0,8160,8192,6668,44,-5454,-105,35,38
2622219892,-5076,7830,-2446,77,80,248,-16465,0,-15537,0,8160,8192,5016,-70,-7158,-114,47,32
2622269892,-4600,7584,-2086,87,-66,5,-16462,0,-15537,0,8160,8192,6154,332,-5658,-111,24,31
2622319892,-3760,6684,-1464,133,-39,98,-16460,0,-15537,0,8160,8192,6930,68,-5302,-105,19,35
2622369892,-3340,6652,-1970,-24,18,245,-18458,0,-15537,0,8160,8192,5864,1268,-6166,-103,-3,44
2622419892,-3674,7706,-3010,158,-288,-341,0,0,-7,-1,-17456,0,5950,2004,-6012,-114,42,37
2622469892,-3034,7778,-2890,145,-222,-132,0,0,-7,-1,-16455,0,5684,1868,-5986,-112,39,38
2622519892,-3512,7376,-2532,52,109,350,-16453,0,-15537,0,8160,8192,5684,1170,-6044,-105,39,32
2622569892,-4514,7070,-1854,23,294,759,-16450,0,-15537,0,8160,8192,5822,-56,-5908,-113,18,37
2622619892,-4446,6798,-1782,-30,169,319,-17448,0,-15537,0,8160,8192,5806,-38,-5886,-107,27,30
2622669892,-4324,7126,-1758,190,-198,87,-18446,0,-15537,0,8160,8192,5716,-108,-6036,-115,30,32
2622719892,-3846,7102,-2310,53,-208,-207,-16444,0,-15537,0,8160,8192,5934,720,-6132,-112,22,32
2622769892,-3558,7256,-2628,101,-228,-69,8160,8192,0,0,645,8192,5632,1032,-6106,-109,28,30
2622819892,-4164,7146,-1984,84,-11,235,-16439,0,-15537,0,8160,8192,5758,268,-5956,-109,16,28
2622869892,-4388,6978,-1880,33,92,355,-16437,0,-15537,0,8160,8192,6024,-20,-5944,-109,25,25
2622919892,-4508,6994,-1914,76,-52,165,-16435,0,-15537,0,8160,8192,6108,-56,-6138,-109,29,28
2622969892,-4604,6994,-1350,143,-38,322,-18434,0,-15537,0,8160,8192,5892,-364,-6040,-111,8,30
2623019892,-3160,7426,-3062,-27,-364,-548,-16432,0,-15537,0,8160,8192,5736,1964,-6054,-108,17,32
2623069892,-3404,7438,-2190,438,-732,-643,-16430,0,-15537,0,8160,8192,5810,606,-5908,-108,30,32
2623119892,-4402,6888,-1560,-60,368,779,8160,8192,0,0,645,8192,5880,-746,-5980,-107,31,29
2623169892,-4774,6626,-1864,-154,359,655,-16426,0,-15537,0,8160,8192,5822,-20,-5946,-108,15,32
2623219892,-4398,7032,-1972,259,-513,-533,-16424,0,-15537,0,8160,8192,5728,276,-6042,-100,25,29
2623269892,-3892,7378,-1894,227,-424,-345,-18422,0,-15537,0,8160,8192,5850,122,-5988,-107,27,32
2623319892,-3926,7072,-2008,17,118,327,-16420,0,-15537,0,8160,8192,5770,362,-5976,-108,45,30
2623369892,-4480,7036,-1876,79,49,337,-16418,0,-15537,0,8160,8192,5784,116,-6030,-105,43,32
2623419892,-4378,6928,-1866,123,-218,-165,8160,8192,0,0,645,8192,5816,42,-5970,-103,29,30
2623469892,-4054,7108,-1910,141,-213,-82,8160,8192,13812,-25506,645,8192,5748,194,-6022,-100,40,28
2623519892,-4190,6972,-1930,62,-23,194,-16413,0,-15537,0,8160,8192,5790,238,-5966,-109,37,32
2623569892,-4280,6980,-1912,108,-109,33,-16411,0,-15537,0,8160,8192,5852,268,-6068,-104,40,33
2623619892,-4092,7028,-1846,133,-175,-25,-16409,0,-15537,0,8160,8192,5940,168,-5958,-102,44,31
2623669892,-4306,7084,-1836,90,-59,123,-16407,0,-15537,0,8160,8192,5794,50,-6094,-103,34,31
2623719892,-4174,6972,-1962,101,-112,40,0,0,-7,-1,-17405,0,5754,262,-5930,-105,44,31
2623769892,-4032,7096,-2070,122,-209,-97,-16403,0,-15537,0,8160,8192,5940,376,-5900,-103,30,31
2623819892,-4012,7222,-2186,95,-152,-12,-16401,0,-15537,0,8160,8192,5724,530,-6114,-108,34,26
2623869892,-4126,6950,-1940,120,-192,-86,8160,8192,0,0,645,8192,5840,-112,-5986,-105,26,31
2623919892,-4312,7006,-1954,63,-119,-41,8160,8192,5060,-25499,645,8192,5782,194,-5966,-105,35,30
2623969892,-3966,7172,-2296,94,-264,-188,8160,8192,-10476,-25499,645,8192,5752,912,-5980,-106,30,30
2624019892,-3916,6948,-2228,161,-363,-274,0,0,-7,-1,-17391,0,5818,1008,-5982,-104,35,27
2624069892,-3908,7256,-2268,153,-352,-266,-16389,0,-15537,0,8160,8192,5892,978,-6004,-105,18,30
2624119892,-3832,6868,-1972,164,-291,-97,-18387,0,-15537,0,8160,8192,5742,908,-5938,-96,24,28
2624169892,-4030,6634,-1830,117,-244,-109,-17385,0,-15537,0,8160,8192,6146,46,-5922,-100,17,25
2624219892,-4270,6854,-2128,99,-182,13,0,0,-7,-1,-17382,0,5686,432,-5938,-106,58,20
2624269892,-4700,6864,-1870,161,-304,-192,-18382,0,-15537,0,8160,8192,5368,524,-6238,-99,44,28
2624319892,-4856,7018,-2064,108,-178,-121,0,0,-7,-1,-16380,0,6056,622,-5726,-103,37,25
2624369892,-3658,6172,-1642,94,-258,-36,0,0,-7,-1,-16378,0,5952,664,-5886,-97,16,27
2624419892,-4662,6900,-1926,96,-183,-38,-16375,0,-15537,0,8160,8192,5868,92,-6308,-101,18,26
2624469892,-4228,6614,-1636,89,-132,110,8160,8192,0,0,645,8192,6194,284,-5552,-107,28,17
2624519892,-4682,6244,-1476,115,-91,73,-16370,0,-15537,0,8160,8192,6294,94,-5760,-95,31,25
2624569892,-4902,6866,-1470,60,-45,80,-16367,0,-15537,0,8160,8192,5728,-220,-6378,-102,26,20
2624619892,-4032,5774,-984,71,-102,60,0,0,-7,-1,-16365,0,6626,144,-5450,-104,29,19
2624669892,-5138,7534,-2174,139,-238,13,-17364,0,-15537,0,8160,8192,5796,74,-6530,-108,43,22
2624719892,-5140,7164,-1820,82,-151,-106,0,0,-7,-1,-16363,0,5740,-44,-5944,-98,47,29
2624769892,-4924,7182,-1742,128,-241,-128,-17361,0,-15537,0,8160,8192,5602,212,-6142,-106,51,24
2624819892,-4794,6386,-1282,127,-170,-23,0,0,-7,-1,-16359,0,6074,-108,-5840,-102,34,28
2624869892,-5356,6646,-1470,78,-47,84,-16356,0,-15537,0,8160,8192,5866,-838,-6014,-101,49,28
2624919892,-5868,6536,-1242,98,32,346,8160,8192,0,0,645,8192,5874,-1290,-5862,-106,31,31
2624969892,-6406,6098,-336,105,175,486,-17352,0,-15537,0,8160,8192,6046,-2124,-5944,-107,16,30
2625019892,-6200,5796,8,28,271,608,-16351,0,-15537,0,8160,8192,5864,-2716,-6150,-105,27,37
2625069892,-5966,5606,-212,-6,293,644,8160,8192,0,0,645,8192,6472,-1866,-5740,-116,9,37
2625119892,-5734,6294,-1148,59,-1,291,-18348,0,-15537,0,8160,8192,4878,-2050,-6372,-122,71,40
2625169892,-4652,5672,-1278,131,-251,-45,0,0,-7,-1,-16346,0,5410,-1312,-5996,-111,35,45
2625219892,-4438,7416,-1962,156,-273,-122,-16344,0,-15537,0,8160,8192,6524,228,-5400,-108,25,42
2625269892,-4794,7240,-2354,141,-72,157,-16342,0,-15537,0,8160,8192,5704,1252,-5928,-118,25,37
2625319892,-3818,6994,-2020,24,2,183,-16339,0,-15537,0,8160,8192,6574,1526,-6078,-112,13,37
2625369892,-2518,6436,-1906,139,-228,-267,-16338,0,-15537,0,8160,8192,5966,1146,-6080,-114,30,30
2625419892,-2222,4564,-1258,178,-150,-74,0,0,-7,-1,-16336,0,6366,1496,-5534,-111,21,31
2625469892,-4028,7820,-2580,29,100,216,0,0,-7,-1,-16333,0,5220,1000,-6362,-106,41,39
2625519892,-3786,7368,-2402,59,153,446,8160,8192,0,0,645,8192,5430,1238,-6104,-105,37,28
2625569892,-3686,7252,-2590,60,-17,105,-16329,0,-15537,0,8160,8192,5686,906,-5926,-110,37,28
2625619892,-3916,7250,-2112,111,-13,228,0,0,-7,-1,-17329,0,5722,428,-6068,-107,16,27
2625669892,-3682,7206,-2270,-25,109,339,0,0,-7,-1,-17327,0,5618,680,-6048,-109,28,30
2625719892,-4190,7062,-1960,140,-41,246,8160,8192,0,0,645,8192,5778,412,-5962,-106,16,30
2625769892,-3996,7166,-2106,47,-39,135,0,0,-7,-1,-16323,0,5904,324,-6002,-110,17,34
2625819892,-4444,6826,-1572,125,18,257,-16321,0,-15537,0,8160,8192,5778,-234,-6126,-109,49,30
2625869892,-3876,6986,-2070,52,-103,-27,8160,8192,-11020,-25470,645,8192,5908,646,-6038,-104,43,34
2625919892,-3808,7074,-2108,176,-244,-153,-18318,0,-15537,0,8160,8192,5726,710,-5930,-111,47,33
2625969892,-4088,7258,-2144,125,-119,38,8160,8192,0,0,645,8192,5642,264,-6106,-108,37,27
2626019892,-4164,7060,-1922,70,50,301,-16315,0,-15537,0,8160,8192,5814,22,-6076,-103,40,26
2626069892,-4158,6912,-2026,32,-7,217,0,0,-7,-1,-16313,0,5780,460,-6014,-106,27,27
2626119892,-4174,6958,-1902,192,-255,-137,-16311,0,-15537,0,8160,8192,5740,92,-5940,-107,41,35
2626169892,-4142,7004,-1732,97,-34,161,-16310,0,-15537,0,8160,8192,5722,-276,-5986,-107,40,27
2626219892,-3742,7218,-2554,-15,-67,84,-17307,0,-15537,0,8160,8192,5796,1308,-6062,-108,30,29
2626269892,-4020,7138,-1996,271,-399,-333,8160,8192,-4236,-25464,645,8192,5836,110,-6002,-104,38,32
2626319892,-4672,6916,-1430,1,195,562,-17303,0,-15537,0,8160,8192,5908,-704,-6038,-108,11,25
2626369892,-4418,6918,-2106,-63,67,205,0,0,-7,-1,-16301,0,5732,480,-6066,-108,18,30
2626419892,-4168,7220,-1982,305,-523,-502,0,0,-7,-1,-16299,0,5764,238,-6108,-103,32,28
2626469892,-3934,7226,-2030,78,-97,46,8160,8192,-844,-25461,645,8192,5722,170,-6030,-111,37,31
2626519892,-4416,7050,-1952,41,114,416,-16294,0,-15537,0,8160,8192,5852,168,-6050,-106,36,31
2626569892,-4290,6902,-1966,105,-145,-30,-17292,0,-15537,0,8160,8192,5812,130,-5968,-106,37,33
2626619892,-4068,7200,-1932,155,-277,-182,0,0,-7,-1,-16289,0,5854,264,-6068,-105,27,31
2626669892,-4016,7186,-2076,112,-148,-34,-16288,0,-15537,0,8160,8192,5820,134,-6064,-103,37,29
2626719892,-4306,7058,-2000,42,-11,194,0,0,-7,-1,-16286,0,5778,292,-6074,-104,34,31
2626769892,-4250,6990,-1952,115,-204,-84,-16284,0,-15537,0,8160,8192,5814,344,-5954,-107,31,34
2626819892,-4080,7166,-1942,147,-199,-74,-16282,0,-15537,0,8160,8192,5834,258,-6018,-101,54,27
2626869892,-4286,7058,-1904,100,-90,130,0,0,-7,-1,-16280,0,5720,186,-6096,-109,36,30
2626919892,-4570,6830,-1574,133,-105,24,0,0,-7,-1,-17277,0,5870,-532,-5990,-106,35,30
2626969892,-4626,6846,-1660,12,24,248,0,0,-7,-1,-16275,0,5816,-160,-6034,-109,16,33
2627019892,-4400,6956,-1886,119,-189,-3,0,0,-7,-1,-16273,0,5696,314,-6050,-113,12,36
2627069892,-4094,7160,-1794,168,-202,-97,8160,8192,0,0,645,8192,5856,-20,-6004,-102,27,27
2627119892,-3748,7076,-2252,24,-53,132,-18270,0,-15537,0,8160,8192,5784,660,-5986,-110,31,34
2627169892,-4006,7210,-2338,111,-110,84,-16267,0,-15537,0,8160,8192,5864,876,-6126,-105,42,31
2627219892,-3564,7378,-2598,126,-383,-429,-16265,0,-15537,0,8160,8192,5650,952,-5796,-104,45,30
2627269892,-3684,7644,-2660,244,-503,-505,0,0,-7,-1,-16263,0,5600,1340,-6056,-106,39,30
2627319892,-3498,7122,-2582,145,-383,-349,-17261,0,-15537,0,8160,8192,5796,1244,-5970,-103,46,21
2627369892,-4132,7292,-2274,178,-349,-234,-17258,0,-15537,0,8160,8192,5588,1102,-6158,-96,31,34
2627419892,-4644,7438,-2176,133,-239,-85,0,0,-7,-1,-17256,0,5474,306,-5960,-106,52,15
2627469892,-4228,6960,-2102,111,-218,-86,0,0,-7,-1,-17254,0,5026,-108,-6234,-106,45,28
2627519892,-4432,6500,-1664,119,-232,-47,-16252,0,-15537,0,8160,8192,6446,224,-5360,-94,14,24
2627569892,-4714,7060,-2162,75,-184,18,0,0,-7,-1,-16250,0,7310,1310,-4916,-93,8,29
2627619892,-4696,7022,-1958,108,-230,-13,-16248,0,-15537,0,8160,8192,5650,312,-6086,-106,36,17
2627669892,-5098,6868,-1932,111,-220,-143,-16247,0,-15537,0,8160,8192,4430,740,-7368,-96,35,25
2627719892,-4374,6392,-1848,88,-269,-144,-16245,0,-15537,0,8160,8192,6454,-48,-5672,-104,20,24
2627769892,-5694,8014,-2824,115,-154,15,-17245,0,-15537,0,8160,8192,6712,-172,-5876,-104,36,12
2627819892,-4332,6296,-1530,63,-150,-36,-17242,0,-15537,0,8160,8192,5136,-218,-6208,-105,49,18
2627869892,-5396,7172,-1728,60,-133,-29,0,0,-7,-1,-16239,0,5854,336,-6264,-86,18,30
2627919892,-5098,6942,-1170,78,-239,-278,-18236,0,-15537,0,8160,8192,4984,-152,-6298,-108,47,10
2627969892,-5166,6674,-1376,147,-254,-143,-16235,0,-15537,0,8160,8192,7008,-286,-4874,-98,23,35
2628019892,-5244,6106,-1264,53,-98,-48,-18233,0,-15537,0,8160,8192,6646,-112,-5464,-110,10,16
2628069892,-5376,6362,-1112,50,45,175,0,0,-7,-1,-16231,0,5164,-640,-6414,-106,38,28
2628119892,-4854,6022,-698,73,163,316,-16229,0,-15537,0,8160,8192,6308,-760,-5628,-110,32,23
2628169892,-5186,6540,-1292,76,4,147,-16226,0,-15537,0,8160,8192,6154,-746,-5978,-102,44,42
2628219892,-4918,5998,-956,116,-105,-10,8160,8192,-20316,-25434,645,8192,5560,-528,-6156,-107,43,31
2628269892,-5472,6512,-1442,67,-190,12,-16220,0,-15537,0,8160,8192,6016,-786,-5856,-102,22,28
2628319892,-5352,6304,-1166,80,-187,-55,8160,8192,14148,-25432,645,8192,5846,-494,-6004,-105,23,28
2628369892,-5636,6356,-1234,121,-191,-98,8160,8192,0,0,645,8192,5908,-698,-6038,-105,35,31
2628419892,-5608,6192,-1022,105,-16,287,0,0,-7,-1,-16212,0,5898,-1066,-5884,-107,31,31
2628469892,-5878,6070,-830,84,52,340,8160,8192,0,0,645,8192,6102,-1304,-5960,-106,20,30
2628519892,-5582,5506,-352,96,157,532,-18208,0,-15537,0,8160,8192,6746,-1544,-5476,-109,25,36
2628569892,-5590,5752,-460,7,276,603,8160,8192,2004,-25428,645,8192,6754,-1196,-5512,-119,41,31
2628619892,-5592,6274,-1024,86,176,486,-17204,0,-15537,0,8160,8192,5558,-1134,-6422,-116,65,42
2628669892,-5856,6852,-1640,15,176,532,-16201,0,-15537,0,8160,8192,7236,-658,-5422,-119,40,36
2628719892,-3928,5064,-712,45,193,648,-16199,0,-15537,0,8160,8192,5296,-610,-6200,-111,45,48
2628769892,-4408,6040,-920,41,125,444,0,0,-7,-1,-16196,0,6522,-552,-4966,-113,17,45
2628819892,-4474,6722,-1798,49,-23,233,-16194,0,-15537,0,8160,8192,6968,356,-5210,-121,14,29
2628869892,-4610,7360,-2422,126,-277,-109,0,0,-7,-1,-16192,0,5194,10,-6002,-107,-3,48
2628919892,-2760,6240,-1778,135,-305,-334,0,0,-7,-1,-16189,0,5474,736,-6108,-104,17,52
2628969892,-3326,7990,-2902,167,-301,-281,0,0,-7,-1,-16187,0,6118,2074,-6034,-113,15,43
2629019892,-2946,7570,-2690,96,-7,136,0,0,-7,-1,-17185,0,5180,582,-6150,-99,55,23
2629069892,-3182,7120,-2474,42,156,435,-16185,0,-15537,0,8160,8192,6424,1722,-5364,-102,32,28
2629119892,-3748,7640,-2458,92,-4,216,-16184,0,-15537,0,8160,8192,6086,334,-5760,-104,37,27
2629169892,-3752,7390,-2406,87,-90,84,8160,8192,12180,-25419,645,8192,5752,1052,-6110,-106,34,30
2629219892,-4304,7114,-1932,149,-32,275,-17180,0,-15537,0,8160,8192,5664,298,-6142,-104,40,35
2629269892,-3956,7068,-1928,44,8,159,-16178,0,-15537,0,8160,8192,5848,696,-5942,-104,37,29
2629319892,-4092,7482,-2322,155,-149,23,-16177,0,-15537,0,8160,8192,5612,662,-6288,-112,49,28
2629369892,-3618,7200,-2210,114,-127,30,8160,8192,15572,-25416,645,8192,5696,994,-6056,-108,50,32
2629419892,-4040,7260,-2062,158,-120,87,-16173,0,-15537,0,8160,8192,5680,478,-6078,-113,32,36
2629469892,-3758,7240,-2206,80,-80,63,8160,8192,0,0,645,8192,5832,506,-6092,-113,35,36
2629519892,-3752,7128,-2282,94,-49,202,0,0,-7,-1,-17169,0,5744,678,-5988,-106,39,26
2629569892,-4350,7058,-1698,99,34,383,0,0,-7,-1,-16167,0,5982,-290,-5928,-107,5,29
2629619892,-4040,6978,-2122,-59,88,251,-17165,0,-15537,0,8160,8192,5768,550,-5820,-107,4,27
2629669892,-3988,7100,-1950,168,-199,56,0,0,-7,-1,-16163,0,5714,236,-6120,-109,31,31
2629719892,-3814,7228,-2282,96,-235,-240,-16161,0,-15537,0,8160,8192,5732,572,-6044,-102,37,28
2629769892,-3532,7342,-2362,130,-222,-55,8160,8192,0,0,645,8192,5692,1020,-6036,-106,38,32
2629819892,-3928,7246,-2090,124,-152,52,8160,8192,6820,-25409,645,8192,5816,398,-6044,-106,30,32
2629869892,-4554,6914,-1552,102,35,296,-16154,0,-15537,0,8160,8192,5826,-508,-6056,-107,27,27
2629919892,-4250,6942,-2008,24,-54,49,-18151,0,-15537,0,8160,8192,5776,196,-5972,-105,26,30
2629969892,-4110,7110,-1904,186,-293,-160,-16150,0,-15537,0,8160,8192,5800,158,-6064,-103,33,27
2630019892,-4176,7104,-1920,68,-71,62,8160,8192,10212,-25406,645,8192,5734,50,-6016,-110,32,34
2630069892,-4164,7182,-2012,64,-14,209,-16148,0,-15537,0,8160,8192,5778,360,-6148,-108,36,28
2630119892,-4154,7060,-2040,111,-169,-42,-16145,0,-15537,0,8160,8192,5772,268,-6092,-104,35,31
2630169892,-4154,7086,-1878,129,-140,12,-18144,0,-15537,0,8160,8192,5656,90,-6078,-103,37,31
2630219892,-4132,7110,-2026,73,-66,131,-16142,0,-15537,0,8160,8192,5730,262,-5990,-104,30,29
2630269892,-4068,7162,-2056,112,-184,-49,8160,8192,0,0,645,8192,5820,492,-6046,-105,37,31
2630319892,-4030,7194,-2018,144,-204,-69,8160,8192,0,0,645,8192,5836,458,-6018,-103,40,29
2630369892,-4128,7080,-1918,139,-142,-37,8160,8192,32532,-25401,645,8192,5826,180,-6034,-104,48,29
2630419892,-4422,7080,-1748,142,-143,14,0,0,-7,-1,-16134,0,5740,-230,-6100,-106,37,32
2630469892,-4234,6978,-2072,49,-98,52,-16132,0,-15537,0,8160,8192,5962,374,-5904,-105,34,28
2630519892,-4354,6962,-1964,148,-272,-173,-16130,0,-15537,0,8160,8192,5948,50,-5916,-104,21,29
2630569892,-4142,7118,-2086,80,-226,-143,-16128,0,-15537,0,8160,8192,5762,556,-6072,-108,22,33
2630619892,-4110,7116,-2010,147,-231,-47,0,0,-7,-1,-17126,0,5738,318,-6074,-102,37,27
2630669892,-4106,7224,-2294,48,-197,-88,0,0,-7,-1,-17125,0,5790,908,-5988,-106,42,30
2630719892,-3848,6876,-2162,218,-402,-285,-16123,0,-15537,0,8160,8192,5938,766,-6032,-104,25,29
2630769892,-3646,6764,-2024,165,-413,-378,-17122,0,-15537,0,8160,8192,5864,818,-5936,-100,29,33
2630819892,-4184,7080,-2116,167,-291,-175,-18120,0,-15537,0,8160,8192,5598,658,-6030,-106,40,24
2630869892,-4418,7240,-2192,118,-240,-105,8160,8192,0,0,645,8192,5858,762,-5938,-105,34,19
2630919892,-3936,6912,-1938,164,-242,-78,0,0,-7,-1,-16116,0,6274,202,-5714,-103,44,29
2630969892,-4468,6874,-2032,107,-242,-78,-16113,0,-15537,0,8160,8192,6430,994,-5740,-98,19,27
2631019892,-3650,6556,-1856,112,-251,-55,-16111,0,-15537,0,8160,8192,6808,388,-5150,-97,18,30
2631069892,-4414,7056,-2162,102,-176,96,-17110,0,-15537,0,8160,8192,6918,584,-5562,-102,11,23
2631119892,-3976,6084,-1270,81,-73,94,0,0,-7,-1,-16108,0,5860,-244,-5918,-95,32,27
2631169892,-4660,6922,-2188,29,-215,-9,-16107,0,-15537,0,8160,8192,6380,86,-5804,-96,2,23
2631219892,-4030,6796,-1558,92,-151,47,-16105,0,-15537,0,8160,8192,6690,1296,-5310,-96,16,27
2631269892,-4614,6024,-1600,90,-182,-41,0,0,-7,-1,-16103,0,4748,444,-6680,-106,47,20
2631319892,-5498,7150,-2124,125,-186,-124,8160,8192,-508,-25387,645,8192,5108,282,-6564,-108,46,21
2631369892,-5364,7230,-1752,96,-147,-11,8160,8192,0,0,645,8192,5578,504,-6328,-89,23,32
2631419892,-5270,6508,-1614,96,-116,-123,-16097,0,-15537,0,8160,8192,5932,-84,-5736,-110,23,13
2631469892,-5760,6972,-1514,124,-124,-3,-17095,0,-15537,0,8160,8192,5252,-360,-6106,-97,5,34
2631519892,-5374,6416,-1094,25,-42,5,-16094,0,-15537,0,8160,8192,5646,-576,-5890,-103,26,24
2631569892,-5060,5676,-930,79,-49,19,0,0,-7,-1,-16092,0,6282,-450,-6110,-101,8,23
2631619892,-5406,6384,-1518,22,-3,86,-16090,0,-15537,0,8160,8192,5830,-336,-6202,-97,12,28
2631669892,-4654,6624,-1620,86,-106,-24,0,0,-7,-1,-17088,0,5778,410,-6030,-108,26,26
2631719892,-4620,6756,-1802,127,-317,-363,-16085,0,-15537,0,8160,8192,5676,550,-6032,-115,48,31
2631769892,-4560,6174,-1538,139,-316,-270,8160,8192,-9260,-25380,645,8192,5552,380,-6018,-108,74,40
2631819892,-5172,7006,-2150,60,-259,-218,0,0,-7,-1,-16080,0,5670,774,-5866,-103,50,30
2631869892,-5458,6866,-1660,163,-280,-244,0,0,-7,-1,-16077,0,5764,-62,-6020,-102,46,25
2631919892,-5362,5814,-1182,135,-26,216,-16075,0,-15537,0,8160,8192,6430,-840,-5654,-111,21,20
2631969892,-5760,5904,-660,24,272,472,-16072,0,-15537,0,8160,8192,5840,-1164,-6108,-112,38,35
2632019892,-6328,5746,-488,113,192,487,-16070,0,-15537,0,8160,8192,5992,-2080,-5884,-109,28,29
2632069892,-6280,5792,-438,35,258,589,0,0,-7,-1,-16067,0,5848,-2372,-5970,-107,32,32
2632119892,-6672,6036,-508,30,252,538,-18066,0,-15537,0,8160,8192,5844,-1868,-6234,-105,48,38
2632169892,-5124,5200,442,29,97,406,8160,8192,0,0,645,8192,5262,-2320,-6398,-113,31,38
2632219892,-5922,6534,-1314,2,163,477,-16062,0,-15537,0,8160,8192,6626,-1214,-5380,-116,24,35
2632269892,-5258,5986,-722,72,254,698,0,0,-7,-1,-16060,0,4928,-1054,-7150,-121,53,48
2632319892,-5148,7138,-1842,-54,192,474,0,0,-7,-1,-16058,0,5952,112,-6534,-121,25,44
2632369892,-2756,5404,-180,65,80,214,8160,8192,0,0,645,8192,6144,254,-6016,-134,37,31
2632419892,-3704,6748,-2086,27,-173,141,-16055,0,-15537,0,8160,8192,7888,984,-5918,-125,-8,47
2632469892,-3698,6662,-2562,119,-174,-34,0,0,-7,-1,-16053,0,6036,2008,-3502,-111,9,38
2632519892,-5324,9474,-4412,138,-320,-109,8160,8192,19844,-25368,645,8192,7334,1848,-4464,-109,14,40
2632569892,-3678,7266,-2490,110,34,216,-18049,0,-15537,0,8160,8192,3594,-696,-6390,-103,43,22
2632619892,-3566,7002,-2348,2,213,440,0,0,-7,-1,-16048,0,5870,628,-5828,-92,12,34
2632669892,-4004,7742,-2526,135,-90,102,-16046,0,-15537,0,8160,8192,4592,1290,-7076,-107,33,17
2632719892,-3692,7902,-2890,147,-330,-246,-17045,0,-15537,0,8160,8192,4202,894,-7570,-109,31,22
2632769892,-3492,7616,-2316,205,-257,36,0,0,-7,-1,-17043,0,5510,656,-6086,-102,21,30
2632819892,-3676,7524,-2700,29,-95,81,0,0,-7,-1,-16042,0,5680,1454,-6302,-102,20,34
2632869892,-3646,7446,-2418,182,-100,123,-16039,0,-15537,0,8160,8192,5386,902,-6272,-110,41,29
2632919892,-3750,7432,-2428,49,76,305,-18037,0,-15537,0,8160,8192,5670,950,-5946,-109,48,31
2632969892,-4162,7274,-2136,139,52,347,-16034,0,-15537,0,8160,8192,5510,382,-6048,-108,52,33
2633019892,-3950,7144,-2002,77,12,188,-16032,0,-15537,0,8160,8192,5676,350,-6110,-102,45,30
2633069892,-4058,6976,-1896,142,-130,23,0,0,-7,-1,-16029,0,5780,320,-6108,-108,42,34
2633119892,-4154,7256,-2226,94,-127,52,-16027,0,-15537,0,8160,8192,5732,358,-6002,-109,36,29
2633169892,-3636,7256,-2302,112,-161,46,8160,8192,0,0,645,8192,5880,662,-5942,-108,31,32
2633219892,-4010,7164,-2048,116,-71,127,-16022,0,-15537,0,8160,8192,5714,314,-6046,-108,36,29
2633269892,-4070,7060,-2032,64,10,238,0,0,-7,-1,-17020,0,5670,318,-6076,-107,41,27
2633319892,-4078,7064,-2000,102,-106,55,-16019,0,-15537,0,8160,8192,5904,208,-5848,-110,25,32
2633369892,-4280,7154,-1868,75,-68,158,-16017,0,-15537,0,8160,8192,5974,-120,-6024,-109,5,28
2633419892,-4178,7166,-1950,40,8,231,0,0,-7,-1,-16015,0,5596,176,-6046,-110,25,28
2633469892,-4610,7180,-1634,133,-91,138,0,0,-7,-1,-16013,0,5844,-266,-5968,-105,16,28
2633519892,-3300,7244,-2840,39,-405,-698,-16012,0,-15537,0,8160,8192,5756,1568,-6006,-108,37,30
2633569892,-3658,7638,-2116,341,-510,-274,8160,8192,21268,-25352,645,8192,5924,52,-6020,-108,37,32
2633619892,-4850,6828,-1384,-133,525,974,8160,8192,5732,-25351,645,8192,5754,-638,-6104,-106,33,30
2633669892,-4440,6716,-2122,-9,41,227,-16010,0,-15537,0,8160,8192,5836,356,-5958,-110,27,30
2633719892,-3806,7336,-2000,356,-554,-503,0,0,-7,-1,-16008,0,5814,236,-6010,-99,30,28
2633769892,-3942,7390,-1904,96,-125,59,0,0,-7,-1,-16006,0,5852,104,-6054,-108,22,30
2633819892,-4288,7000,-1868,25,104,354,8160,8192,0,0,645,8192,5848,102,-5974,-106,33,30
2633869892,-4288,7038,-1954,85,-124,33,0,0,-7,-1,-17003,0,5850,256,-5942,-106,35,29
2633919892,-3884,7178,-2052,154,-283,-221,-16001,0,-15537,0,8160,8192,5720,322,-6000,-104,35,31
2633969892,-3860,7298,-2082,102,-125,44,-17998,0,-15537,0,8160,8192,5822,446,-6064,-103,33,27
2634019892,-3852,7134,-2202,77,-143,-9,0,0,-7,-1,-15997,0,5798,686,-6018,-110,27,28
2634069892,-3912,7198,-2026,192,-345,-303,8160,8192,-3020,-25345,645,8192,6058,588,-5882,-101,33,24
2634119892,-3726,7088,-2276,108,-310,-297,-15994,0,-15537,0,8160,8192,5798,542,-6088,-101,28,25
2634169892,-3944,6954,-2012,132,-233,-100,0,0,-7,-1,-15991,0,5852,590,-6048,-105,22,28
2634219892,-4060,7168,-2156,105,-231,-105,-15988,0,-15537,0,8160,8192,6146,570,-5676,-104,15,27
2634269892,-3954,6890,-1948,148,-296,-153,0,0,-7,-1,-16986,0,6098,764,-5902,-98,23,31
2634319892,-4302,6940,-1992,144,-336,-255,8160,8192,-15164,-25341,645,8192,5526,464,-6280,-102,26,31
2634369892,-4142,7000,-2074,155,-318,-178,-16981,0,-15537,0,8160,8192,5608,806,-6256,-107,57,23
2634419892,-4160,6720,-1948,163,-362,-245,8160,8192,19300,-25339,645,8192,6244,260,-5756,-102,49,29
2634469892,-4170,6892,-1936,98,-243,-121,-15976,0,-15537,0,8160,8192,6316,108,-5536,-98,19,33
2634519892,-4162,6360,-2118,93,-224,-8,-17974,0,-15537,0,8160,8192,6522,790,-5546,-101,47,28
2634569892,-4502,6914,-1926,136,-271,-94,-16971,0,-15537,0,8160,8192,6836,702,-5532,-103,26,28
2634619892,-4688,7202,-2024,75,-119,80,-15969,0,-15537,0,8160,8192,5932,542,-5956,-108,45,21
2634669892,-4940,7826,-2446,108,-189,-2,-15966,0,-15537,0,8160,8192,5606,74,-6070,-94,47,29
2634719892,-5140,7980,-2610,62,-189,-106,0,0,-7,-1,-15964,0,5652,252,-6688,-103,28,23
2634769892,-4926,6928,-1902,100,-96,87,-16960,0,-15537,0,8160,8192,4314,220,-6720,-107,36,20
2634819892,-3896,5922,-1486,81,-98,125,-15956,0,-15537,0,8160,8192,6502,54,-5478,-103,23,20
2634869892,-4600,6192,-1592,109,-141,-46,0,0,-7,-1,-16954,0,6124,296,-5772,-105,26,25
2634919892,-4728,6770,-1770,71,-215,-170,0,0,-7,-1,-16952,0,5548,58,-6386,-90,40,30
2634969892,-4662,7074,-1494,142,-204,-213,0,0,-7,-1,-16951,0,5230,604,-5776,-106,32,18
2635019892,-5044,6388,-1354,85,-272,-169,8160,8192,29476,-25330,645,8192,6650,442,-5818,-91,16,30
2635069892,-5150,7024,-1356,85,-204,-187,0,0,-7,-1,-15945,0,5630,338,-6110,-109,12,15
2635119892,-4992,6912,-1724,108,-252,-230,0,0,-7,-1,-15945,0,5316,28,-6630,-104,44,31
2635169892,-4256,6440,-1376,103,-151,-136,0,0,-7,-1,-16942,0,6064,94,-5880,-107,36,25
2635219892,-4920,6494,-1490,55,139,253,8160,8192,-32668,-25327,645,8192,4998,-194,-6574,-96,26,40
2635269892,-5008,6356,-1326,95,-32,45,0,0,-7,-1,-15938,0,5788,72,-5698,-106,39,30
2635319892,-4956,6644,-1104,137,-102,-47,-15937,0,-15537,0,8160,8192,5888,-132,-5992,-109,43,34
2635369892,-5384,5636,-776,94,-20,62,-15935,0,-15537,0,8160,8192,6042,-1196,-6270,-108,42,30
2635419892,-5742,5740,-516,129,-76,177,8160,8192,-29276,-25324,645,8192,5840,-1454,-6070,-112,39,37
2635469892,-5668,5746,-718,73,-191,-75,0,0,-7,-1,-15930,0,5916,-1318,-5986,-104,32,33
2635519892,-6140,5880,-562,156,-145,56,8160,8192,5188,-25322,645,8192,5828,-1636,-6100,-108,26,32
2635569892,-5710,5652,-444,77,24,340,-15924,0,-15537,0,8160,8192,5914,-1862,-5854,-111,6,32
2635619892,-6080,5834,-322,88,222,614,-15922,0,-15537,0,8160,8192,6012,-1794,-6078,-107,41,33
2635669892,-6814,6772,-1116,0,332,739,8160,8192,24116,-25320,645,8192,5448,-1598,-6946,-112,44,43
2635719892,-8538,8440,-1952,35,337,837,8160,8192,8580,-25319,645,8192,5312,-2282,-7468,-116,30,43
2635769892,-5474,6150,-572,-56,426,845,0,0,-7,-1,-15917,0,5604,-1062,-5962,-122,42,37
2635819892,-5982,6676,-958,-7,331,859,-17914,0,-15537,0,8160,8192,5462,-532,-6426,-113,7,55
2635869892,-3494,5120,-702,-114,58,393,8160,8192,27508,-25317,645,8192,5042,-304,-8782,-130,28,47
2635919892,-3452,6952,-2168,156,-443,-307,-16909,0,-15537,0,8160,8192,6854,1586,-6120,-130,8,47
2635969892,-5338,9462,-3032,279,-281,-275,-16907,0,-15537,0,8160,8192,6426,416,-5404,-108,38,34
2636019892,-2806,7238,-2444,29,-33,-2,-17905,0,-15537,0,8160,8192,6012,3304,-6346,-82,49,36
2636069892,-3760,7974,-3376,127,-5,119,-15902,0,-15537,0,8160,8192,6196,2242,-5552,-92,51,35
2636119892,-4186,8780,-3392,152,-62,1,0,0,-7,-1,-16898,0,-20,634,-8508,-114,69,19
2636169892,-3236,8058,-3276,164,-390,-219,0,0,-7,-1,-16898,0,6270,2078,-5614,-103,28,28
2636219892,-3120,7422,-2538,182,-196,112,0,0,-7,-1,-15896,0,5758,892,-6296,-106,0,35
2636269892,-3540,7826,-2724,23,-33,176,-16894,0,-15537,0,8160,8192,5706,1486,-5822,-97,3,40
2636319892,-3340,7234,-2516,173,-90,126,8160,8192,18756,-25310,645,8192,5892,1160,-5804,-105,30,28
2636369892,-3980,7402,-2070,65,221,580,-15889,0,-15537,0,8160,8192,5754,276,-5980,-105,53,29
2636419892,-4426,6996,-1882,-15,342,682,-15886,0,-15537,0,8160,8192,5818,-260,-5996,-110,50,28
2636469892,-4334,6966,-1720,98,17,254,-15884,0,-15537,0,8160,8192,5726,124,-6066,-107,51,30
2636519892,-4208,6984,-1668,171,-180,-50,0,0,-7,-1,-15881,0,5994,-128,-5984,-109,38,30
2636569892,-4218,7208,-1846,124,-145,-17,0,0,-7,-1,-16880,0,5714,-156,-6138,-110,39,32
2636619892,-4068,7248,-2328,103,-222,-110,8160,8192,-8924,-25306,645,8192,5816,926,-5966,-115,36,33
2636669892,-3836,7390,-2280,148,-290,-231,0,0,-7,-1,-15876,0,5764,898,-5924,-110,17,34
2636719892,-3654,7336,-2290,122,-153,42,-15874,0,-15537,0,8160,8192,5906,748,-6060,-105,23,26
2636769892,-3874,7172,-2112,25,59,372,8160,8192,10004,-25303,645,8192,5758,604,-6022,-117,10,31
2636819892,-4158,7018,-2116,101,-75,107,-15871,0,-15537,0,8160,8192,5890,190,-5926,-106,11,26
2636869892,-4104,7112,-1894,76,-95,150,-15868,0,-15537,0,8160,8192,5796,194,-5960,-110,10,27
2636919892,-4450,6984,-1766,106,-74,136,-15864,0,-15537,0,8160,8192,5688,-314,-6112,-109,16,25
2636969892,-4052,7152,-2126,19,-11,236,-17861,0,-15537,0,8160,8192,5630,692,-6068,-102,21,28
2637019892,-3702,7322,-2182,252,-451,-476,0,0,-7,-1,-16859,0,5840,528,-5968,-107,38,31
2637069892,-4236,7242,-1642,179,-115,69,8160,8192,-17676,-25299,645,8192,5824,-700,-6118,-105,38,29
2637119892,-4448,6804,-1868,-131,305,634,8160,8192,32324,-25298,645,8192,5818,148,-6046,-109,25,28
2637169892,-4434,6978,-1984,178,-264,-135,8160,8192,0,0,645,8192,5784,212,-6068,-104,25,30
2637219892,-3828,7222,-1882,217,-398,-359,8160,8192,0,0,645,8192,5824,118,-6052,-105,27,32
2637269892,-3948,7230,-1928,76,16,244,-15844,0,-15537,0,8160,8192,5786,208,-6042,-110,44,33
2637319892,-4178,6890,-1982,50,32,252,-15842,0,-15537,0,8160,8192,5828,306,-5956,-102,42,27
2637369892,-4322,7098,-1860,145,-211,-88,0,0,-7,-1,-15838,0,5640,30,-6118,-105,27,29
2637419892,-3942,7218,-2012,108,-213,-119,-15836,0,-15537,0,8160,8192,5946,300,-5938,-108,28,31
2637469892,-4072,7088,-1962,110,-81,110,-17835,0,-15537,0,8160,8192,5848,294,-6002,-101,44,29
2637519892,-3910,7202,-2178,96,-183,-94,-15831,0,-15537,0,8160,8192,5816,682,-6098,-108,48,33
2637569892,-3706,7192,-2224,201,-381,-387,-15828,0,-15537,0,8160,8192,5874,734,-5948,-108,45,32
2637619892,-3644,7262,-2352,147,-314,-246,-16826,0,-15537,0,8160,8192,5598,636,-6146,-101,54,26
2637669892,-3916,6848,-1958,111,-132,28,-15824,0,-15537,0,8160,8192,5786,546,-5938,-108,43,30
2637719892,-4400,7320,-2354,67,-183,-50,-17822,0,-15537,0,8160,8192,5856,692,-5876,-98,33,19
2637769892,-3990,6772,-1972,158,-319,-133,0,0,-7,-1,-16818,0,6052,600,-5948,-101,3,34
2637819892,-4564,7382,-2220,75,-234,-102,8160,8192,11428,-25287,645,8192,5786,388,-6022,-94,20,25
2637869892,-4188,6926,-1984,142,-307,-197,0,0,-7,-1,-16814,0,5666,536,-6190,-112,33,25
2637919892,-4386,7318,-2334,180,-453,-305,0,0,-7,-1,-15812,0,6144,572,-5838,-103,17,23
2637969892,-4092,7374,-2378,146,-365,-230,-16810,0,-15537,0,8160,8192,5580,754,-6654,-104,9,24
2638019892,-3866,6466,-1900,128,-282,-67,0,0,-7,-1,-15806,0,6592,660,-5402,-106,39,24
2638069892,-4830,7576,-2372,86,-201,-41,0,0,-7,-1,-15803,0,4560,1072,-6570,-97,39,26
2638119892,-4276,7120,-2014,133,-243,-8,0,0,-7,-1,-15801,0,5978,930,-5768,-108,34,25
2638169892,-5190,7692,-2202,87,-82,106,-15795,0,-15537,0,8160,8192,4192,314,-6986,-89,50,24
2638219892,-3972,6412,-1458,48,-99,92,0,0,-7,-1,-15793,0,6592,-330,-6196,-106,26,22
2638269892,-2990,4216,-576,37,-79,172,-15791,0,-15537,0,8160,8192,8452,418,-4156,-102,-4,12
2638319892,-3672,6340,-1446,74,-182,-16,-16789,0,-15537,0,8160,8192,4830,312,-6848,-99,34,24
2638369892,-4490,6556,-1422,139,-216,-178,0,0,-7,-1,-15787,0,5020,-70,-6422,-103,35,21
2638419892,-5020,7300,-1790,70,-102,26,0,0,-7,-1,-16785,0,5838,364,-5998,-89,38,28
2638469892,-4964,6778,-1834,89,-197,-205,8160,8192,6068,-25277,645,8192,4844,-220,-6732,-111,24,17
2638519892,-4188,6440,-1452,103,-335,-263,-15780,0,-15537,0,8160,8192,6664,-404,-5544,-99,3,37
2638569892,-4194,6052,-1244,62,-383,-565,-17778,0,-15537,0,8160,8192,6982,782,-5316,-110,33,24
2638619892,-4926,7274,-2288,83,-548,-572,-15775,0,-15537,0,8160,8192,4802,704,-6108,-94,36,33
2638669892,-4786,6714,-2074,154,-285,-435,0,0,-7,-1,-15773,0,5182,30,-6520,-107,18,13
2638719892,-5386,6406,-1144,103,142,363,-15771,0,-15537,0,8160,8192,6424,-508,-5698,-102,38,39
2638769892,-6016,5918,-982,-55,626,845,-15767,0,-15537,0,8160,8192,6952,-1056,-5512,-105,48,31
2638819892,-6652,6164,-1068,96,280,554,-15765,0,-15537,0,8160,8192,6310,-1704,-5806,-108,29,33
2638869892,-6570,6190,-1016,104,-27,39,-15763,0,-15537,0,8160,8192,6058,-1716,-5918,-108,35,33
2638919892,-5488,6084,-892,109,-209,15,-15761,0,-15537,0,8160,8192,6156,-1812,-5838,-104,22,33
2638969892,-5646,6192,-1220,-14,-139,-15,-15756,0,-15537,0,8160,8192,5914,-788,-5950,-110,45,28
2639019892,-5818,6078,-950,138,-151,6,0,0,-7,-1,-15751,0,6036,-1466,-5928,-110,61,33
2639069892,-5586,6330,-1152,84,148,476,8160,8192,16244,-25268,645,8192,5860,-748,-5968,-114,41,36
2639119892,-5446,5840,-594,90,269,619,8160,8192,708,-25267,645,8192,5810,-1536,-6228,-110,40,34
2639169892,-6340,6644,-412,10,348,648,-15745,0,-15537,0,8160,8192,5314,-1652,-6230,-117,31,39
2639219892,-5578,5982,-718,3,292,695,-17743,0,-15537,0,8160,8192,6278,-1666,-5486,-115,28,35
2639269892,-5548,5794,-356,-1,363,863,8160,8192,19636,-25265,645,8192,4724,-1452,-6500,-118,37,44
2639319892,-5564,6946,-920,-86,319,677,0,0,-7,-1,-15739,0,6782,440,-6198,-115,-1,51
2639369892,-6178,8356,-2378,26,76,349,0,0,-7,-1,-15738,0,6010,-2230,-5570,-124,43,46
2639419892,-5008,8270,-3210,32,-294,-195,8160,8192,-26972,-25263,645,8192,7366,232,-4440,-135,64,36
2639469892,-2548,6980,-1952,222,-541,-570,0,0,-7,-1,-16732,0,6838,3770,-6246,-98,26,48
2639519892,-3678,7918,-3172,179,-315,-341,8160,8192,0,0,645,8192,6154,2332,-5104,-95,57,20
2639569892,-3352,8148,-3018,145,-18,71,0,0,-7,-1,-15727,0,5610,1688,-5844,-98,39,28
2639619892,-2664,7440,-2662,234,-281,-59,0,0,-7,-1,-15724,0,6912,2022,-5064,-105,21,25
2639669892,-3004,6424,-2950,108,-171,47,8160,8192,26420,-25259,645,8192,6900,1880,-5284,-107,-9,28
2639719892,-3766,7922,-2442,151,-72,239,0,0,-7,-1,-15719,0,5260,444,-6366,-100,15,36
2639769892,-3758,7554,-2562,-18,166,462,-15715,0,-15537,0,8160,8192,6246,1148,-5884,-106,23,31
2639819892,-3624,7166,-2070,100,100,400,0,0,-7,-1,-15712,0,5904,702,-6000,-110,58,28
2639869892,-3600,6910,-1920,93,9,208,-15710,0,-15537,0,8160,8192,5986,604,-5968,-111,52,35
2639919892,-3776,7250,-2288,117,-170,-71,8160,8192,14276,-25255,645,8192,5682,686,-6048,-106,47,34
2639969892,-3700,7066,-1988,159,-230,-37,8160,8192,0,0,645,8192,5898,482,-5948,-112,31,30
2640019892,-3954,7280,-2288,86,-56,205,8160,8192,0,0,645,8192,5982,610,-5978,-107,23,31
2640069892,-3714,7288,-2242,84,-95,58,8160,8192,0,0,645,8192,5704,802,-6070,-106,16,30
2640119892,-3780,7292,-2204,122,-84,166,8160,8192,17668,-25252,645,8192,5870,612,-5906,-106,17,30
2640169892,-3958,7226,-2152,69,-80,98,-15699,0,-15537,0,8160,8192,5986,292,-5948,-111,10,31
2640219892,-4178,7184,-1942,87,-46,204,-15697,0,-15537,0,8160,8192,5742,58,-5968,-110,5,25
2640269892,-4096,7138,-1930,93,-116,21,-15694,0,-15537,0,8160,8192,5710,280,-5990,-106,27,23
2640319892,-4286,7306,-1870,109,-85,147,-15691,0,-15537,0,8160,8192,5714,-38,-6070,-103,28,26
2640369892,-4384,7146,-1868,79,-38,115,8160,8192,5524,-25248,645,8192,5672,-172,-6148,-111,36,27
2640419892,-3742,7444,-2456,58,-137,22,8160,8192,-10012,-25248,645,8192,5762,1264,-6116,-104,43,30
2640469892,-3510,7246,-2314,217,-402,-448,-16685,0,-15537,0,8160,8192,5776,464,-6018,-103,36,33
2640519892,-4412,7194,-1696,39,127,527,8160,8192,24452,-25246,645,8192,5818,-560,-6142,-107,20,29
2640569892,-4686,6748,-1884,-116,234,404,8160,8192,0,0,645,8192,5822,162,-6014,-106,25,27
2640619892,-3996,7216,-1970,284,-478,-433,-16677,0,-15537,0,8160,8192,5720,250,-6068,-102,32,31
2640669892,-3812,7366,-2004,146,-213,-112,-16674,0,-15537,0,8160,8192,5874,180,-6046,-106,41,32
2640719892,-3976,7078,-1966,23,136,408,8160,8192,27844,-25243,645,8192,5812,260,-5950,-107,55,32
2640769892,-4152,6980,-2054,95,-95,51,8160,8192,0,0,645,8192,5702,338,-6002,-108,42,27
2640819892,-3910,7240,-2088,163,-303,-229,0,0,-7,-1,-15666,0,5914,446,-5986,-101,32,27
2640869892,-3892,7370,-2156,116,-161,27,-15665,0,-15537,0,8160,8192,5698,584,-6024,-104,40,28
2640919892,-3856,7224,-2278,95,-174,-111,-17663,0,-15537,0,8160,8192,5916,642,-5960,-107,30,29
2640969892,-3394,7184,-2306,174,-413,-348,0,0,-7,-1,-15660,0,5710,1186,-6074,-107,30,32
2641019892,-3822,7314,-2340,192,-396,-340,-15656,0,-15537,0,8160,8192,6010,842,-5796,-104,20,27
2641069892,-3834,7034,-1932,178,-317,-237,8160,8192,-15372,-25238,645,8192,5850,880,-6026,-104,24,23
2641119892,-3952,7368,-2368,118,-321,-180,8160,8192,-30908,-25237,645,8192,5962,918,-5706,-98,20,32
2641169892,-4438,6968,-2002,201,-351,-212,-15648,0,-15537,0,8160,8192,6124,482,-5974,-103,19,22
2641219892,-4416,7214,-2108,68,-187,-66,-15645,0,-15537,0,8160,8192,5776,476,-5888,-110,22,26
2641269892,-4228,6696,-1590,109,-37,158,-15642,0,-15537,0,8160,8192,4688,456,-6212,-98,57,30
2641319892,-4860,7290,-2080,79,-141,94,8160,8192,-27516,-25234,645,8192,6570,102,-5814,-105,16,30
2641369892,-4456,6754,-1790,93,-179,-60,8160,8192,22484,-25233,645,8192,5470,510,-6266,-94,22,30
2641419892,-4810,7144,-2022,142,-342,-144,-15634,0,-15537,0,8160,8192,6122,652,-5602,-99,-1,35
2641469892,-4790,7492,-2506,100,-277,-78,-15632,0,-15537,0,8160,8192,5820,1144,-5980,-102,38,18
2641519892,-3874,6652,-1856,123,-263,-54,-17630,0,-15537,0,8160,8192,5686,220,-6004,-100,18,31
2641569892,-3970,6764,-1892,67,-237,-126,-15626,0,-15537,0,8160,8192,6000,250,-5938,-101,14,17
2641619892,-4478,6862,-2456,100,-317,-143,-15625,0,-15537,0,8160,8192,5688,496,-6286,-110,-9,17
2641669892,-3640,6568,-1840,68,-193,36,-17623,0,-15537,0,8160,8192,6460,586,-6308,-86,25,18
2641719892,-4264,6428,-1468,119,-71,74,-15620,0,-15537,0,8160,8192,6490,736,-4962,-95,37,28
2641769892,-4700,6750,-1618,70,-26,170,8160,8192,29268,-25227,645,8192,6428,362,-5664,-92,64,27
2641819892,-4278,6230,-1134,121,-142,-92,-15616,0,-15537,0,8160,8192,6884,464,-5104,-113,32,28
2641869892,-3666,5168,-604,150,-240,-144,8160,8192,-1804,-25226,645,8192,6334,-112,-5244,-109,42,31
2641919892,-5490,6396,-1246,102,-171,-69,8160,8192,-17340,-25225,645,8192,6292,-680,-5780,-117,47,26
2641969892,-5290,6398,-1542,88,-73,-81,0,0,-7,-1,-15608,0,6730,-294,-5712,-107,73,32
2642019892,-4442,6300,-1718,97,-241,-329,8160,8192,17124,-25223,645,8192,5622,244,-5974,-101,45,23
2642069892,-5034,7376,-2184,123,-322,-335,-15602,0,-15537,0,8160,8192,5968,612,-5814,-99,24,37
2642119892,-5446,7152,-1892,75,-56,27,-15599,0,-15537,0,8160,8192,5428,94,-6180,-107,34,27
2642169892,-4694,5692,-1226,99,-46,72,-15595,0,-15537,0,8160,8192,6980,-38,-5188,-108,66,28
2642219892,-5150,6414,-1204,170,-36,201,8160,8192,20516,-25220,645,8192,6380,-972,-5776,-107,52,31
2642269892,-5520,5918,-590,72,46,175,0,0,-7,-1,-15590,0,5984,-1148,-5740,-101,10,34
2642319892,-6576,6290,-894,77,33,288,8160,8192,0,0,645,8192,6082,-1346,-5812,-111,-3,30
2642369892,-6278,5822,-554,70,15,190,8160,8192,-26092,-25218,645,8192,5814,-1584,-6072,-103,3,27
2642419892,-6044,5898,-494,63,-5,223,8160,8192,0,0,645,8192,5830,-1726,-6104,-104,11,33
2642469892,-5918,6264,-978,5,168,548,0,0,-7,-1,-15580,0,6020,-1104,-5924,-107,33,31
2642519892,-5614,5822,-754,0,227,605,-15578,0,-15537,0,8160,8192,6012,-1558,-6314,-111,8,30
2642569892,-5300,5890,-568,27,256,638,8160,8192,-22700,-25215,645,8192,6282,-2004,-5096,-110,15,32
2642619892,-5268,6434,-1110,-8,265,589,0,0,-7,-1,-15571,0,6090,-1324,-6192,-118,45,19
2642669892,-4646,6138,-424,40,211,650,-15568,0,-15537,0,8160,8192,5944,-1540,-5330,-102,21,48
2642719892,-4948,5930,-636,-20,314,675,-17567,0,-15537,0,8160,8192,4082,-982,-6326,-109,63,45
2642769892,-5368,7678,-1378,13,212,571,-16564,0,-15537,0,8160,8192,3814,98,-7984,-101,43,59
2642819892,-4074,5992,-1312,108,-187,-67,8160,8192,0,0,645,8192,5188,-1528,-5450,-114,45,48
2642869892,1516,2842,326,71,-203,-194,-15559,0,-15537,0,8160,8192,4350,2030,-9742,-110,51,45
2642919892,-3518,8060,-3074,141,-311,-270,-15557,0,-15537,0,8160,8192,5974,1046,-5938,-123,19,34
2642969892,-2700,6928,-2830,187,-106,20,-17555,0,-15537,0,8160,8192,7484,1634,-5638,-111,35,32
2643019892,-3576,8082,-3216,211,-322,-264,8160,8192,-31452,-25208,645,8192,8156,3978,-3808,-102,59,44
2643069892,-2454,6870,-2758,196,-359,-234,0,0,-7,-1,-15553,0,5242,2144,-6948,-96,21,39
2643119892,-3210,7840,-2954,173,-276,-182,8160,8192,3012,-25206,645,8192,5820,1702,-5866,-118,49,30
2643169892,-3376,7484,-2400,103,120,392,-15548,0,-15537,0,8160,8192,5470,1334,-6100,-108,38,35
2643219892,-3232,6992,-2186,10,255,568,8160,8192,-28060,-25205,645,8192,5544,1142,-6048,-107,43,35
2643269892,-4226,7090,-2016,69,159,490,-16544,0,-15537,0,8160,8192,5986,534,-5974,-109,43,30
2643319892,-3944,7138,-2304,36,27,208,8160,8192,0,0,645,8192,5578,532,-6040,-107,45,29
2643369892,-3718,7384,-2086,219,-311,-256,-15541,0,-15537,0,8160,8192,5700,568,-5968,-110,44,31
2643419892,-3740,7328,-2218,127,-152,-9,0,0,-7,-1,-15539,0,5672,444,-6140,-105,53,26
2643469892,-4142,7134,-1844,64,105,407,8160,8192,25332,-25201,645,8192,5892,166,-5906,-107,25,26
2643519892,-4096,7044,-2002,23,-39,150,8160,8192,0,0,645,8192,5788,412,-5918,-105,9,29
2643569892,-4226,7224,-1930,132,-210,-35,8160,8192,-5740,-25200,645,8192,5878,134,-6082,-105,7,22
2643619892,-3958,7152,-1974,57,-106,52,8160,8192,0,0,645,8192,5826,276,-5964,-112,8,33
2643669892,-4172,7080,-1664,122,-21,281,-16531,0,-15537,0,8160,8192,5968,-124,-5908,-108,34,27
2643719892,-3758,7062,-2170,40,-114,-57,-16529,0,-15537,0,8160,8192,5680,508,-5954,-108,48,28
2643769892,-4110,7222,-1980,184,-163,59,-16527,0,-15537,0,8160,8192,5710,-20,-6066,-107,40,25
2643819892,-4136,7130,-2138,-7,54,248,0,0,-7,-1,-17525,0,5834,444,-6058,-103,30,30
2643869892,-3672,7456,-2332,173,-333,-287,0,0,-7,-1,-17524,0,5798,580,-6006,-103,22,31
2643919892,-4294,7198,-1664,129,-101,108,8160,8192,0,0,645,8192,5894,-348,-6038,-109,18,29
2643969892,-4498,6886,-1778,-38,156,448,0,0,-7,-1,-17520,0,5802,-144,-6044,-110,25,29
2644019892,-3944,7096,-2150,139,-266,-216,0,0,-7,-1,-17518,0,5880,492,-5948,-105,32,27
2644069892,-3812,7296,-2008,191,-285,-169,8160,8192,-30028,-25192,645,8192,5654,240,-6040,-105,39,31
2644119892,-3898,7260,-2160,30,10,215,-16514,0,-15537,0,8160,8192,5762,430,-6038,-109,26,30
2644169892,-4292,7212,-1984,131,-131,-3,-16512,0,-15537,0,8160,8192,5794,148,-6056,-103,35,24
2644219892,-3570,7228,-2432,88,-341,-315,8160,8192,0,0,645,8192,5742,822,-6030,-108,24,25
2644269892,-3902,7090,-2072,195,-333,-269,-16510,0,-15537,0,8160,8192,5804,594,-5966,-102,30,24
2644319892,-3842,7428,-2320,59,-213,-165,8160,8192,0,0,645,8192,5654,698,-6170,-100,42,27
2644369892,-3920,7288,-2368,120,-208,-57,-17507,0,-15537,0,8160,8192,5856,848,-5962,-107,37,30
2644419892,-3834,7042,-2104,119,-268,-135,8160,8192,-7708,-25187,645,8192,5944,528,-6018,-99,40,32
2644469892,-4318,7402,-2026,95,-221,-41,8160,8192,0,0,645,8192,5896,388,-6058,-98,24,32
2644519892,-4254,6876,-1942,121,-254,-204,0,0,-7,-1,-16500,0,5806,762,-5974,-106,37,25
2644569892,-3806,6564,-1838,228,-516,-425,8160,8192,11220,-25184,645,8192,5964,488,-6344,-105,38,21
2644619892,-4230,7108,-1836,194,-377,-265,0,0,-7,-1,-17494,0,5612,370,-5808,-102,44,34
2644669892,-3390,6364,-1546,119,-336,-118,-17492,0,-15537,0,8160,8192,6038,378,-5760,-101,9,28
2644719892,-4694,7376,-2566,58,-216,-26,8160,8192,30148,-25182,645,8192,5766,1102,-6058,-99,5,28
2644769892,-4298,6822,-1912,97,-187,-23,-16488,0,-15537,0,8160,8192,5988,90,-5760,-101,-3,26
2644819892,-4630,7794,-2622,77,-236,49,-16488,0,-15537,0,8160,8192,5512,1052,-6272,-108,41,21
2644869892,-4254,6882,-1998,128,-241,-43,0,0,-7,-1,-16486,0,5690,550,-5702,-94,26,28
2644919892,-4112,7080,-2228,123,-246,-38,-16484,0,-15537,0,8160,8192,6548,916,-6008,-102,46,19
2644969892,-5054,7656,-2548,103,-192,-94,-16481,0,-15537,0,8160,8192,5108,994,-6236,-106,44,20
2645019892,-4570,6524,-1960,91,-122,14,-17478,0,-15537,0,8160,8192,4742,310,-7108,-97,45,13
2645069892,-4442,6548,-1320,29,-26,107,8160,8192,-13068,-25177,645,8192,4680,-454,-6472,-87,42,31
2645119892,-4762,6556,-1932,82,-149,-65,-16474,0,-15537,0,8160,8192,5386,138,-6142,-107,28,16
2645169892,-5762,6450,-1640,128,-377,-216,0,0,-7,-1,-16472,0,5034,222,-6246,-108,6,28
2645219892,-5946,7960,-1910,126,-262,-183,-18470,0,-15537,0,8160,8192,4666,-856,-6322,-102,52,38
2645269892,-4632,6076,-1314,101,-19,-53,-16469,0,-15537,0,8160,8192,7014,700,-5088,-112,70,24
2645319892,-5446,6786,-1536,83,-81,-102,-16466,0,-15537,0,8160,8192,4586,-294,-6694,-101,57,45
2645369892,-5256,6270,-1700,101,-11,-1,0,0,-7,-1,-16465,0,7566,238,-4758,-103,39,25
2645419892,-5616,6388,-1440,143,-149,-29,-17464,0,-15537,0,8160,8192,6480,-520,-6320,-111,23,18
2645469892,-5936,6920,-1540,110,-84,54,0,0,-7,-1,-16463,0,6170,-540,-5786,-111,29,31
2645519892,-5784,6046,-660,91,-71,121,8160,8192,0,0,645,8192,5616,-1424,-6222,-108,14,28
2645569892,-5216,4964,-258,73,-111,-21,0,0,-7,-1,-16459,0,6470,-1620,-5798,-103,17,29
2645619892,-6070,5762,-516,35,-36,169,-18457,0,-15537,0,8160,8192,5906,-1582,-5996,-100,-5,33
2645669892,-6004,5840,-644,49,61,259,8160,8192,-2892,-25168,645,8192,5698,-1514,-6154,-107,3,29
2645719892,-5570,6004,-414,69,86,453,-16453,0,-15537,0,8160,8192,5866,-1468,-6130,-108,-1,33
2645769892,-6186,6544,-1108,-1,169,470,-16452,0,-15537,0,8160,8192,6252,-1252,-5636,-105,15,36
2645819892,-5604,6120,-600,65,216,586,-16450,0,-15537,0,8160,8192,5340,-1428,-6348,-110,56,32
2645869892,-5636,6386,-1044,-4,276,580,8160,8192,500,-25164,645,8192,4902,-1106,-6892,-105,57,39
2645919892,-5212,5942,-834,10,309,702,-16448,0,-15537,0,8160,8192,5386,-1156,-5786,-108,38,37
2645969892,-6618,7614,-1388,37,416,929,-16446,0,-15537,0,8160,8192,4190,-1762,-8264,-115,74,48
2646019892,-5798,6540,-1046,-114,406,762,8160,8192,0,0,645,8192,4708,-1086,-6982,-104,21,51
2646069892,-3766,5098,-652,38,42,286,0,0,-7,-1,-17442,0,6576,756,-5820,-105,24,60
2646119892,-3384,6406,-1868,166,-417,-487,0,0,-7,-1,-17440,0,7612,1410,-5338,-119,79,53
2646169892,-2454,5290,-1476,213,-344,-188,8160,8192,-27180,-25160,645,8192,2898,0,-9988,-112,83,59
2646219892,-3004,7798,-2970,-10,-81,-155,-17437,0,-15537,0,8160,8192,6588,2806,-5124,-109,44,25
2646269892,-2170,6828,-3176,325,-472,-510,0,0,-7,-1,-16435,0,7376,3584,-5526,-100,61,20
2646319892,-2356,8272,-3052,310,-575,-457,8160,8192,0,0,645,8192,4624,1896,-6998,-107,65,22
2646369892,-3050,7554,-2758,148,-141,133,-17430,0,-15537,0,8160,8192,6298,952,-5670,-105,31,36
2646419892,-3244,6704,-2068,-1,291,700,0,0,-7,-1,-17428,0,5920,984,-5674,-101,10,35
2646469892,-3720,7490,-2610,5,260,530,-16426,0,-15537,0,8160,8192,5304,1066,-6232,-112,53,24
2646519892,-3458,7244,-2380,105,-34,124,0,0,-7,-1,-16424,0,5664,1212,-6072,-114,50,35
2646569892,-3528,7058,-2064,144,-132,21,0,0,-7,-1,-17421,0,5524,706,-6024,-108,39,33
2646619892,-4302,7262,-1946,115,-7,286,8160,8192,29604,-25153,645,8192,5732,8,-6086,-110,32,32
2646669892,-4316,7064,-1818,19,154,423,0,0,-7,-1,-16418,0,5852,372,-6046,-110,23,34
2646719892,-4192,7186,-1894,79,-15,258,-18417,0,-15537,0,8160,8192,5958,114,-5846,-110,13,33
2646769892,-3642,7016,-1894,116,-195,-97,-16416,0,-15537,0,8160,8192,5640,542,-6000,-107,22,27
2646819892,-3396,7330,-2644,139,-433,-429,-16414,0,-15537,0,8160,8192,5586,1112,-6128,-110,11,32
2646869892,-3216,7672,-2550,203,-383,-359,-16412,0,-15537,0,8160,8192,5826,1112,-5940,-109,39,25
2646919892,-4406,7092,-1544,107,152,484,-16410,0,-15537,0,8160,8192,5766,-882,-6084,-109,45,24
2646969892,-4468,6818,-1876,-198,426,783,0,0,-7,-1,-16408,0,5940,358,-5892,-110,41,28
2647019892,-4278,7120,-2048,201,-276,-196,-18405,0,-15537,0,8160,8192,5860,148,-6222,-107,33,27
2647069892,-4244,6924,-1676,153,-165,42,-16403,0,-15537,0,8160,8192,5742,-818,-5914,-105,12,24
2647119892,-3610,7288,-2578,-113,35,195,-16400,0,-15537,0,8160,8192,5746,1760,-6084,-105,33,29
2647169892,-3544,7382,-2366,406,-655,-654,-16398,0,-15537,0,8160,8192,5800,916,-6008,-103,22,29
2647219892,-4242,7234,-1368,109,-30,140,0,0,-7,-1,-16395,0,5880,-762,-6128,-107,26,29
2647269892,-4814,6736,-1438,-103,359,619,8160,8192,0,0,645,8192,5910,-614,-5906,-108,26,26
2647319892,-4392,6964,-1758,47,-59,147,-18391,0,-15537,0,8160,8192,5928,22,-5952,-107,21,31
2647369892,-3948,7150,-2020,145,-295,-258,-16389,0,-15537,0,8160,8192,5866,114,-6038,-106,27,28
2647419892,-3766,7364,-2068,100,-132,42,-16386,0,-15537,0,8160,8192,5778,360,-6004,-103,37,30
2647469892,-3900,7264,-2224,86,-105,41,-16384,0,-15537,0,8160,8192,5668,418,-6070,-109,39,38
2647519892,-3798,7408,-2300,87,-132,-19,0,0,-7,-1,-16382,0,5730,650,-6066,-100,45,26
2647569892,-3968,7288,-2196,152,-272,-167,-17379,0,-15537,0,8160,8192,5710,424,-6086,-104,28,33
2647619892,-3748,7408,-2524,140,-353,-395,-16377,0,-15537,0,8160,8192,5564,1214,-6152,-100,46,23
2647669892,-3644,7426,-2590,210,-485,-428,8160,8192,31028,-25137,645,8192,6232,888,-5786,-107,31,34
2647719892,-3500,6960,-2068,104,-221,-125,8160,8192,15492,-25136,645,8192,5670,742,-6016,-98,55,22
2647769892,-4374,6898,-1942,71,-106,46,-18373,0,-15537,0,8160,8192,5732,24,-5698,-100,33,36
2647819892,-4024,6774,-2016,48,-123,57,-16372,0,-15537,0,8160,8192,5592,558,-6142,-98,29,28
2647869892,-5200,8154,-2646,217,-457,-442,-16370,0,-15537,0,8160,8192,5664,704,-5946,-106,29,24
2647919892,-3748,6960,-1982,198,-488,-394,-16368,0,-15537,0,8160,8192,5320,780,-6308,-105,33,26
2647969892,-4548,7772,-2542,85,-318,-241,8160,8192,3348,-25132,645,8192,5434,632,-6180,-94,23,28
2648019892,-4012,7294,-2228,127,-364,-53,-16365,0,-15537,0,8160,8192,6246,626,-5686,-99,2,30
2648069892,-5074,7700,-1878,89,-86,123,0,0,-7,-1,-16363,0,4354,38,-7072,-91,14,26
2648119892,-4394,6416,-1822,31,-94,184,0,0,-7,-1,-16361,0,5890,102,-5576,-103,27,22
2648169892,-3536,5910,-1118,72,-97,92,0,0,-7,-1,-17358,0,4552,256,-6704,-86,23,23
2648219892,-4968,6808,-1790,101,-168,28,-16356,0,-15537,0,8160,8192,5212,-178,-6434,-107,30,21
2648269892,-4216,6990,-1452,99,-131,99,-16353,0,-15537,0,8160,8192,5666,-316,-6276,-102,58,12
2648319892,-4762,6486,-1730,104,-149,-20,0,0,-7,-1,-16353,0,4836,-258,-6834,-102,72,26
2648369892,-4254,6230,-1314,55,-212,-143,-16351,0,-15537,0,8160,8192,6106,72,-5824,-95,14,25
2648419892,-4196,6214,-1522,75,-176,-115,8160,8192,-5404,-25126,645,8192,6540,452,-5448,-105,14,27
2648469892,-4638,6950,-1714,101,-318,-198,0,0,-7,-1,-16346,0,4862,-210,-6756,-113,33,30
2648519892,-3324,4908,-640,110,-245,-86,-16344,0,-15537,0,8160,8192,5642,-930,-7480,-115,54,29
2648569892,-4750,6724,-1814,47,-308,-234,-18341,0,-15537,0,8160,8192,5516,612,-6282,-110,33,16
2648619892,-4592,6618,-1822,131,-462,-430,0,0,-7,-1,-16339,0,4768,376,-6412,-106,17,24
2648669892,-4130,6316,-1478,79,-180,-297,0,0,-7,-1,-16336,0,6336,556,-5922,-102,10,18
2648719892,-4888,6856,-1666,14,53,199,-16333,0,-15537,0,8160,8192,5452,194,-6176,-94,12,35
2648769892,-5256,6126,-914,126,208,396,-18331,0,-15537,0,8160,8192,5148,-722,-6494,-106,29,29
2648819892,-5540,5602,-708,39,198,295,0,0,-7,-1,-16330,0,7232,-724,-5244,-101,11,25
2648869892,-5788,5932,-666,110,42,215,8160,8192,-14156,-25119,645,8192,5768,-832,-6102,-110,18,27
2648919892,-5838,6358,-1026,101,-211,-85,8160,8192,-29692,-25118,645,8192,5764,-858,-6132,-105,33,37
2648969892,-5484,6256,-1086,59,-181,-43,0,0,-7,-1,-16324,0,5870,-910,-6068,-105,25,29
2649019892,-5466,6354,-1128,82,-184,-10,0,0,-7,-1,-16322,0,5768,-968,-6126,-103,28,30
2649069892,-5476,6270,-1078,98,14,306,0,0,-7,-1,-16321,0,5964,-1006,-5972,-107,32,35
2649119892,-5424,5866,-826,89,204,539,-17320,0,-15537,0,8160,8192,6036,-1338,-5982,-103,46,22
2649169892,-5204,6078,-686,-9,221,572,8160,8192,23700,-25114,645,8192,6296,-1202,-5634,-105,18,34
2649219892,-6944,7368,-1440,71,166,546,0,0,-7,-1,-16316,0,5250,-1718,-6666,-107,16,33
2649269892,-5746,6740,-1104,-23,307,723,8160,8192,-7372,-25113,645,8192,5152,-864,-5998,-106,31,41
2649319892,-6206,6864,-1124,32,385,824,-16311,0,-15537,0,8160,8192,5500,-1832,-6130,-113,69,40
2649369892,-7580,9036,-1968,-23,378,754,0,0,-7,-1,-17310,0,3598,-2072,-7674,-116,65,31
2649419892,-5446,6484,-850,-31,289,640,-16308,0,-15537,0,8160,8192,7784,-2222,-5246,-119,65,38
2649469892,-3268,5700,-1270,-36,-112,-216,8160,8192,-3980,-25110,645,8192,6676,1846,-5002,-130,89,33
2649519892,-3590,7466,-2450,311,-615,-665,-16302,0,-15537,0,8160,8192,1998,1302,-8722,-111,63,53
2649569892,-2714,8020,-3172,213,-486,-577,0,0,-7,-1,-16300,0,4452,3332,-7510,-119,96,41
2649619892,-3046,8162,-3204,220,-115,-86,-17298,0,-15537,0,8160,8192,3550,2498,-7156,-113,54,39
2649669892,-2230,7316,-2980,218,-436,-298,-16296,0,-15537,0,8160,8192,5192,2866,-5920,-112,35,34
2649719892,-1632,6506,-2442,179,-110,45,-16294,0,-15537,0,8160,8192,7520,2344,-4648,-101,27,35
2649769892,-3642,7266,-2512,43,133,520,-16292,0,-15537,0,8160,8192,6006,1070,-5822,-110,16,35
2649819892,-4524,7336,-2060,1,459,976,0,0,-7,-1,-16290,0,5948,358,-5742,-100,21,39
2649869892,-4120,6858,-1870,-125,406,736,8160,8192,2804,-25103,645,8192,6096,90,-6076,-107,30,38
2649919892,-4338,7132,-1978,152,-125,102,-16285,0,-15537,0,8160,8192,5928,354,-6204,-108,30,31
2649969892,-3710,7208,-2286,184,-405,-376,-16282,0,-15537,0,8160,8192,5798,784,-6082,-112,17,33
2650019892,-3662,7210,-2018,230,-397,-236,8160,8192,21732,-25101,645,8192,5806,672,-5972,-107,23,30
2650069892,-3864,7030,-2048,46,-64,109,8160,8192,6196,-25100,645,8192,5922,510,-5878,-113,28,31
2650119892,-3966,7084,-1932,90,78,409,-16274,0,-15537,0,8160,8192,5940,230,-5932,-114,14,31
2650169892,-3746,7226,-2426,-41,28,220,8160,8192,0,0,645,8192,5854,1358,-6116,-107,12,34
2650219892,-3728,7420,-2174,230,-341,-165,-16270,0,-15537,0,8160,8192,5754,612,-6002,-110,4,35
2650269892,-3682,7318,-2058,70,-129,32,-16269,0,-15537,0,8160,8192,6228,476,-5796,-105,21,25
2650319892,-4096,7236,-1794,86,50,367,-16267,0,-15537,0,8160,8192,5876,-10,-6070,-108,31,24
2650369892,-4204,7294,-2002,38,33,239,8160,8192,-21484,-25096,645,8192,5856,114,-6064,-102,40,28
2650419892,-4248,7208,-1922,134,-99,56,-16263,0,-15537,0,8160,8192,5726,118,-6076,-108,47,30
2650469892,-3696,7356,-2478,131,-314,-353,-16261,0,-15537,0,8160,8192,5680,782,-6132,-107,44,32
2650519892,-3816,7424,-2132,212,-254,-112,0,0,-7,-1,-16259,0,5608,460,-6140,-109,45,30
2650569892,-4644,7120,-1648,27,196,566,-18257,0,-15537,0,8160,8192,5786,-662,-6144,-104,29,25
2650619892,-4312,7056,-2030,-61,122,311,0,0,-7,-1,-16255,0,5820,276,-6044,-104,21,26
2650669892,-4096,7162,-1832,230,-353,-273,8160,8192,16372,-25091,645,8192,5894,148,-5964,-105,27,30
2650719892,-3716,7196,-2072,99,-204,-136,-16249,0,-15537,0,8160,8192,5744,364,-6108,-108,25,31
2650769892,-3852,7314,-2140,120,-112,55,0,0,-7,-1,-16247,0,5700,570,-6078,-103,42,29
2650819892,-3830,7346,-2448,102,-241,-229,0,0,-7,-1,-16244,0,5714,908,-6080,-102,41,25
2650869892,-3474,7340,-2342,239,-471,-408,0,0,-7,-1,-16243,0,5788,822,-6080,-102,44,25
2650919892,-3272,6916,-2128,141,-308,-309,0,0,-7,-1,-16241,0,5804,942,-6046,-99,42,27
2650969892,-4108,7190,-2138,126,-138,55,5544,8192,-7,-1,-15697,0,5740,356,-6136,-102,36,26
2651019892,-4376,7040,-1874,83,-87,105,8160,8192,-26844,-25086,645,8192,5554,278,-6258,-100,34,31
2651069892,-4312,6818,-1718,127,-217,-113,-16234,0,-15537,0,8160,8192,5700,172,-6070,-102,40,26
2651119892,-3810,6248,-1468,148,-349,-278,-16232,0,-15537,0,8160,8192,5622,396,-6054,-108,51,24
2651169892,-4132,6880,-1658,201,-436,-310,-16230,0,-15537,0,8160,8192,5712,24,-6268,-101,20,25
2651219892,-4072,6734,-1796,123,-264,-110,0,0,-7,-1,-16228,0,5008,736,-6222,-101,48,28
2651269892,-4324,7200,-2294,131,-356,-207,0,0,-7,-1,-16225,0,5028,770,-6616,-102,11,30
2651319892,-3652,6952,-2432,134,-560,-480,0,0,-7,-1,-16222,0,5650,1458,-6096,-95,8,32
2651369892,-4070,7424,-2248,175,-387,-199,0,0,-7,-1,-16219,0,5736,1024,-6060,-102,0,31
2651419892,-4480,7506,-2444,33,-113,210,8160,8192,-20060,-25080,645,8192,5522,926,-6078,-102,32,14
2651469892,-4254,6856,-2084,99,-124,206,8160,8192,0,0,645,8192,6060,728,-5920,-99,9,28
2651519892,-4400,7164,-2028,120,-106,113,-17213,0,-15537,0,8160,8192,5628,362,-6034,-103,40,18
2651569892,-4918,6846,-1618,123,-102,4,0,0,-7,-1,-17211,0,5762,-408,-6192,-105,58,20
2651619892,-4460,6110,-1340,62,-31,151,8160,8192,-16668,-25077,645,8192,5634,-124,-6264,-102,49,18
2651669892,-5338,7324,-1826,74,-117,-6,-16205,0,-15537,0,8160,8192,5890,-46,-6512,-85,30,28
2651719892,-4872,6540,-1736,92,-224,-279,0,0,-7,-1,-17204,0,6730,604,-5610,-112,14,12
2651769892,-5464,7378,-1798,105,-382,-281,8160,8192,2260,-25074,645,8192,4706,306,-6670,-98,17,42
2651819892,-4598,6426,-1708,74,-250,-343,0,0,-7,-1,-16203,0,6012,684,-6124,-123,43,28
2651869892,-5116,6396,-1580,171,-224,-275,8160,8192,0,0,645,8192,5300,372,-6086,-104,73,31
2651919892,-4854,5956,-1290,93,-80,-53,-16199,0,-15537,0,8160,8192,5846,104,-6480,-108,54,26
2651969892,-5534,6652,-1174,101,117,242,-16198,0,-15537,0,8160,8192,5892,-204,-5934,-106,41,39
2652019892,-5700,6384,-1270,111,61,30,0,0,-7,-1,-16196,0,6400,-688,-5636,-103,44,26
2652069892,-5114,6674,-972,119,125,376,-16194,0,-15537,0,8160,8192,5986,-822,-6112,-109,32,29
2652119892,-5676,5624,-486,89,56,299,-16192,0,-15537,0,8160,8192,5954,-1458,-5894,-110,-3,32
2652169892,-5606,6302,-1054,75,-240,-17,0,0,-7,-1,-16190,0,5834,-986,-6012,-101,-25,24
2652219892,-5462,6332,-1018,87,-317,-225,-16188,0,-15537,0,8160,8192,5928,-868,-6000,-105,-5,32
2652269892,-5362,6360,-1188,60,-79,193,-16186,0,-15537,0,8160,8192,5794,-692,-6004,-106,23,32
2652319892,-5444,6216,-1064,118,73,291,-16184,0,-15537,0,8160,8192,5936,-1068,-5990,-104,46,32
2652369892,-5398,6308,-1118,76,96,410,8160,8192,0,0,645,8192,5828,-660,-6048,-110,38,36
2652419892,-5520,6192,-802,73,198,493,8160,8192,-3100,-25065,645,8192,6128,-1144,-5782,-109,47,38
2652469892,-5890,6262,-686,-28,401,962,0,0,-7,-1,-16178,0,6094,-1466,-5794,-112,8,40
2652519892,-6380,6622,-1226,-89,452,837,-18176,0,-15537,0,8160,8192,6126,-1874,-6134,-128,19,32
2652569892,-5756,6690,-752,41,272,822,-16173,0,-15537,0,8160,8192,6468,-1656,-6152,-111,29,53
2652619892,-4318,5238,-264,-24,152,406,8160,8192,0,0,645,8192,8500,-664,-5690,-113,22,50
2652669892,-5590,7998,-1566,104,37,336,8160,8192,0,0,645,8192,5332,-754,-6438,-107,53,66
2652719892,-3668,6684,-2184,116,-391,-482,-16167,0,-15537,0,8160,8192,4362,466,-7080,-116,63,53
2652769892,-3006,8474,-3448,226,-472,-281,0,0,-7,-1,-16165,0,5044,1046,-6546,-84,62,29
2652819892,-2642,7788,-2908,30,-89,-75,0,0,-7,-1,-16163,0,5886,2488,-6056,-101,41,19
2652869892,-3160,7718,-3208,185,-203,-177,-16160,0,-15537,0,8160,8192,4668,680,-6574,-105,63,27
2652919892,-2246,7462,-2710,197,-284,-220,0,0,-7,-1,-17159,0,5810,3090,-5488,-104,41,32
2652969892,-3084,7434,-2632,151,-87,194,8160,8192,22612,-25056,645,8192,5108,1828,-6290,-110,25,34
2653019892,-4480,7698,-2326,47,224,622,-16154,0,-15537,0,8160,8192,6498,460,-5696,-99,9,37
2653069892,-3782,7024,-1984,-19,325,653,0,0,-7,-1,-16152,0,5872,642,-6108,-109,38,29
2653119892,-3872,7422,-2584,95,-57,117,0,0,-7,-1,-16150,0,5590,1044,-6160,-108,52,32
2653169892,-3522,7490,-2388,226,-310,-218,-17147,0,-15537,0,8160,8192,5892,1012,-6104,-108,51,34
2653219892,-3690,6994,-2232,141,-217,-36,-16144,0,-15537,0,8160,8192,6122,508,-5866,-110,41,31
2653269892,-3748,7042,-1872,90,-29,199,0,0,-7,-1,-17142,0,5834,552,-5988,-114,36,34
2653319892,-3600,7190,-2332,103,-101,32,-16887,0,-15537,0,8160,8192,5708,628,-5940,-107,33,30
2653369892,-3684,7222,-2152,57,-13,242,8160,8192,0,0,645,8192,5978,460,-5962,-103,20,28
2653419892,-3978,7168,-2278,9,39,273,0,0,-7,-1,-17135,0,5880,506,-5992,-108,25,30
2653469892,-3884,7138,-1956,172,-179,-52,0,0,-7,-1,-17134,0,5736,298,-5910,-106,33,28
2653519892,-4098,7226,-1840,104,-62,161,-18132,0,-15537,0,8160,8192,5824,-166,-6154,-109,37,28
2653569892,-4230,7086,-1904,50,3,248,-16129,0,-15537,0,8160,8192,5946,188,-6092,-102,21,26
2653619892,-4304,7198,-1924,152,-166,-23,-16127,0,-15537,0,8160,8192,5736,-336,-6046,-106,15,25
2653669892,-4022,7488,-2166,16,-7,265,-16126,0,-15537,0,8160,8192,5768,752,-6192,-108,24,29
2653719892,-3612,7432,-2472,223,-423,-519,8160,8192,-13820,-25045,645,8192,5782,882,-6056,-101,54,32
2653769892,-4024,7350,-1634,274,-240,-40,8160,8192,-29356,-25044,645,8192,5836,-780,-6038,-105,43,36
2653819892,-4458,7052,-1750,-148,401,773,8160,8192,20644,-25043,645,8192,5784,-90,-5970,-110,22,31
2653869892,-4434,6938,-1942,174,-248,-163,8160,8192,0,0,645,8192,5708,148,-6104,-102,32,26
2653919892,-3746,7394,-2028,264,-475,-439,8160,8192,-10428,-25042,645,8192,5658,388,-6096,-100,32,29
2653969892,-3612,7252,-2218,56,-99,45,-18113,0,-15537,0,8160,8192,5772,684,-6006,-108,28,30
2654019892,-3940,7022,-2024,61,-19,199,8160,8192,24036,-25040,645,8192,5828,680,-6026,-106,30,28
2654069892,-3674,7152,-2142,160,-331,-266,-17109,0,-15537,0,8160,8192,5848,616,-5920,-101,46,25
2654119892,-3612,7126,-2148,167,-410,-366,-16107,0,-15537,0,8160,8192,5556,258,-6128,-103,24,29
2654169892,-4116,7226,-2204,96,-208,-105,0,0,-7,-1,-16105,0,5726,656,-6108,-106,18,29
2654219892,-4190,7066,-1978,100,-131,20,8160,8192,0,0,645,8192,5698,500,-6104,-106,24,30
2654269892,-4458,7076,-1910,125,-161,35,-16102,0,-15537,0,8160,8192,6128,36,-5866,-104,23,33
2654319892,-4140,6822,-1564,99,-212,-108,0,0,-7,-1,-16100,0,5556,220,-6238,-96,18,28
2654369892,-4774,7042,-1792,181,-319,-144,-16098,0,-15537,0,8160,8192,6056,116,-5916,-110,10,33
2654419892,-4308,6978,-1974,112,-249,-204,-16096,0,-15537,0,8160,8192,5230,780,-6248,-105,48,26
2654469892,-4406,7262,-2164,236,-469,-293,-16093,0,-15537,0,8160,8192,5666,560,-6136,-110,41,31
2654519892,-3768,6832,-1826,156,-295,-197,-16092,0,-15537,0,8160,8192,5200,460,-6546,-97,53,27
2654569892,-5086,7976,-2472,159,-286,-102,-16090,0,-15537,0,8160,8192,5062,692,-6404,-95,27,30
2654619892,-4746,7838,-2728,114,-241,-54,-16088,0,-15537,0,8160,8192,5850,660,-5682,-107,22,28
2654669892,-4306,7180,-2060,116,-245,41,-16086,0,-15537,0,8160,8192,5690,720,-6032,-94,25,27
2654719892,-3880,6304,-1634,84,-112,70,8160,8192,3140,-25029,645,8192,6382,730,-5890,-106,25,35
2654769892,-4154,6472,-1872,57,-59,110,0,0,-7,-1,-17081,0,5328,144,-6132,-96,51,16
2654819892,-4272,6620,-1936,72,-220,-25,-16079,0,-15537,0,8160,8192,6258,542,-5392,-104,16,32
2654869892,-4562,7102,-1776,133,-158,94,-17077,0,-15537,0,8160,8192,5508,278,-6470,-99,43,15
2654919892,-3794,6840,-1628,36,-283,-215,8160,8192,0,0,645,8192,7176,1526,-4772,-102,-9,27
2654969892,-4588,7120,-2306,108,-239,-108,0,0,-7,-1,-16074,0,5308,-792,-6128,-88,26,15
2655019892,-4968,7262,-2424,37,-172,-133,-16071,0,-15537,0,8160,8192,5766,448,-6406,-88,-28,21
2655069892,-4094,6644,-1674,66,-130,151,-16069,0,-15537,0,8160,8192,5776,1008,-5798,-88,31,24
2655119892,-4006,6186,-1224,114,-218,-125,-18067,0,-15537,0,8160,8192,5834,-178,-6194,-118,35,36
2655169892,-5446,6918,-1710,125,-169,56,-16065,0,-15537,0,8160,8192,6124,-1140,-6242,-105,54,28
2655219892,-5896,7158,-1334,68,-103,-52,8160,8192,0,0,645,8192,5342,-394,-6674,-104,58,30
2655269892,-5000,6876,-1456,147,-63,-69,-16062,0,-15537,0,8160,8192,4944,-180,-6914,-116,101,31
2655319892,-5216,6838,-1600,95,-26,-27,8160,8192,13316,-25020,645,8192,5288,-490,-6338,-109,57,29
2655369892,-5860,7310,-2216,68,-27,186,-16057,0,-15537,0,8160,8192,5458,-366,-6060,-101,5,32
2655419892,-5554,6894,-1514,50,-84,45,-16055,0,-15537,0,8160,8192,6068,-758,-5944,-102,-13,25
2655469892,-4972,6326,-1120,88,-179,-94,-16053,0,-15537,0,8160,8192,5598,-288,-6152,-105,28,28
2655519892,-5300,6230,-1040,129,-183,-85,-16052,0,-15537,0,8160,8192,5752,-630,-5976,-105,41,28
2655569892,-5024,5942,-1284,65,-235,-161,0,0,-7,-1,-17050,0,6160,-646,-5818,-106,10,27
2655619892,-5506,6372,-992,127,-91,229,-16048,0,-15537,0,8160,8192,5922,-744,-5958,-104,10,28
2655669892,-5906,5984,-612,107,4,197,0,0,-7,-1,-16046,0,5724,-1794,-6040,-106,12,34
2655719892,-5990,6048,-328,37,243,616,8160,8192,20100,-25014,645,8192,5584,-2196,-6392,-108,32,33
2655769892,-6238,5890,-608,-4,327,765,-16042,0,-15537,0,8160,8192,5102,-2076,-6474,-108,27,32
2655819892,-5158,4814,2,-16,304,702,-18040,0,-15537,0,8160,8192,7152,-2036,-5570,-114,20,30
2655869892,-6296,6796,-814,11,401,834,0,0,-7,-1,-16038,0,6060,-1934,-6020,-103,49,42
2655919892,-5284,6716,-878,-56,232,418,0,0,-7,-1,-16035,0,7042,-1382,-4498,-114,25,37
2655969892,-5696,7394,-1820,103,56,377,8160,8192,0,0,645,8192,6282,-1528,-5868,-121,68,39
2656019892,-4660,7564,-2038,-23,37,151,-17033,0,-15537,0,8160,8192,6162,440,-5886,-123,84,36
2656069892,-4178,8154,-3538,165,-421,-331,0,0,-7,-1,-16032,0,7122,-314,-4802,-111,34,52
2656119892,-3020,7614,-2518,225,-397,-468,-16029,0,-15537,0,8160,8192,6748,882,-5594,-106,42,45
2656169892,-2476,7604,-3130,31,-146,-79,0,0,-7,-1,-16027,0,5350,2126,-5806,-110,20,47
2656219892,-2444,7542,-2912,191,-158,-155,-18026,0,-15537,0,8160,8192,5458,3574,-5086,-102,40,23
2656269892,-2284,7094,-2276,144,-121,119,0,0,-7,-1,-16025,0,5750,1756,-6130,-100,25,21
2656319892,-3660,7750,-2316,50,342,717,-17022,0,-15537,0,8160,8192,5564,690,-5706,-102,54,37
2656369892,-4170,6558,-1842,-36,336,711,-17019,0,-15537,0,8160,8192,5684,-28,-5900,-105,38,34
2656419892,-4112,7106,-2014,1,177,448,0,0,-7,-1,-16017,0,5724,28,-6018,-103,22,40
2656469892,-4046,7276,-2358,114,-247,-175,0,0,-7,-1,-16014,0,5582,760,-6332,-110,18,30
2656519892,-3514,7180,-2338,246,-473,-419,-16012,0,-15537,0,8160,8192,5498,792,-6330,-112,30,26
2656569892,-3796,7476,-2196,165,-255,-97,-16011,0,-15537,0,8160,8192,5878,426,-6162,-106,39,26
2656619892,-4262,7344,-2056,45,177,508,-18008,0,-15537,0,8160,8192,5664,90,-6330,-109,31,33
2656669892,-4488,7230,-1944,15,266,550,-16006,0,-15537,0,8160,8192,5880,216,-5956,-106,58,31
2656719892,-3760,7038,-2190,99,-136,14,0,0,-7,-1,-16004,0,5900,590,-5802,-106,40,28
2656769892,-3698,7354,-2094,186,-362,-272,-18002,0,-15537,0,8160,8192,5898,476,-6008,-111,8,29
2656819892,-4090,7038,-1914,95,-79,119,-15999,0,-15537,0,8160,8192,5774,-28,-5976,-105,21,23
2656869892,-3964,7024,-1824,27,58,351,0,0,-7,-1,-16997,0,5974,14,-5768,-115,12,27
2656919892,-4252,7032,-1514,128,17,324,0,0,-7,-1,-15995,0,5916,-348,-5856,-108,28,23
2656969892,-4906,7020,-1198,51,218,668,0,0,-7,-1,-16993,0,6036,-670,-5810,-98,23,29
2657019892,-2838,7254,-3308,-58,-475,-999,-15991,0,-15537,0,8160,8192,5760,2550,-5942,-103,41,34
2657069892,-3232,7670,-2136,810,-1173,-899,-15989,0,-15537,0,8160,8192,5800,464,-6020,-108,36,35
2657119892,-3826,7408,-2122,-161,277,319,-15986,0,-15537,0,8160,8192,5744,-66,-6120,-108,37,28
2657169892,-4570,6952,-1866,52,240,682,-15984,0,-15537,0,8160,8192,5758,-96,-6006,-107,41,28
2657219892,-4710,6868,-1542,-2,45,166,-15982,0,-15537,0,8160,8192,5842,-746,-6016,-97,28,23
2657269892,-4188,7044,-1980,60,-186,-57,0,0,-7,-1,-16980,0,5738,222,-5996,-109,23,32
2657319892,-3980,7354,-2190,162,-357,-352,-15980,0,-15537,0,8160,8192,5748,504,-6090,-105,31,27
2657369892,-3474,7402,-2354,141,-258,-162,0,0,-7,-1,-15977,0,5774,758,-6038,-107,45,31
2657419892,-3666,7194,-2372,100,-141,-32,0,0,-7,-1,-16975,0,6014,918,-5864,-102,46,26
2657469892,-3924,7000,-1816,124,-187,-2,-15973,0,-15537,0,8160,8192,5756,50,-6038,-106,30,31
2657519892,-4254,7030,-1936,92,-191,-99,8160,8192,-14908,-24987,645,8192,5980,176,-5988,-107,21,31
2657569892,-4086,6962,-2032,101,-249,-133,0,0,-7,-1,-15969,0,6202,436,-5810,-105,14,31
2657619892,-4294,7050,-1900,105,-190,-13,0,0,-7,-1,-15965,0,5886,218,-6040,-99,10,31
2657669892,-4182,7122,-2040,101,-291,-179,0,0,-7,-1,-15962,0,5950,258,-6010,-106,4,28
2657719892,-4182,6888,-2138,161,-374,-215,-15959,0,-15537,0,8160,8192,5892,216,-5902,-103,-7,26
2657769892,-4124,7030,-1914,98,-255,-100,-15955,0,-15537,0,8160,8192,5888,176,-5778,-113,8,25
2657819892,-4404,6974,-2078,82,-134,55,-16954,0,-15537,0,8160,8192,5930,600,-5942,-100,23,18
2657869892,-3962,6914,-2094,134,-278,-222,-17952,0,-15537,0,8160,8192,5434,942,-6098,-104,43,37
2657919892,-4222,7458,-2568,197,-469,-440,8160,8192,-8124,-24981,645,8192,5238,546,-6342,-93,46,27
2657969892,-3898,7050,-2394,181,-402,-254,-15948,0,-15537,0,8160,8192,6082,788,-6052,-104,56,25
2658019892,-3674,6592,-1884,106,-204,16,0,0,-7,-1,-16945,0,5854,484,-6264,-96,49,31
2658069892,-4284,6838,-1682,81,-36,220,0,0,-7,-1,-15943,0,6308,264,-5690,-109,36,22
2658119892,-5262,7578,-2356,91,-56,110,-16940,0,-15537,0,8160,8192,5068,76,-6338,-95,50,26
2658169892,-3984,6006,-1536,29,-130,5,0,0,-7,-1,-15937,0,6578,376,-5388,-100,24,17
2658219892,-3024,5642,-1050,75,-203,-11,-15935,0,-15537,0,8160,8192,3896,-414,-8146,-110,32,16
2658269892,-5116,6984,-2124,128,-211,-118,-16934,0,-15537,0,8160,8192,6240,-394,-5918,-102,36,21
2658319892,-3634,5894,-1148,92,-121,35,-17932,0,-15537,0,8160,8192,6714,970,-5120,-110,30,27
2658369892,-4712,6880,-1976,84,-328,-308,-15931,0,-15537,0,8160,8192,5774,604,-5702,-95,37,33
2658419892,-4826,7592,-2294,167,-324,-438,-15928,0,-15537,0,8160,8192,5562,160,-6820,-110,11,23
2658469892,-4554,7088,-2280,104,-384,-70,-15926,0,-15537,0,8160,8192,6426,-584,-6280,-110,-13,32
2658519892,-3086,5524,-576,36,-253,-33,8160,8192,2052,-24971,645,8192,6784,-104,-5030,-89,33,32
2658569892,-5616,6770,-1960,82,-204,-209,8160,8192,-13484,-24971,645,8192,5460,-418,-5950,-111,27,21
2658619892,-5398,6298,-888,117,126,193,-17918,0,-15537,0,8160,8192,5380,-880,-6430,-98,37,41
2658669892,-5446,5904,-738,53,347,516,-15914,0,-15537,0,8160,8192,5176,-910,-5940,-102,47,25
2658719892,-5134,5674,-606,99,113,178,-15911,0,-15537,0,8160,8192,6188,-930,-5930,-107,39,31
2658769892,-5670,6684,-966,143,-189,-148,-15908,0,-15537,0,8160,8192,5490,-954,-6110,-109,48,28
2658819892,-5662,6132,-1010,83,-218,-153,0,0,-7,-1,-16906,0,5666,-1104,-6146,-108,37,36
2658869892,-5480,6134,-1146,73,-120,53,0,0,-7,-1,-16904,0,5862,-880,-6062,-105,53,27
2658919892,-5616,6258,-1064,95,-179,-15,0,0,-7,-1,-15902,0,5872,-964,-5964,-106,32,33
2658969892,-5666,6010,-880,133,-55,134,-15902,0,-15537,0,8160,8192,5838,-1000,-6026,-102,24,33
2659019892,-5672,6366,-1078,102,65,389,-15900,0,-15537,0,8160,8192,5724,-910,-6110,-110,30,34
2659069892,-6192,6366,-1034,63,178,556,0,0,-7,-1,-15897,0,6184,-1224,-5828,-107,2,36
2659119892,-5058,5804,-266,5,289,675,0,0,-7,-1,-16893,0,5370,-1580,-6312,-112,14,36
2659169892,-6406,6980,-752,34,364,777,8160,8192,-3308,-24962,645,8192,5396,-1788,-6328,-116,35,42
2659219892,-5532,5704,-244,-27,536,1060,0,0,-7,-1,-15890,0,5920,-2980,-5976,-123,42,28
2659269892,-5664,5792,-182,-96,582,1147,0,0,-7,-1,-15886,0,2982,-1914,-8032,-107,28,56
2659319892,-6420,7966,-1408,-85,234,565,-15884,0,-15537,0,8160,8192,5496,-4128,-8098,-130,72,51
2659369892,-3530,6894,-2280,161,-485,-429,0,0,-7,-1,-16881,0,5658,1084,-6010,-134,41,44
2659419892,-2358,7342,-2128,375,-705,-938,0,0,-7,-1,-15880,0,1486,1514,-9016,-86,49,32
2659469892,-3052,8378,-3544,157,-437,-692,-15878,0,-15537,0,8160,8192,4700,1114,-7374,-95,45,36
2659519892,-2818,7926,-3002,206,3,137,-17876,0,-15537,0,8160,8192,5576,2330,-6324,-90,16,38
2659569892,-3334,7668,-3092,33,43,327,-17874,0,-15537,0,8160,8192,4986,1346,-6314,-108,33,23
2659619892,-3442,7228,-2596,90,87,349,8160,8192,0,0,645,8192,6358,2072,-5998,-100,-1,33
2659669892,-3552,6832,-1920,103,129,498,0,0,-7,-1,-15868,0,5590,454,-6684,-106,36,26
2659719892,-3584,6854,-2080,-15,197,488,-15866,0,-15537,0,8160,8192,5752,762,-5844,-108,39,31
2659769892,-3604,6582,-1900,145,-113,76,8160,8192,6868,-24952,645,8192,6202,432,-5690,-106,38,38
2659819892,-3446,7556,-2388,136,-219,-159,8160,8192,-8668,-24952,645,8192,5978,1072,-5910,-105,47,30
2659869892,-3504,7666,-2536,172,-279,-156,-16857,0,-15537,0,8160,8192,5724,836,-6002,-110,44,32
2659919892,-3532,7208,-2194,89,-80,77,0,0,-7,-1,-16855,0,5740,1060,-6068,-111,40,26
2659969892,-4154,7166,-2012,86,51,324,0,0,-7,-1,-16853,0,5580,264,-6066,-109,32,29
2660019892,-4342,7058,-1964,38,165,476,0,0,-7,-1,-15852,0,5832,-84,-5852,-110,39,25
2660069892,-4144,7096,-1908,75,9,303,8160,8192,0,0,645,8192,5728,404,-5966,-107,58,28
2660119892,-3982,7140,-2094,165,-270,-165,-15849,0,-15537,0,8160,8192,5868,294,-6038,-112,38,34
2660169892,-4448,7112,-1610,133,7,320,0,0,-7,-1,-15847,0,5874,-400,-6054,-107,1,24
2660219892,-4646,7156,-1670,-43,183,535,-15844,0,-15537,0,8160,8192,5938,-600,-6148,-108,-24,29
2660269892,-4212,7074,-1626,69,-26,178,-15841,0,-15537,0,8160,8192,5906,234,-5884,-103,18,33
2660319892,-3266,7558,-2858,169,-591,-791,0,0,-7,-1,-16839,0,5746,1958,-6108,-110,29,38
2660369892,-3494,7438,-2546,430,-662,-557,-17837,0,-15537,0,8160,8192,5904,910,-6036,-111,56,33
2660419892,-3362,7398,-2476,-36,27,253,8160,8192,1508,-24942,645,8192,5810,846,-6002,-106,29,31
2660469892,-4220,7198,-1912,122,31,317,-15831,0,-15537,0,8160,8192,5794,184,-5992,-106,35,29
2660519892,-4246,7022,-1920,41,28,232,-17828,0,-15537,0,8160,8192,5764,122,-5964,-105,37,26
2660569892,-4446,6978,-1634,158,-165,15,-15827,0,-15537,0,8160,8192,5766,-286,-6094,-106,26,30
2660619892,-3904,7188,-2022,101,-252,-165,-15825,0,-15537,0,8160,8192,5782,168,-6040,-105,20,30
2660669892,-4018,7176,-1936,125,-152,13,-15823,0,-15537,0,8160,8192,5860,298,-5992,-105,31,28
2660719892,-3904,7052,-2116,70,-128,-54,-15821,0,-15537,0,8160,8192,5940,566,-5794,-108,35,28
2660769892,-4094,7064,-1974,158,-225,-128,8160,8192,23828,-24937,645,8192,6000,590,-5970,-101,29,27
2660819892,-3738,7270,-2364,81,-287,-241,8160,8192,8292,-24936,645,8192,5544,942,-6034,-107,21,28
2660869892,-4010,7090,-2246,177,-315,-183,0,0,-7,-1,-16814,0,5634,802,-6112,-100,35,26
2660919892,-4326,7144,-2122,79,-112,-5,-16812,0,-15537,0,8160,8192,5680,336,-6200,-94,43,25
2660969892,-4532,7008,-2052,76,-103,123,-17810,0,-15537,0,8160,8192,5654,404,-6030,-104,27,34
2661019892,-4580,7116,-2074,100,-189,-59,8160,8192,11684,-24933,645,8192,5572,-66,-6188,-99,37,27
2661069892,-4080,6856,-2018,176,-454,-367,-15802,0,-15537,0,8160,8192,6104,394,-5838,-104,32,27
2661119892,-4174,6800,-1988,209,-442,-397,-16801,0,-15537,0,8160,8192,6328,578,-6002,-105,46,23
2661169892,-4180,6984,-2066,135,-307,-233,0,0,-7,-1,-15798,0,5786,-54,-6402,-97,43,25
2661219892,-4594,7338,-2124,74,-156,11,0,0,-7,-1,-16796,0,6634,590,-5714,-103,21,28
2661269892,-4648,7202,-2230,62,-124,77,0,0,-7,-1,-16794,0,5090,596,-6582,-100,54,20
2661319892,-4770,7274,-2182,137,-267,-91,0,0,-7,-1,-16792,0,6094,462,-6072,-103,15,31
2661369892,-4670,7348,-2220,109,-268,-84,-17788,0,-15537,0,8160,8192,5282,608,-6576,-96,22,25
2661419892,-3730,6590,-1868,121,-210,-66,8160,8192,18468,-24927,645,8192,5686,548,-5982,-109,32,22
2661469892,-4470,6768,-1874,80,-69,236,8160,8192,2932,-24926,645,8192,5488,484,-6430,-92,31,23
2661519892,-4578,6672,-1560,104,-55,109,0,0,-7,-1,-15782,0,5774,168,-6020,-106,33,19
2661569892,-4734,6988,-2058,46,-169,19,8160,8192,-28140,-24925,645,8192,5436,30,-6370,-104,15,15
2661619892,-4966,7368,-2010,84,-126,30,-17778,0,-15537,0,8160,8192,5340,512,-5960,-99,28,26
2661669892,-5148,7226,-2204,75,-204,-50,-16775,0,-15537,0,8160,8192,5412,806,-6422,-104,36,24
2661719892,-5412,7628,-2052,107,-216,-75,0,0,-7,-1,-16770,0,6598,160,-5594,-88,4,31
2661769892,-5098,7282,-1932,69,-249,-223,-15767,0,-15537,0,8160,8192,5640,-74,-5798,-111,7,23
2661819892,-4584,6582,-1624,91,-209,-125,-15765,0,-15537,0,8160,8192,6636,-6,-5564,-104,22,30
2661869892,-4740,6488,-1560,28,-254,-121,8160,8192,9716,-24920,645,8192,5882,-238,-5916,-109,29,26
2661919892,-4472,6694,-1582,97,-163,8,8160,8192,-5820,-24920,645,8192,6194,-354,-5738,-112,42,21
2661969892,-4992,6250,-1672,74,-12,-26,8160,8192,0,0,645,8192,6020,114,-5778,-103,47,31
2662019892,-3978,5352,-872,105,-73,18,-15756,0,-15537,0,8160,8192,6200,-136,-5818,-111,38,21
2662069892,-4998,6502,-1212,108,43,143,-15753,0,-15537,0,8160,8192,5760,-710,-5950,-107,44,38
2662119892,-5188,6236,-1146,124,-63,28,8160,8192,0,0,645,8192,5896,-640,-5936,-100,67,29
2662169892,-5644,6944,-1592,116,-64,115,-16748,0,-15537,0,8160,8192,5696,-644,-6146,-112,75,32
2662219892,-5756,6320,-1254,152,-102,52,-16746,0,-15537,0,8160,8192,5966,-1070,-6002,-112,75,32
2662269892,-5554,6238,-984,82,-57,59,-16742,0,-15537,0,8160,8192,5776,-1042,-6000,-102,43,28
2662319892,-5610,6262,-1098,73,-108,92,8160,8192,0,0,645,8192,5844,-1070,-5988,-102,-4,33
2662369892,-5370,6270,-1158,18,-62,231,8160,8192,0,0,645,8192,5868,-1000,-6010,-107,-17,30
2662419892,-5852,6210,-698,69,256,687,8160,8192,0,0,645,8192,5604,-1446,-6076,-110,15,31
2662469892,-6120,5994,-594,-57,496,862,0,0,-7,-1,-15730,0,6058,-1768,-5968,-112,38,32
2662519892,-5588,5912,-754,3,221,572,-16728,0,-15537,0,8160,8192,6172,-1226,-5882,-110,9,36
2662569892,-5656,7226,-1540,42,-21,246,0,0,-7,-1,-16724,0,6910,-166,-5244,-116,6,34
2662619892,-5328,7800,-1840,84,58,454,-15720,0,-15537,0,8160,8192,4792,-574,-7638,-115,58,45
2662669892,-5950,6882,-1142,12,360,728,0,0,-7,-1,-15718,0,5970,-1896,-5446,-100,27,53
2662719892,-5014,7008,-1878,-82,249,529,-15715,0,-15537,0,8160,8192,3048,234,-6500,-123,76,34
2662769892,-2346,5924,-1214,91,-336,-285,-15711,0,-15537,0,8160,8192,6366,788,-6092,-106,6,47
2662819892,-4458,8474,-3176,241,-533,-600,8160,8192,-23324,-24906,645,8192,5518,1652,-6438,-118,55,39
2662869892,-2926,7792,-2714,99,-187,-137,8160,8192,26676,-24905,645,8192,5484,2614,-6564,-113,27,36
2662919892,-2270,6632,-2540,205,-175,-35,8160,8192,11140,-24904,645,8192,7972,2078,-4986,-96,6,30
2662969892,-2722,7618,-2484,194,-234,-86,-15697,0,-15537,0,8160,8192,7034,1916,-4850,-107,0,21
2663019892,-3272,6898,-2254,145,9,289,-15695,0,-15537,0,8160,8192,6058,1014,-5802,-103,10,32
2663069892,-3894,7326,-2132,35,184,514,-16692,0,-15537,0,8160,8192,6148,474,-5798,-107,38,28
2663119892,-3882,7240,-2306,74,137,414,-17690,0,-15537,0,8160,8192,5686,668,-6132,-109,56,29
2663169892,-3668,7240,-2278,148,-103,75,-15689,0,-15537,0,8160,8192,5794,456,-5982,-109,59,38
2663219892,-3588,7010,-2192,137,-130,1,0,0,-7,-1,-16685,0,5936,692,-6054,-108,58,32
2663269892,-3894,7276,-2080,151,-131,70,8160,8192,0,0,645,8192,5958,654,-5914,-112,50,38
2663319892,-3928,7286,-2260,95,-114,4,-17681,0,-15537,0,8160,8192,6016,822,-6090,-109,40,33
2663369892,-3724,7246,-2190,122,-113,43,8160,8192,0,0,645,8192,6152,592,-5940,-106,19,29
2663419892,-3866,7204,-2220,61,-39,142,-15678,0,-15537,0,8160,8192,5734,500,-6114,-104,16,23
2663469892,-4080,7172,-1970,83,-98,154,0,0,-7,-1,-15675,0,6066,252,-5966,-105,0,25
2663519892,-4220,6864,-1618,98,-78,129,-15671,0,-15537,0,8160,8192,6076,-240,-5770,-107,21,26
2663569892,-4214,6912,-1668,69,-77,80,-15670,0,-15537,0,8160,8192,6056,-288,-6070,-107,23,30
2663619892,-4066,7046,-1908,95,-95,102,0,0,-7,-1,-15667,0,5670,204,-6026,-109,40,31
2663669892,-3782,7258,-2244,132,-188,-118,0,0,-7,-1,-16665,0,5614,546,-6104,-103,44,31
2663719892,-3964,7296,-2120,109,-66,130,8160,8192,24708,-24892,645,8192,5742,296,-6118,-104,43,28
2663769892,-4188,7074,-2040,54,-44,126,0,0,-7,-1,-15660,0,5820,294,-6056,-103,33,31
2663819892,-4280,7054,-1844,132,-144,36,-16658,0,-15537,0,8160,8192,5824,0,-6004,-105,20,30
2663869892,-4164,7064,-1880,75,-107,67,-15656,0,-15537,0,8160,8192,5874,134,-5940,-107,26,29
2663919892,-4036,7194,-2028,126,-164,-26,-16654,0,-15537,0,8160,8192,5750,134,-6028,-106,31,29
2663969892,-3996,7308,-2170,102,-166,-46,0,0,-7,-1,-16652,0,5784,394,-6042,-105,32,31
2664019892,-4000,7242,-2036,134,-164,-32,-15650,0,-15537,0,8160,8192,5874,506,-5930,-104,40,29
2664069892,-3654,7268,-2174,153,-265,-187,0,0,-7,-1,-15648,0,5816,828,-6028,-107,44,30
2664119892,-3480,7230,-2486,157,-379,-302,-17646,0,-15537,0,8160,8192,5616,984,-6194,-106,29,31
2664169892,-3986,7486,-2194,154,-279,-139,-15643,0,-15537,0,8160,8192,5536,690,-6128,-104,27,27
2664219892,-4186,7060,-2104,109,-232,-92,-15641,0,-15537,0,8160,8192,5906,504,-6000,-105,19,29
2664269892,-4064,6998,-1860,149,-280,-120,-15639,0,-15537,0,8160,8192,5386,262,-6210,-99,22,30
2664319892,-4166,6628,-1604,149,-310,-157,-16637,0,-15537,0,8160,8192,5626,120,-6298,-105,8,30
2664369892,-4314,7348,-1888,75,-116,19,-15635,0,-15537,0,8160,8192,5026,354,-6256,-108,41,20
2664419892,-4580,7390,-2048,141,-213,-53,-15632,0,-15537,0,8160,8192,5738,256,-6240,-104,26,24
2664469892,-4166,6962,-2004,158,-210,-22,-15627,0,-15537,0,8160,8192,5100,1142,-6290,-100,61,34
2664519892,-3958,6690,-2030,188,-492,-387,-15625,0,-15537,0,8160,8192,5320,662,-6550,-101,30,31
2664569892,-4008,7190,-2250,172,-469,-372,0,0,-7,-1,-15624,0,5112,-370,-6578,-97,22,26
2664619892,-4258,7240,-2022,78,-224,-107,-15622,0,-15537,0,8160,8192,5262,234,-6250,-94,10,26
2664669892,-3730,6610,-1938,48,-90,254,-15620,0,-15537,0,8160,8192,4770,498,-6326,-102,40,17
2664719892,-4312,6596,-1918,67,-145,147,-17618,0,-15537,0,8160,8192,6728,618,-5712,-96,13,27
2664769892,-4184,6892,-1740,138,-179,-33,-15616,0,-15537,0,8160,8192,6442,542,-5776,-100,42,17
2664819892,-4564,6794,-1884,116,-207,-58,-17614,0,-15537,0,8160,8192,6286,336,-6418,-100,43,14
2664869892,-4174,6098,-1456,91,-98,32,8160,8192,0,0,645,8192,5880,382,-5884,-100,38,11
2664919892,-5244,7428,-1810,64,-141,-11,-15611,0,-15537,0,8160,8192,5626,-488,-6250,-86,18,27
2664969892,-5374,7516,-1882,75,-177,-142,0,0,-7,-1,-16608,0,5646,224,-5938,-108,18,16
2665019892,-4424,6676,-1240,141,-354,-288,-15606,0,-15537,0,8160,8192,5944,398,-6354,-109,46,55
2665069892,-5638,7306,-1818,110,-204,-248,-17604,0,-15537,0,8160,8192,6340,-716,-5598,-120,76,22
2665119892,-4788,5776,-1678,104,-76,-39,-17602,0,-15537,0,8160,8192,6510,20,-5476,-108,61,25
2665169892,-5332,6856,-1846,103,-90,-29,0,0,-7,-1,-15601,0,5968,204,-5652,-103,37,29
2665219892,-5080,6298,-1238,77,36,44,-15598,0,-15537,0,8160,8192,5586,-122,-6248,-100,17,36
2665269892,-5246,6702,-1500,113,-7,96,-15597,0,-15537,0,8160,8192,5326,-162,-6088,-109,51,30
2665319892,-6180,7004,-1678,117,31,55,-15594,0,-15537,0,8160,8192,4920,-616,-5844,-112,88,27
2665369892,-5504,6038,-750,138,-151,-48,-15593,0,-15537,0,8160,8192,5754,-886,-6164,-109,27,33
2665419892,-5870,6228,-1078,46,-177,-143,-17592,0,-15537,0,8160,8192,5692,-1022,-6114,-102,28,32
2665469892,-5576,6194,-1096,126,-223,-72,8160,8192,0,0,645,8192,5612,-958,-6160,-107,35,30
2665519892,-5810,6190,-972,76,-124,11,8160,8192,-10300,-24865,645,8192,5920,-952,-5916,-107,15,30
2665569892,-5788,6156,-882,101,-108,67,-15582,0,-15537,0,8160,8192,5802,-1110,-6070,-102,-4,32
2665619892,-5768,5952,-946,92,-16,261,8160,8192,24164,-24863,645,8192,5776,-1254,-6170,-101,16,33
2665669892,-5704,6092,-810,88,124,465,-15576,0,-15537,0,8160,8192,6404,-1162,-5730,-104,32,35
2665719892,-5570,5974,-802,46,240,531,-15574,0,-15537,0,8160,8192,5384,-1286,-6170,-112,42,33
2665769892,-4616,5454,-410,30,215,531,-16572,0,-15537,0,8160,8192,5752,-976,-6234,-113,16,34
2665819892,-5616,6484,-1060,-14,271,646,-16570,0,-15537,0,8160,8192,5844,-1078,-5816,-115,8,40
2665869892,-6262,7260,-1836,8,222,614,-15568,0,-15537,0,8160,8192,6588,90,-5902,-119,23,30
2665919892,-4898,6030,-906,73,214,601,-17566,0,-15537,0,8160,8192,7350,-838,-4864,-105,27,44
2665969892,-3578,5294,-498,-6,164,348,8160,8192,-19052,-24858,645,8192,3940,-718,-8502,-111,32,41
2666019892,-5032,7326,-1968,55,106,362,0,0,-7,-1,-15560,0,5744,-686,-7068,-122,47,24
2666069892,-4402,7146,-1944,23,-23,327,8160,8192,15412,-24856,645,8192,6904,634,-5360,-125,12,38
2666119892,-4556,7902,-2440,91,-46,208,8160,8192,-124,-24856,645,8192,4118,-1440,-7588,-116,25,39
2666169892,-3476,7162,-2542,58,-162,96,-15555,0,-15537,0,8160,8192,11638,272,-1466,-106,6,41
2666219892,-4188,7774,-2530,120,-53,104,-15553,0,-15537,0,8160,8192,4874,688,-7038,-102,40,23
2666269892,-3204,7960,-3276,95,-166,-166,-15550,0,-15537,0,8160,8192,6266,3578,-5788,-99,49,20
2666319892,-2222,6316,-2166,351,-519,-411,8160,8192,3268,-24852,645,8192,6426,2026,-5496,-99,14,31
2666369892,-2836,7902,-2764,124,-201,-62,8160,8192,-12268,-24852,645,8192,5212,1738,-6338,-110,8,26
2666419892,-3252,7580,-2714,143,-151,110,0,0,-7,-1,-15544,0,5692,972,-5812,-101,22,39
2666469892,-3472,7108,-2322,87,43,310,-17542,0,-15537,0,8160,8192,5912,672,-5998,-108,36,32
2666519892,-3194,7312,-2624,55,75,235,-15540,0,-15537,0,8160,8192,5888,1188,-5956,-113,58,31
2666569893,-3828,7304,-2254,155,20,316,-17538,0,-15537,0,8160,8192,5744,560,-6122,-113,64,35
2666619892,-3904,7220,-2188,38,95,397,8160,8192,0,0,645,8192,5974,556,-5988,-112,49,31
2666669892,-4192,7182,-1946,154,-99,106,8160,8192,0,0,645,8192,5916,124,-5952,-108,33,30
2666719892,-3706,7254,-2136,85,-189,-45,0,0,-7,-1,-16533,0,5892,568,-5946,-110,19,31
2666769892,-3910,7222,-2132,121,-111,101,8160,8192,-5484,-24846,645,8192,5848,452,-5886,-108,26,27
2666819892,-4202,7222,-1788,92,-34,197,-16529,0,-15537,0,8160,8192,6024,-80,-5966,-109,29,33
2666869892,-4162,6992,-1816,43,61,269,-17528,0,-15537,0,8160,8192,5688,-294,-6064,-109,36,30
2666919892,-4226,7188,-1822,72,31,341,0,0,-7,-1,-16525,0,5864,-20,-6164,-108,45,31
2666969892,-4084,7180,-1962,133,-180,-86,-17523,0,-15537,0,8160,8192,5886,22,-6212,-106,55,32
2667019892,-3696,7184,-2014,182,-273,-180,-16520,0,-15537,0,8160,8192,5822,192,-5860,-108,42,31
2667069892,-3390,7384,-2456,99,-270,-245,-16517,0,-15537,0,8160,8192,5764,1114,-6044,-105,37,33
2667119892,-3526,7552,-2360,207,-341,-256,-16514,0,-15537,0,8160,8192,5894,1040,-6010,-107,39,31
2667169892,-3904,7190,-2048,73,27,357,-16512,0,-15537,0,8160,8192,5746,248,-5948,-107,34,27
2667219892,-4628,7106,-1730,56,-2,308,-16510,0,-15537,0,8160,8192,5868,-358,-6018,-108,10,27
2667269892,-4146,7028,-2048,67,-227,-177,-17508,0,-15537,0,8160,8192,5886,424,-5994,-108,11,29
2667319892,-3704,7248,-2010,231,-480,-458,-16507,0,-15537,0,8160,8192,5892,490,-6042,-108,15,30
2667369892,-3658,7370,-2302,100,-231,-84,-16506,0,-15537,0,8160,8192,5760,500,-6060,-104,32,27
2667419892,-3968,7152,-2112,108,-107,104,8160,8192,-10844,-24836,645,8192,5952,422,-5956,-101,36,29
2667469892,-4180,6904,-2174,71,-187,-128,-18502,0,-15537,0,8160,8192,5494,430,-6112,-95,33,27
2667519892,-4198,7510,-2286,125,-347,-231,-16501,0,-15537,0,8160,8192,5968,1062,-5998,-111,10,35
2667569892,-4416,7290,-2184,282,-484,-472,-16499,0,-15537,0,8160,8192,6060,36,-5884,-95,56,26
2667619892,-4508,6996,-1794,86,-22,315,-16498,0,-15537,0,8160,8192,5886,174,-5990,-109,30,27
2667669892,-4244,6738,-2120,12,-216,-235,-16496,0,-15537,0,8160,8192,6028,484,-5928,-105,30,26
2667719892,-4040,7108,-2296,190,-370,-265,0,0,-7,-1,-16494,0,5604,840,-6092,-100,46,22
2667769892,-2766,6070,-1558,98,-493,-438,0,0,-7,-1,-16493,0,6494,1056,-5924,-104,27,30
2667819892,-3412,6414,-1660,220,-345,-143,8160,8192,0,0,645,8192,5620,1384,-6090,-104,66,26
2667869892,-3114,6160,-1376,37,-202,3,8160,8192,-19596,-24829,645,8192,5842,470,-6342,-94,36,25
2667919892,-4524,7258,-1916,99,-65,175,0,0,-7,-1,-16487,0,5326,228,-6276,-107,39,29
2667969892,-4212,6130,-1442,72,-34,253,-18485,0,-15537,0,8160,8192,7204,-78,-5768,-91,18,21
2668019892,-5364,7974,-2540,21,-125,118,0,0,-7,-1,-17483,0,6486,332,-5514,-101,4,32
2668069892,-4390,6290,-1342,99,-119,102,-17481,0,-15537,0,8160,8192,7990,394,-4812,-98,25,20
2668119892,-4744,7072,-1578,90,-135,24,0,0,-7,-1,-17479,0,4684,-318,-6928,-104,18,19
2668169892,-4924,6844,-1652,59,-127,50,-16477,0,-15537,0,8160,8192,6222,-144,-4822,-101,19,29
2668219892,-4572,6468,-1686,106,-229,-206,8160,8192,2724,-24823,645,8192,6252,198,-6100,-104,38,26
2668269892,-4544,7002,-1832,123,-235,-180,0,0,-7,-1,-16472,0,5990,-40,-5876,-100,24,31
2668319892,-4830,7196,-1922,63,-100,44,-16470,0,-15537,0,8160,8192,5236,588,-6484,-100,49,27
2668369892,-4862,6618,-1896,84,-238,-73,-16468,0,-15537,0,8160,8192,5512,46,-6046,-109,46,24
2668419892,-5158,6918,-1526,169,-220,-163,8160,8192,6116,-24820,645,8192,5762,-130,-6060,-93,41,32
2668469892,-4524,6260,-1030,32,-180,-119,-16463,0,-15537,0,8160,8192,5716,-516,-6204,-105,42,23
2668519892,-5176,6562,-1230,99,11,230,0,0,-7,-1,-16460,0,5604,-704,-6288,-111,52,24
2668569892,-5110,6144,-1196,75,44,129,-17457,0,-15537,0,8160,8192,6048,-616,-5992,-106,55,28
2668619892,-5434,6620,-1464,135,81,311,-18456,0,-15537,0,8160,8192,6018,-558,-5856,-107,42,32
2668669892,-5502,6440,-1176,20,120,312,5544,8192,-7,-1,-15734,0,5836,-738,-6014,-101,30,30
2668719892,-5586,6272,-1080,77,23,188,0,0,-7,-1,-16453,0,5804,-1144,-6012,-110,7,31
2668769892,-5312,6492,-1304,50,-163,172,-16450,0,-15537,0,8160,8192,6034,-1190,-5882,-108,5,30
2668819892,-4660,6296,-572,90,24,315,0,0,-7,-1,-16448,0,5518,-888,-6168,-109,19,34
2668869892,-5622,6900,-1262,80,142,392,-16445,0,-15537,0,8160,8192,5580,-1296,-6250,-110,30,40
2668919892,-6722,7740,-1966,44,236,473,-18444,0,-15537,0,8160,8192,5688,-822,-5824,-103,40,47
2668969892,-5558,6530,-1410,32,193,517,8160,8192,31828,-24812,645,8192,5556,-874,-6468,-118,48,37
2669019892,-4900,6546,-1480,8,48,347,-17439,0,-15537,0,8160,8192,5264,-206,-6966,-110,22,41
2669069892,-5062,7190,-1500,133,-29,324,8160,8192,0,0,645,8192,5442,-698,-6268,-121,57,33
2669119892,-4686,7244,-1664,22,-102,-37,0,0,-7,-1,-17436,0,3842,-96,-7408,-116,34,43
2669169892,-3218,7024,-1992,155,-295,-229,-16434,0,-15537,0,8160,8192,5792,1486,-6038,-111,36,49
2669219892,-2916,7206,-2364,141,-253,-182,8160,8192,19684,-24808,645,8192,5920,1524,-6336,-110,49,39
2669269892,-3482,7818,-2500,152,-158,-101,-16429,0,-15537,0,8160,8192,4874,1240,-6396,-103,37,42
2669319892,-3338,7230,-2506,84,15,182,0,0,-7,-1,-16427,0,6140,1540,-5696,-111,40,38
2669369892,-3316,7334,-1996,86,111,404,8160,8192,-26924,-24806,645,8192,6042,1012,-6046,-104,26,23
2669419892,-4384,7606,-2442,6,199,547,-16424,0,-15537,0,8160,8192,5714,720,-6202,-110,39,25
2669469892,-3926,7042,-1784,58,162,430,-16422,0,-15537,0,8160,8192,6710,538,-5438,-94,54,35
2669519892,-4296,7074,-2000,125,-82,109,0,0,-7,-1,-16420,0,5742,46,-6044,-103,45,32
2669569892,-4184,7426,-2060,99,-96,83,0,0,-7,-1,-16417,0,4924,224,-6534,-101,22,31
2669619892,-3894,7162,-2148,113,-179,-49,-16415,0,-15537,0,8160,8192,6100,494,-5796,-107,25,30
2669669892,-3858,7598,-2266,150,-213,-119,8160,8192,0,0,645,8192,5658,652,-5820,-111,24,29
2669719892,-3714,7254,-2168,91,-95,71,8160,8192,0,0,645,8192,6058,772,-5924,-111,18,29
2669769892,-4090,7330,-2164,71,-6,259,0,0,-7,-1,-16408,0,5774,334,-5816,-107,12,31
2669819892,-3500,6992,-2130,62,-130,41,8160,8192,29860,-24799,645,8192,5720,700,-6012,-114,10,25
2669869892,-4124,7118,-1854,135,-108,181,-16404,0,-15537,0,8160,8192,5930,162,-5968,-118,15,26
2669919892,-4018,7326,-2078,35,-22,86,8160,8192,-1212,-24798,645,8192,5894,628,-6198,-103,28,28
2669969892,-3950,6976,-1722,207,-69,170,-16400,0,-15537,0,8160,8192,5618,-114,-6136,-108,76,22
2670019892,-4508,6764,-1814,35,3,62,0,0,-7,-1,-17398,0,5894,-514,-6026,-104,41,35
2670069892,-3122,7368,-2866,77,-288,-220,8160,8192,17716,-24795,645,8192,5810,1656,-5874,-108,41,34
2670119892,-3854,7388,-2098,343,-437,-273,-17394,0,-15537,0,8160,8192,5746,226,-6004,-107,34,28
2670169892,-3396,7450,-2542,-43,-49,22,-16393,0,-15537,0,8160,8192,5760,1056,-6010,-102,24,28
2670219892,-4764,6834,-1266,228,57,572,0,0,-7,-1,-16391,0,5834,-652,-5980,-104,49,28
2670269892,-4348,6932,-1848,-68,59,110,-16390,0,-15537,0,8160,8192,5812,-168,-5990,-109,29,29
2670319892,-4082,7258,-1866,275,-297,-101,-18388,0,-15537,0,8160,8192,5834,194,-6022,-109,28,34
2670369892,-3996,7212,-1964,96,-126,-15,-18386,0,-15537,0,8160,8192,5838,288,-6012,-108,32,30
2670419892,-3918,7142,-2058,117,-121,95,-17385,0,-15537,0,8160,8192,5720,430,-6106,-106,25,31
2670469892,-4104,7082,-1842,101,-88,83,0,0,-7,-1,-16383,0,5816,16,-5992,-106,25,31
2670519892,-4178,7068,-2010,55,-113,60,-17380,0,-15537,0,8160,8192,5762,186,-6056,-106,21,28
2670569892,-4096,7124,-1892,132,-186,-46,0,0,-7,-1,-17380,0,5810,210,-5990,-107,27,31
2670619892,-4026,7300,-2140,108,-177,-76,-16378,0,-15537,0,8160,8192,5788,406,-6114,-107,33,29
2670669892,-3666,7322,-2324,124,-242,-123,8160,8192,0,0,645,8192,5752,756,-6018,-107,29,29
2670719892,-3768,7258,-2262,119,-267,-147,-16374,0,-15537,0,8160,8192,5884,770,-5938,-106,22,31
2670769892,-3728,7128,-2280,140,-279,-194,-16371,0,-15537,0,8160,8192,5576,996,-6018,-104,45,26
2670819892,-4124,7440,-2204,189,-326,-279,-16368,0,-15537,0,8160,8192,5642,452,-6034,-99,37,24
2670869892,-4048,6918,-2200,144,-297,-191,0,0,-7,-1,-17366,0,5800,500,-6014,-101,34,27
2670919892,-4572,6908,-1798,118,-51,148,-18364,0,-15537,0,8160,8192,6022,-118,-5842,-99,20,31
2670969892,-4170,7164,-1824,14,-102,129,8160,8192,0,0,645,8192,5534,194,-6138,-95,10,25
2671019892,-4598,7026,-2068,122,-188,-81,0,0,-7,-1,-18362,0,6040,80,-5798,-106,23,27
2671069892,-4276,6812,-1780,70,-212,-106,8160,8192,-30860,-24780,645,8192,5832,152,-5990,-104,42,23
2671119892,-4262,6764,-2258,55,-201,-214,0,0,-7,-1,-17356,0,5678,670,-6278,-108,45,30
2671169892,-4340,7816,-2450,163,-371,-245,-17354,0,-15537,0,8160,8192,4872,516,-6736,-107,38,21
2671219892,-4250,7088,-2282,106,-326,-192,-16352,0,-15537,0,8160,8192,6888,640,-5344,-102,16,25
2671269892,-2244,5440,-1052,151,-335,-113,0,0,-7,-1,-16350,0,5968,1018,-6050,-96,8,29
2671319892,-4032,6562,-1944,85,-210,-48,0,0,-7,-1,-16348,0,5486,456,-6366,-94,7,22
2671369892,-4432,7190,-2170,98,-191,41,-16346,0,-15537,0,8160,8192,5696,536,-5342,-106,19,18
2671419892,-4410,6800,-1992,66,-162,113,8160,8192,0,0,645,8192,6820,584,-5564,-97,-1,22
2671469892,-4476,7320,-1874,119,-200,-20,8160,8192,-24076,-24774,645,8192,5780,-124,-6342,-105,37,18
2671519892,-5084,7168,-2414,89,-172,-96,0,0,-7,-1,-16341,0,6228,-206,-5720,-109,47,25
2671569892,-4980,7302,-2270,104,-135,35,-16338,0,-15537,0,8160,8192,6908,-262,-4810,-98,72,28
2671619892,-4754,6388,-1604,69,-88,-8,0,0,-7,-1,-16335,0,6014,74,-5600,-97,35,26
2671669892,-4340,6382,-1442,71,-151,-96,8160,8192,-20684,-24771,645,8192,6838,-90,-5390,-110,45,23
2671719892,-5012,6246,-1520,96,-252,-313,-16330,0,-15537,0,8160,8192,6338,50,-5542,-108,17,37
2671769892,-5256,7260,-1514,69,-285,-339,8160,8192,13780,-24769,645,8192,5156,40,-6900,-111,32,31
2671819892,-6864,7786,-2428,95,-251,-396,-18324,0,-15537,0,8160,8192,2538,-284,-8338,-106,55,29
2671869892,-5000,6836,-1864,90,-166,-98,-16322,0,-15537,0,8160,8192,6444,432,-5806,-109,25,20
2671919892,-5156,6378,-1700,60,-60,-64,-16320,0,-15537,0,8160,8192,6788,-726,-5542,-102,-5,33
2671969892,-5192,6770,-1748,36,97,215,0,0,-7,-1,-16318,0,4704,2,-6492,-105,15,30
2672019892,-6124,6562,-1316,137,55,168,8160,8192,1636,-24765,645,8192,6836,-948,-5044,-104,39,30
2672069892,-5258,5862,-1172,30,-81,-77,-16312,0,-15537,0,8160,8192,6434,70,-5776,-108,27,28
2672119892,-5246,6082,-1144,136,-243,-92,-16310,0,-15537,0,8160,8192,6406,-552,-5542,-103,33,35
2672169892,-5542,6016,-932,90,-114,-55,-16308,0,-15537,0,8160,8192,5596,-928,-6134,-110,51,32
2672219892,-5506,6136,-850,75,-142,-38,8160,8192,5028,-24762,645,8192,5598,-754,-6122,-107,42,32
2672269892,-5642,6068,-984,81,-55,136,-18304,0,-15537,0,8160,8192,5812,-934,-6038,-103,19,31
2672319892,-5708,6176,-994,110,-53,176,8160,8192,-26044,-24761,645,8192,5950,-1250,-5922,-107,22,31
2672369892,-5930,6180,-1028,86,55,345,-17300,0,-15537,0,8160,8192,5888,-1228,-6026,-105,16,32
2672419892,-5784,5900,-480,79,193,628,-18297,0,-15537,0,8160,8192,6278,-1872,-5940,-108,15,35
2672469892,-6158,6396,-782,-47,360,697,8160,8192,-7116,-24759,645,8192,6078,-1710,-5918,-116,25,33
2672519892,-5440,5538,-146,36,352,764,-16293,0,-15537,0,8160,8192,6498,-1380,-5626,-114,42,42
2672569892,-5868,6312,-830,-20,348,729,8160,8192,27348,-24757,645,8192,5906,-1094,-5182,-115,58,45
2672619892,-5140,5650,-104,20,490,1029,-16289,0,-15537,0,8160,8192,4400,-2102,-6784,-117,60,38
2672669892,-5678,7280,-966,-167,501,871,8160,8192,-3724,-24756,645,8192,5588,-3270,-5892,-105,18,48
2672719892,-4922,5830,-1634,-16,47,260,-16284,0,-15537,0,8160,8192,9088,-338,-3496,-105,8,59
2672769892,-2828,6958,-2632,188,-637,-696,0,0,-7,-1,-17282,0,5596,-322,-6786,-115,45,51
2672819892,-4160,9328,-3828,375,-716,-887,-18280,0,-15537,0,8160,8192,7772,3346,-4644,-91,43,29
2672869892,-2458,8186,-3376,89,-74,-21,-16277,0,-15537,0,8160,8192,5094,3436,-6000,-92,60,35
2672919892,-3142,7486,-3536,172,-217,-143,-17275,0,-15537,0,8160,8192,7042,2564,-6898,-108,47,25
2672969892,-2950,8362,-3374,207,-309,-144,8160,8192,-31404,-24751,645,8192,4998,2646,-6194,-104,43,29
2673019892,-2758,7318,-2522,93,-30,179,8160,8192,18596,-24750,645,8192,5808,1824,-5952,-109,5,30
2673069892,-3816,7242,-1970,60,270,707,-16269,0,-15537,0,8160,8192,5932,570,-6030,-96,-4,26
2673119892,-3990,7204,-2234,-153,493,878,-16267,0,-15537,0,8160,8192,6050,988,-6056,-106,5,35
2673169892,-4812,7414,-1880,106,160,575,0,0,-7,-1,-16266,0,6004,-178,-5734,-109,10,29
2673219892,-3832,7268,-2290,43,-126,22,0,0,-7,-1,-17266,0,5620,682,-6002,-110,31,29
2673269892,-3842,7288,-2068,316,-511,-511,-16263,0,-15537,0,8160,8192,5662,188,-6146,-108,34,34
2673319892,-3796,7276,-1720,134,-70,205,0,0,-7,-1,-17261,0,5572,-174,-6032,-113,53,34
2673369892,-4090,6892,-2076,-54,190,466,0,0,-7,-1,-19259,0,5568,354,-6020,-115,47,36
2673419892,-3440,7434,-2532,171,-333,-403,8160,8192,0,0,645,8192,5520,1538,-6198,-111,41,30
2673469892,-2852,7522,-2752,248,-548,-619,-16255,0,-15537,0,8160,8192,5822,1604,-5936,-108,47,27
2673519892,-3742,7372,-2000,109,16,353,-16255,0,-15537,0,8160,8192,5886,122,-6062,-107,25,27
2673569892,-4654,6906,-1652,-91,459,911,8160,8192,0,0,645,8192,5970,-252,-6102,-107,33,29
2673619892,-4316,7170,-2144,13,-44,84,-16253,0,-15537,0,8160,8192,5660,156,-6210,-106,38,29
2673669892,-4070,7386,-2176,215,-316,-235,0,0,-7,-1,-16251,0,5582,276,-6134,-108,35,29
2673719892,-3696,7022,-2044,140,-208,-70,-16250,0,-15537,0,8160,8192,5638,324,-5890,-110,29,28
2673769892,-3980,7114,-1804,116,-30,255,8160,8192,0,0,645,8192,5924,74,-5878,-101,20,24
2673819892,-4308,7124,-1894,57,-27,185,0,0,-7,-1,-16246,0,5862,120,-6036,-106,15,33
2673869892,-4100,7206,-2062,138,-236,-180,8160,8192,16628,-24737,645,8192,5704,316,-6102,-106,27,28
2673919892,-3876,7250,-2010,126,-175,-8,8160,8192,1092,-24736,645,8192,5806,332,-5988,-106,28,31
2673969892,-4210,7038,-1848,58,26,286,-18240,0,-15537,0,8160,8192,5918,-44,-6002,-105,28,31
2674019892,-4122,7052,-1934,80,-125,22,-17240,0,-15537,0,8160,8192,5654,70,-6050,-104,31,29
2674069892,-4028,7248,-1916,146,-217,-70,-16238,0,-15537,0,8160,8192,5826,232,-6026,-106,26,30
2674119892,-3960,7088,-1986,95,-75,89,8160,8192,4484,-24733,645,8192,5838,238,-5958,-104,35,26
2674169892,-4088,7138,-2002,92,-65,126,-18233,0,-15537,0,8160,8192,5684,240,-6070,-107,37,30
2674219892,-3956,7112,-2054,93,-141,-8,0,0,-7,-1,-16230,0,5776,436,-5992,-104,36,29
2674269892,-3788,7212,-2096,123,-186,-52,8160,8192,0,0,645,8192,5828,320,-5944,-107,35,30
2674319892,-3874,7182,-2122,100,-158,-45,-16226,0,-15537,0,8160,8192,5694,338,-6030,-102,40,30
2674369892,-3822,7138,-2152,108,-197,-68,-16223,0,-15537,0,8160,8192,5724,782,-5916,-106,39,32
2674419892,-3908,7272,-2252,175,-327,-223,-16220,0,-15537,0,8160,8192,5672,520,-6020,-107,38,27
2674469892,-3790,7298,-2196,146,-306,-263,-16218,0,-15537,0,8160,8192,5918,924,-5978,-106,39,31
2674519892,-4232,7528,-2320,143,-237,-82,8160,8192,11268,-24727,645,8192,5864,334,-6032,-107,32,34
2674569892,-4186,7030,-1720,60,-47,141,-16214,0,-15537,0,8160,8192,6002,52,-5914,-102,26,25
2674619892,-4264,6776,-1890,90,-159,-11,-16212,0,-15537,0,8160,8192,6124,464,-5810,-105,28,34
2674669892,-4092,7380,-2184,108,-366,-409,0,0,-7,-1,-16211,0,5662,1020,-5856,-91,19,31
2674719892,-4264,7266,-2376,208,-455,-325,-16209,0,-15537,0,8160,8192,5884,670,-6152,-105,13,32
2674769892,-3716,7060,-2124,61,-235,-88,-16206,0,-15537,0,8160,8192,6080,1162,-6132,-101,27,18
2674819892,-5154,7788,-2350,90,-140,33,-16204,0,-15537,0,8160,8192,5354,812,-6062,-98,39,34
2674869892,-4462,7770,-2548,120,-252,-68,-16201,0,-15537,0,8160,8192,5814,540,-6122,-94,33,24
2674919892,-4680,7442,-2314,136,-295,-129,-18200,0,-15537,0,8160,8192,5318,-998,-6674,-95,15,27
2674969892,-4662,7350,-2016,89,-209,-25,-16198,0,-15537,0,8160,8192,5620,152,-5948,-94,24,27
2675019892,-3970,6516,-1814,93,-238,-4,0,0,-7,-1,-16196,0,5790,672,-6152,-104,37,17
2675069892,-4300,6488,-1510,98,-75,164,-16194,0,-15537,0,8160,8192,6486,494,-5570,-91,20,24
2675119892,-4840,7072,-2172,104,-183,36,-16192,0,-15537,0,8160,8192,5274,-198,-6110,-101,44,22
2675169892,-5200,7928,-2170,81,-118,-31,-18191,0,-15537,0,8160,8192,3686,610,-7008,-96,44,13
2675219892,-4404,7080,-2102,58,-260,-112,-17189,0,-15537,0,8160,8192,6492,568,-4866,-88,7,24
2675269892,-4712,7194,-2468,48,-327,-234,-18188,0,-15537,0,8160,8192,5980,696,-5996,-99,-15,36
2675319892,-4038,6632,-1780,109,-227,-161,8160,8192,24836,-24715,645,8192,5958,622,-6008,-97,38,32
2675369892,-4362,6622,-1702,118,-151,-60,8160,8192,9300,-24714,645,8192,5122,-72,-6842,-111,60,28
2675419892,-5242,7108,-1806,24,-157,147,8160,8192,-6236,-24714,645,8192,7054,1346,-4660,-100,17,34
2675469892,-6266,7728,-1868,135,-313,-362,-16179,0,-15537,0,8160,8192,3888,-280,-7508,-101,51,32
2675519892,-5128,6898,-1578,118,-153,-128,8160,8192,0,0,645,8192,5820,-140,-6168,-117,64,30
2675569892,-5726,6658,-1276,70,108,189,-16175,0,-15537,0,8160,8192,6116,-312,-5542,-101,59,38
2675619892,-5466,6568,-1374,96,104,344,8160,8192,-2844,-24711,645,8192,6132,-410,-5902,-103,52,40
2675669892,-5144,5834,-1146,118,-38,-58,-18169,0,-15537,0,8160,8192,5718,-820,-6110,-105,40,28
2675719892,-6462,7284,-1932,141,-123,16,8160,8192,31620,-24709,645,8192,6330,-668,-5794,-104,55,32
2675769892,-5804,6948,-1436,116,-189,-100,-18166,0,-15537,0,8160,8192,6142,-412,-5794,-105,52,34
2675819892,-5426,6096,-1084,68,-143,74,-18164,0,-15537,0,8160,8192,5778,-822,-6022,-103,37,28
2675869892,-5716,6214,-914,105,-109,113,8160,8192,-14988,-24707,645,8192,5772,-1160,-6094,-108,24,30
2675919892,-5896,6098,-724,98,71,318,8160,8192,-30524,-24706,645,8192,5898,-1726,-6008,-104,3,35
2675969892,-6906,6840,-1266,44,267,716,0,0,-7,-1,-17156,0,5248,-1744,-5966,-108,19,38
2676019892,-6334,6462,-724,-13,293,779,0,0,-7,-1,-16154,0,6620,-2084,-5226,-122,1,46
2676069892,-5778,6142,-456,1,395,781,8160,8192,-11596,-24704,645,8192,5670,-1728,-6226,-123,53,38
2676119892,-5904,6178,-790,-3,319,742,8160,8192,-27132,-24703,645,8192,6068,-1334,-6318,-111,31,51
2676169892,-5592,6608,-754,-10,299,766,8160,8192,22868,-24702,645,8192,5404,-1032,-7770,-105,42,56
2676219892,-7520,8692,-2708,10,189,500,5544,8192,-7,-1,-15987,0,5282,-1928,-5604,-112,13,68
2676269892,-3772,6478,-1932,87,-196,74,0,0,-7,-1,-16142,0,6250,-470,-4754,-121,47,56
2676319892,-3808,7780,-3140,108,-351,-435,-16140,0,-15537,0,8160,8192,3542,2094,-6566,-87,44,26
2676369892,-2482,7374,-2928,215,-460,-540,8160,8192,26260,-24699,645,8192,6766,1598,-5550,-89,41,31
2676419892,-1996,7680,-2990,278,-305,-365,8160,8192,10724,-24698,645,8192,7114,2602,-5090,-101,32,28
2676469892,-1542,7820,-3366,271,-639,-538,-16133,0,-15537,0,8160,8192,6536,3406,-5088,-108,7,40
2676519892,-2262,7772,-3572,167,-299,-235,-18131,0,-15537,0,8160,8192,5368,2816,-6272,-106,23,30
2676569892,-3062,7154,-2368,138,137,533,-16128,0,-15537,0,8160,8192,5870,1084,-5862,-111,26,25
2676619892,-3950,7184,-2312,-129,616,1059,0,0,-7,-1,-16125,0,5994,814,-5984,-112,12,25
2676669892,-4394,6942,-1726,-47,456,904,8160,8192,-1420,-24695,645,8192,5958,16,-5756,-105,17,32
2676719892,-4444,7242,-2052,12,64,330,8160,8192,0,0,645,8192,5726,222,-5880,-108,36,33
2676769892,-4088,6972,-2076,226,-327,-294,-16118,0,-15537,0,8160,8192,5894,590,-5968,-109,39,35
2676819892,-3532,7250,-2270,194,-402,-390,0,0,-7,-1,-17116,0,5788,960,-5988,-109,26,37
2676869892,-3198,7282,-2308,97,-125,63,0,0,-7,-1,-17115,0,5626,1134,-6102,-107,36,30
2676919892,-3676,7284,-2170,95,-62,144,-16113,0,-15537,0,8160,8192,5646,474,-5994,-105,28,27
2676969892,-3932,7306,-2164,70,-53,152,-16111,0,-15537,0,8160,8192,5616,552,-6178,-110,20,24
2677019892,-4254,7162,-1710,116,-72,159,8160,8192,20900,-24689,645,8192,5794,-314,-5918,-104,24,25
2677069892,-4492,6876,-1646,25,8,218,0,0,-7,-1,-17109,0,5654,-408,-6150,-110,21,34
2677119892,-4068,7130,-2204,71,-123,68,-16106,0,-15537,0,8160,8192,5718,460,-6010,-107,28,30
2677169892,-3914,7208,-2066,215,-271,-147,-16103,0,-15537,0,8160,8192,5758,260,-5962,-108,50,29
2677219892,-3956,7272,-1920,107,-20,151,-17101,0,-15537,0,8160,8192,5892,-14,-5950,-109,57,28
2677269892,-3934,6802,-1670,63,85,364,-16100,0,-15537,0,8160,8192,5596,-120,-5870,-109,60,25
2677319892,-4628,7002,-1688,55,114,549,-16098,0,-15537,0,8160,8192,5816,-2,-6090,-106,26,28
2677369892,-3348,7428,-2894,130,-572,-929,-16096,0,-15537,0,8160,8192,5768,1106,-6020,-107,29,34
2677419892,-3208,7646,-2200,380,-638,-556,-16094,0,-15537,0,8160,8192,5780,612,-6004,-103,31,32
2677469892,-4766,6918,-1214,-90,527,1001,-16091,0,-15537,0,8160,8192,5932,-1138,-6034,-100,31,27
2677519892,-4772,6776,-1876,-208,451,753,0,0,-7,-1,-16088,0,5832,-130,-6094,-104,27,28
2677569892,-4004,7140,-2100,238,-392,-363,-16085,0,-15537,0,8160,8192,5818,434,-5960,-106,26,32
2677619892,-3596,7376,-2050,260,-517,-469,-16082,0,-15537,0,8160,8192,5830,280,-5964,-106,18,31
2677669892,-3462,7432,-2442,36,-160,-72,0,0,-7,-1,-16081,0,5674,982,-6118,-107,27,31
2677719892,-3668,7190,-2236,128,-140,-39,-16079,0,-15537,0,8160,8192,5782,884,-5978,-101,33,23
2677769892,-3776,7382,-2560,99,-325,-239,-16077,0,-15537,0,8160,8192,6054,900,-5884,-105,19,26
2677819892,-4238,7656,-2342,227,-442,-396,0,0,-7,-1,-16075,0,5552,488,-6206,-100,31,28
2677869892,-4302,7704,-2152,118,-199,-76,8160,8192,18932,-24676,645,8192,5768,578,-5948,-99,29,23
2677919892,-4456,7244,-2074,65,-78,147,8160,8192,3396,-24675,645,8192,5626,390,-6054,-100,38,29
2677969892,-4184,6728,-1714,99,-220,-106,-16069,0,-15537,0,8160,8192,6158,346,-6036,-97,21,28
2678019892,-3830,6512,-1618,187,-415,-370,-18066,0,-15537,0,8160,8192,5420,482,-6228,-109,55,26
2678069892,-4506,7188,-1954,224,-424,-279,8160,8192,22324,-24673,645,8192,5802,164,-6182,-97,42,21
2678119892,-3772,6072,-2042,83,-240,12,-16062,0,-15537,0,8160,8192,6672,56,-5680,-111,18,28
2678169892,-4456,6784,-2074,94,-190,35,8160,8192,0,0,645,8192,6324,116,-5890,-95,25,28
2678219892,-3846,6010,-1366,64,-146,-16,0,0,-7,-1,-16059,0,6086,98,-6040,-101,16,32
2678269892,-4252,6396,-1504,94,-145,81,-16056,0,-15537,0,8160,8192,6026,542,-5976,-98,33,33
2678319892,-5044,7602,-2362,74,-217,-90,8160,8192,0,0,645,8192,5730,176,-5928,-99,41,34
2678369892,-4178,7392,-2406,154,-410,-250,8160,8192,-5356,-24669,645,8192,5390,1072,-6266,-105,44,23
2678419892,-4852,7868,-2326,159,-385,-289,-16049,0,-15537,0,8160,8192,5576,290,-5906,-98,28,27
2678469892,-3836,6194,-1540,46,-81,130,-18047,0,-15537,0,8160,8192,6824,782,-5554,-98,8,21
2678519892,-4326,6550,-1850,16,-15,252,0,0,-7,-1,-17046,0,5912,710,-5956,-101,27,24
2678569892,-4674,6904,-1946,124,-192,-126,0,0,-7,-1,-17044,0,6010,604,-5852,-105,34,22
2678619892,-4574,7072,-1966,91,-179,-136,-17041,0,-15537,0,8160,8192,5842,566,-6332,-96,49,23
2678669892,-4534,6290,-1624,49,-32,123,-16039,0,-15537,0,8160,8192,6454,-70,-5748,-95,9,24
2678719892,-4668,6300,-1486,29,-38,150,8160,8192,0,0,645,8192,6424,168,-6002,-94,29,24
2678769892,-4000,5794,-1192,89,-241,-191,-16035,0,-15537,0,8160,8192,5314,-194,-6584,-108,32,30
2678819892,-4436,6350,-1268,138,-267,-207,-16032,0,-15537,0,8160,8192,6884,486,-5354,-105,50,47
2678869892,-4722,6078,-1272,73,-223,-172,-16030,0,-15537,0,8160,8192,6352,188,-5622,-110,46,20
2678919892,-3500,5748,-814,98,-208,-200,-16030,0,-15537,0,8160,8192,6980,20,-5148,-99,38,38
2678969892,-4430,6626,-2216,30,-200,-243,-18029,0,-15537,0,8160,8192,6106,632,-6138,-107,38,21
2679019892,-4620,6388,-1416,188,-186,-71,0,0,-7,-1,-16027,0,5994,188,-6050,-100,19,27
2679069892,-5032,6450,-1336,-16,83,191,-18025,0,-15537,0,8160,8192,5994,-496,-5966,-100,17,33
2679119892,-5322,6740,-1280,145,-53,154,-17024,0,-15537,0,8160,8192,5768,-112,-6152,-106,25,29
2679169892,-5090,6274,-1330,114,-108,-102,-16022,0,-15537,0,8160,8192,5004,-30,-6172,-110,72,25
2679219892,-4694,5646,-772,115,-83,4,-16020,0,-15537,0,8160,8192,5372,-554,-6482,-108,53,30
2679269892,-5768,6684,-1318,80,-84,-11,-16018,0,-15537,0,8160,8192,5750,-666,-6024,-109,35,31
2679319892,-5532,5736,-984,94,-109,38,-16017,0,-15537,0,8160,8192,5630,-724,-5966,-110,32,28
2679369892,-5922,6244,-1082,88,-103,186,-16015,0,-15537,0,8160,8192,5804,-880,-5964,-105,33,30
2679419892,-6068,6020,-642,148,-46,120,-16012,0,-15537,0,8160,8192,5854,-1674,-5988,-107,20,36
2679469892,-5500,5588,-818,97,48,294,-18012,0,-15537,0,8160,8192,5816,-1118,-6108,-106,25,32
2679519892,-5794,6432,-1292,72,59,443,-16010,0,-15537,0,8160,8192,6778,-880,-5444,-105,11,36
2679569892,-7322,8090,-2272,27,167,511,-16008,0,-15537,0,8160,8192,6178,-722,-6146,-107,9,37
2679619892,-5274,6002,-960,21,202,584,8160,8192,-540,-24650,645,8192,5496,-1118,-6614,-112,3,35
2679669892,-4780,5814,-566,4,329,714,-16003,0,-15537,0,8160,8192,5184,-1782,-6596,-121,16,27
2679719892,-6152,6554,-410,33,505,1026,-17002,0,-15537,0,8160,8192,2930,-3168,-7792,-105,44,43
2679769892,-5058,5216,180,-228,752,1376,8160,8192,0,0,645,8192,3938,-3532,-6194,-100,-16,53
2679819892,-3950,4646,-566,-72,123,228,8160,8192,2852,-24646,645,8192,7166,-1466,-5080,-112,42,50
2679869892,-3948,7756,-2250,276,-645,-642,-15997,0,-15537,0,8160,8192,3876,2074,-6466,-125,109,40
2679919892,-3584,9854,-3796,219,-577,-839,-16995,0,-15537,0,8160,8192,7960,3370,-1980,-95,65,63
2679969892,-2306,7268,-3224,284,-644,-723,-15993,0,-15537,0,8160,8192,6056,2694,-5358,-111,53,42
2680019892,-2282,8238,-3332,162,-93,-41,-15991,0,-15537,0,8160,8192,5732,3316,-6400,-97,45,24
2680069892,-4564,8828,-3366,177,98,453,8160,8192,-9292,-24643,645,8192,7840,1070,-4608,-107,38,22
2680119892,-4248,7298,-2062,-46,585,1120,-15987,0,-15537,0,8160,8192,6054,234,-6370,-106,41,27
2680169892,-4276,6240,-732,-114,734,1273,8160,8192,25172,-24641,645,8192,6462,-220,-6068,-107,41,23
2680219892,-5400,8044,-2438,-21,89,343,8160,8192,9636,-24640,645,8192,5700,110,-6232,-100,1,43
2680269892,-3032,6606,-1956,313,-662,-719,-15981,0,-15537,0,8160,8192,6274,1384,-5870,-116,8,29
2680319892,-3028,7544,-2636,365,-890,-998,-15979,0,-15537,0,8160,8192,5672,1240,-5982,-112,37,35
2680369892,-3286,7738,-2738,203,-305,-98,-15977,0,-15537,0,8160,8192,5656,950,-5868,-114,16,39
2680419892,-2496,8044,-3582,-12,-83,138,0,0,-7,-1,-15975,0,6134,2680,-5662,-109,28,33
2680469892,-2856,7388,-2812,147,-202,-115,8160,8192,0,0,645,8192,5816,1630,-5876,-107,17,24
2680519892,-3418,7346,-2366,33,94,532,-15971,0,-15537,0,8160,8192,5644,216,-6148,-107,26,16
2680569892,-5100,6628,-1486,-27,369,825,-17969,0,-15537,0,8160,8192,5562,-560,-6044,-106,40,25
2680619892,-4530,6892,-1810,86,-190,-153,8160,8192,0,0,645,8192,5844,-176,-6048,-107,50,29
2680669892,-4356,7316,-1758,230,-255,-114,-15966,0,-15537,0,8160,8192,5768,-108,-6214,-108,38,32
2680719892,-3796,7102,-2150,42,-70,46,-16964,0,-15537,0,8160,8192,5796,672,-5946,-105,31,29
2680769892,-4006,7242,-1902,178,-112,166,-15959,0,-15537,0,8160,8192,5750,236,-6042,-110,30,31
2680819892,-4054,7134,-2092,47,-72,34,8160,8192,19812,-24631,645,8192,5768,362,-6032,-102,40,28
2680869892,-4116,7114,-1962,165,-201,4,-16953,0,-15537,0,8160,8192,5764,300,-6076,-107,40,32
2680919892,-4436,6992,-1772,98,-64,101,-15948,0,-15537,0,8160,8192,5746,-168,-6144,-107,28,30
2680969892,-4222,6984,-1906,77,-73,97,0,0,-7,-1,-16946,0,5876,106,-5950,-107,31,29
2681019892,-3980,7050,-1938,119,-186,-60,-15944,0,-15537,0,8160,8192,5872,322,-5908,-107,34,30
2681069892,-3970,7152,-2008,103,-116,40,-15941,0,-15537,0,8160,8192,5832,212,-6076,-105,28,30
2681119892,-4048,7120,-1992,73,-68,127,-17939,0,-15537,0,8160,8192,5794,190,-5994,-103,29,29
2681169892,-4274,7122,-2054,95,-110,70,8160,8192,-23404,-24626,645,8192,5686,142,-6150,-106,29,31
2681219892,-4116,7310,-2148,115,-185,-86,8160,8192,26596,-24625,645,8192,5700,542,-6158,-104,35,32
2681269892,-3892,7244,-2158,147,-219,-115,8160,8192,11060,-24624,645,8192,5906,522,-6032,-99,37,28
2681319892,-4004,7056,-1970,101,-152,-21,-16930,0,-15537,0,8160,8192,5810,292,-6008,-106,29,28
2681369892,-4104,7154,-2182,84,-171,-23,-15928,0,-15537,0,8160,8192,5842,424,-6114,-108,23,27
2681419892,-3948,7376,-2422,155,-369,-321,8160,8192,29988,-24622,645,8192,5746,1012,-6006,-108,39,32
2681469892,-4068,7264,-2148,235,-407,-305,-15919,0,-15537,0,8160,8192,5656,316,-6270,-97,41,31
2681519892,-4244,6908,-1718,73,-71,120,-15917,0,-15537,0,8160,8192,5724,58,-6070,-108,34,32
2681569892,-4328,7054,-2028,43,-125,49,-15913,0,-15537,0,8160,8192,6066,184,-5982,-98,24,24
2681619892,-4122,7282,-2354,112,-304,-213,8160,8192,-32156,-24619,645,8192,5688,530,-6010,-103,31,33
2681669892,-3986,6866,-2010,197,-395,-261,8160,8192,0,0,645,8192,5968,522,-5952,-96,29,26
2681719892,-4000,7296,-2222,147,-379,-321,-17908,0,-15537,0,8160,8192,5554,1016,-6050,-109,45,27
2681769892,-3804,6958,-2120,224,-491,-353,0,0,-7,-1,-16907,0,6134,964,-5634,-100,36,21
2681819892,-3148,6152,-1256,76,-162,-42,0,0,-7,-1,-15905,0,6026,628,-6288,-98,31,31
2681869892,-5132,7302,-2588,68,-73,317,8160,8192,21236,-24615,645,8192,5756,924,-6062,-108,55,26
2681919892,-4090,6868,-2130,77,-198,-16,-15903,0,-15537,0,8160,8192,5634,612,-6162,-95,32,21
2681969892,-4542,7338,-2504,146,-369,-301,0,0,-7,-1,-16901,0,4998,1094,-6290,-115,32,24
2682019892,-3526,6496,-1664,124,-266,-42,-16899,0,-15537,0,8160,8192,7136,762,-5120,-96,18,25
2682069892,-5158,6976,-2440,68,-89,144,-15897,0,-15537,0,8160,8192,4828,512,-6190,-104,23,16
2682119892,-4460,6824,-1996,49,-139,54,-15895,0,-15537,0,8160,8192,4506,278,-7436,-110,44,20
2682169892,-4450,6408,-1914,86,-131,-119,0,0,-7,-1,-16893,0,5660,612,-5996,-107,43,14
2682219892,-5316,7226,-1926,94,-124,-29,0,0,-7,-1,-16891,0,5836,-12,-6048,-91,53,32
2682269892,-4530,6494,-1366,53,-210,-89,-15887,0,-15537,0,8160,8192,5670,200,-6560,-99,19,16
2682319892,-4370,5798,-678,127,-171,-55,-15885,0,-15537,0,8160,8192,7452,-266,-5762,-105,10,21
2682369892,-5684,6998,-1524,79,-322,-255,0,0,-7,-1,-15883,0,6202,-882,-5942,-93,31,36
2682419892,-5762,6910,-1654,77,50,40,-15881,0,-15537,0,8160,8192,6472,-796,-5204,-108,16,26
2682469892,-5314,6506,-1284,64,153,329,-15878,0,-15537,0,8160,8192,6054,110,-6296,-95,32,36
2682519892,-5026,6154,-1180,122,-5,125,0,0,-7,-1,-16876,0,5950,-716,-5928,-109,35,31
2682569892,-4542,6046,-816,112,-76,-65,8160,8192,340,-24604,645,8192,6330,-438,-5756,-107,59,33
2682619892,-5822,6634,-1674,136,-234,-98,-15872,0,-15537,0,8160,8192,6102,-560,-6064,-110,52,28
2682669892,-5382,6176,-1046,67,-103,30,0,0,-7,-1,-16870,0,5730,-636,-6062,-113,57,30
2682719892,-5538,6038,-922,101,-187,-74,8160,8192,19268,-24602,645,8192,6000,-812,-5874,-106,55,32
2682769892,-5546,6282,-1186,118,-205,-79,-17867,0,-15537,0,8160,8192,5808,-598,-6054,-102,49,32
2682819892,-5474,6364,-1112,119,-82,74,-15865,0,-15537,0,8160,8192,5936,-662,-5948,-106,20,34
2682869892,-5734,6576,-1144,124,49,387,-15861,0,-15537,0,8160,8192,5912,-798,-6052,-108,12,33
2682919892,-5886,6408,-932,62,139,434,0,0,-7,-1,-15859,0,5716,-1228,-5928,-106,16,33
2682969892,-7602,7930,-2164,22,255,640,0,0,-7,-1,-15857,0,6006,-1326,-6218,-106,6,36
2683019892,-5646,6026,-740,-17,310,712,-16856,0,-15537,0,8160,8192,6158,-1368,-6008,-113,18,38
2683069892,-5752,6220,-744,29,283,670,-15853,0,-15537,0,8160,8192,5474,-1604,-6282,-121,31,28
2683119892,-4584,5614,-402,-13,299,783,0,0,-7,-1,-15850,0,5272,-1132,-7046,-106,9,47
2683169892,-6168,7206,-1148,-17,346,852,0,0,-7,-1,-15846,0,6780,-1882,-6252,-106,-5,56
2683219892,-5798,6282,-824,-22,342,682,-15844,0,-15537,0,8160,8192,6130,-1266,-6844,-114,44,60
2683269892,-3222,5604,-992,72,-162,-89,8160,8192,0,0,645,8192,6212,736,-6746,-127,88,55
2683319892,-5162,6278,-3108,243,-450,-388,0,0,-7,-1,-15839,0,5506,-1866,-4770,-93,45,38
2683369892,-2932,7758,-2150,92,-273,-466,-15837,0,-15537,0,8160,8192,5340,2658,-6624,-87,33,29
2683419892,-3070,7292,-3178,210,-90,-116,-17834,0,-15537,0,8160,8192,6402,2344,-5298,-104,26,24
2683469892,-1520,7296,-3186,258,-664,-587,-15832,0,-15537,0,8160,8192,4706,3124,-6466,-110,3,32
2683519892,-2582,7650,-3390,184,-405,-344,0,0,-7,-1,-15830,0,6082,2696,-5318,-114,2,29
2683569892,-3034,8056,-2780,127,-73,145,-15828,0,-15537,0,8160,8192,5344,2102,-6408,-107,41,36
2683619892,-3390,7586,-2604,68,288,613,-17827,0,-15537,0,8160,8192,5576,1400,-6102,-111,60,32
2683669892,-3696,7148,-2132,-22,466,941,8160,8192,-13772,-24588,645,8192,5828,810,-6056,-104,51,35
2683719892,-3884,7280,-2718,-55,114,228,-15824,0,-15537,0,8160,8192,5596,1064,-6016,-108,50,33
2683769892,-3536,7322,-2318,257,-386,-287,0,0,-7,-1,-15822,0,5912,918,-6022,-105,45,29
2683819892,-3618,7272,-2078,147,-148,12,-16820,0,-15537,0,8160,8192,5722,454,-5962,-107,53,26
2683869892,-4264,7036,-1818,73,140,452,-15818,0,-15537,0,8160,8192,5622,-182,-6044,-109,47,29
2683919892,-4360,6930,-1924,40,-20,182,8160,8192,-25916,-24584,645,8192,5428,176,-6214,-106,30,23
2683969892,-4112,7224,-2090,194,-363,-309,8160,8192,0,0,645,8192,5874,140,-6030,-106,21,29
2684019892,-4020,7234,-1998,85,-86,140,-15809,0,-15537,0,8160,8192,5544,156,-6178,-104,11,29
2684069892,-4314,6988,-1922,70,-13,201,8160,8192,-6988,-24582,645,8192,5768,-178,-6136,-108,20,25
2684119892,-4068,7088,-1922,80,-102,63,-15805,0,-15537,0,8160,8192,5896,228,-6102,-107,43,25
2684169892,-4058,6962,-1928,143,-181,-1,8160,8192,0,0,645,8192,5760,234,-5884,-108,18,29
2684219892,-4454,7118,-1614,80,84,402,8160,8192,11940,-24579,645,8192,5838,94,-6046,-107,32,27
2684269892,-3574,7196,-2454,76,-235,-304,8160,8192,-3596,-24579,645,8192,5796,1106,-5948,-104,37,30
2684319892,-3484,7468,-2162,271,-442,-312,0,0,-7,-1,-15796,0,5758,444,-6024,-103,35,30
2684369892,-4878,6822,-1308,-4,281,682,-17794,0,-15537,0,8160,8192,5862,-960,-5998,-101,23,27
2684419892,-4506,6712,-1946,-94,114,235,-15792,0,-15537,0,8160,8192,5846,180,-5976,-104,23,27
2684469892,-3920,7204,-2012,296,-547,-502,8160,8192,-204,-24576,645,8192,5740,330,-5978,-107,31,32
2684519892,-3742,7370,-2086,121,-203,-100,0,0,-7,-1,-15789,0,5734,184,-6090,-106,33,33
2684569892,-4042,7292,-2260,26,117,366,8160,8192,-31276,-24574,645,8192,5540,534,-6172,-105,51,28
2684619892,-4238,7032,-2090,137,-178,-16,-15785,0,-15537,0,8160,8192,5822,414,-6022,-106,35,32
2684669892,-4030,7120,-1964,175,-295,-268,0,0,-7,-1,-15783,0,5810,270,-5978,-104,44,26
2684719892,-3624,7042,-2168,116,-263,-189,8160,8192,-12348,-24572,645,8192,6016,510,-5926,-105,38,32
2684769892,-4060,7384,-2286,114,-215,-95,0,0,-7,-1,-16778,0,5658,904,-6138,-107,27,28
2684819892,-4144,7306,-2520,130,-299,-168,-15776,0,-15537,0,8160,8192,5604,856,-6124,-102,31,29
2684869892,-3868,7088,-2012,177,-363,-331,0,0,-7,-1,-15773,0,5714,640,-6094,-105,28,27
2684919892,-4324,7032,-1704,162,-191,12,-15771,0,-15537,0,8160,8192,5874,172,-5990,-95,32,27
2684969892,-4030,6720,-1970,36,-169,-57,-17767,0,-15537,0,8160,8192,5782,462,-6014,-106,29,34
2685019892,-4374,6884,-1860,183,-286,-127,-15766,0,-15537,0,8160,8192,5520,470,-5972,-101,38,24
2685069892,-4170,6978,-2230,119,-442,-429,8160,8192,0,0,645,8192,6096,398,-5536,-112,35,27
2685119892,-3252,6320,-1502,251,-427,-255,-17761,0,-15537,0,8160,8192,7476,-48,-5228,-98,26,29
2685169892,-4312,7068,-2152,58,-247,-89,0,0,-7,-1,-16758,0,5888,786,-5714,-99,18,28
2685219892,-4710,7220,-2382,84,-143,69,-15754,0,-15537,0,8160,8192,6534,-254,-5956,-98,-2,33
2685269892,-4198,6744,-2110,23,-97,106,-15750,0,-15537,0,8160,8192,5900,948,-5790,-99,17,28
2685319892,-4440,7354,-2380,123,-242,18,-15745,0,-15537,0,8160,8192,5924,352,-5992,-110,30,22
2685369892,-4374,6778,-1900,77,-126,87,-15742,0,-15537,0,8160,8192,6190,470,-5852,-95,19,24
2685419892,-4578,7090,-1918,142,-176,67,8160,8192,32292,-24561,645,8192,5440,60,-5922,-104,35,21
2685469892,-5558,6740,-2010,81,-26,49,-15737,0,-15537,0,8160,8192,6620,598,-5418,-107,37,14
2685519892,-5368,6934,-1674,48,-85,3,0,0,-7,-1,-15733,0,4352,-158,-6930,-99,56,24
2685569892,-5000,6876,-1582,57,-129,-56,-17732,0,-15537,0,8160,8192,5794,74,-6134,-86,15,29
2685619892,-4994,7128,-1844,50,-268,-165,-15730,0,-15537,0,8160,8192,5900,62,-5844,-91,48,27
2685669892,-4298,6148,-1390,133,-255,-155,0,0,-7,-1,-15727,0,5982,192,-5874,-106,22,15
2685719892,-5386,7482,-2206,59,-422,-309,0,0,-7,-1,-15723,0,5896,830,-5552,-95,18,39
2685769892,-4812,6480,-1874,160,-309,-330,8160,8192,-10924,-24556,645,8192,5802,82,-5810,-111,38,25
2685819892,-5284,6668,-1988,39,-59,-41,-16718,0,-15537,0,8160,8192,4398,156,-7142,-96,56,37
2685869892,-5128,6904,-1878,58,-5,12,-15717,0,-15537,0,8160,8192,6546,132,-5550,-113,43,23
2685919892,-5134,6620,-1490,94,114,187,-15714,0,-15537,0,8160,8192,5786,-48,-6092,-100,29,36
2685969892,-5566,6752,-1720,38,18,161,-15713,0,-15537,0,8160,8192,5644,66,-6190,-103,39,33
2686019892,-4948,6232,-1004,162,-74,24,0,0,-7,-1,-15710,0,6374,-352,-5692,-104,39,28
2686069892,-4394,5580,-1470,99,-234,-145,0,0,-7,-1,-15706,0,7432,-152,-5256,-106,44,21
2686119892,-5374,6402,-1256,141,-176,-90,-15704,0,-15537,0,8160,8192,6202,-504,-5690,-110,39,31
2686169892,-6042,6208,-942,72,-31,111,8160,8192,-4140,-24550,645,8192,5868,-1182,-6144,-105,37,29
2686219892,-5928,6162,-934,74,-64,-3,-15701,0,-15537,0,8160,8192,5842,-1044,-6036,-105,43,30
2686269892,-6206,5978,-402,161,8,295,8160,8192,30324,-24548,645,8192,5912,-1992,-6050,-108,23,32
2686319892,-6636,6022,-680,26,198,540,8160,8192,14788,-24547,645,8192,6072,-1980,-6032,-111,20,33
2686369892,-6114,6276,-684,62,183,601,0,0,-7,-1,-15694,0,5392,-1816,-6318,-116,28,41
2686419892,-6226,7004,-554,22,246,574,-15692,0,-15537,0,8160,8192,4862,-2332,-6938,-116,10,39
2686469892,-6118,7050,-1454,-10,306,688,-15689,0,-15537,0,8160,8192,5978,-1114,-6160,-123,33,37
2686519892,-5324,6158,-760,41,307,858,0,0,-7,-1,-15685,0,6214,-570,-6184,-107,20,49
2686569892,-4682,6306,-796,-56,315,630,-15682,0,-15537,0,8160,8192,6616,-1412,-5978,-104,39,56
2686619892,-3620,4714,-572,66,113,320,8160,8192,0,0,645,8192,6456,-970,-5308,-113,35,52
2686669892,-4718,7952,-2366,62,-100,132,0,0,-7,-1,-15677,0,4526,232,-6764,-128,85,35
2686719892,-5350,8136,-3010,79,-164,101,-17674,0,-15537,0,8160,8192,5350,1568,-7510,-81,43,35
2686769892,-3200,6908,-2758,55,-313,-480,8160,8192,0,0,645,8192,4588,2100,-7760,-98,51,19
2686819892,-2170,7792,-3250,271,-372,-384,-15666,0,-15537,0,8160,8192,5818,3012,-6478,-98,59,25
2686869892,-2812,8472,-3350,253,-464,-441,-15664,0,-15537,0,8160,8192,4946,1632,-7042,-107,38,29
2686919892,-2846,7430,-3016,144,-204,25,-17661,0,-15537,0,8160,8192,5132,1194,-6234,-106,7,32
2686969892,-3552,7758,-2760,46,137,513,-15657,0,-15537,0,8160,8192,5572,1620,-6170,-103,8,35
2687019892,-3688,7540,-2482,84,101,371,0,0,-7,-1,-15655,0,5872,888,-6046,-114,30,25
2687069892,-3890,7100,-1672,68,299,744,-15653,0,-15537,0,8160,8192,5570,-184,-6040,-105,22,31
2687119892,-4230,6944,-1822,-146,469,834,-15652,0,-15537,0,8160,8192,6092,258,-5964,-107,34,38
2687169892,-4344,7032,-1716,192,-168,-14,0,0,-7,-1,-16650,0,5636,14,-6196,-114,39,40
2687219892,-3236,7352,-2548,232,-586,-643,0,0,-7,-1,-15648,0,5826,1508,-6082,-111,51,37
2687269892,-2410,7900,-3348,340,-887,-1042,-15645,0,-15537,0,8160,8192,5704,2426,-5956,-101,55,30
2687319892,-3372,7686,-2196,292,-249,43,-17643,0,-15537,0,8160,8192,5988,338,-6032,-108,26,23
2687369892,-4226,7100,-2110,-189,640,1116,0,0,-7,-1,-16642,0,5842,330,-6162,-105,31,27
2687419892,-5118,6744,-1192,77,150,364,8160,8192,0,0,645,8192,5966,-788,-5994,-106,29,33
2687469892,-4108,6968,-1994,43,-235,-134,8160,8192,0,0,645,8192,5924,250,-5890,-108,33,28
2687519892,-3868,7254,-2226,188,-419,-394,8160,8192,0,0,645,8192,6148,628,-5934,-108,32,20
2687569892,-3934,7222,-1830,141,-91,96,-15634,0,-15537,0,8160,8192,5860,-28,-5882,-108,47,29
2687619892,-4526,6942,-1772,-1,231,601,-15632,0,-15537,0,8160,8192,5774,-218,-5928,-103,44,29
2687669892,-4512,6726,-1738,98,-94,40,-15629,0,-15537,0,8160,8192,5578,-168,-5950,-111,35,25
2687719892,-3534,7524,-2652,115,-334,-323,8160,8192,-27004,-24526,645,8192,5700,1324,-6076,-107,38,28
2687769892,-3512,7554,-2356,213,-428,-479,-15623,0,-15537,0,8160,8192,5996,570,-5970,-99,20,26
2687819892,-3954,7074,-1854,3,149,603,-15622,0,-15537,0,8160,8192,5798,254,-5942,-104,21,29
2687869892,-5040,6672,-1324,8,176,516,-15619,0,-15537,0,8160,8192,5838,-722,-6062,-105,5,28
2687919892,-4338,6898,-1866,106,-283,-239,-15617,0,-15537,0,8160,8192,5826,34,-6026,-106,14,27
2687969892,-3688,7198,-2188,196,-427,-415,-15615,0,-15537,0,8160,8192,5722,638,-6084,-108,39,29
2688019892,-3822,7230,-2126,107,-80,128,-15612,0,-15537,0,8160,8192,5780,604,-6082,-104,28,31
2688069892,-3958,7056,-2166,50,1,230,-15609,0,-15537,0,8160,8192,5816,662,-6076,-104,36,31
2688119892,-4180,7112,-1982,175,-278,-172,-15609,0,-15537,0,8160,8192,5910,426,-5934,-102,32,23
2688169892,-4058,7316,-2238,134,-305,-266,0,0,-7,-1,-15605,0,5942,808,-5986,-112,34,28
2688219892,-3616,7062,-2034,160,-359,-355,0,0,-7,-1,-15604,0,5864,716,-5946,-103,31,26
2688269892,-4184,7138,-2196,143,-243,-50,8160,8192,0,0,645,8192,5774,734,-5934,-108,27,33
2688319892,-4556,7120,-2010,90,-100,85,-16600,0,-15537,0,8160,8192,5730,114,-5982,-96,38,24
2688369892,-4442,6976,-1778,73,-109,106,-15598,0,-15537,0,8160,8192,5676,492,-6140,-107,25,36
2688419892,-4236,6940,-1888,115,-265,-181,0,0,-7,-1,-15595,0,6116,260,-5816,-100,27,24
2688469892,-4264,7034,-1996,216,-454,-387,-16592,0,-15537,0,8160,8192,5572,554,-5930,-111,31,30
2688519892,-4480,7192,-1866,152,-264,-159,0,0,-7,-1,-15589,0,5668,548,-6274,-101,42,18
2688569892,-4544,7224,-2290,78,-186,-64,8160,8192,0,0,645,8192,5500,698,-6148,-104,49,37
2688619892,-4300,7090,-2280,124,-297,-152,8160,8192,0,0,645,8192,6318,500,-5810,-100,29,25
2688669892,-4838,7928,-2466,153,-260,-159,-15584,0,-15537,0,8160,8192,5442,910,-6466,-111,68,34
2688719892,-4382,7596,-2190,106,-181,-30,0,0,-7,-1,-15582,0,5040,718,-6324,-93,42,28
2688769892,-4184,7012,-2172,74,-207,1,8160,8192,-25580,-24510,645,8192,6188,478,-5942,-105,8,32
2688819892,-4738,7274,-2168,76,-92,75,-15577,0,-15537,0,8160,8192,5202,624,-6386,-87,40,22
2688869892,-4516,7088,-2284,24,-87,139,-15576,0,-15537,0,8160,8192,5818,454,-5874,-103,14,27
2688919892,-2206,4336,-552,43,-177,118,0,0,-7,-1,-16573,0,8432,532,-4292,-100,-7,8
2688969892,-4762,6646,-1784,86,-111,18,-15573,0,-15537,0,8160,8192,5112,-320,-6118,-100,31,19
2689019892,-4468,6360,-1598,76,-186,-77,0,0,-7,-1,-15571,0,5040,136,-6518,-105,31,21
2689069892,-5424,7204,-1792,99,-96,14,0,0,-7,-1,-15568,0,5280,40,-6444,-90,40,31
2689119892,-4644,6296,-1212,103,-304,-245,-15566,0,-15537,0,8160,8192,5438,-662,-6180,-114,24,20
2689169892,-6494,7776,-2092,152,-164,-165,-17564,0,-15537,0,8160,8192,6616,-862,-5606,-98,26,37
2689219892,-4850,6310,-1342,34,-152,-148,-15564,0,-15537,0,8160,8192,5654,-488,-6544,-111,10,17
2689269892,-4412,6034,-1422,50,-44,89,-16562,0,-15537,0,8160,8192,5768,12,-6654,-94,39,34
2689319892,-4154,5906,-1418,34,15,-11,0,0,-7,-1,-15561,0,6296,318,-5904,-117,36,27
2689369892,-4774,6536,-1606,111,-83,-63,-16559,0,-15537,0,8160,8192,6564,188,-5816,-103,38,42
2689419892,-4968,6692,-1760,86,-131,-67,-17558,0,-15537,0,8160,8192,6498,666,-5774,-104,57,27
2689469892,-4692,5960,-1390,179,-272,-201,8160,8192,19060,-24499,645,8192,7228,-130,-5490,-108,55,32
2689519892,-6076,7566,-2174,162,-169,-66,8160,8192,3524,-24498,645,8192,5242,-390,-6234,-108,73,28
2689569892,-5718,5992,-1172,128,-87,93,-15550,0,-15537,0,8160,8192,6698,-1298,-5624,-108,7,28
2689619892,-6384,6516,-1018,120,50,259,0,0,-7,-1,-15548,0,6232,-1526,-5764,-107,39,28
2689669892,-6282,5606,-356,95,101,329,-15546,0,-15537,0,8160,8192,6048,-1626,-5928,-107,29,30
2689719892,-6206,5924,-544,54,31,245,-15545,0,-15537,0,8160,8192,6122,-1804,-6000,-106,28,34
2689769892,-5804,5802,-646,46,196,564,-15543,0,-15537,0,8160,8192,5932,-1572,-5982,-109,26,35
2689819892,-6136,6678,-1296,16,45,304,-15541,0,-15537,0,8160,8192,5834,-1118,-5902,-111,17,36
2689869892,-5086,5806,-900,81,121,514,8160,8192,25844,-24493,645,8192,7700,-530,-4584,-106,19,41
2689919895,-5934,6638,-1316,-36,311,601,-15537,0,-15537,0,8160,8192,6356,-1590,-5780,-114,15,37
2689969892,-4884,6228,-1186,31,270,686,8160,8192,0,0,645,8192,4992,-1000,-6256,-124,29,30
2690019892,-6202,7614,-1654,-4,261,644,-16533,0,-15537,0,8160,8192,6140,-884,-6330,-107,11,47
2690069892,-3836,5528,-336,22,166,480,0,0,-7,-1,-17530,0,5770,-1868,-6140,-99,30,52
2690119892,-5610,7452,-1794,30,188,611,-16527,0,-15537,0,8160,8192,3822,-1062,-7086,-105,16,55
2690169892,-3966,7072,-1850,-40,21,209,8160,8192,-1836,-24489,645,8192,5998,938,-5090,-118,59,30
2690219892,-1868,6362,-1372,104,-345,-251,-16523,0,-15537,0,8160,8192,8340,1288,-4356,-104,-6,47
2690269892,-3396,8354,-2848,213,-492,-638,8160,8192,32628,-24487,645,8192,5344,1852,-6368,-117,61,38
2690319892,-3142,8234,-3000,210,-123,-8,-18519,0,-15537,0,8160,8192,4320,1806,-6530,-97,37,23
2690369892,-3430,8160,-3194,214,-327,-152,-16518,0,-15537,0,8160,8192,5160,1218,-6066,-102,54,26
2690419892,-3590,8032,-2648,121,15,258,0,0,-7,-1,-16515,0,4810,634,-5812,-103,37,32
2690469892,-3616,7208,-2366,57,28,233,-16513,0,-15537,0,8160,8192,6338,1454,-6152,-96,36,37
2690519892,-3410,7422,-2732,92,-9,164,0,0,-7,-1,-17511,0,5530,1118,-6014,-109,53,37
2690569892,-3460,7108,-2226,154,-30,223,-17510,0,-15537,0,8160,8192,5956,800,-5918,-111,53,34
2690619892,-3862,7184,-2352,61,15,239,8160,8192,-10588,-24482,645,8192,6040,570,-5944,-115,35,34
2690669892,-3908,7252,-2020,108,-37,186,-18505,0,-15537,0,8160,8192,5918,306,-5642,-104,29,31
2690719892,-4250,7196,-1798,81,46,365,-16504,0,-15537,0,8160,8192,5900,54,-6010,-113,19,31
2690769892,-3410,7178,-2220,42,-132,-6,0,0,-7,-1,-17503,0,5722,1024,-6134,-111,19,34
2690819892,-2994,7308,-2646,218,-466,-447,-16501,0,-15537,0,8160,8192,5732,1474,-5894,-106,31,30
2690869892,-3522,7276,-2144,213,-266,-108,-16499,0,-15537,0,8160,8192,5818,230,-5926,-106,37,29
2690919892,-4150,7236,-1980,-70,320,734,0,0,-7,-1,-16496,0,5694,200,-6144,-107,25,27
2690969892,-4638,6824,-1670,45,54,300,-16494,0,-15537,0,8160,8192,5768,-108,-6030,-110,1,28
2691019892,-3802,6978,-1990,171,-365,-340,8160,8192,-3804,-24476,645,8192,5924,150,-6020,-107,33,23
2691069892,-3994,7126,-1822,172,-129,77,-16491,0,-15537,0,8160,8192,5898,-142,-5950,-106,53,26
2691119892,-4304,7250,-1760,21,162,385,8160,8192,30660,-24474,645,8192,5876,-78,-5956,-105,39,27
2691169892,-3364,7248,-2532,59,-245,-263,-17487,0,-15537,0,8160,8192,5810,1286,-5992,-103,44,35
2691219892,-3826,7264,-1982,308,-492,-480,8160,8192,-412,-24473,645,8192,5744,86,-6050,-106,36,33
2691269892,-4262,6918,-1648,-32,238,641,-18484,0,-15537,0,8160,8192,5812,-382,-5962,-106,29,24
2691319892,-4698,6784,-1750,-57,171,430,-16482,0,-15537,0,8160,8192,5840,-208,-6004,-106,30,24
2691369892,-4102,7138,-1870,203,-416,-430,0,0,-7,-1,-17480,0,5930,100,-6000,-101,20,28
2691419892,-3436,7390,-2244,167,-335,-264,-17479,0,-15537,0,8160,8192,5822,590,-5864,-106,31,30
2691469892,-3684,7332,-2248,60,23,297,0,0,-7,-1,-17477,0,5774,756,-6174,-106,43,30
2691519892,-3826,7230,-2302,110,-187,-99,-16476,0,-15537,0,8160,8192,5646,986,-6074,-106,38,27
2691569892,-3542,7614,-2794,215,-580,-590,-16473,0,-15537,0,8160,8192,5756,1048,-5972,-108,29,28
2691619892,-3820,7664,-2246,244,-445,-382,-16471,0,-15537,0,8160,8192,5816,928,-6058,-103,36,31
2691669892,-4162,7542,-2220,78,-82,86,-17470,0,-15537,0,8160,8192,5662,410,-6270,-104,34,32
2691719892,-4294,7284,-2102,56,-93,118,8160,8192,0,0,645,8192,5472,428,-6336,-97,40,31
2691769892,-4698,7484,-2514,116,-293,-153,-16465,0,-15537,0,8160,8192,5716,474,-6052,-109,37,20
2691819892,-4106,7100,-2226,195,-457,-419,-16463,0,-15537,0,8160,8192,5268,518,-6516,-107,43,25
2691869892,-3986,7248,-1920,203,-418,-197,-16461,0,-15537,0,8160,8192,5046,556,-6456,-99,29,25
2691919892,-4276,7204,-1948,97,-180,-3,-16459,0,-15537,0,8160,8192,5398,-8,-6024,-111,55,30
2691969892,-3850,6016,-1562,115,-231,-71,8160,8192,28692,-24461,645,8192,6342,302,-5460,-96,31,29
2692019892,-4256,6856,-1926,102,-212,-14,-17453,0,-15537,0,8160,8192,5984,190,-5604,-103,16,31
2692069892,-4554,7496,-2264,66,-201,-85,-18451,0,-15537,0,8160,8192,5008,784,-6486,-95,35,23
2692119892,-4744,7534,-2454,96,-280,-24,8160,8192,-17916,-24459,645,8192,5774,406,-5798,-93,0,29
2692169892,-5092,7846,-2042,66,-70,122,0,0,-7,-1,-17446,0,3834,1228,-7042,-93,46,25
2692219892,-4248,6050,-1344,87,-56,94,0,0,-7,-1,-16444,0,6516,478,-5300,-104,41,20
2692269892,-4400,6874,-1840,99,-193,-97,0,0,-7,-1,-17442,0,5480,6,-6078,-102,40,15
2692319892,-4720,7244,-1958,108,-174,-112,0,0,-7,-1,-17440,0,5730,336,-6272,-91,33,35
2692369892,-5174,7572,-2182,72,-305,-289,-17438,0,-15537,0,8160,8192,4238,592,-7000,-113,41,14
2692419892,-5518,7784,-1832,175,-265,-277,8160,8192,0,0,645,8192,5614,790,-5610,-101,38,45
2692469892,-4076,6152,-1098,44,-229,-174,-16433,0,-15537,0,8160,8192,5978,-136,-5460,-111,15,16
2692519892,-5342,6516,-1114,84,-26,102,-16432,0,-15537,0,8160,8192,6300,-750,-5898,-109,36,23
2692569892,-5114,6182,-1032,127,62,267,0,0,-7,-1,-16429,0,4870,-1176,-6494,-106,6,32
2692619892,-5398,6650,-1244,24,150,170,-17428,0,-15537,0,8160,8192,4768,-498,-6590,-99,41,39
2692669892,-4500,6020,-1016,158,-69,4,0,0,-7,-1,-16426,0,6026,-454,-6070,-110,48,29
2692719892,-5466,6514,-1380,89,-49,4,8160,8192,-7740,-24450,645,8192,5476,-490,-6294,-102,56,27
2692769892,-5274,6644,-1242,139,-292,-211,8160,8192,0,0,645,8192,5600,-216,-6048,-105,43,31
2692819892,-5340,6364,-1408,88,-293,-198,-16419,0,-15537,0,8160,8192,5618,-582,-6376,-109,42,30
2692869892,-5210,6102,-1056,123,-176,-40,8160,8192,0,0,645,8192,5860,-570,-5884,-106,32,30
2692919892,-5996,5982,-582,155,-41,167,0,0,-7,-1,-16415,0,5832,-1258,-5988,-107,21,32
2692969892,-6256,5918,-326,141,175,480,0,0,-7,-1,-16413,0,6076,-2170,-6126,-103,35,30
2693019892,-6740,6082,-324,102,358,765,-16411,0,-15537,0,8160,8192,5380,-2126,-6160,-106,39,39
2693069892,-5676,4526,192,-28,335,766,-16408,0,-15537,0,8160,8192,7724,-2212,-4740,-105,5,33
2693119892,-6348,6342,-752,-55,361,825,0,0,-7,-1,-17407,0,6712,-1524,-6228,-105,14,37
2693169892,-4934,5540,-438,-22,321,665,-18404,0,-15537,0,8160,8192,6866,-2224,-5096,-127,57,34
2693219892,-4818,6414,-1432,-22,131,477,-16403,0,-15537,0,8160,8192,7138,790,-6248,-117,5,35
2693269892,-4700,6846,-1774,38,25,244,-17402,0,-15537,0,8160,8192,5770,-680,-6750,-116,28,39
2693319892,-3854,7322,-2062,-6,-125,25,0,0,-7,-1,-16400,0,6766,-424,-4748,-122,21,35
2693369892,-3426,7924,-3278,103,-414,-319,-16398,0,-15537,0,8160,8192,6372,1126,-6326,-104,-11,42
2693419892,-2998,7824,-3034,224,-466,-529,-17396,0,-15537,0,8160,8192,5708,2314,-6304,-110,27,41
2693469892,-2952,7306,-2664,127,44,201,-16394,0,-15537,0,8160,8192,6106,1726,-5290,-108,23,42
2693519892,-3830,7820,-2892,53,138,383,-17391,0,-15537,0,8160,8192,5632,1634,-6438,-113,30,32
2693569892,-5260,8882,-3012,77,195,586,8160,8192,-9708,-24437,645,8192,6680,1536,-5806,-109,27,32
2693619892,-3988,6986,-2062,51,128,362,-17388,0,-15537,0,8160,8192,5996,-190,-6336,-110,17,25
2693669892,-3492,7086,-1934,183,-147,101,-17386,0,-15537,0,8160,8192,5768,218,-5988,-98,53,35
2693719892,-4036,7516,-2506,187,-269,-180,0,0,-7,-1,-16384,0,6378,976,-5656,-114,58,34
2693769892,-3406,7310,-2392,169,-203,-79,-16382,0,-15537,0,8160,8192,5696,604,-5950,-109,57,32
2693819892,-3424,7062,-2104,91,-13,248,-16380,0,-15537,0,8160,8192,5944,876,-5698,-111,53,35
2693869892,-3768,7616,-2614,78,-78,106,0,0,-7,-1,-17377,0,5796,1058,-5854,-112,42,37
2693919892,-3134,7746,-2862,141,-277,-195,8160,8192,0,0,645,8192,5622,1962,-6024,-109,42,32
2693969892,-3662,7540,-2166,277,-349,-274,8160,8192,0,0,645,8192,5880,668,-5880,-108,57,26
2694019892,-3996,6956,-1738,8,230,547,-16369,0,-15537,0,8160,8192,5680,66,-6098,-106,26,26
2694069892,-4880,6768,-1528,-1,251,621,0,0,-7,-1,-16368,0,5704,-598,-6098,-106,41,26
2694119892,-4118,6920,-2234,-16,-110,19,-16366,0,-15537,0,8160,8192,5928,382,-6058,-104,21,29
2694169892,-4072,7202,-1974,227,-361,-297,-16365,0,-15537,0,8160,8192,5798,30,-6096,-108,33,25
2694219892,-3712,7036,-2012,53,-5,148,0,0,-7,-1,-16363,0,5944,150,-5920,-103,51,23
2694269892,-4114,7102,-1932,19,142,573,0,0,-7,-1,-17361,0,5838,462,-5974,-103,27,28
2694319892,-3340,7244,-2594,148,-475,-733,-16359,0,-15537,0,8160,8192,5702,1328,-5942,-106,41,32
2694369892,-4148,7454,-1612,321,-255,173,-16357,0,-15537,0,8160,8192,5800,-252,-6040,-106,36,26
2694419892,-4876,6712,-1558,-191,472,657,-18355,0,-15537,0,8160,8192,5818,-456,-6024,-111,26,29
2694469892,-4238,7008,-1984,174,-287,-106,-16353,0,-15537,0,8160,8192,5676,442,-6044,-101,21,28
2694519892,-3844,7298,-2004,239,-497,-534,0,0,-7,-1,-16351,0,5792,446,-5942,-106,28,28
2694569892,-3518,7420,-2404,82,-123,39,-16349,0,-15537,0,8160,8192,5930,694,-5904,-105,28,30
2694619892,-3760,7190,-2292,18,3,223,-16347,0,-15537,0,8160,8192,5924,902,-5922,-103,41,25
2694669892,-3666,7028,-2302,167,-385,-329,-16345,0,-15537,0,8160,8192,6024,684,-5836,-106,30,29
2694719892,-3890,7418,-2514,230,-491,-537,-16342,0,-15537,0,8160,8192,5824,764,-5888,-105,29,29
2694769892,-4090,7462,-2082,179,-277,-117,-16339,0,-15537,0,8160,8192,5858,498,-6006,-104,29,28
2694819892,-4220,6836,-1952,57,-96,92,8160,8192,-4892,-24418,645,8192,5540,252,-6230,-106,29,31
2694869892,-4108,6878,-2084,81,-257,-84,-18335,0,-15537,0,8160,8192,5668,608,-5968,-98,9,29
2694919892,-4194,6846,-1934,192,-474,-365,-18333,0,-15537,0,8160,8192,5772,-78,-5898,-108,12,31
2694969892,-3970,7108,-2138,150,-401,-240,-16332,0,-15537,0,8160,8192,6152,572,-5638,-106,20,17
2695019892,-3996,6626,-1900,135,-269,-153,0,0,-7,-1,-16330,0,6502,78,-5756,-105,33,37
2695069892,-4020,6820,-1894,95,-177,-60,-17328,0,-15537,0,8160,8192,4780,1054,-6684,-92,49,29
2695119892,-4034,6800,-2166,133,-282,-68,-16326,0,-15537,0,8160,8192,6154,790,-5534,-103,47,26
2695169892,-4486,7016,-2080,138,-247,-25,8160,8192,0,0,645,8192,5706,558,-5946,-103,38,26
2695219892,-4254,6614,-1844,73,-92,139,0,0,-7,-1,-16321,0,5072,596,-6528,-105,48,18
2695269892,-4356,6742,-1632,117,-129,34,-16318,0,-15537,0,8160,8192,5860,178,-5694,-101,33,31
2695319892,-4914,7630,-2288,48,-138,-23,-18317,0,-15537,0,8160,8192,4730,96,-6310,-106,43,12
2695369892,-2382,5576,-878,60,-262,-184,-16316,0,-15537,0,8160,8192,6686,20,-5834,-104,-14,25
2695419892,-5598,7618,-2672,44,-199,-70,8160,8192,5284,-24408,645,8192,5744,110,-5464,-93,27,18
2695469892,-4742,6882,-1894,37,-144,-84,8160,8192,-10252,-24408,645,8192,4814,540,-6614,-98,-3,27
2695519892,-4296,6402,-1632,50,-197,-17,-16311,0,-15537,0,8160,8192,5632,444,-5770,-94,41,16
2695569892,-5098,6146,-1416,100,-91,-166,-16309,0,-15537,0,8160,8192,4398,-212,-6936,-94,11,23
2695619892,-4284,6246,-1452,-17,-345,-206,0,0,-7,-1,-16307,0,5386,626,-6404,-114,26,20
2695669892,-6056,6664,-1704,170,-172,-144,0,0,-7,-1,-16305,0,5110,-1018,-6098,-91,53,31
2695719892,-5196,6846,-1656,29,104,260,-16303,0,-15537,0,8160,8192,6580,-182,-5712,-115,22,32
2695769892,-5278,7228,-1954,94,-26,-26,-16300,0,-15537,0,8160,8192,5186,256,-6198,-98,59,38
2695819892,-4894,5636,-786,179,-53,-34,8160,8192,0,0,645,8192,7466,-764,-5294,-104,26,23
2695869892,-5290,5250,-400,81,119,341,0,0,-7,-1,-16298,0,5622,-956,-5608,-106,46,28
2695919892,-5982,6232,-1020,58,47,299,-16295,0,-15537,0,8160,8192,5634,-1568,-6350,-102,30,30
2695969892,-5754,6100,-762,102,-199,-141,-16293,0,-15537,0,8160,8192,5970,-1222,-6000,-105,35,30
2696019892,-5756,6146,-778,134,-115,82,-17291,0,-15537,0,8160,8192,5860,-1542,-5976,-108,45,30
2696069892,-5992,5890,-558,69,115,527,-16289,0,-15537,0,8160,8192,5796,-1748,-5982,-110,41,32
2696119892,-5234,4832,164,24,335,741,-16287,0,-15537,0,8160,8192,5786,-2446,-6300,-104,16,34
2696169892,-5772,6282,-758,-28,240,582,8160,8192,-31148,-24397,645,8192,6166,-1520,-5736,-106,6,36
2696219892,-5220,5910,-648,70,160,515,-16281,0,-15537,0,8160,8192,6586,-1502,-5924,-125,36,20
2696269892,-4858,6172,-216,-33,373,923,0,0,-7,-1,-16279,0,5386,-1982,-6708,-103,22,42
2696319892,-6826,7610,-2050,-138,434,953,0,0,-7,-1,-17278,0,5112,-926,-5098,-105,22,48
2696369892,-3976,5644,-472,41,9,301,8160,8192,-27756,-24394,645,8192,5176,-922,-6360,-110,17,54
2696419892,-4214,6970,-1698,170,-257,-152,8160,8192,22244,-24393,645,8192,9650,472,-4622,-119,15,41
2696469892,-3216,7534,-2308,61,-295,-370,8160,8192,0,0,645,8192,6914,-44,-5012,-106,14,57
2696519892,-2790,7496,-2826,187,-360,-330,0,0,-7,-1,-16270,0,4558,1158,-6608,-103,22,53
2696569892,-2566,7752,-3042,281,-341,-207,0,0,-7,-1,-16268,0,5496,1664,-7068,-116,-2,38
2696619892,-3178,8600,-3282,274,-422,-182,0,0,-7,-1,-16265,0,5966,1680,-5434,-99,4,31
2696669892,-2604,7922,-3218,37,-65,67,0,0,-7,-1,-16262,0,5158,1834,-6704,-117,29,27
2696719892,-3416,7972,-2830,232,-188,7,0,0,-7,-1,-16260,0,5952,1592,-5882,-106,71,37
2696769892,-3092,7676,-2790,50,142,316,8160,8192,-20972,-24388,645,8192,6026,1808,-5982,-115,77,38
2696819892,-3752,7312,-2394,111,236,676,8160,8192,29028,-24387,645,8192,5634,830,-6076,-111,64,34
2696869892,-3852,7110,-2170,-11,193,383,0,0,-7,-1,-16254,0,5718,716,-6052,-109,56,29
2696919892,-3716,7312,-2326,206,-277,-156,-17252,0,-15537,0,8160,8192,5718,740,-6010,-104,37,30
2696969892,-3934,7320,-2044,139,-125,62,-16249,0,-15537,0,8160,8192,5928,294,-5972,-107,36,27
2697019892,-4192,7068,-1780,33,70,326,0,0,-7,-1,-17246,0,5978,86,-5910,-108,8,25
2697069892,-4070,7132,-2120,72,-117,79,-16245,0,-15537,0,8160,8192,5864,428,-6136,-110,18,26
2697119892,-4036,7136,-1828,179,-260,-143,0,0,-7,-1,-16243,0,6028,-34,-6004,-102,21,27
2697169892,-4062,7178,-1838,53,-24,162,-18240,0,-15537,0,8160,8192,5962,-2,-6034,-110,31,34
2697219892,-4268,6984,-1912,80,-10,257,-16238,0,-15537,0,8160,8192,6128,-50,-5918,-109,27,34
2697269892,-4036,7204,-2164,100,-165,-90,0,0,-7,-1,-16235,0,5740,358,-6076,-107,39,27
2697319892,-3806,7328,-2094,156,-176,-3,0,0,-7,-1,-16234,0,5682,148,-6034,-105,34,27
2697369892,-3888,7086,-2106,24,58,341,8160,8192,-10796,-24379,645,8192,5726,422,-6152,-103,41,30
2697419892,-3832,7378,-2374,152,-247,-168,0,0,-7,-1,-16230,0,5682,670,-5990,-103,43,33
2697469892,-4212,7328,-1790,183,-196,7,-16228,0,-15537,0,8160,8192,5810,-432,-6152,-107,30,31
2697519892,-4466,7068,-1978,-48,155,449,-18226,0,-15537,0,8160,8192,5726,46,-6148,-109,21,27
2697569892,-4194,7048,-2050,155,-232,-103,-16225,0,-15537,0,8160,8192,5808,328,-6028,-107,27,30
2697619892,-3750,7228,-1976,153,-289,-230,-16223,0,-15537,0,8160,8192,5828,318,-5938,-106,25,30
2697669892,-3842,7288,-2036,71,-39,182,8160,8192,27060,-24374,645,8192,5832,350,-6046,-104,32,30
2697719892,-4274,7068,-1882,89,-24,167,-16219,0,-15537,0,8160,8192,5824,62,-5982,-104,41,29
2697769892,-3966,7294,-2288,121,-274,-240,0,0,-7,-1,-16216,0,5690,598,-6112,-106,33,32
2697819892,-3856,7244,-1994,166,-304,-171,-16214,0,-15537,0,8160,8192,5852,240,-5978,-105,23,26
2697869892,-3872,7126,-2154,67,-137,-63,-16212,0,-15537,0,8160,8192,5898,646,-5888,-103,25,27
2697919892,-3858,7312,-2266,150,-288,-134,0,0,-7,-1,-16210,0,5826,630,-6044,-111,30,35
2697969892,-3882,7314,-2162,128,-266,-136,0,0,-7,-1,-16208,0,5794,244,-6026,-97,31,27
2698019892,-3982,7038,-1798,140,-187,-36,-16206,0,-15537,0,8160,8192,5806,206,-6010,-111,34,34
2698069892,-4180,6994,-1814,104,-128,58,8160,8192,0,0,645,8192,5876,158,-6068,-96,33,29
2698119892,-3958,7068,-2106,93,-347,-265,-17204,0,-15537,0,8160,8192,5860,566,-5880,-107,19,35
2698169892,-4252,7394,-2100,264,-545,-470,8160,8192,2772,-24366,645,8192,5592,646,-6050,-96,12,23
2698219892,-3728,7026,-2292,133,-461,-380,0,0,-7,-1,-16199,0,5312,1126,-6162,-113,27,23
2698269892,-3690,7066,-2468,187,-503,-444,-17198,0,-15537,0,8160,8192,6066,1440,-6046,-101,35,23
2698319892,-4474,7948,-2922,143,-337,-303,-17196,0,-15537,0,8160,8192,5608,976,-6098,-97,40,28
2698369892,-4774,8072,-3302,120,-325,-192,0,0,-7,-1,-16194,0,6038,668,-5518,-97,22,24
2698419892,-4540,7560,-2604,107,-191,24,-16193,0,-15537,0,8160,8192,5788,832,-6292,-105,26,19
2698469892,-4654,6896,-2286,84,-21,163,-16191,0,-15537,0,8160,8192,5686,436,-6086,-86,19,22
2698519892,-2268,6180,-1016,60,-172,299,0,0,-7,-1,-17189,0,4924,454,-6940,-110,2,8
2698569892,-4102,6188,-1032,29,147,315,0,0,-7,-1,-16187,0,5728,428,-5622,-89,67,17
2698619892,-5742,6774,-1560,30,7,98,-16184,0,-15537,0,8160,8192,6344,-340,-5774,-85,46,31
2698669892,-5590,6448,-1756,109,-291,-299,0,0,-7,-1,-16182,0,5030,-946,-5808,-116,43,26
2698719892,-5468,6180,-1524,106,-436,-388,-16180,0,-15537,0,8160,8192,7050,-714,-5350,-108,35,25
2698769892,-3330,5642,-764,82,-395,-299,8160,8192,12948,-24357,645,8192,6412,-562,-5464,-99,33,33
2698819892,-5484,6652,-1530,117,66,59,-17176,0,-15537,0,8160,8192,6292,-496,-5130,-111,44,27
2698869892,-5390,6572,-1558,54,26,143,0,0,-7,-1,-16173,0,6708,-444,-5582,-97,33,37
2698919892,-5462,6444,-1114,114,-18,38,-16171,0,-15537,0,8160,8192,6624,-406,-5804,-101,12,33
2698969892,-5820,6568,-1048,91,3,69,-18169,0,-15537,0,8160,8192,5766,-1180,-6438,-104,41,18
2699019892,-6442,6802,-1498,109,-149,-15,-17166,0,-15537,0,8160,8192,5796,-1046,-5796,-114,37,26
2699069892,-5776,6146,-1036,56,-118,88,-16164,0,-15537,0,8160,8192,5862,-1590,-5846,-104,19,24
2699119892,-5834,6056,-836,65,-96,172,-16162,0,-15537,0,8160,8192,5838,-1322,-6042,-104,10,30
2699169892,-6124,5928,-672,92,-30,100,-16161,0,-15537,0,8160,8192,5932,-1750,-6038,-105,17,36
2699219892,-6292,6448,-882,70,73,361,-18160,0,-15537,0,8160,8192,5490,-1912,-6266,-108,27,34
2699269892,-5604,5818,-488,-2,288,674,0,0,-7,-1,-17157,0,5932,-1928,-6096,-100,-5,39
2699319892,-5778,5330,-48,11,422,880,-16155,0,-15537,0,8160,8192,5412,-1974,-6304,-103,19,32
2699369892,-5032,5200,-298,-86,434,870,8160,8192,23124,-24348,645,8192,6212,-1796,-5734,-106,23,29
2699419892,-3548,4176,518,25,335,834,-16152,0,-15537,0,8160,8192,8690,-862,-4412,-94,21,41
2699469892,-5282,6446,-796,-21,256,570,-16150,0,-15537,0,8160,8192,4134,-1242,-6486,-105,50,52
2699519892,-4168,6248,-582,60,131,445,0,0,-7,-1,-17148,0,6026,-1654,-5838,-110,48,60
2699569892,-4572,7014,-1400,56,-78,103,0,0,-7,-1,-17147,0,10254,-2270,-3538,-119,9,38
2699619892,-4418,8816,-3038,21,-290,-368,0,0,-7,-1,-16145,0,5898,2932,-6080,-111,31,44
2699669892,-1732,8600,-3598,288,-684,-913,8160,8192,-4556,-24344,645,8192,5984,3408,-6472,-112,31,34
2699719892,-1340,8502,-3246,547,-961,-959,-16141,0,-15537,0,8160,8192,5844,3808,-6632,-114,33,37
2699769892,-2222,7800,-3352,213,-488,-313,-16139,0,-15537,0,8160,8192,5318,2572,-6094,-105,24,44
2699819892,-3528,8018,-3182,60,252,565,8160,8192,0,0,645,8192,5658,1774,-6286,-109,41,31
2699869892,-3654,7148,-2154,37,447,920,-16134,0,-15537,0,8160,8192,5978,1040,-6060,-110,44,29
2699919892,-4394,7158,-2110,-86,616,1021,-16132,0,-15537,0,8160,8192,5834,164,-5946,-108,53,35
2699969892,-4386,7084,-1990,-30,282,665,-16131,0,-15537,0,8160,8192,6126,250,-6066,-108,56,33
2700019892,-4016,7238,-2286,195,-277,-207,-16129,0,-15537,0,8160,8192,5782,634,-6018,-114,51,40
2700069892,-3392,7696,-2458,276,-588,-668,0,0,-7,-1,-16127,0,5680,1188,-6072,-111,41,42
2700119892,-3226,7674,-2774,210,-530,-621,-16126,0,-15537,0,8160,8192,5990,1092,-5950,-111,29,31
2700169892,-3648,7184,-2082,51,166,547,0,0,-7,-1,-17123,0,5934,558,-5768,-109,24,23
2700219892,-4380,6892,-1690,-33,295,683,-16121,0,-15537,0,8160,8192,5954,-248,-5982,-111,20,26
2700269892,-4452,6994,-2222,20,-25,134,-17118,0,-15537,0,8160,8192,5846,-28,-6068,-106,32,25
2700319892,-4226,7154,-1898,175,-306,-212,-16116,0,-15537,0,8160,8192,5680,238,-6196,-108,30,29
2700369892,-3930,7026,-1844,148,-132,-3,-16115,0,-15537,0,8160,8192,5806,52,-5978,-114,40,26
2700419892,-4030,7336,-2078,41,47,266,-16113,0,-15537,0,8160,8192,5906,138,-6042,-106,47,27
2700469892,-4288,7026,-1864,112,-86,120,-18111,0,-15537,0,8160,8192,5796,-36,-6028,-102,34,26
2700519892,-4182,7068,-2038,104,-77,86,-16109,0,-15537,0,8160,8192,5772,378,-5960,-102,46,30
2700569892,-3520,7454,-2564,133,-309,-318,8160,8192,0,0,645,8192,5680,1120,-6008,-105,34,31
2700619892,-4066,7182,-1696,197,-158,80,-16105,0,-15537,0,8160,8192,5946,-184,-5918,-105,36,31
2700669892,-4930,6824,-1456,-39,268,600,8160,8192,0,0,645,8192,5786,-668,-6054,-106,24,24
2700719892,-4494,6992,-2078,95,-215,-131,0,0,-7,-1,-16101,0,5736,180,-6118,-107,24,30
2700769892,-3912,7394,-2126,202,-407,-372,0,0,-7,-1,-17100,0,5712,302,-6088,-103,28,28
2700819892,-3838,7340,-2166,65,-26,171,0,0,-7,-1,-16098,0,5938,286,-5920,-105,28,34
2700869892,-3766,6956,-2162,44,7,242,8160,8192,15796,-24325,645,8192,5896,676,-5970,-103,33,28
2700919892,-4106,7062,-1818,183,-275,-183,-16094,0,-15537,0,8160,8192,5908,282,-6006,-103,33,28
2700969892,-3914,7214,-2142,141,-289,-240,-16091,0,-15537,0,8160,8192,5830,66,-6082,-104,28,24
2701019892,-3968,7208,-2242,75,-170,-48,8160,8192,0,0,645,8192,5766,920,-6010,-106,17,28
2701069892,-3898,7226,-2318,145,-318,-211,-16087,0,-15537,0,8160,8192,5766,644,-6036,-97,26,21
2701119892,-4278,7370,-2210,154,-304,-220,8160,8192,3652,-24321,645,8192,5674,580,-6050,-103,29,28
2701169892,-4316,6978,-1974,124,-216,-124,0,0,-7,-1,-16084,0,5704,172,-6074,-107,39,25
2701219892,-4364,6914,-1812,115,-150,41,0,0,-7,-1,-17082,0,5970,404,-5908,-103,32,29
2701269892,-4240,7034,-2116,78,-249,-135,-16080,0,-15537,0,8160,8192,5506,188,-6030,-102,21,33
2701319892,-4334,6944,-1912,186,-382,-296,-16077,0,-15537,0,8160,8192,5768,574,-6134,-100,19,29
2701369892,-4520,7404,-2280,158,-404,-315,8160,8192,0,0,645,8192,5606,530,-6244,-110,35,24
2701419892,-3756,6414,-1812,132,-242,-127,0,0,-7,-1,-16073,0,6096,-188,-6186,-98,37,24
2701469892,-5040,7298,-2212,78,-158,-57,0,0,-7,-1,-16071,0,5610,1070,-6110,-96,32,32
2701519892,-4428,7152,-2270,129,-248,-84,0,0,-7,-1,-16068,0,6124,928,-5830,-112,45,31
2701569892,-4674,7652,-2540,169,-389,-292,0,0,-7,-1,-16067,0,5344,1122,-6490,-95,46,26
2701619892,-4064,7202,-2232,149,-343,-257,0,0,-7,-1,-16065,0,5698,1244,-5660,-114,45,21
2701669892,-3628,6176,-2064,94,-156,2,-16063,0,-15537,0,8160,8192,6152,424,-5530,-89,39,22
2701719892,-4488,7372,-2294,58,-81,211,-16061,0,-15537,0,8160,8192,4576,-252,-7078,-107,29,20
2701769892,-5086,7268,-2052,84,-16,256,-16060,0,-15537,0,8160,8192,5616,-312,-5994,-101,44,10
2701819892,-5364,6570,-1792,87,-3,98,-16059,0,-15537,0,8160,8192,5840,-516,-6292,-94,7,27
2701869892,-4884,6736,-1586,44,-151,53,-18057,0,-15537,0,8160,8192,4590,-264,-6754,-92,49,19
2701919892,-5270,7062,-1336,116,-226,-236,-16055,0,-15537,0,8160,8192,6676,168,-5230,-100,1,32
2701969892,-4338,6248,-1186,29,-386,-239,8160,8192,1684,-24308,645,8192,6766,-188,-5170,-112,8,21
2702019892,-4798,6640,-1364,75,-267,-205,-16050,0,-15537,0,8160,8192,6200,220,-6470,-92,38,38
2702069892,-5754,6402,-1396,109,0,-19,0,0,-7,-1,-17048,0,5978,-492,-5908,-116,48,27
2702119892,-5016,6038,-1002,61,200,352,0,0,-7,-1,-16046,0,6626,-664,-5604,-98,33,35
2702169892,-5134,6390,-1156,83,3,163,-16044,0,-15537,0,8160,8192,6038,-520,-6038,-103,28,32
2702219892,-5600,6676,-1572,125,-159,-45,-16042,0,-15537,0,8160,8192,5564,-696,-6016,-103,37,29
2702269892,-5440,6678,-1424,76,-174,-89,8160,8192,-25996,-24304,645,8192,5718,-304,-6042,-107,27,25
2702319892,-5892,6960,-1768,100,-221,-48,-16037,0,-15537,0,8160,8192,5612,-348,-5920,-104,34,26
2702369892,-5634,6552,-1216,83,-120,76,-18035,0,-15537,0,8160,8192,5760,-828,-6104,-100,21,29
2702419892,-5578,6186,-1098,87,-97,122,8160,8192,-7068,-24302,645,8192,5818,-768,-6074,-107,24,31
2702469892,-5796,6424,-968,115,20,283,8160,8192,-22604,-24301,645,8192,5756,-1176,-6088,-104,34,30
2702519892,-5692,6252,-686,81,134,410,-17028,0,-15537,0,8160,8192,6116,-890,-6026,-111,35,33
2702569892,-5918,6764,-936,45,246,568,-16026,0,-15537,0,8160,8192,6136,-1382,-5824,-114,34,30
2702619892,-5266,5618,-664,-6,306,681,0,0,-7,-1,-16024,0,6652,-1280,-5790,-107,25,38
2702669892,-4914,6054,-492,9,303,659,0,0,-7,-1,-17021,0,6688,-1742,-5586,-125,30,24
2702719892,-4724,6340,-686,-2,235,545,8160,8192,30788,-24297,645,8192,6364,-896,-5972,-101,36,40
2702769892,-4396,5814,-534,46,199,618,-16017,0,-15537,0,8160,8192,6422,-262,-6276,-99,56,47
2702819892,-4046,4952,-648,29,167,416,-16014,0,-15537,0,8160,8192,6240,180,-5896,-101,46,41
2702869892,-4980,7552,-2104,62,-21,209,-16012,0,-15537,0,8160,8192,5666,-916,-5922,-120,63,27
2702919892,-4006,7906,-1960,47,-152,46,-17010,0,-15537,0,8160,8192,7088,1490,-4770,-95,-6,47
2702969892,-1080,5240,-1092,94,-305,-201,0,0,-7,-1,-16008,0,6570,890,-5372,-111,15,28
2703019892,-3048,7398,-2446,95,-149,-36,-16006,0,-15537,0,8160,8192,6128,1742,-5726,-107,8,35
2703069892,-4156,8866,-3318,189,-184,61,-17003,0,-15537,0,8160,8192,5278,1246,-6046,-114,-8,32
2703119892,-3018,7824,-2708,207,-331,-129,0,0,-7,-1,-16002,0,5404,1596,-6516,-105,4,35
2703169892,-2642,7398,-2720,94,-156,-55,0,0,-7,-1,-16000,0,5922,2010,-5730,-119,27,28
2703219892,-3128,7624,-2552,250,-297,-101,-15997,0,-15537,0,8160,8192,5218,1616,-6332,-120,61,41
2703269892,-3054,7534,-2816,107,12,84,-15995,0,-15537,0,8160,8192,6030,1700,-5910,-116,88,38
2703319892,-3142,7294,-2642,72,98,376,-15993,0,-15537,0,8160,8192,5794,1672,-5944,-98,75,32
2703369892,-3760,7322,-2326,60,115,320,0,0,-7,-1,-15992,0,5840,992,-6138,-101,53,32
2703419892,-3964,7350,-2074,112,-45,138,-16990,0,-15537,0,8160,8192,5720,302,-6266,-107,43,36
2703469892,-4322,7276,-2028,90,43,280,8160,8192,-5644,-24286,645,8192,5568,112,-6172,-108,58,26
2703519892,-4144,7030,-1948,108,-125,16,-15986,0,-15537,0,8160,8192,5912,88,-5916,-105,38,23
2703569892,-4108,7108,-1886,95,-126,109,8160,8192,28820,-24284,645,8192,5858,166,-5848,-107,3,29
2703619892,-3984,7010,-1932,70,-132,52,-16982,0,-15537,0,8160,8192,6146,288,-5918,-110,-5,24
2703669892,-4002,7200,-1870,109,-114,50,-15980,0,-15537,0,8160,8192,5722,244,-6004,-104,20,24
2703719892,-4192,7118,-1838,94,-52,175,0,0,-7,-1,-16978,0,5918,-136,-6064,-105,28,25
2703769892,-4244,7062,-1870,77,20,284,-16976,0,-15537,0,8160,8192,5876,166,-6014,-109,42,29
2703819892,-3494,7374,-2450,158,-361,-427,8160,8192,0,0,645,8192,5680,1002,-6040,-107,38,27
2703869892,-3946,7402,-1954,221,-252,-91,8160,8192,1140,-24279,645,8192,5792,-64,-6142,-104,40,32
2703919892,-5072,6944,-1400,-25,345,719,-15970,0,-15537,0,8160,8192,5782,-904,-6124,-104,35,29
2703969892,-4422,6906,-2028,-3,-62,4,0,0,-7,-1,-15968,0,5844,298,-6010,-105,30,27
2704019892,-3836,7218,-2040,282,-538,-521,8160,8192,20068,-24277,645,8192,5854,448,-5952,-109,38,33
2704069892,-3598,7338,-2162,72,-107,46,-15963,0,-15537,0,8160,8192,5794,500,-6046,-104,28,28
2704119892,-3822,7240,-2234,56,-4,258,8160,8192,0,0,645,8192,5814,860,-6022,-103,40,29
2704169892,-4190,7128,-1976,144,-212,-79,-17956,0,-15537,0,8160,8192,5922,390,-5958,-104,32,30
2704219892,-3738,7234,-1986,162,-327,-260,0,0,-7,-1,-15953,0,5770,478,-5942,-108,45,26
2704269892,-3552,7182,-2322,145,-348,-263,-15951,0,-15537,0,8160,8192,5640,540,-6032,-103,33,32
2704319892,-3990,7276,-2306,100,-191,-54,8160,8192,0,0,645,8192,5738,644,-6018,-103,31,28
2704369892,-3936,7086,-2294,67,-235,-135,-16947,0,-15537,0,8160,8192,5662,604,-5884,-108,25,29
2704419892,-4084,7370,-2162,177,-309,-181,0,0,-7,-1,-16945,0,5662,884,-6256,-96,32,29
2704469892,-4346,7386,-2340,187,-438,-398,-15943,0,-15537,0,8160,8192,5872,914,-5900,-98,47,28
2704519892,-3634,6968,-2326,205,-511,-456,8160,8192,-4220,-24270,645,8192,5568,1058,-6112,-112,40,27
2704569892,-3220,7156,-1964,187,-553,-426,-17936,0,-15537,0,8160,8192,5246,1094,-5790,-100,28,37
2704619892,-4746,7790,-2864,95,-275,-164,8160,8192,0,0,645,8192,6550,972,-5302,-98,12,18
2704669892,-4056,6940,-2314,53,-237,9,-17932,0,-15537,0,8160,8192,5992,1444,-5892,-104,14,30
2704719892,-3890,6870,-2230,102,-189,182,8160,8192,0,0,645,8192,6120,900,-5574,-107,43,12
2704769892,-4386,7302,-2076,81,-56,219,-17929,0,-15537,0,8160,8192,6564,1064,-6248,-100,17,19
2704819892,-4636,7090,-1464,43,22,186,-15927,0,-15537,0,8160,8192,5950,96,-6610,-110,38,12
2704869892,-4032,5758,-1052,50,-15,98,-15922,0,-15537,0,8160,8192,5630,792,-5412,-95,64,21
2704919892,-4904,6954,-1566,68,-214,-157,0,0,-7,-1,-15919,0,6444,-748,-6088,-94,18,35
2704969892,-4122,6322,-1170,107,-260,-299,8160,8192,-12972,-24263,645,8192,5094,270,-6502,-116,49,22
2705019892,-2988,5416,-662,89,-582,-423,-15915,0,-15537,0,8160,8192,7876,350,-4870,-112,5,31
2705069892,-4756,5870,-1712,121,-304,-303,8160,8192,21492,-24261,645,8192,7112,-568,-5384,-100,6,22
2705119892,-5634,7342,-1780,52,-13,14,-15911,0,-15537,0,8160,8192,4572,-998,-6866,-110,38,19
2705169892,-5752,7084,-1416,62,76,156,-15909,0,-15537,0,8160,8192,4138,-1038,-6478,-98,27,46
2705219892,-6152,6634,-1792,72,183,363,0,0,-7,-1,-16907,0,5890,-374,-5730,-111,39,26
2705269892,-6298,6794,-1720,111,44,218,-15906,0,-15537,0,8160,8192,6198,-1174,-6014,-114,43,25
2705319892,-5974,6388,-1574,97,-131,-88,-15904,0,-15537,0,8160,8192,5796,-1078,-5880,-104,43,32
2705369892,-5376,5830,-558,74,-143,22,-15902,0,-15537,0,8160,8192,5852,-1224,-5966,-99,-7,25
2705419892,-6070,6056,-676,57,-60,236,-15898,0,-15537,0,8160,8192,5850,-1830,-6104,-102,-12,30
2705469892,-6212,5804,-538,76,-10,170,0,0,-7,-1,-16897,0,5952,-2092,-6118,-104,14,31
2705519892,-5814,5844,-570,114,79,416,8160,8192,0,0,645,8192,5982,-2082,-5854,-104,36,39
2705569892,-5996,5656,-758,-29,317,640,-15891,0,-15537,0,8160,8192,7070,-1050,-4942,-110,40,37
2705619892,-5222,5764,-682,-10,279,653,-15888,0,-15537,0,8160,8192,6310,-1838,-5974,-109,28,37
2705669892,-5464,6942,-1102,25,213,597,-15884,0,-15537,0,8160,8192,7596,-688,-5826,-128,34,26
2705719892,-4872,6782,-934,-23,306,773,-17882,0,-15537,0,8160,8192,6790,-1510,-5182,-114,31,43
2705769892,-6390,8150,-1648,-32,332,799,8160,8192,0,0,645,8192,8604,1822,-4602,-107,51,56
2705819892,-5328,6732,-1780,16,106,514,-15878,0,-15537,0,8160,8192,8486,670,-5572,-118,23,51
2705869892,-3008,6408,-1206,89,-110,48,0,0,-7,-1,-15874,0,6548,580,-5252,-120,34,43
2705919892,-4572,8072,-2772,86,-300,-358,-15871,0,-15537,0,8160,8192,8886,1400,-4188,-104,3,55
2705969892,-2958,8520,-3060,122,-342,-329,-17868,0,-15537,0,8160,8192,5800,1030,-6320,-87,21,24
2706019892,-3562,9346,-3906,396,-546,-756,8160,8192,-11548,-24247,645,8192,6082,3670,-6986,-105,31,31
2706069892,-1780,7338,-3066,394,-680,-542,-15863,0,-15537,0,8160,8192,5328,2164,-6132,-103,28,42
2706119892,-2834,7770,-3070,52,-30,95,8160,8192,22916,-24245,645,8192,5794,2028,-6012,-110,43,31
2706169892,-3548,7798,-2634,167,155,568,-15860,0,-15537,0,8160,8192,5978,1356,-5972,-113,56,34
2706219892,-3780,7524,-2560,-68,438,751,0,0,-7,-1,-15859,0,5562,830,-6070,-109,54,37
2706269892,-4160,7168,-2114,62,258,666,-15857,0,-15537,0,8160,8192,5740,432,-6058,-110,51,34
2706319892,-4156,7230,-1996,42,61,279,8160,8192,26308,-24242,645,8192,5562,130,-6012,-106,36,34
2706369892,-3810,7104,-1996,156,-251,-166,0,0,-7,-1,-15851,0,5578,498,-6004,-107,24,29
2706419892,-3514,7582,-2648,138,-318,-296,0,0,-7,-1,-15849,0,5790,892,-5936,-110,37,36
2706469892,-3788,7458,-2274,164,-153,111,-15846,0,-15537,0,8160,8192,5756,520,-5932,-107,27,27
2706519892,-4348,7278,-2112,22,85,336,0,0,-7,-1,-15844,0,5606,172,-6144,-109,13,31
2706569892,-4234,7086,-2004,120,-114,74,-15842,0,-15537,0,8160,8192,5704,62,-6078,-106,18,21
2706619892,-4150,7084,-1782,64,-127,58,-15840,0,-15537,0,8160,8192,5852,-16,-6004,-103,15,24
2706669892,-4230,7206,-1976,117,-138,38,-15835,0,-15537,0,8160,8192,5732,136,-6086,-111,22,31
2706719892,-4034,7066,-1918,99,-74,96,-15833,0,-15537,0,8160,8192,5702,114,-6038,-108,34,26
2706769892,-4382,6994,-1782,108,-14,206,0,0,-7,-1,-15831,0,5692,-266,-6048,-109,49,29
2706819892,-3184,7464,-2974,-42,-131,49,0,0,-7,-1,-15828,0,5610,1884,-6034,-100,41,29
2706869892,-3906,7474,-2132,340,-418,-280,-16826,0,-15537,0,8160,8192,5786,676,-6078,-108,39,31
2706919892,-4628,7224,-1454,114,29,251,-15823,0,-15537,0,8160,8192,5706,-918,-6216,-106,32,30
2706969892,-4716,7024,-1794,-58,224,542,-17821,0,-15537,0,8160,8192,5722,-150,-6174,-105,27,28
2707019892,-4274,6908,-2070,95,-219,-166,0,0,-7,-1,-15819,0,5772,290,-6038,-103,39,27
2707069892,-3750,7136,-2058,127,-291,-227,-15817,0,-15537,0,8160,8192,5842,356,-5966,-102,29,29
2707119892,-3602,7326,-2362,40,-120,19,8160,8192,-25660,-24230,645,8192,5900,796,-5910,-107,29,31
2707169892,-4038,7204,-1978,162,-131,43,0,0,-7,-1,-15814,0,5924,622,-6002,-99,34,27
2707219892,-3534,7420,-2378,131,-367,-337,-15810,0,-15537,0,8160,8192,5764,880,-6044,-107,35,29
2707269892,-3582,7496,-2408,244,-526,-474,0,0,-7,-1,-16806,0,5602,754,-6116,-101,31,27
2707319892,-3998,7404,-2184,138,-253,-150,-15805,0,-15537,0,8160,8192,5688,724,-6088,-106,26,25
2707369892,-4128,7196,-2096,77,-155,-12,-16801,0,-15537,0,8160,8192,5894,274,-5942,-101,35,31
2707419892,-4420,7184,-2070,72,-147,34,8160,8192,12196,-24225,645,8192,6068,244,-5964,-101,24,32
2707469892,-3890,6456,-1852,112,-288,-132,-15798,0,-15537,0,8160,8192,6146,294,-5706,-109,19,24
2707519892,-3844,6764,-2104,190,-464,-452,8160,8192,0,0,645,8192,5636,784,-6254,-102,43,20
2707569892,-4500,8084,-2804,258,-724,-533,8160,8192,31124,-24223,645,8192,5810,976,-5782,-108,23,22
2707619892,-4290,7498,-2504,99,-382,-377,0,0,-7,-1,-16792,0,5524,944,-6382,-106,44,24
2707669892,-3798,6852,-2150,119,-233,-56,-15789,0,-15537,0,8160,8192,5758,1022,-6190,-99,29,30
2707719892,-4220,6608,-1792,82,17,412,8160,8192,0,0,645,8192,4816,104,-6714,-110,47,17
2707769892,-4500,6762,-1772,60,45,365,8160,8192,0,0,645,8192,5994,-244,-5872,-97,17,27
2707819892,-4582,7174,-1698,105,-170,35,0,0,-7,-1,-16780,0,5414,-668,-6460,-102,22,19
2707869892,-4908,6912,-1980,102,-229,-200,0,0,-7,-1,-15778,0,5474,1016,-5958,-105,45,19
2707919892,-4828,6896,-1990,84,-199,-132,-15776,0,-15537,0,8160,8192,5504,842,-5696,-98,25,18
2707969892,-4286,6338,-1462,80,-119,37,-15774,0,-15537,0,8160,8192,6046,0,-5696,-95,53,31
2708019892,-4612,6284,-1762,92,-276,-146,-15772,0,-15537,0,8160,8192,5178,-550,-6438,-97,22,13
2708069892,-4454,6380,-1234,127,-336,-263,-15770,0,-15537,0,8160,8192,5310,466,-6106,-112,20,29
2708119892,-4798,6414,-1372,67,-292,-242,-15767,0,-15537,0,8160,8192,5150,-416,-6570,-90,30,37
2708169892,-5336,6592,-1606,110,-79,-151,-16765,0,-15537,0,8160,8192,5788,-380,-5966,-114,31,23
2708219892,-4616,5890,-976,75,143,300,8160,8192,25764,-24213,645,8192,5070,-584,-6424,-101,39,40
2708269892,-6348,6856,-1690,55,187,332,0,0,-7,-1,-15761,0,5246,-120,-6268,-105,44,23
2708319892,-5274,5766,-1150,142,-103,22,8160,8192,-5308,-24212,645,8192,6582,-184,-5306,-111,29,32
2708369892,-5602,6034,-712,102,-37,90,0,0,-7,-1,-15758,0,5728,-1330,-6042,-100,36,26
2708419892,-5964,5846,-512,104,-58,128,8160,8192,0,0,645,8192,5800,-1494,-6048,-113,28,28
2708469892,-6122,6090,-636,86,-57,189,-15753,0,-15537,0,8160,8192,6016,-1724,-5954,-106,22,28
2708519892,-6382,5998,-456,97,51,324,0,0,-7,-1,-16751,0,5756,-2218,-6084,-101,25,36
2708569892,-5394,4606,570,37,427,916,-15748,0,-15537,0,8160,8192,6024,-3026,-6434,-113,31,38
2708619892,-5930,5548,-160,-181,647,1122,-15744,0,-15537,0,8160,8192,4950,-2876,-5662,-106,6,37
2708669892,-5998,6868,-866,-15,237,570,8160,8192,0,0,645,8192,6304,-1918,-5890,-127,49,25
2708719892,-5334,6734,-1396,67,-61,198,-15743,0,-15537,0,8160,8192,6930,-710,-5382,-125,29,27
2708769892,-5178,7526,-1820,23,126,397,0,0,-7,-1,-15741,0,5322,892,-6562,-125,60,30
2708819892,-4288,7080,-1354,-54,212,580,-15740,0,-15537,0,8160,8192,5286,-286,-5556,-125,38,29
2708869892,-4540,8316,-2592,-38,-65,64,0,0,-7,-1,-16738,0,5586,1510,-4948,-103,20,57
2708919892,-2334,7396,-3098,298,-559,-756,8160,8192,0,0,645,8192,5814,2692,-7232,-121,84,40
2708969892,-2216,8006,-3526,320,-485,-560,-15734,0,-15537,0,8160,8192,5280,3132,-6374,-108,88,36
2709019892,-1060,6666,-2354,249,-384,-350,8160,8192,-26204,-24201,645,8192,5924,2862,-6086,-109,48,33
2709069892,-3330,7794,-2934,155,-41,288,8160,8192,23796,-24200,645,8192,6094,1906,-5980,-106,26,34
2709119892,-3312,7032,-2304,27,191,538,-15724,0,-15537,0,8160,8192,5980,976,-5898,-108,15,37
2709169892,-4022,7734,-2482,101,153,484,0,0,-7,-1,-16722,0,5634,976,-6066,-115,42,27
2709219892,-3402,6944,-2270,11,163,323,8160,8192,-22812,-24198,645,8192,5892,930,-5900,-114,39,35
2709269892,-4090,7194,-2012,135,19,374,8160,8192,0,0,645,8192,5876,348,-6138,-107,39,33
2709319892,-3868,7072,-1970,52,4,192,8160,8192,11652,-24196,645,8192,5564,238,-6010,-110,34,31
2709369892,-3434,7188,-2412,115,-268,-152,-15713,0,-15537,0,8160,8192,5796,826,-5874,-108,46,37
2709419892,-3286,7382,-2404,207,-399,-392,-15712,0,-15537,0,8160,8192,5688,840,-6086,-106,41,33
2709469892,-3388,7320,-2310,94,-115,59,8160,8192,0,0,645,8192,5896,814,-5938,-110,26,27
2709519892,-3914,7046,-2066,27,132,477,8160,8192,15044,-24193,645,8192,5786,426,-5896,-103,5,25
2709569892,-4304,6894,-1844,67,-22,255,8160,8192,0,0,645,8192,5636,-82,-5994,-109,-2,32
2709619892,-4318,7106,-1914,75,-130,44,8160,8192,0,0,645,8192,5626,-78,-6116,-106,15,28
2709669892,-4048,7164,-2016,93,-122,35,8160,8192,-31564,-24191,645,8192,5816,400,-5964,-108,27,30
2709719892,-4070,7310,-1952,143,-131,-40,-17696,0,-15537,0,8160,8192,5770,24,-6014,-107,44,26
2709769892,-4246,6870,-1504,110,90,422,8160,8192,2900,-24189,645,8192,5670,-628,-5888,-108,47,23
2709819892,-3346,7360,-2752,-73,-20,172,0,0,-7,-1,-16688,0,5730,2028,-6076,-100,31,33
2709869892,-3476,7602,-2312,449,-715,-661,8160,8192,0,0,645,8192,5772,1002,-5986,-100,37,31
2709919892,-4110,7314,-1428,126,44,429,-17684,0,-15537,0,8160,8192,5780,-702,-6024,-105,31,31
2709969892,-4796,6754,-1696,-144,349,592,-15682,0,-15537,0,8160,8192,5788,-458,-6062,-109,18,26
2710019892,-4154,7044,-2064,168,-357,-305,8160,8192,0,0,645,8192,5782,366,-6030,-103,29,29
2710069892,-3626,7288,-2022,242,-437,-399,0,0,-7,-1,-16678,0,5770,560,-6052,-100,38,26
2710119892,-3750,7248,-1984,96,-32,191,-16676,0,-15537,0,8160,8192,5842,428,-5932,-103,42,30
2710169892,-4166,7108,-2088,58,-54,83,0,0,-7,-1,-15674,0,5802,186,-5998,-106,28,28
2710219892,-4054,7216,-2160,122,-297,-277,0,0,-7,-1,-15672,0,5692,568,-6096,-105,25,29
2710269892,-4018,7290,-2120,188,-368,-312,8160,8192,0,0,645,8192,5924,560,-5926,-103,27,27
2710319892,-3816,7176,-2110,115,-190,-43,-15668,0,-15537,0,8160,8192,5944,770,-5862,-99,30,25
2710369892,-4098,7238,-2340,96,-242,-165,-15666,0,-15537,0,8160,8192,5790,600,-6060,-106,35,29
2710419892,-4282,7160,-2006,199,-325,-236,-15665,0,-15537,0,8160,8192,5672,296,-6124,-101,45,31
2710469892,-4412,7214,-2100,93,-240,-111,0,0,-7,-1,-16661,0,5932,68,-5956,-98,27,24
2710519892,-4284,6906,-1894,109,-197,-57,0,0,-7,-1,-15659,0,5528,344,-6294,-112,31,24
2710569892,-4190,6764,-2112,147,-317,-216,-17658,0,-15537,0,8160,8192,5738,282,-6066,-102,54,18
2710619892,-3600,6004,-1376,185,-323,-205,-17656,0,-15537,0,8160,8192,7228,530,-5424,-100,29,42
2710669892,-4646,7792,-2662,99,-358,-157,-15653,0,-15537,0,8160,8192,6498,794,-5268,-94,23,23
2710719892,-3862,7402,-2440,155,-438,-253,-15651,0,-15537,0,8160,8192,5470,1512,-5992,-98,37,31
2710769892,-3640,7250,-2334,123,-444,-269,-15648,0,-15537,0,8160,8192,4972,742,-6710,-98,10,23
2710819892,-4212,7296,-2718,104,-247,-40,-15646,0,-15537,0,8160,8192,6284,710,-5416,-103,38,9
2710869892,-3974,6444,-1668,94,-75,216,-15643,0,-15537,0,8160,8192,5686,644,-5734,-95,-5,30
2710919892,-5424,6974,-2488,24,-152,232,8160,8192,-26748,-24172,645,8192,5314,-858,-6550,-101,-8,1
2710969892,-5240,7124,-2078,129,11,119,-15639,0,-15537,0,8160,8192,5972,238,-5746,-87,21,16
2711019892,-5134,7220,-1548,45,-54,34,-17637,0,-15537,0,8160,8192,4584,-116,-6866,-88,20,26
2711069892,-5400,6690,-1830,41,-136,-39,-16635,0,-15537,0,8160,8192,5774,-408,-6368,-112,28,16
2711119892,-5110,6276,-1068,85,-263,-259,0,0,-7,-1,-16633,0,6170,-668,-6262,-103,12,46
2711169892,-5286,6366,-1804,42,-266,-349,8160,8192,0,0,645,8192,6596,-276,-5980,-111,12,18
2711219892,-4298,6178,-1408,122,-264,-232,0,0,-7,-1,-15629,0,5410,606,-6416,-100,35,39
2711269892,-4476,6174,-1438,7,34,-57,0,0,-7,-1,-15627,0,5672,78,-5764,-112,47,22
2711319892,-4880,6662,-1616,135,18,221,0,0,-7,-1,-15625,0,5312,-306,-6146,-95,36,43
2711369892,-5386,6516,-1506,93,-53,-21,0,0,-7,-1,-15622,0,6790,-584,-5300,-105,49,28
2711419892,-5422,6040,-1282,154,-131,-70,-17619,0,-15537,0,8160,8192,7518,12,-4212,-109,56,22
2711469892,-5946,6070,-928,153,-88,5,0,0,-7,-1,-15616,0,6498,-1566,-5834,-109,37,27
2711519892,-5634,5492,-430,70,-46,144,8160,8192,-16572,-24163,645,8192,6084,-1476,-5946,-102,15,27
2711569892,-5916,5758,-710,99,-166,24,0,0,-7,-1,-15613,0,6040,-1494,-6076,-103,-1,25
2711619892,-5980,6024,-736,70,3,273,0,0,-7,-1,-15609,0,5858,-1576,-6074,-104,-6,28
2711669892,-6426,6334,-722,84,181,572,8160,8192,2356,-24160,645,8192,5952,-1674,-6074,-105,7,34
2711719892,-6300,6470,-926,19,173,486,-16604,0,-15537,0,8160,8192,6092,-1802,-5660,-109,21,31
2711769892,-6038,6572,-680,39,200,528,-17602,0,-15537,0,8160,8192,5056,-1216,-6668,-103,23,31
2711819892,-6462,7256,-1410,-4,308,685,0,0,-7,-1,-15600,0,5560,-1176,-6398,-112,28,33
2711869892,-5938,7208,-1300,-23,365,712,8160,8192,0,0,645,8192,6048,-1536,-5550,-119,44,18
2711919892,-5798,6864,-1564,-28,356,793,-15593,0,-15537,0,8160,8192,5072,-864,-6364,-105,28,51
2711969892,-4672,6308,-1180,-24,184,555,-15591,0,-15537,0,8160,8192,8388,-1912,-4188,-112,19,43
2712019892,-3344,5826,-786,85,25,315,0,0,-7,-1,-15589,0,7594,-476,-4494,-109,45,57
2712069892,-3402,6324,-1906,127,-307,-307,0,0,-7,-1,-15585,0,6128,226,-6564,-117,55,51
2712119892,-3460,6594,-2338,151,-394,-303,8160,8192,0,0,645,8192,1084,996,-9626,-108,51,51
2712169892,-3114,8128,-3506,68,-220,-66,0,0,-7,-1,-16581,0,4678,1342,-6462,-121,12,36
2712219892,-2600,7434,-2776,181,-169,-50,-15579,0,-15537,0,8160,8192,6176,2146,-6376,-112,39,37
2712269892,-3456,8436,-3322,166,-274,-80,-15576,0,-15537,0,8160,8192,7058,2440,-5984,-110,15,33
2712319892,-4408,8536,-3538,199,-203,49,0,0,-7,-1,-15575,0,5202,1128,-6086,-113,29,36
2712369892,-3382,7294,-2146,99,53,369,-15573,0,-15537,0,8160,8192,5592,872,-6202,-101,43,37
2712419892,-3652,7062,-2170,34,222,517,8160,8192,31460,-24149,645,8192,5788,482,-5982,-110,52,34
2712469892,-3856,6844,-2040,103,93,359,-15570,0,-15537,0,8160,8192,6040,608,-5962,-111,51,26
2712519892,-4026,7022,-1954,108,-26,124,-15568,0,-15537,0,8160,8192,6002,580,-5826,-107,36,35
2712569892,-3774,7132,-2040,133,-157,19,8160,8192,-15148,-24147,645,8192,5980,400,-6032,-112,38,31
2712619892,-3746,7246,-2086,123,-216,-61,0,0,-7,-1,-15563,0,6158,568,-5822,-110,32,38
2712669892,-3706,7540,-2822,176,-318,-255,-15561,0,-15537,0,8160,8192,6084,1384,-5744,-110,43,32
2712719892,-2736,7648,-2812,232,-452,-350,0,0,-7,-1,-16559,0,5772,1816,-5984,-104,35,36
2712769892,-3764,7364,-2050,135,89,503,0,0,-7,-1,-16557,0,5854,474,-6046,-111,28,21
2712819892,-4464,6930,-1876,-58,216,398,8160,8192,-27292,-24143,645,8192,5682,-282,-6054,-103,16,19
2712869892,-4800,6976,-1756,79,-27,291,-15553,0,-15537,0,8160,8192,5722,-256,-6206,-108,13,27
2712919892,-4522,7206,-1972,129,-263,-199,-15551,0,-15537,0,8160,8192,5736,72,-6312,-107,18,29
2712969892,-3850,7294,-1996,172,-210,-71,-15549,0,-15537,0,8160,8192,5722,182,-6082,-109,40,27
2713019892,-3686,7334,-2484,-3,44,266,-15546,0,-15537,0,8160,8192,5774,1132,-5988,-105,42,28
2713069892,-3842,7290,-2274,160,-184,20,0,0,-7,-1,-16544,0,5790,946,-6006,-108,36,33
2713119892,-4024,7134,-1732,185,-282,-284,0,0,-7,-1,-16542,0,5860,-484,-6028,-104,23,29
2713169894,-4208,7006,-1704,-6,87,416,-15538,0,-15537,0,8160,8192,5868,-10,-5968,-105,20,24
2713219892,-4280,6988,-2034,85,-158,-48,-16535,0,-15537,0,8160,8192,5916,368,-5948,-106,29,23
2713269892,-3916,7416,-2140,226,-394,-365,8160,8192,29492,-24136,645,8192,5734,502,-6054,-100,44,26
2713319892,-3830,7382,-2264,142,-322,-357,-16532,0,-15537,0,8160,8192,5824,706,-5984,-109,30,30
2713369892,-3906,7570,-2514,158,-251,-133,8160,8192,-1580,-24135,645,8192,5596,1040,-6186,-104,36,27
2713419892,-3916,7448,-2462,89,-158,-15,-16527,0,-15537,0,8160,8192,5698,798,-6094,-99,30,24
2713469892,-3926,7324,-2338,111,-295,-211,0,0,-7,-1,-17524,0,5962,890,-5944,-98,31,23
2713519892,-3746,6932,-2202,148,-375,-231,8160,8192,17348,-24132,645,8192,5750,746,-6228,-95,13,27
2713569892,-3926,7182,-2080,174,-417,-358,-17519,0,-15537,0,8160,8192,5362,810,-6244,-107,47,17
2713619892,-4520,7412,-2374,207,-425,-393,-16517,0,-15537,0,8160,8192,5076,378,-6564,-97,52,23
2713669892,-4434,7162,-2096,138,-374,-217,-16516,0,-15537,0,8160,8192,6258,870,-6158,-96,20,25
2713719892,-4292,7122,-2066,80,-170,56,0,0,-7,-1,-16513,0,4586,-284,-7054,-104,44,32
2713769892,-4272,6702,-1988,93,-100,281,0,0,-7,-1,-17511,0,5588,676,-6046,-104,45,12
2713819892,-4636,6780,-1756,105,-57,192,-18509,0,-15537,0,8160,8192,5822,970,-6212,-98,17,29
2713869892,-6018,7110,-2280,116,-88,-10,0,0,-7,-1,-16507,0,4096,104,-6974,-111,34,15
2713919892,-5294,7278,-2202,120,-147,8,0,0,-7,-1,-17505,0,6312,744,-5434,-97,36,18
2713969892,-5178,7106,-2134,55,-147,-18,0,0,-7,-1,-16503,0,6004,-186,-6254,-95,11,29
2714019892,-4494,6238,-1322,94,-114,-11,-18501,0,-15537,0,8160,8192,6608,478,-5708,-94,57,29
2714069892,-5814,7558,-2146,108,-320,-224,8160,8192,-22476,-24124,645,8192,5588,-316,-5974,-101,24,23
2714119892,-3982,5536,-438,126,-300,-238,-17497,0,-15537,0,8160,8192,4344,-610,-6916,-109,5,33
2714169892,-4546,5568,-1006,30,-167,-54,8160,8192,11988,-24122,645,8192,5856,-424,-5810,-96,-6,20
2714219892,-4958,6592,-1452,94,10,67,8160,8192,-3548,-24122,645,8192,5712,-242,-6356,-109,15,33
2714269892,-4890,6308,-1252,58,59,198,0,0,-7,-1,-17490,0,6188,-140,-5956,-108,35,23
2714319892,-5144,6736,-1448,63,12,98,-16488,0,-15537,0,8160,8192,5496,-314,-5948,-103,29,39
2714369892,-4904,6806,-1790,112,-249,-228,0,0,-7,-1,-16486,0,5738,192,-5818,-105,44,33
2714419892,-5062,6550,-1520,140,-303,-254,-16483,0,-15537,0,8160,8192,5926,76,-5976,-105,53,28
2714469892,-4376,6510,-1686,80,-303,-202,8160,8192,0,0,645,8192,5392,-352,-6488,-114,32,27
2714519892,-5198,6726,-1418,111,-248,-197,8160,8192,0,0,645,8192,5506,-214,-6252,-101,48,27
2714569892,-5432,6222,-920,141,-157,-16,-18477,0,-15537,0,8160,8192,6044,-1080,-5928,-111,28,28
2714619892,-6498,6282,-832,87,222,488,-17475,0,-15537,0,8160,8192,5738,-1842,-6142,-110,43,26
2714669892,-6364,5748,-342,87,257,551,-16473,0,-15537,0,8160,8192,5912,-2180,-6020,-110,42,30
2714719892,-6556,6168,-386,72,266,613,-16471,0,-15537,0,8160,8192,5548,-2380,-6154,-112,54,32
2714769892,-6244,5746,-540,-4,269,612,8160,8192,0,0,645,8192,5062,-2136,-6744,-108,28,32
2714819892,-5256,5798,-108,-5,224,642,0,0,-7,-1,-16466,0,6304,-1386,-6024,-111,4,38
2714869892,-5280,6154,-1142,-42,307,616,8160,8192,-8908,-24112,645,8192,5560,-730,-6646,-121,31,25
2714919892,-3988,5494,-634,-4,211,568,-17463,0,-15537,0,8160,8192,6742,-876,-5220,-108,26,45
2714969892,-4120,5916,-1204,52,150,549,8160,8192,25556,-24110,645,8192,8142,-1260,-5006,-114,50,46
2715019892,-3806,6006,-566,60,143,409,-18458,0,-15537,0,8160,8192,4862,-816,-6242,-101,44,55
2715069892,-4682,7166,-2356,56,-81,132,8160,8192,-5516,-24109,645,8192,7236,146,-3972,-112,29,44
2715119892,-1514,3420,-874,58,-124,-219,-16453,0,-15537,0,8160,8192,11484,1028,-2458,-102,55,42
2715169892,-3352,8028,-3096,197,-343,-221,-16451,0,-15537,0,8160,8192,6064,2046,-6408,-122,28,37
2715219892,-3092,7622,-2552,162,-20,111,-18450,0,-15537,0,8160,8192,5580,1342,-6358,-112,61,37
2715269892,-1966,6796,-2056,146,-200,-2,0,0,-7,-1,-17447,0,5348,2260,-6122,-114,31,39
2715319892,-3284,7780,-2930,156,-234,-81,-16445,0,-15537,0,8160,8192,5494,2036,-6358,-100,14,36
2715369892,-2598,7220,-2404,138,-213,-79,8160,8192,0,0,645,8192,5878,1260,-5706,-102,28,28
2715419892,-3146,7420,-2280,152,-17,204,0,0,-7,-1,-16440,0,5598,1292,-6084,-107,46,27
2715469892,-3340,7402,-2256,99,44,345,8160,8192,1268,-24102,645,8192,6014,718,-6042,-108,41,35
2715519892,-3582,7162,-2434,51,146,421,-18435,0,-15537,0,8160,8192,5880,850,-5986,-112,48,35
2715569892,-3720,7050,-2004,140,-66,201,-18434,0,-15537,0,8160,8192,5572,380,-6046,-105,42,31
2715619892,-3852,7174,-2138,65,-34,144,-18431,0,-15537,0,8160,8192,5826,522,-6060,-110,27,28
2715669892,-3820,7322,-2130,119,-132,84,8160,8192,4660,-24099,645,8192,5926,448,-6028,-104,20,30
2715719892,-3558,7282,-2332,87,-135,-2,8160,8192,0,0,645,8192,5842,770,-5988,-108,32,29
2715769892,-3870,7256,-2002,139,-87,199,0,0,-7,-1,-16425,0,5994,272,-5970,-108,23,27
2715819892,-4336,7232,-2014,51,20,223,8160,8192,0,0,645,8192,5830,-12,-6168,-109,32,32
2715869892,-4040,7240,-2048,114,-147,18,-16421,0,-15537,0,8160,8192,5684,168,-6084,-104,31,26
2715919892,-3886,7204,-2142,122,-212,-131,-16419,0,-15537,0,8160,8192,5654,418,-6042,-106,30,30
2715969892,-3938,7258,-2072,120,-143,27,8160,8192,-23020,-24095,645,8192,5836,298,-6026,-107,27,32
2716019892,-3750,7204,-2330,74,-194,-132,8160,8192,26980,-24094,645,8192,5822,604,-6078,-103,23,28
2716069892,-3676,7182,-2224,150,-298,-168,0,0,-7,-1,-17412,0,5734,712,-6068,-104,30,26
2716119892,-3646,7386,-2236,129,-350,-335,8160,8192,0,0,645,8192,5824,774,-6004,-103,17,23
2716169892,-3886,7388,-2184,195,-325,-167,-16407,0,-15537,0,8160,8192,5714,668,-5994,-102,21,25
2716219892,-4160,7180,-2228,124,-280,-240,-18406,0,-15537,0,8160,8192,5870,324,-6036,-100,33,25
2716269892,-4058,6960,-2060,149,-289,-154,-16405,0,-15537,0,8160,8192,5796,326,-6138,-98,23,28
2716319892,-4356,6954,-1824,99,-170,7,-16403,0,-15537,0,8160,8192,5792,110,-5964,-108,23,20
2716369892,-4734,7128,-2146,62,-180,-90,-16401,0,-15537,0,8160,8192,5422,-18,-6206,-104,39,18
2716419892,-4562,6882,-1718,179,-227,-70,-18401,0,-15537,0,8160,8192,5764,54,-5938,-95,60,32
2716469892,-3614,5840,-1106,121,-154,25,0,0,-7,-1,-16400,0,6134,288,-5844,-100,37,33
2716519892,-4098,6404,-1514,107,-177,3,-16398,0,-15537,0,8160,8192,5822,80,-5894,-108,51,25
2716569892,-4726,7144,-2026,121,-243,-55,-16396,0,-15537,0,8160,8192,5936,436,-5990,-100,23,30
2716619892,-4808,7264,-1890,139,-189,-24,-16393,0,-15537,0,8160,8192,5638,-488,-6286,-98,30,27
2716669892,-4562,6924,-1746,73,-102,105,0,0,-7,-1,-16391,0,5814,302,-6078,-104,34,35
2716719892,-4466,6608,-1864,93,-140,17,-16389,0,-15537,0,8160,8192,6090,406,-5936,-104,56,22
2716769892,-4692,6966,-1922,112,-146,53,0,0,-7,-1,-16386,0,5654,28,-5996,-107,56,36
2716819892,-4640,6980,-1860,83,-148,63,-16385,0,-15537,0,8160,8192,5908,266,-6044,-96,39,29
2716869892,-4460,6668,-1750,85,-219,-109,0,0,-7,-1,-16383,0,6406,116,-5892,-106,5,34
2716919892,-4606,7134,-2066,94,-196,-19,-16380,0,-15537,0,8160,8192,6048,144,-5868,-105,26,21
2716969892,-4808,7388,-2094,107,-217,-76,0,0,-7,-1,-16378,0,6028,516,-5862,-104,27,28
2717019892,-5440,7852,-2070,131,-137,-77,0,0,-7,-1,-16376,0,5010,22,-6230,-102,32,30
2717069892,-4886,7008,-1728,113,-20,159,0,0,-7,-1,-16373,0,5832,-292,-5908,-103,27,24
2717119892,-4884,6846,-1786,45,-64,121,8160,8192,12868,-24077,645,8192,5736,-76,-6188,-101,28,32
2717169892,-4562,6794,-1384,89,-113,22,-16369,0,-15537,0,8160,8192,5662,-250,-6190,-101,38,28
2717219892,-4674,6734,-1876,72,-149,-65,0,0,-7,-1,-17366,0,5856,68,-5958,-105,35,25
2717269892,-4538,6730,-1772,79,-166,-65,-17364,0,-15537,0,8160,8192,5900,152,-6040,-102,24,28
2717319892,-4458,6700,-1734,61,-197,-38,-16362,0,-15537,0,8160,8192,6012,480,-5818,-102,21,30
2717369892,-4562,6890,-1872,117,-251,-187,0,0,-7,-1,-16360,0,5676,740,-6034,-97,32,30
2717419892,-4486,7180,-2006,120,-259,-173,8160,8192,-14812,-24073,645,8192,6088,660,-5868,-102,35,30
2717469892,-4592,7028,-2110,93,-217,-124,8160,8192,0,0,645,8192,5860,610,-6004,-108,31,28
2717519892,-4364,6966,-2006,80,-168,-52,0,0,-7,-1,-16353,0,5632,852,-6116,-110,44,29
2717569892,-4112,6658,-1968,99,-293,-220,-16350,0,-15537,0,8160,8192,5972,364,-5980,-106,38,38
2717619892,-5124,7092,-1764,132,-200,-173,8160,8192,-11420,-24070,645,8192,6218,546,-5808,-105,37,37
2717669892,-5682,7410,-2070,74,-24,87,0,0,-7,-1,-16346,0,5710,152,-6074,-112,27,23
2717719892,-5178,6632,-1406,119,31,149,-16344,0,-15537,0,8160,8192,4994,-102,-6574,-103,51,32
2717769892,-4682,6100,-1242,42,124,193,-16341,0,-15537,0,8160,8192,6010,-546,-5944,-108,42,24
2717819892,-5084,6478,-1408,74,91,216,-16341,0,-15537,0,8160,8192,5904,-698,-5904,-109,31,22
2717869892,-4896,6232,-1306,44,-6,132,-16339,0,-15537,0,8160,8192,5726,-356,-6202,-99,18,30
2717919892,-5320,6546,-1608,80,-190,-104,-17337,0,-15537,0,8160,8192,5908,-158,-5926,-101,12,31
2717969892,-5054,6564,-1668,69,-272,-178,-16335,0,-15537,0,8160,8192,5862,212,-5976,-103,12,31
2718019892,-4688,6816,-1832,117,-359,-164,-18334,0,-15537,0,8160,8192,5876,52,-6012,-105,24,29
2718069892,-4920,6742,-1650,112,-205,-114,8160,8192,-20172,-24063,645,8192,5698,2,-6058,-105,31,28
2718119892,-4902,6386,-1604,100,-105,37,-16331,0,-15537,0,8160,8192,6044,24,-5854,-105,41,30
2718169892,-4940,6472,-1466,70,-74,48,-16331,0,-15537,0,8160,8192,5704,-86,-6216,-105,41,29
2718219892,-5032,6600,-1678,116,-114,90,0,0,-7,-1,-16328,0,5882,272,-5970,-108,32,32
2718269892,-5330,6544,-1356,125,-39,110,-17326,0,-15537,0,8160,8192,5828,-234,-6010,-108,41,29
2718319892,-5008,6564,-1632,104,-146,64,-16324,0,-15537,0,8160,8192,5928,282,-5950,-108,31,31
2718369892,-5118,6416,-1304,134,-151,47,-17323,0,-15537,0,8160,8192,5988,-434,-5882,-105,25,27
2718419892,-5434,6452,-1312,74,-36,152,-17321,0,-15537,0,8160,8192,5682,-474,-6096,-105,24,32
2718469892,-5070,6474,-1584,97,-76,130,-16319,0,-15537,0,8160,8192,5848,-358,-5994,-102,35,30
2718519892,-5354,6418,-1102,130,3,148,8160,8192,-28924,-24056,645,8192,5866,-732,-5930,-107,35,32
2718569892,-5142,6810,-1700,28,34,212,-16314,0,-15537,0,8160,8192,5698,-26,-6036,-107,33,32
2718619892,-4680,6468,-1536,128,-55,164,-16312,0,-15537,0,8160,8192,5922,288,-6186,-106,57,30
2718669892,-4876,6766,-1898,106,-23,100,-16311,0,-15537,0,8160,8192,5806,310,-5966,-111,75,32
2718719892,-4552,6560,-1874,108,-12,188,8160,8192,-25532,-24053,645,8192,5752,206,-6018,-115,67,35
2718769892,-4576,6502,-1794,68,-31,155,-17307,0,-15537,0,8160,8192,5782,-58,-6076,-108,45,32
2718819892,-4754,6706,-1788,62,5,185,-16305,0,-15537,0,8160,8192,6006,-58,-5868,-107,25,32
2718869892,-4632,6506,-1674,56,0,257,8160,8192,-6604,-24051,645,8192,5882,-58,-5946,-106,2,27
2718919892,-4888,6440,-1340,61,54,347,-16299,0,-15537,0,8160,8192,5572,0,-6230,-110,-21,29
2718969892,-4942,6724,-1544,48,29,302,0,0,-7,-1,-17297,0,6268,-290,-5952,-112,5,35
2719019892,-4486,6496,-1958,50,-85,95,-18296,0,-15537,0,8160,8192,6202,794,-6056,-107,38,33
2719069892,-4506,7068,-2008,109,-184,7,8160,8192,0,0,645,8192,6078,526,-5858,-112,21,36
2719119892,-4684,6934,-1760,128,-45,126,-17291,0,-15537,0,8160,8192,6024,288,-6038,-106,40,39
2719169892,-4552,7280,-2304,59,-9,228,-16314,0,-15537,0,8160,8192,5596,126,-5686,-112,19,30
2719219892,-4604,6860,-1644,95,61,374,0,0,-7,-1,-16285,0,6430,18,-5606,-108,-2,28
2719269892,-4312,6700,-1836,22,-1,267,8160,8192,180,-24044,645,8192,6070,414,-6156,-104,4,31
2719319892,-4412,7142,-1798,121,-140,87,0,0,-7,-1,-17281,0,5152,270,-6682,-99,19,36
2719369892,-4562,7406,-2100,85,-114,-79,-18278,0,-15537,0,8160,8192,4780,608,-6574,-105,34,32
2719419892,-3914,6566,-1624,123,-129,-27,8160,8192,19108,-24042,645,8192,6112,586,-5726,-105,37,32
2719469892,-4076,7070,-2026,92,-40,210,0,0,-7,-1,-17273,0,6122,840,-5836,-105,28,28
2719519892,-4588,7106,-1882,111,-12,255,-18271,0,-15537,0,8160,8192,5804,2,-5994,-105,22,31
2719569892,-4764,6982,-1652,43,140,525,8160,8192,-27500,-24040,645,8192,5824,342,-6088,-105,31,31
2719619892,-5082,6562,-1128,182,-18,313,-16267,0,-15537,0,8160,8192,5932,-636,-6026,-111,17,28
2719669892,-4886,7214,-1708,74,-14,185,8160,8192,0,0,645,8192,5706,-172,-6096,-107,47,26
2719719892,-4678,6958,-1486,150,-79,156,8160,8192,-8572,-24038,645,8192,6046,-530,-5956,-103,83,33
2719769892,-4454,6762,-1652,76,-44,44,0,0,-7,-1,-17259,0,6168,-218,-5988,-105,107,39
2719819892,-3762,6712,-2092,121,-206,-225,-18258,0,-15537,0,8160,8192,6062,610,-6110,-114,82,30
2719869892,-3862,6904,-1914,135,-195,28,-18256,0,-15537,0,8160,8192,5760,170,-6152,-106,7,29
2719919892,-4250,7274,-2330,-2,0,228,-17254,0,-15537,0,8160,8192,5768,922,-5984,-110,-13,25
2719969892,-4016,7100,-1960,104,-128,79,8160,8192,-20716,-24034,645,8192,5492,220,-6070,-111,-24,24
2720019892,-3912,6960,-1994,29,-6,278,-17251,0,-15537,0,8160,8192,5782,542,-5980,-106,22,28
2720069892,-4354,7072,-1852,125,-67,128,0,0,-7,-1,-16248,0,5734,258,-6126,-107,45,30
2720119892,-3894,7288,-2434,114,-231,-178,0,0,-7,-1,-16246,0,4120,664,-7592,-104,40,32
2720169892,-3224,7546,-2200,190,-289,-104,-16244,0,-15537,0,8160,8192,6128,1008,-5862,-106,37,32
2720219892,-4534,7692,-1840,100,133,447,-17242,0,-15537,0,8160,8192,7062,140,-5044,-107,52,28
2720269892,-4122,6848,-2294,-29,-4,-20,-18240,0,-15537,0,8160,8192,5982,588,-5742,-107,44,30
2720319892,-3840,7194,-1956,203,-272,-85,0,0,-7,-1,-16238,0,5718,366,-5984,-109,37,32
2720369892,-3866,6980,-2196,11,-108,38,-18236,0,-15537,0,8160,8192,5630,576,-6216,-104,21,27
2720419892,-4518,7062,-1648,195,-22,280,8160,8192,-29468,-24027,645,8192,5818,74,-6074,-104,36,29
2720469892,-4256,6872,-2040,21,-78,48,-16232,0,-15537,0,8160,8192,5836,90,-5966,-106,34,30
2720519892,-4500,7070,-1614,167,-154,46,-16230,0,-15537,0,8160,8192,5696,-158,-6136,-108,34,33
2720569892,-4334,7006,-1994,35,-146,-63,0,0,-7,-1,-16229,0,5888,160,-5926,-107,32,32
2720619892,-4212,7080,-1884,140,-144,68,-16226,0,-15537,0,8160,8192,5936,240,-5866,-105,15,30
2720669892,-4240,7000,-1934,64,-88,62,-16224,0,-15537,0,8160,8192,5746,196,-6140,-107,15,35
2720719892,-4174,7050,-1902,112,-154,32,-17222,0,-15537,0,8160,8192,5814,314,-6094,-106,17,30
2720769892,-4124,7148,-2010,88,-168,10,-18220,0,-15537,0,8160,8192,5868,538,-5956,-109,22,33
2720819892,-4072,7062,-1838,143,-190,-119,-16218,0,-15537,0,8160,8192,5832,-188,-5998,-105,19,28
2720869892,-4016,6960,-2124,-12,-40,132,8160,8192,0,0,645,8192,5644,682,-6066,-106,30,33
2720919892,-4210,7038,-1850,170,-205,-3,8160,8192,11780,-24019,645,8192,5652,272,-6074,-106,29,32
2720969892,-4456,7044,-1834,66,-87,-3,-16213,0,-15537,0,8160,8192,5764,288,-6092,-104,23,29
2721019892,-4018,7310,-2414,87,-275,-176,-16211,0,-15537,0,8160,8192,5890,732,-6054,-107,27,25
2721069892,-4144,7094,-1746,-576,904,268,0,0,-7,-1,-16209,0,5764,-110,-5950,-98,32,27
2721119892,-4838,6054,-1914,14,30,873,8160,8192,0,0,645,8192,5872,572,-6030,-106,48,33
2721169892,-4440,7498,-2036,821,-1067,-941,-16204,0,-15537,0,8160,8192,5976,600,-5864,-107,70,29
2721219892,-4218,7744,-1998,176,-568,-688,0,0,-7,-1,-16203,0,5660,216,-6160,-105,76,33
2721269892,-4378,6856,-1964,120,100,423,-16201,0,-15537,0,8160,8192,6314,818,-5470,-111,70,28
2721319892,-4986,6712,-1398,122,120,114,-16199,0,-15537,0,8160,8192,5796,-672,-5856,-106,49,9
2721369892,-4414,7460,-2062,17,-174,17,-16197,0,-15537,0,8160,8192,6158,788,-5994,-108,-41,5
2721419892,-4596,7934,-2792,121,-366,-508,0,0,-7,-1,-17194,0,5982,1290,-5824,-98,12,21
2721469892,-3850,7558,-2338,258,-481,-176,-16192,0,-15537,0,8160,8192,5968,856,-5828,-105,21,28
2721519892,-4968,7996,-2534,118,-181,-143,0,0,-7,-1,-17189,0,6590,1264,-5084,-100,64,51
2721569892,-4038,6224,-1596,114,-100,61,8160,8192,6420,-24009,645,8192,5680,266,-6404,-111,16,19
2721619892,-5132,6800,-1612,98,21,214,8160,8192,-9116,-24009,645,8192,5842,-330,-6016,-105,29,29
2721669892,-4942,6378,-1408,138,-92,53,-16184,0,-15537,0,8160,8192,5206,-460,-6478,-111,74,35
2721719892,-5202,7032,-1842,90,-197,-61,-17182,0,-15537,0,8160,8192,5442,-1020,-6334,-116,53,21
2721769892,-4970,6562,-1826,103,-346,-212,5544,8192,-7,-1,-15845,0,5832,-236,-6034,-105,18,28
2721819892,-5158,6714,-1780,112,-407,-339,8160,8192,0,0,645,8192,5848,-84,-6054,-107,2,27
2721869892,-4368,6082,-1652,127,-565,-505,-16177,0,-15537,0,8160,8192,5822,-618,-6770,-120,-86,6
2721919892,-4460,6882,-1556,75,-199,-235,8160,8192,28740,-24004,645,8192,5424,72,-6614,-111,-26,20
2721969892,-5150,7102,-1514,94,-2,52,-16173,0,-15537,0,8160,8192,6064,714,-5920,-101,51,36
2722019892,-4604,6696,-1798,104,-229,-9,8160,8192,-2332,-24003,645,8192,6012,278,-5676,-108,-48,19
2722069892,-6118,6572,64,182,202,145,-17170,0,-15537,0,8160,8192,6630,-2150,-6396,-88,6,5
2722119892,-7482,3676,24,-239,1204,1593,-16167,0,-15537,0,8160,8192,5284,-2864,-6222,-86,159,31
2722169892,-5600,6672,-1864,-356,42,-211,8160,8192,16596,-24000,645,8192,5996,508,-6436,-102,-4,29
2722219892,-4636,7910,-2092,664,-1264,-1161,8160,8192,1060,-23999,645,8192,5654,838,-6154,-98,58,40
2722269892,-4510,8082,-2036,-18,78,226,-18160,0,-15537,0,8160,8192,5838,552,-5916,-111,34,29
2722319892,-4360,6192,-1868,26,296,882,8160,8192,-30012,-23998,645,8192,5868,864,-5890,-105,54,33
2722369892,-4820,6762,-2104,101,-108,-11,-16154,0,-15537,0,8160,8192,5786,538,-5960,-107,18,31
2722419892,-4570,7406,-1984,156,-221,-157,0,0,-7,-1,-17152,0,5846,528,-6104,-105,8,30
2722469892,-4550,7144,-1914,69,7,247,-16150,0,-15537,0,8160,8192,5828,496,-5938,-102,35,30
2722519892,-4582,6534,-1812,103,-73,176,8160,8192,-26620,-23995,645,8192,5708,274,-6054,-103,29,27
2722569892,-4748,6836,-1874,107,-136,-40,-16146,0,-15537,0,8160,8192,5898,232,-5878,-105,31,31
2722619892,-4598,6852,-1768,107,-121,19,0,0,-7,-1,-16145,0,5808,244,-6074,-106,33,33
2722669892,-4752,6832,-1788,92,-92,79,-16143,0,-15537,0,8160,8192,5902,238,-5924,-102,38,30
2722719892,-4226,6254,-1586,89,-162,-5,-16141,0,-15537,0,8160,8192,5520,338,-6658,-100,45,33
2722769892,-4714,6370,-1868,100,-155,20,8160,8192,26772,-23991,645,8192,5350,170,-5398,-105,18,20
2722819892,-4892,6766,-1668,74,-89,32,8160,8192,11236,-23990,645,8192,5704,254,-5834,-109,28,27
2722869892,-4846,6626,-1640,95,-114,-10,0,0,-7,-1,-17138,0,5726,188,-5722,-107,37,29
2722919892,-4728,6608,-1654,103,-142,-22,-16135,0,-15537,0,8160,8192,5504,256,-5962,-108,26,28
2722969892,-4940,6948,-1762,105,-136,-14,-16133,0,-15537,0,8160,8192,5852,224,-6158,-105,33,32
2723019892,-4718,6364,-1782,107,-166,-28,-17131,0,-15537,0,8160,8192,5830,270,-5922,-104,46,31
2723069892,-4748,6572,-1834,110,-190,-47,-16128,0,-15537,0,8160,8192,5654,232,-5998,-109,44,36
2723119892,-4996,7316,-1758,72,-146,-31,8160,8192,0,0,645,8192,5942,302,-6148,-107,-1,28
2723169892,-4650,6204,-1758,128,-177,-9,-17123,0,-15537,0,8160,8192,5744,376,-5828,-103,31,32
2723219892,-5290,7000,-1848,87,-146,-35,0,0,-7,-1,-16121,0,5996,258,-5968,-107,7,30
2723269892,-4746,6638,-1698,96,-174,-47,-17119,0,-15537,0,8160,8192,5606,214,-6126,-109,19,25
2723319892,-4982,6880,-1680,99,-157,-52,-17118,0,-15537,0,8160,8192,5944,198,-5858,-110,24,31
2723369892,-4958,6754,-1602,103,-138,-42,0,0,-7,-1,-17116,0,5656,188,-5996,-108,38,29
2723419892,-4740,6440,-1632,110,-177,-40,8160,8192,0,0,645,8192,5732,152,-6140,-108,45,31
2723469892,-5054,6576,-1754,98,-200,-55,-16113,0,-15537,0,8160,8192,5840,270,-6034,-105,31,30
2723519892,-5342,7224,-1720,106,-119,-17,8160,8192,-9660,-23980,645,8192,5874,26,-5866,-99,49,40
2723569892,-4444,6648,-1618,85,-152,49,-16109,0,-15537,0,8160,8192,5962,256,-6116,-106,23,30
2723619892,-4990,6594,-1668,115,-118,8,-16107,0,-15537,0,8160,8192,5838,240,-5926,-108,27,27
2723669892,-4856,6442,-1750,100,-169,-8,-16105,0,-15537,0,8160,8192,5898,228,-6126,-102,19,30
2723719892,-4998,6502,-1726,93,-166,-38,8160,8192,-6268,-23977,645,8192,5850,244,-5912,-107,25,31
2723769892,-5204,6816,-1586,101,-196,-102,-16099,0,-15537,0,8160,8192,5862,452,-5942,-106,32,36
2723819892,-4576,6288,-1584,169,-307,-101,-16097,0,-15537,0,8160,8192,5626,434,-6122,-103,13,34
2723869892,-5212,6292,-1574,58,-35,6,-17095,0,-15537,0,8160,8192,5596,126,-6208,-104,27,30
2723919892,-5206,6420,-1816,105,-126,8,8160,8192,0,0,645,8192,6100,18,-5960,-113,46,26
2723969892,-4942,6434,-1660,85,-157,-80,-16090,0,-15537,0,8160,8192,5936,354,-6162,-108,49,38
2724019892,-4914,6302,-1574,116,-182,-65,-16088,0,-15537,0,8160,8192,5580,170,-6132,-108,36,31
2724069892,-5354,6454,-2026,117,-195,-76,8160,8192,0,0,645,8192,6206,244,-6196,-105,32,36
2724119892,-5196,5954,-1812,108,-96,78,0,0,-7,-1,-16084,0,5270,10,-6066,-117,44,32
2724169892,-4986,6182,-1566,103,-131,49,8160,8192,0,0,645,8192,5848,214,-6032,-110,21,25
2724219892,-5458,6776,-1510,73,-60,17,8160,8192,-30556,-23969,645,8192,5380,86,-5988,-109,42,22
2724269892,-4672,6494,-1744,130,-260,-15,-16078,0,-15537,0,8160,8192,5820,600,-6102,-102,46,39
2724319892,-5404,6390,-1692,110,-195,-66,8160,8192,3908,-23967,645,8192,5892,320,-5950,-104,35,38
2724369892,-6074,7436,-1360,61,-86,-59,0,0,-7,-1,-17073,0,6152,146,-6256,-108,2,27
2724419892,-5656,7060,-2090,180,-294,-133,0,0,-7,-1,-16071,0,5400,270,-6106,-110,23,28
2724469892,-5436,6784,-1652,133,-195,-61,0,0,-7,-1,-17069,0,5754,324,-6064,-105,38,33
2724519892,-4544,6104,-1584,115,-175,16,8160,8192,0,0,645,8192,6014,272,-5792,-104,32,34
2724569892,-5284,5458,-2016,81,-182,5,0,0,-7,-1,-17064,0,5620,-4,-6358,-109,-15,27
2724619892,-5620,6408,-1672,108,-72,39,0,0,-7,-1,-16061,0,5782,422,-5944,-106,40,37
2724669892,-5276,6608,-1618,107,-127,60,-16059,0,-15537,0,8160,8192,5852,274,-5996,-108,33,33
2724719892,-5320,6382,-1524,108,-141,19,-16056,0,-15537,0,8160,8192,5926,186,-5950,-107,29,33
2724769892,-5022,6188,-1602,127,-113,79,-16054,0,-15537,0,8160,8192,6162,174,-5624,-107,59,35
2724819892,-5044,6042,-1402,105,-339,-314,-18051,0,-15537,0,8160,8192,5790,384,-6048,-102,42,36
2724869892,-5040,5864,-1482,112,-386,-345,0,0,-7,-1,-16049,0,7242,154,-5398,-104,15,26
2724919892,-5920,6424,-1842,97,-219,-230,-18047,0,-15537,0,8160,8192,6746,608,-6796,-104,31,35
2724969892,-5866,6446,-1728,109,-252,-182,0,0,-7,-1,-16044,0,5980,230,-6598,-103,-9,28
2725019892,-5918,6596,-1826,133,-285,-220,-18041,0,-15537,0,8160,8192,6090,-80,-5942,-105,29,29
2725069892,-5210,5632,-1956,135,-388,-301,0,0,-7,-1,-16041,0,6090,182,-6482,-114,39,24
2725119892,-4428,5536,-1186,-24,-252,-304,8160,8192,17476,-23955,645,8192,5956,64,-6044,-105,16,34
2725169892,-5590,5676,-1434,-220,-114,-621,-17038,0,-15537,0,8160,8192,5954,202,-6132,-104,34,32
2725219892,-5094,5520,-1202,163,-393,-452,-16037,0,-15537,0,8160,8192,7326,-14,-5238,-96,47,36
2725269892,-6112,6358,-1504,63,-203,-140,-16035,0,-15537,0,8160,8192,5530,74,-6276,-103,40,36
2725319892,-6432,6268,-1272,-30,-132,-125,-16033,0,-15537,0,8160,8192,6254,618,-5852,-103,14,34
2725369892,-6288,5792,-1166,66,-294,-298,-16031,0,-15537,0,8160,8192,6510,550,-5916,-100,16,38
2725419892,-7224,6138,-1634,28,-282,-427,8160,8192,0,0,645,8192,6216,248,-5910,-99,13,36
2725469892,-5276,5140,-902,32,-340,-338,-16026,0,-15537,0,8160,8192,6912,542,-5668,-102,1,33
2725519892,-5402,5096,-734,-8,-223,-254,8160,8192,0,0,645,8192,5666,202,-6140,-109,43,24
2725569892,-7584,5868,-1226,29,-285,-485,-16022,0,-15537,0,8160,8192,5848,556,-6216,-112,26,26
2725619892,-6142,5120,-822,3,-257,-333,8160,8192,0,0,645,8192,7868,388,-4680,-107,30,27
2725669892,-5830,4760,-722,-41,-180,-302,0,0,-7,-1,-16018,0,6294,282,-5648,-113,59,26
2725719892,-8918,6504,-1522,-53,-211,-495,-18017,0,-15537,0,8160,8192,6110,414,-5696,-113,71,30
2725769892,-6168,4996,-828,-119,-397,-534,-16015,0,-15537,0,8160,8192,6714,506,-5484,-107,34,31
2725819892,-9172,4050,1648,89,-71,-434,-18013,0,-15537,0,8160,8192,7284,410,-5128,-104,35,35
2725869892,-6648,5364,-2034,-604,-446,-731,-16011,0,-15537,0,8160,8192,6194,30,-6488,-106,7,27
2725919892,-5768,4674,-810,2,-252,-226,-16009,0,-15537,0,8160,8192,5974,4,-5894,-108,21,26
2725969892,-6530,5516,-742,736,44,875,-16006,0,-15537,0,8160,8192,6350,654,-5824,-109,27,30
2726019892,-5086,5292,-1012,139,1669,2400,-16004,0,-15537,0,8160,8192,5846,-194,-5806,-111,38,32
2726069892,-7128,5370,-482,438,754,1983,-18002,0,-15537,0,8160,8192,5512,388,-5344,-99,15,21
2726119892,-6068,6002,-1158,566,-567,48,8160,8192,-31100,-23940,645,8192,5196,228,-6632,-109,28,25
2726169892,-5216,5934,-974,-66,101,3,8160,8192,18900,-23939,645,8192,4496,138,-6468,-112,77,37
2726219892,-5684,5836,-1070,204,-36,493,-16996,0,-15537,0,8160,8192,5640,162,-6318,-107,35,25
2726269892,-5910,5334,-1212,-39,-275,-360,0,0,-7,-1,-15994,0,7880,142,-4762,-105,19,29
2726319892,-5558,5880,-1140,-135,-627,-1104,0,0,-7,-1,-16991,0,5226,-96,-5738,-114,95,43
2726369892,-4640,5074,-1318,125,-550,-549,-16990,0,-15537,0,8160,8192,6764,92,-5248,-99,13,30
2726419892,-6112,5550,-972,130,-168,19,0,0,-7,-1,-16989,0,4512,-1144,-6428,-116,32,16
2726469892,-6406,5312,-1058,-13,-141,-97,0,0,-7,-1,-15986,0,7142,1900,-5920,-93,31,48
2726519892,-6272,6050,-886,72,-139,101,0,0,-7,-1,-15984,0,5648,512,-6110,-101,44,41
2726569892,-5612,5188,-1306,53,160,545,-16981,0,-15537,0,8160,8192,2544,2712,-16480,-151,32,53
2726619892,-14300,5024,-520,1358,919,3882,8160,8192,0,0,645,8192,20466,-962,13806,-1,98,213
2726669892,-8894,5124,-584,-458,413,-579,-15978,0,-15537,0,8160,8192,7128,-690,-7318,-136,-235,-15
2726719892,-5488,5416,-648,361,-509,-1114,8160,8192,0,0,645,8192,5762,540,-6090,-97,115,39
2726769892,-5648,6198,-1666,17,-255,30,0,0,-7,-1,-16974,0,6252,514,-6216,-118,-130,14
2726819892,-5466,5470,-1034,50,152,423,0,0,-7,-1,-16971,0,5430,522,-5798,-111,3,22
2726869892,-5382,5582,-1318,110,-120,106,-15970,0,-15537,0,8160,8192,5450,470,-5866,-105,41,31
2726919892,-5928,5594,-1462,126,-96,21,-17968,0,-15537,0,8160,8192,5858,336,-5938,-104,42,31
2726969892,-5824,5918,-1430,119,-195,-110,-15966,0,-15537,0,8160,8192,5780,236,-6190,-107,31,29
2727019892,-5846,6016,-1524,26,-54,120,0,0,-7,-1,-16964,0,5874,304,-6122,-103,28,32
2727069892,-5914,5888,-1366,74,-110,5,8160,8192,1396,-23925,645,8192,5802,198,-5998,-105,30,25
2727119892,-5802,6032,-1302,78,-211,-156,-16959,0,-15537,0,8160,8192,5844,264,-6062,-103,19,31
2727169892,-5954,6080,-1348,44,-139,-52,-16957,0,-15537,0,8160,8192,5820,316,-6074,-99,9,30
2727219892,-5998,5876,-1342,55,-153,-61,-15954,0,-15537,0,8160,8192,5870,230,-5946,-102,4,27
2727269892,-6014,5958,-1194,54,-156,-151,-15953,0,-15537,0,8160,8192,5868,266,-6060,-104,27,32
2727319892,-5890,5982,-1106,58,-174,-127,0,0,-7,-1,-15949,0,5764,232,-6142,-100,38,29
2727369892,-8916,6330,-278,310,9,809,-15946,0,-15537,0,8160,8192,7024,1102,-6622,-104,24,49
2727419892,-6572,4336,-376,-240,67,-674,-15944,0,-15537,0,8160,8192,6398,470,-5632,-128,-128,4
2727469892,-4676,5244,-1524,438,-417,-154,0,0,-7,-1,-15942,0,5662,396,-6160,-95,124,43
2727519892,-6514,6160,-1468,92,-54,261,8160,8192,-7356,-23919,645,8192,6296,172,-5996,-111,-35,21
2727569892,-6194,6042,-1526,-39,-69,41,8160,8192,0,0,645,8192,6022,244,-5922,-110,4,29
2727619892,-6140,6090,-760,143,-133,53,-15935,0,-15537,0,8160,8192,5744,-290,-6272,-107,-7,26
2727669892,-5702,5808,-1494,78,-151,-74,-15933,0,-15537,0,8160,8192,5666,390,-5934,-103,44,29
2727719892,-5918,5856,-1266,131,-136,121,-16932,0,-15537,0,8160,8192,5812,258,-5906,-108,29,33
2727769892,-6012,5728,-1134,71,-31,120,-16929,0,-15537,0,8160,8192,5704,138,-6150,-104,33,29
2727819892,-6044,5742,-1296,93,-152,-34,-17926,0,-15537,0,8160,8192,5810,138,-6008,-102,33,29
2727869892,-6112,5836,-1340,91,-69,81,8160,8192,14964,-23913,645,8192,5856,206,-5962,-108,33,32
2727919892,-5816,5726,-1102,107,-119,48,8160,8192,-572,-23913,645,8192,5510,44,-6154,-105,32,22
2727969892,-6642,6110,-1516,99,-87,-8,8160,8192,0,0,645,8192,6814,304,-6532,-104,38,29
2728019892,-6024,5394,-1814,194,-312,-170,-15917,0,-15537,0,8160,8192,6688,334,-6460,-109,-7,32
2728069892,-5854,5860,-1562,154,-206,16,0,0,-7,-1,-16915,0,6150,342,-6450,-105,28,28
2728119892,-5822,5716,-1584,134,-188,57,0,0,-7,-1,-16913,0,6022,374,-6160,-105,27,30
2728169892,-5540,5488,-1314,116,-196,-9,-17911,0,-15537,0,8160,8192,5874,276,-5924,-109,21,29
2728219892,-5500,5640,-1176,96,-116,76,-15909,0,-15537,0,8160,8192,5704,204,-5952,-102,32,30
2728269892,-5906,5686,-1248,99,-128,43,8160,8192,21748,-23907,645,8192,5924,150,-5936,-107,29,29
2728319892,-6006,5762,-1182,101,-111,32,-15904,0,-15537,0,8160,8192,5826,128,-5988,-109,29,29
2728369892,-6050,5886,-1144,103,-99,65,0,0,-7,-1,-16902,0,5776,222,-6142,-105,36,31
2728419892,11614,-3126,8012,-604,-401,3150,8160,8192,0,0,645,8192,10134,-1480,9718,-272,920,148
2728469892,1284,2742,2702,-586,684,2645,-16899,0,-15537,0,8160,8192,2520,98,-1748,-101,337,30
2728519892,-5436,6864,-2798,57,-716,-1298,-16896,0,-15537,0,8160,8192,7042,666,-4186,-113,-27,27
2728569892,-1270,3436,72,739,-822,-127,8160,8192,0,0,645,8192,5316,-4006,-7172,-103,78,24
2728619892,-4764,4986,-2068,-137,183,399,-15890,0,-15537,0,8160,8192,7548,576,-5358,-103,39,33
2728669892,-5830,6330,-764,37,-264,-16,-15886,0,-15537,0,8160,8192,5654,506,-6272,-108,5,31
2728719892,-5404,5914,-1058,246,-378,63,-15884,0,-15537,0,8160,8192,5452,388,-5914,-121,-68,11
2728769892,-6408,5434,-1248,76,53,-18,8160,8192,0,0,645,8192,5824,226,-5976,-93,93,40
2728819892,-5796,5662,-822,105,-165,112,-17880,0,-15537,0,8160,8192,5418,298,-6220,-104,-64,2
2728869892,-6364,4938,-1314,86,116,101,0,0,-7,-1,-16878,0,5694,98,-5940,-94,112,40
2728919892,-6716,6626,-1398,70,-213,-39,-15877,0,-15537,0,8160,8192,5944,236,-6102,-108,3,24
2728969892,-5910,6192,-1310,36,-8,114,8160,8192,0,0,645,8192,5816,140,-6038,-110,44,33
2729019892,-5968,5540,-1304,50,-59,156,-15873,0,-15537,0,8160,8192,5780,168,-6076,-103,16,21
2729069892,-6012,5928,-1260,166,-190,-56,0,0,-7,-1,-15871,0,5906,148,-6054,-109,33,35
2729119892,-5864,5686,-1264,107,-105,49,8160,8192,19780,-23894,645,8192,5798,276,-5944,-107,33,30
2729169892,-5938,5976,-1134,100,-85,120,0,0,-7,-1,-15865,0,5662,186,-6206,-102,23,28
2729219892,-5986,5800,-1392,93,-119,41,8160,8192,-11292,-23893,645,8192,5952,96,-5842,-109,41,36
2729269892,-5844,5708,-1174,109,-112,52,0,0,-7,-1,-15860,0,5714,224,-6136,-104,33,25
2729319892,-5908,5848,-1248,83,-96,61,0,0,-7,-1,-15858,0,5828,130,-6040,-104,39,30
2729369892,-6050,5646,-1504,93,-99,60,0,0,-7,-1,-16852,0,5882,262,-5816,-107,37,33
2729419892,-5886,5984,-1138,110,-124,41,0,0,-7,-1,-15848,0,5684,188,-6166,-103,32,29
2729469892,-5900,5748,-1270,103,-112,49,8160,8192,-23436,-23889,645,8192,5810,182,-6054,-106,40,31
2729519892,-5868,5742,-1388,91,-104,77,8160,8192,26564,-23888,645,8192,5892,230,-5950,-104,24,28
2729569892,-5914,5984,-1108,122,-123,52,0,0,-7,-1,-16841,0,5664,214,-6090,-110,34,31
2729619892,-5908,5702,-1312,94,-107,71,-15839,0,-15537,0,8160,8192,5898,170,-5880,-103,30,28
2729669892,-5846,5816,-1186,101,-113,60,-15838,0,-15537,0,8160,8192,5736,222,-6064,-106,29,29
2729719892,-5938,5782,-1326,101,-108,57,-17836,0,-15537,0,8160,8192,5778,178,-5972,-109,33,32
2729769892,-5992,5882,-1230,88,-95,74,8160,8192,14420,-23884,645,8192,5774,168,-6044,-101,30,28
2729819892,-5914,5748,-1346,105,-128,33,8160,8192,-1116,-23884,645,8192,5782,192,-6018,-106,32,34
2729869892,-5934,5808,-1278,94,-97,66,-15828,0,-15537,0,8160,8192,5854,194,-6054,-105,31,29
2729919892,-5912,5920,-1204,98,-105,70,-15825,0,-15537,0,8160,8192,5650,190,-6068,-104,33,30
2729969892,-5954,5724,-1390,103,-124,42,8160,8192,17812,-23881,645,8192,5868,152,-5990,-107,34,34
2730019892,-5930,5822,-1300,92,-101,68,-17821,0,-15537,0,8160,8192,5828,146,-6054,-105,31,30
2730069892,-5930,5870,-1288,108,-115,48,-16819,0,-15537,0,8160,8192,5742,180,-6054,-106,36,31
2730119892,-5972,5810,-1360,97,-108,63,-15817,0,-15537,0,8160,8192,5892,180,-6030,-105,32,28
2730169892,-5872,5968,-1188,109,-125,55,0,0,-7,-1,-15815,0,5822,214,-6078,-106,34,30
2730219892,-5832,5780,-1304,111,-118,70,8160,8192,5668,-23877,645,8192,5676,282,-6090,-108,32,30
2730269892,-5976,5904,-1202,98,-102,79,-15809,0,-15537,0,8160,8192,5778,162,-6098,-104,25,26
2730319892,-5848,5710,-1272,111,-123,50,8160,8192,0,0,645,8192,5782,236,-5930,-106,33,31
2730369892,-6020,5762,-1246,85,-91,66,0,0,-7,-1,-15805,0,5826,194,-6028,-104,27,29
2730419892,-5954,5674,-1212,94,-103,53,0,0,-7,-1,-15804,0,5760,222,-6070,-105,34,28
2730469892,-6006,5738,-1352,92,-105,42,8160,8192,-6476,-23874,645,8192,5790,160,-6004,-104,32,30
2730519892,-5946,5784,-1182,94,-100,64,-15800,0,-15537,0,8160,8192,5800,182,-6044,-103,32,29
2730569892,-5910,5730,-1298,99,-111,54,-17796,0,-15537,0,8160,8192,5844,210,-5962,-105,31,31
2730619892,-5986,5816,-1266,97,-102,58,8160,8192,12452,-23871,645,8192,5814,198,-6058,-107,33,29
2730669892,-5878,5828,-1282,104,-117,51,-17792,0,-15537,0,8160,8192,5724,234,-6102,-107,32,29
2730719892,-5962,5806,-1344,97,-105,56,0,0,-7,-1,-15787,0,5784,180,-6052,-105,30,30
2730769892,-5960,5838,-1216,103,-112,63,0,0,-7,-1,-15785,0,5856,198,-6014,-107,31,29
2730819892,-5890,5798,-1260,106,-117,56,-15783,0,-15537,0,8160,8192,5838,198,-5978,-108,33,30
2730869892,-5920,5878,-1190,104,-104,75,-15780,0,-15537,0,8160,8192,5784,234,-6092,-104,31,27
2730919892,-5908,5742,-1236,98,-113,64,-15779,0,-15537,0,8160,8192,5760,204,-6022,-108,33,30
2730969892,-5974,5786,-1276,94,-98,57,0,0,-7,-1,-15774,0,5708,196,-6140,-105,33,30
2731019892,-5922,5746,-1204,88,-105,58,8160,8192,0,0,645,8192,5720,138,-6088,-104,34,28
2731069892,-6006,5812,-1282,91,-101,46,8160,8192,0,0,645,8192,5810,118,-5998,-106,33,30
2731119892,-5934,5794,-1294,97,-107,58,-16767,0,-15537,0,8160,8192,5862,134,-6004,-104,32,28
2731169892,-6050,5820,-1308,99,-102,61,-16765,0,-15537,0,8160,8192,5838,254,-5978,-104,32,31
2731219892,-5824,5712,-1276,92,-117,56,-15764,0,-15537,0,8160,8192,5948,288,-5966,-107,27,30
2731269892,-5734,5742,-1226,96,-115,58,-15761,0,-15537,0,8160,8192,5856,266,-5946,-106,30,31
2731319892,-5896,5846,-1214,102,-113,51,-17758,0,-15537,0,8160,8192,5850,200,-6048,-106,30,29
2731369892,-5870,5812,-1280,103,-113,61,-15756,0,-15537,0,8160,8192,5782,266,-6070,-108,31,30
2731419892,-5934,5840,-1286,103,-113,61,0,0,-7,-1,-16754,0,5884,228,-6020,-106,34,30
2731469892,-5876,5730,-1244,95,-102,64,8160,8192,10484,-23858,645,8192,5844,226,-6034,-104,33,27
2731519892,-5944,5786,-1264,96,-111,53,-17748,0,-15537,0,8160,8192,5918,234,-5950,-108,32,30
2731569892,-5856,5758,-1322,97,-109,53,-15745,0,-15537,0,8160,8192,5826,212,-5942,-107,34,30
2731619892,-5870,5826,-1266,103,-114,55,-17744,0,-15537,0,8160,8192,5834,238,-6018,-104,32,28
2731669892,-5912,5786,-1238,104,-115,57,0,0,-7,-1,-15741,0,5818,194,-5986,-106,32,31
2731719892,-5880,5806,-1208,106,-116,62,8160,8192,-1660,-23855,645,8192,5868,250,-6028,-106,29,30
2731769892,-5898,5844,-1194,100,-107,68,-15737,0,-15537,0,8160,8192,5822,240,-6028,-107,34,28
2731819892,-5964,5784,-1270,100,-108,64,8160,8192,0,0,645,8192,5888,210,-6016,-106,29,27
2731869892,-5972,5798,-1344,97,-110,56,-16734,0,-15537,0,8160,8192,5886,130,-6002,-107,31,31
2731919892,-5930,5804,-1278,101,-108,56,0,0,-7,-1,-15731,0,5904,190,-5970,-107,30,29
2731969892,-5980,5746,-1228,96,-100,64,0,0,-7,-1,-15729,0,5860,246,-6000,-105,33,31
2732019892,-5916,5766,-1278,97,-108,61,-16727,0,-15537,0,8160,8192,5792,154,-5970,-106,33,31
2732069892,-5922,5868,-1302,98,-110,60,-15723,0,-15537,0,8160,8192,5748,162,-6070,-109,34,31
2732119892,-5858,5772,-1242,102,-113,59,-15721,0,-15537,0,8160,8192,5732,168,-6058,-108,31,29
2732169892,-5972,5810,-1294,99,-111,55,0,0,-7,-1,-15719,0,5768,238,-6060,-107,32,31
2732219892,-5900,5796,-1240,100,-104,63,-16717,0,-15537,0,8160,8192,5780,256,-6048,-105,29,30
2732269892,-5894,5762,-1254,99,-110,56,-15712,0,-15537,0,8160,8192,5860,202,-6036,-105,33,30
2732319892,-5962,5846,-1338,97,-102,56,-15708,0,-15537,0,8160,8192,5834,160,-6008,-107,30,29
2732369892,-5930,5828,-1338,104,-113,52,-17706,0,-15537,0,8160,8192,5792,180,-6042,-105,31,33
2732419892,-5986,5916,-1250,107,-107,63,0,0,-7,-1,-15704,0,5672,204,-6158,-107,32,29
2732469892,-5896,5780,-1284,104,-113,72,0,0,-7,-1,-15702,0,5686,268,-6120,-105,32,31
2732519892,-5832,5798,-1202,97,-109,61,8160,8192,0,0,645,8192,5738,186,-6034,-107,33,30
2732569892,-5884,5672,-1384,94,-108,59,-15699,0,-15537,0,8160,8192,5798,156,-6008,-105,31,31
2732619892,-5968,5782,-1292,86,-102,49,-16697,0,-15537,0,8160,8192,5768,58,-5966,-105,32,29
2732669892,-5820,5774,-1332,102,-125,51,0,0,-7,-1,-16695,0,5662,76,-5914,-106,26,29
2732719892,-5922,5904,-1166,100,-104,54,-17694,0,-15537,0,8160,8192,5796,84,-6138,-104,33,31
2732769892,-6024,5826,-1174,106,-98,70,8160,8192,-236,-23839,645,8192,5880,124,-6080,-104,38,31
2732819892,-6070,5742,-1318,102,-104,73,-15688,0,-15537,0,8160,8192,5830,298,-6050,-107,31,29
2732869892,-5940,5836,-1352,90,-100,84,-15685,0,-15537,0,8160,8192,5676,156,-6018,-107,28,28
2732919892,-5800,5806,-1370,84,-119,59,0,0,-7,-1,-15684,0,5782,122,-5990,-106,28,28
2732969892,-5848,5854,-1280,91,-107,28,0,0,-7,-1,-15682,0,5866,66,-5954,-106,31,31
2733019892,-5938,5724,-1160,101,-102,57,-16679,0,-15537,0,8160,8192,5754,194,-6058,-105,34,29
2733069892,-5978,5734,-1274,100,-109,59,-17677,0,-15537,0,8160,8192,5792,256,-6104,-106,29,33
2733119892,-6070,6090,-1208,99,-76,123,0,0,-7,-1,-15675,0,5920,286,-6302,-106,41,28
2733169892,-5160,5316,-1262,73,-124,124,-17673,0,-15537,0,8160,8192,5262,496,-5694,-109,50,29
2733219892,-5412,5406,-1414,65,-114,102,8160,8192,-8988,-23832,645,8192,5480,202,-5744,-109,26,29
2733269892,-5758,5736,-1044,83,-98,20,-15668,0,-15537,0,8160,8192,5590,-6,-5876,-105,21,30
2733319892,-5582,5522,-1010,96,-120,56,-15667,0,-15537,0,8160,8192,5428,40,-5790,-106,32,26
2733369892,-5910,5786,-1226,71,-90,53,-15666,0,-15537,0,8160,8192,5800,18,-6076,-105,28,30
2733419892,-5974,5728,-1202,111,-101,46,8160,8192,0,0,645,8192,5832,208,-6082,-105,41,33
2733469892,-6016,5698,-1248,100,-96,81,-15660,0,-15537,0,8160,8192,5742,300,-6114,-105,35,30
2733519892,-5916,5836,-1376,95,-111,70,-16659,0,-15537,0,8160,8192,5848,222,-6026,-106,30,30
2733569892,-5906,5924,-1308,99,-105,61,-15656,0,-15537,0,8160,8192,5806,178,-5988,-106,32,26
2733619892,-5854,5822,-1258,96,-114,52,-15653,0,-15537,0,8160,8192,5722,196,-6116,-105,30,28
2733669892,-5850,5740,-1206,100,-113,52,8160,8192,0,0,645,8192,5878,196,-6006,-106,32,31
2733719892,-5978,5850,-1252,105,-105,66,-15647,0,-15537,0,8160,8192,5742,198,-6050,-104,32,30
2733769892,-5936,5768,-1264,99,-104,65,-17646,0,-15537,0,8160,8192,5798,256,-6096,-106,31,30
2733819892,-5980,5712,-1302,90,-105,54,0,0,-7,-1,-15644,0,5880,188,-6032,-106,32,28
2733869892,-5900,5796,-1226,99,-112,47,0,0,-7,-1,-15641,0,5804,222,-6068,-105,32,30
2733919892,-5940,5854,-1322,99,-109,58,0,0,-7,-1,-16640,0,5794,168,-6062,-107,32,30
2733969892,-5880,5800,-1178,104,-114,62,0,0,-7,-1,-15637,0,5732,246,-6054,-106,31,33
2734019892,-5922,5782,-1234,101,-106,72,-15636,0,-15537,0,8160,8192,5830,212,-5986,-105,30,30
2734069892,-5920,5776,-1286,98,-111,66,-15634,0,-15537,0,8160,8192,5772,234,-6062,-106,32,30
2734119892,-6022,5826,-1336,91,-104,54,-15632,0,-15537,0,8160,8192,5836,172,-6076,-107,32,31
2734169892,-5902,5804,-1210,100,-115,47,0,0,-7,-1,-16629,0,5850,166,-5960,-105,32,31
2734219892,-5860,5816,-1190,102,-109,59,0,0,-7,-1,-15626,0,5776,158,-6072,-104,31,29
2734269892,-5898,5854,-1204,103,-114,67,-15623,0,-15537,0,8160,8192,5732,210,-6060,-105,31,30
2734319892,-5956,5828,-1290,100,-107,62,8160,8192,0,0,645,8192,5756,166,-6002,-103,36,30
2734369892,-5926,5712,-1342,90,-105,64,-17617,0,-15537,0,8160,8192,5826,200,-5990,-105,35,29
2734419892,-5930,5796,-1210,93,-106,49,-15614,0,-15537,0,8160,8192,5770,178,-6048,-105,33,32
2734469892,-5882,5790,-1224,102,-113,49,-17612,0,-15537,0,8160,8192,5874,134,-6050,-107,32,31
2734519892,-5948,5850,-1208,106,-110,63,8160,8192,-19708,-23812,645,8192,5724,190,-6078,-107,31,32
