timestamp_us,a1x,a1y,a1z,g1x,g1y,g1z,a2x,a2y,a2z,g2x,g2y,g2z,a3x,a3y,a3z,g3x,g3y,g3z
1254169892,-6904,4660,-1194,97,-107,59,8160,8192,22996,19136,645,8192,5814,210,-5960,-106,31,32
1254219892,-6856,4680,-1208,100,-107,59,0,0,-7,-1,-16128,0,5806,126,-5974,-105,34,32
1254269892,-6880,4678,-1182,100,-107,61,-16126,0,-15537,0,8160,8192,5822,166,-6024,-107,31,31
1254319892,-6860,4664,-1244,99,-109,55,-16124,0,-15537,0,8160,8192,5804,182,-6004,-106,32,33
1254369892,-6878,4684,-1218,98,-109,60,-18122,0,-15537,0,8160,8192,5840,192,-6004,-105,33,30
1254419892,-6846,4662,-1240,99,-109,64,-16119,0,-15537,0,8160,8192,5780,194,-6028,-104,33,35
1254469892,-6878,4660,-1170,99,-107,61,8160,8192,0,0,645,8192,5830,202,-6012,-106,32,31
1254519892,-6916,4690,-1300,98,-109,58,-16117,0,-15537,0,8160,8192,5810,230,-6000,-105,31,29
1254569892,-6900,4654,-1174,97,-107,59,-18115,0,-15537,0,8160,8192,5830,170,-5998,-105,30,31
1254619892,-6916,4674,-1180,100,-111,60,8160,8192,14244,19143,645,8192,5836,174,-6006,-103,32,33
1254669892,-6848,4646,-1234,97,-108,62,0,0,-7,-1,-16111,0,5850,224,-5970,-105,33,30
1254719892,-6856,4630,-1206,100,-112,58,-16109,0,-15537,0,8160,8192,5838,224,-6004,-108,33,31
1254769892,-6866,4656,-1212,101,-109,62,-15612,0,-15537,0,8160,8192,5812,204,-6060,-105,31,32
1254819892,-6854,4676,-1290,98,-110,59,8160,8192,17636,19146,645,8192,5812,196,-5982,-102,34,31
1254869892,-6822,4662,-1234,100,-112,59,0,0,-7,-1,-17101,0,5848,204,-5982,-107,33,34
1254919892,-6860,4666,-1220,101,-110,59,-16100,0,-15537,0,8160,8192,5772,170,-6004,-103,31,33
1254969892,-6854,4644,-1282,100,-106,65,-16098,0,-15537,0,8160,8192,5826,188,-6078,-105,33,32
1255019892,-6878,4644,-1218,97,-112,59,8160,8192,21028,19149,645,8192,5844,214,-6002,-107,32,31
1255069892,-6876,4684,-1212,97,-109,59,0,0,-7,-1,-17093,0,5820,170,-5982,-104,33,32
1255119892,-6958,4738,-1198,97,-107,57,0,0,-7,-1,-16090,0,5820,136,-6046,-106,32,32
1255169892,-6888,4646,-1236,97,-110,62,0,0,-7,-1,-16087,0,5824,174,-5980,-107,30,33
1255219892,-6846,4678,-1160,102,-111,63,0,0,-7,-1,-16085,0,5796,204,-6034,-105,30,32
1255269892,-6854,4658,-1250,98,-107,64,-16083,0,-15537,0,8160,8192,5814,202,-6060,-105,33,31
1255319892,-6894,4656,-1208,96,-105,58,-18081,0,-15537,0,8160,8192,5854,146,-5966,-104,35,32
1255369892,-6892,4650,-1240,96,-112,61,0,0,-7,-1,-17079,0,5796,184,-6036,-108,31,33
1255419892,-6854,4678,-1266,97,-109,61,0,0,-7,-1,-16078,0,5794,176,-6032,-105,30,30
1255469892,-6926,4692,-1292,99,-108,56,8160,8192,12276,19156,645,8192,5828,202,-6028,-106,32,31
1255519892,-6866,4674,-1236,100,-109,59,-18076,0,-15537,0,8160,8192,5810,158,-6020,-105,30,29
1255569892,-6896,4674,-1222,102,-110,55,8160,8192,-18796,19157,645,8192,5842,146,-6048,-108,34,31
1255619892,-7008,4790,-1382,94,-104,75,8160,8192,0,0,645,8192,5880,250,-5980,-105,35,33
1255669892,-6944,4664,-1174,98,-105,43,-18071,0,-15537,0,8160,8192,5800,144,-5994,-106,33,31
1255719892,-6918,4678,-1162,99,-106,63,-16069,0,-15537,0,8160,8192,5802,176,-6062,-105,32,34
1255769892,-6876,4654,-1206,101,-110,64,-16066,0,-15537,0,8160,8192,5756,222,-5974,-107,36,31
1255819892,-6902,4682,-1292,94,-105,61,-16065,0,-15537,0,8160,8192,5794,176,-5992,-105,31,33
1255869892,-6886,4688,-1286,97,-110,52,0,0,-7,-1,-16064,0,5826,142,-5984,-105,31,30
1255919892,-6934,4670,-1234,99,-107,66,0,0,-7,-1,-16062,0,5784,168,-6008,-106,33,31
1255969892,-6906,4668,-1208,97,-104,60,0,0,-7,-1,-17059,0,5814,220,-5986,-106,35,29
1256019892,-6886,4698,-1266,97,-109,56,-16056,0,-15537,0,8160,8192,5860,208,-5972,-106,33,32
1256069892,-6882,4686,-1230,101,-108,59,-16054,0,-15537,0,8160,8192,5818,210,-5954,-105,31,29
1256119892,-6884,4674,-1268,98,-106,63,-16051,0,-15537,0,8160,8192,5804,166,-6024,-105,34,32
1256169892,-6884,4682,-1254,93,-108,56,8160,8192,-8620,19166,645,8192,5804,168,-6020,-106,31,32
1256219892,-6874,4670,-1254,100,-112,61,-16047,0,-15537,0,8160,8192,5788,176,-6032,-104,29,32
1256269892,-6858,4686,-1244,102,-111,64,-16045,0,-15537,0,8160,8192,5790,204,-6082,-104,32,31
1256319892,-6900,4654,-1186,97,-108,60,-16044,0,-15537,0,8160,8192,5804,200,-6012,-106,32,31
1256369892,-6842,4674,-1288,101,-113,57,-16041,0,-15537,0,8160,8192,5814,214,-6022,-105,30,32
1256419892,-6878,4682,-1262,103,-111,64,0,0,-7,-1,-16039,0,5760,212,-6006,-107,33,31
1256469892,-6872,4654,-1218,96,-105,63,-16037,0,-15537,0,8160,8192,5828,220,-5986,-106,32,31
1256519892,-6912,4664,-1256,93,-110,55,-17035,0,-15537,0,8160,8192,5844,168,-6002,-106,29,33
1256569892,-6910,4700,-1260,99,-109,57,8160,8192,-1836,19172,645,8192,5820,158,-6050,-105,31,31
1256619892,-6840,4662,-1290,99,-108,64,-16031,0,-15537,0,8160,8192,5804,228,-6004,-106,32,33
1256669892,-6864,4678,-1260,97,-111,58,-16029,0,-15537,0,8160,8192,5846,226,-5976,-106,31,30
1256719892,-6884,4692,-1284,102,-114,56,8160,8192,0,0,645,8192,5836,194,-6036,-105,30,32
1256769892,-6878,4682,-1292,101,-110,65,8160,8192,1556,19176,645,8192,5784,228,-5994,-107,33,30
1256819892,-6830,4678,-1302,95,-109,62,8160,8192,-13980,19176,645,8192,5778,190,-5948,-102,32,30
1256869892,-6876,4642,-1296,97,-113,60,-17020,0,-15537,0,8160,8192,5822,194,-5962,-104,30,33
1256919892,-6936,4650,-1162,102,-105,61,-16019,0,-15537,0,8160,8192,5790,182,-6024,-106,32,33
1256969892,-6934,4720,-1196,100,-107,65,8160,8192,4948,19179,645,8192,5836,176,-6050,-105,32,30
1257019892,-6938,4724,-1224,97,-106,52,-16014,0,-15537,0,8160,8192,5840,206,-6026,-106,34,30
1257069892,-6814,4728,-1292,95,-109,58,-18012,0,-15537,0,8160,8192,5854,204,-5958,-103,34,33
1257119892,-6856,4686,-1258,99,-107,58,-16802,0,-15537,0,8160,8192,5776,154,-6056,-106,34,33
1257169892,-6908,4620,-1190,98,-106,62,-16006,0,-15537,0,8160,8192,5802,192,-6010,-107,33,32
1257219892,-6892,4622,-1184,104,-112,66,-16003,0,-15537,0,8160,8192,5780,162,-6058,-107,34,31
1257269892,-6832,4654,-1248,98,-109,64,8160,8192,-22732,19183,645,8192,5894,198,-6040,-104,30,31
1257319892,-6882,4672,-1228,93,-104,60,-16000,0,-15537,0,8160,8192,5844,164,-6050,-107,32,31
1257369892,-6880,4676,-1240,96,-108,61,8160,8192,11732,19185,645,8192,5812,202,-6012,-107,30,31
1257419892,-6918,4692,-1174,102,-110,59,-15996,0,-15537,0,8160,8192,5814,222,-5980,-107,34,32
1257469892,-6858,4678,-1286,99,-107,62,-15995,0,-15537,0,8160,8192,5780,172,-6064,-105,33,29
1257519892,-6886,4664,-1222,97,-106,59,8160,8192,30660,19187,645,8192,5832,220,-5956,-103,32,29
1257569892,-6890,4680,-1166,101,-110,60,-15991,0,-15537,0,8160,8192,5832,176,-6000,-104,32,31
1257619892,-6882,4702,-1238,101,-108,64,8160,8192,-412,19188,645,8192,5806,184,-6054,-106,30,30
1257669892,-6882,4694,-1186,95,-108,62,8160,8192,-15948,19189,645,8192,5848,168,-6012,-106,31,31
1257719892,-6866,4650,-1280,97,-111,58,-17986,0,-15537,0,8160,8192,5824,206,-5986,-106,30,32
1257769892,-6866,4672,-1202,101,-110,61,-15983,0,-15537,0,8160,8192,5786,184,-6034,-105,33,33
1257819892,-6870,4632,-1254,97,-106,64,0,0,-7,-1,-16981,0,5830,180,-6056,-107,33,30
1257869892,-6880,4640,-1210,100,-110,60,-15980,0,-15537,0,8160,8192,5840,196,-5996,-105,30,33
1257919892,-6874,4682,-1264,101,-109,54,-15977,0,-15537,0,8160,8192,5830,186,-6034,-105,33,32
1257969892,-6888,4672,-1222,99,-108,65,-15975,0,-15537,0,8160,8192,5840,206,-6026,-106,29,31
1258019892,-6890,4670,-1272,99,-111,55,-15974,0,-15537,0,8160,8192,5828,208,-5964,-104,35,31
1258069892,-6872,4670,-1192,101,-110,61,8160,8192,-9164,19195,645,8192,5800,186,-5996,-105,32,32
1258119892,-6886,4692,-1216,101,-107,63,8160,8192,-24700,19196,645,8192,5814,118,-6020,-104,32,32
1258169892,-6870,4664,-1220,96,-110,62,-15965,0,-15537,0,8160,8192,5862,174,-6000,-105,31,32
1258219892,-6882,4676,-1226,97,-111,56,8160,8192,0,0,645,8192,5808,170,-6022,-108,31,33
1258269892,-6882,4702,-1270,100,-109,62,-17960,0,-15537,0,8160,8192,5822,172,-6014,-106,33,32
1258319892,-6856,4676,-1196,95,-109,63,-15956,0,-15537,0,8160,8192,5794,188,-6028,-106,34,34
1258369892,-6862,4672,-1280,97,-109,57,-15952,0,-15537,0,8160,8192,5834,186,-6014,-106,34,31
1258419892,-6890,4692,-1250,99,-109,61,0,0,-7,-1,-15949,0,5814,206,-6044,-103,33,32
1258469892,-6892,4674,-1234,98,-105,64,8160,8192,-2380,19201,645,8192,5788,206,-5990,-104,32,31
1258519892,-6832,4634,-1234,98,-107,60,8160,8192,-17916,19202,645,8192,5790,222,-6010,-105,37,31
1258569892,-6956,4648,-1122,103,-105,54,-15944,0,-15537,0,8160,8192,5834,138,-6026,-104,31,30
1258619892,-6928,4692,-1214,97,-104,68,0,0,-7,-1,-16941,0,5812,210,-6002,-108,34,33
1258669892,-6910,4648,-1242,93,-105,62,-15939,0,-15537,0,8160,8192,5820,212,-5990,-109,33,31
1258719892,-6884,4644,-1238,94,-108,55,-15937,0,-15537,0,8160,8192,5826,172,-5964,-105,31,30
1258769892,-6902,4656,-1238,100,-108,58,-15935,0,-15537,0,8160,8192,5842,158,-6076,-105,33,32
1258819892,-6896,4656,-1210,101,-108,65,8160,8192,0,0,645,8192,5824,170,-6008,-107,31,33
1258869892,-6822,4646,-1278,101,-108,62,-15930,0,-15537,0,8160,8192,5828,182,-6014,-105,31,33
1258919892,-6878,4696,-1222,99,-109,57,0,0,-7,-1,-15925,0,5816,204,-6022,-103,31,30
1258969892,-6886,4686,-1194,101,-110,66,-17922,0,-15537,0,8160,8192,5774,176,-6000,-108,34,32
1259019892,-6884,4638,-1260,97,-106,63,8160,8192,23332,19210,645,8192,5870,322,-5998,-104,33,32
1259069892,-6856,4606,-1264,96,-108,60,0,0,-7,-1,-16916,0,5866,218,-5934,-106,30,32
1259119892,-6902,4648,-1208,99,-109,61,-15914,0,-15537,0,8160,8192,5830,170,-6026,-105,34,31
1259169892,-6894,4682,-1292,96,-110,65,-15912,0,-15537,0,8160,8192,5832,182,-6012,-104,30,30
1259219892,-6872,4708,-1198,96,-108,55,-15909,0,-15537,0,8160,8192,5840,140,-5994,-107,29,34
1259269892,-6878,4656,-1220,101,-112,57,8160,8192,0,0,645,8192,5838,192,-5990,-104,32,32
1259319892,-6946,4672,-1272,101,-107,62,8160,8192,0,0,645,8192,5820,198,-6032,-105,36,30
1259369892,-6864,4680,-1324,96,-111,60,-17903,0,-15537,0,8160,8192,5850,174,-5960,-107,32,29
1259419892,-6860,4660,-1258,101,-109,57,-15901,0,-15537,0,8160,8192,5814,174,-6062,-104,30,30
1259469892,-6896,4670,-1234,99,-107,61,-15899,0,-15537,0,8160,8192,5820,218,-5980,-105,34,30
1259519892,-6906,4686,-1272,96,-109,59,-15898,0,-15537,0,8160,8192,5824,234,-6002,-106,35,31
1259569892,-6900,4686,-1266,96,-109,54,8160,8192,-16492,19218,645,8192,5910,176,-5976,-106,31,30
1259619892,-6898,4690,-1246,101,-109,58,8160,8192,0,0,645,8192,5852,182,-5974,-103,30,32
1259669892,-6900,4650,-1242,99,-106,66,-17893,0,-15537,0,8160,8192,5774,180,-5976,-105,33,30
1259719892,-6868,4660,-1282,98,-111,58,0,0,-7,-1,-15889,0,5876,260,-6018,-106,29,32
1259769892,-6832,4694,-1166,103,-111,58,-17887,0,-15537,0,8160,8192,5860,214,-6000,-107,35,29
1259819892,-6730,4542,-1144,107,-112,73,-15884,0,-15537,0,8160,8192,5640,178,-5916,-104,37,30
1259869892,-6824,4580,-1166,100,-105,53,-15882,0,-15537,0,8160,8192,5744,86,-6000,-103,34,32
1259919892,-6850,4562,-1284,99,-107,65,-16881,0,-15537,0,8160,8192,5816,156,-5962,-105,30,32
1259969892,-6946,4696,-1186,104,-110,63,-15879,0,-15537,0,8160,8192,5866,198,-6098,-105,30,32
1260019892,-6878,4750,-1282,92,-104,64,8160,8192,0,0,645,8192,5848,250,-6006,-105,31,32
1260069892,-6862,4714,-1182,93,-107,57,-16875,0,-15537,0,8160,8192,5818,196,-5964,-106,31,29
1260119892,-6878,4640,-1230,97,-108,54,0,0,-7,-1,-16872,0,5820,152,-6026,-106,33,30
1260169892,-6852,4654,-1230,98,-110,66,-15869,0,-15537,0,8160,8192,5780,160,-5998,-103,34,31
1260219892,-6840,4634,-1224,101,-112,60,-15863,0,-15537,0,8160,8192,5806,210,-5954,-107,32,33
1260269892,-6878,4680,-1276,100,-110,61,8160,8192,28148,19229,645,8192,5812,190,-6052,-107,31,31
1260319892,-6870,4672,-1258,102,-110,59,-16859,0,-15537,0,8160,8192,5858,180,-6060,-104,30,32
1260369892,-6898,4704,-1230,96,-109,63,8160,8192,-2924,19230,645,8192,5806,220,-5978,-107,32,32
1260419892,-6866,4674,-1294,98,-111,55,8160,8192,-18460,19231,645,8192,5828,206,-6014,-104,32,32
1260469892,-6862,4662,-1246,100,-108,61,0,0,-7,-1,-15854,0,5824,174,-5976,-105,34,31
1260519892,-6886,4646,-1264,99,-108,63,8160,8192,16004,19233,645,8192,5832,178,-5936,-107,28,30
1260569892,-6884,4692,-1250,100,-110,60,8160,8192,468,19234,645,8192,5842,208,-6030,-109,33,34
1260619892,-6882,4690,-1246,99,-109,63,8160,8192,-15068,19234,645,8192,5824,200,-6042,-104,32,32
1260669892,-6872,4668,-1208,97,-109,59,-15846,0,-15537,0,8160,8192,5808,118,-5994,-104,29,32
1260719892,-6868,4680,-1256,97,-108,64,0,0,-7,-1,-15843,0,5820,176,-6006,-105,31,31
1260769892,-6838,4684,-1248,99,-111,59,-16842,0,-15537,0,8160,8192,5806,208,-5992,-105,31,32
1260819892,-6864,4660,-1176,99,-108,59,0,0,-7,-1,-16839,0,5804,174,-6040,-105,31,30
1260869892,-6906,4666,-1234,96,-107,58,8160,8192,0,0,645,8192,5818,182,-5974,-107,33,31
1260919892,-6828,4654,-1214,99,-112,62,-15836,0,-15537,0,8160,8192,5800,206,-6018,-108,32,30
1260969892,-6882,4678,-1208,99,-110,61,-15832,0,-15537,0,8160,8192,5838,190,-5998,-108,34,31
1261019892,-6888,4670,-1280,99,-109,62,0,0,-7,-1,-15830,0,5790,200,-5998,-104,32,30
1261069892,-6862,4680,-1270,97,-109,59,8160,8192,-23820,19241,645,8192,5800,186,-5998,-103,33,32
1261119892,-6890,4722,-1160,100,-112,61,8160,8192,26180,19242,645,8192,5810,140,-5988,-105,32,29
1261169892,-6908,4692,-1260,97,-106,62,-15820,0,-15537,0,8160,8192,5812,144,-5992,-106,32,34
1261219892,-6880,4658,-1272,96,-108,59,8160,8192,0,0,645,8192,5818,186,-5992,-105,29,29
1261269892,-6896,4660,-1236,99,-110,58,8160,8192,-20428,19244,645,8192,5926,240,-5996,-107,31,31
1261319892,-6896,4674,-1198,97,-104,61,-17817,0,-15537,0,8160,8192,5844,216,-6008,-108,31,32
1261369892,-6820,4674,-1202,94,-110,61,-15814,0,-15537,0,8160,8192,5830,172,-6048,-104,29,31
1261419892,-6844,4628,-1218,99,-108,57,-15811,0,-15537,0,8160,8192,5852,182,-6028,-106,32,32
1261469892,-6888,4696,-1244,100,-110,59,0,0,-7,-1,-15809,0,5820,206,-5930,-105,33,32
1261519892,-6830,4640,-1206,98,-110,62,-15805,0,-15537,0,8160,8192,5848,188,-5932,-106,31,30
1261569892,-6900,4668,-1288,100,-110,57,-15805,0,-15537,0,8160,8192,5840,218,-6000,-105,33,32
1261619892,-6900,4656,-1252,101,-112,62,8160,8192,0,0,645,8192,5754,156,-6042,-106,31,32
1261669892,-6860,4702,-1248,100,-109,61,-16801,0,-15537,0,8160,8192,5868,192,-6016,-105,33,31
1261719892,-6854,4698,-1204,99,-108,60,8160,8192,-29180,19251,645,8192,5852,182,-5952,-107,32,29
1261769892,-6846,4626,-1266,100,-109,59,-15795,0,-15537,0,8160,8192,5826,196,-5952,-107,33,32
1261819892,-6840,4686,-1122,103,-107,63,8160,8192,0,0,645,8192,5784,144,-6010,-108,33,32
1261869892,-6902,4680,-1210,95,-105,62,-16791,0,-15537,0,8160,8192,5846,156,-6038,-105,33,28
1261919892,-6920,4746,-1318,97,-107,53,-15788,0,-15537,0,8160,8192,5888,206,-6026,-105,33,32
1261969892,-6866,4708,-1204,100,-110,57,8160,8192,0,0,645,8192,5856,186,-6008,-104,32,30
1262019892,-6798,4706,-1182,101,-107,61,-15784,0,-15537,0,8160,8192,5778,198,-5988,-103,31,31
1262069892,-6846,4656,-1260,98,-109,56,-15782,0,-15537,0,8160,8192,5800,190,-5984,-105,29,32
1262119892,-6868,4656,-1252,103,-112,58,-16780,0,-15537,0,8160,8192,5840,142,-6052,-104,31,31
1262169892,-6704,4550,-1132,102,-109,76,0,0,-7,-1,-15776,0,5910,224,-5968,-104,33,33
1262219892,-6842,4672,-1352,93,-105,62,-15774,0,-15537,0,8160,8192,5822,194,-6016,-104,32,32
1262269892,-6858,4654,-1240,97,-107,59,8160,8192,0,0,645,8192,5888,130,-5970,-106,30,34
1262319892,-6890,4656,-1204,99,-106,61,-15769,0,-15537,0,8160,8192,5798,162,-6098,-105,32,32
1262369892,-6886,4680,-1234,99,-105,63,-15766,0,-15537,0,8160,8192,5858,184,-6000,-104,35,32
1262419892,-6840,4716,-1254,99,-110,58,-15764,0,-15537,0,8160,8192,5872,200,-5998,-103,31,31
1262469892,-6886,4692,-1194,99,-110,57,8160,8192,-76,19262,645,8192,5830,156,-6050,-105,34,31
1262519892,-6856,4686,-1276,100,-110,59,-15760,0,-15537,0,8160,8192,5830,204,-6068,-104,31,32
1262569892,-7216,4868,-1096,96,-93,38,8160,8192,-31148,19264,645,8192,6000,68,-5816,-106,35,32
1262619892,-6906,4608,-1292,81,-102,69,-15756,0,-15537,0,8160,8192,5792,276,-5918,-106,32,29
1262669892,-6880,4636,-1088,108,-104,50,0,0,-7,-1,-16754,0,5726,108,-5978,-104,36,33
1262719892,-7000,4722,-1228,90,-102,54,8160,8192,0,0,645,8192,5934,126,-6036,-105,28,33
1262769892,-6962,4658,-1200,107,-110,59,-15750,0,-15537,0,8160,8192,5862,148,-6004,-106,31,34
1262819892,-6864,4666,-1302,94,-109,74,8160,8192,0,0,645,8192,5830,302,-5976,-104,31,30
1262869892,-6862,4738,-1272,98,-110,50,-15746,0,-15537,0,8160,8192,5850,148,-6000,-103,32,31
1262919892,-6860,4586,-1298,93,-107,61,-15745,0,-15537,0,8160,8192,5820,204,-5960,-105,34,30
1262969892,-6840,4642,-1280,108,-110,60,8160,8192,0,0,645,8192,5800,148,-6044,-105,29,30
1263019892,-6832,4682,-1228,101,-111,63,-15741,0,-15537,0,8160,8192,5790,210,-6000,-104,29,29
1263069892,-6870,4682,-1214,96,-110,59,8160,8192,10100,19272,645,8192,5836,194,-6064,-104,32,30
1263119892,-6890,4720,-1256,100,-109,59,-15737,0,-15537,0,8160,8192,5826,190,-6010,-107,33,32
1263169892,-6872,4686,-1220,97,-105,60,-16735,0,-15537,0,8160,8192,5812,176,-6022,-104,33,31
1263219892,-6860,4642,-1216,96,-108,60,8160,8192,0,0,645,8192,5840,178,-6004,-105,34,31
1263269892,-6860,4652,-1228,99,-110,60,8160,8192,13492,19275,645,8192,5846,166,-5980,-107,30,34
1263319892,-6874,4672,-1142,100,-109,63,-15726,0,-15537,0,8160,8192,5768,192,-6008,-107,30,33
1263369892,-6892,4696,-1246,94,-107,58,-15723,0,-15537,0,8160,8192,5932,166,-5962,-106,32,31
1263419892,-6864,4662,-1240,99,-109,60,-15721,0,-15537,0,8160,8192,5872,208,-5990,-108,27,30
1263469892,-6850,4680,-1262,100,-109,59,8160,8192,16884,19278,645,8192,5790,184,-6024,-106,31,29
1263519892,-6838,4648,-1242,98,-109,59,-15715,0,-15537,0,8160,8192,5796,188,-6012,-106,34,30
1263569892,-6904,4708,-1256,97,-106,58,-17712,0,-15537,0,8160,8192,5866,130,-6032,-104,32,30
1263619892,-6836,4642,-1282,100,-112,63,8160,8192,-29724,19280,645,8192,5796,248,-5998,-104,31,30
1263669892,-6850,4660,-1224,99,-107,52,0,0,-7,-1,-15706,0,5788,142,-5986,-105,31,32
1263719892,-6896,4616,-1250,103,-109,60,0,0,-7,-1,-16703,0,5852,218,-6030,-106,32,32
1263769892,-6898,4670,-1260,102,-109,66,0,0,-7,-1,-15700,0,5832,196,-6008,-106,32,30
1263819892,-6838,4708,-1268,98,-110,60,-17696,0,-15537,0,8160,8192,5796,226,-6054,-103,32,31
1263869892,-6882,4692,-1264,96,-106,60,-15693,0,-15537,0,8160,8192,5830,200,-5980,-107,32,30
1263919892,-6898,4630,-1264,95,-105,55,-15692,0,-15537,0,8160,8192,5808,174,-5986,-106,32,34
1263969892,-6910,4648,-1216,97,-107,63,0,0,-7,-1,-15692,0,5830,194,-5988,-105,30,28
1264019892,-6824,4650,-1214,98,-111,61,-15689,0,-15537,0,8160,8192,5814,180,-5992,-105,34,29
1264069892,-6902,4650,-1200,99,-106,59,0,0,-7,-1,-15687,0,5862,162,-5988,-105,34,32
1264119892,-6880,4700,-1232,102,-111,55,-15685,0,-15537,0,8160,8192,5830,162,-5946,-103,29,29
1264169892,-6912,4710,-1302,103,-110,61,-15684,0,-15537,0,8160,8192,5852,188,-5958,-107,30,30
1264219892,-6894,4748,-1252,100,-110,59,-17683,0,-15537,0,8160,8192,5842,180,-6038,-103,30,33
1264269892,-6898,4702,-1248,98,-109,59,8160,8192,0,0,645,8192,5792,190,-6026,-105,32,32
1264319892,-6638,4460,-1066,97,-106,61,-15681,0,-15537,0,8160,8192,6202,268,-5388,-104,28,32
1264369892,-7062,4830,-1274,96,-109,67,-15679,0,-15537,0,8160,8192,6156,292,-5666,-106,32,29
1264419892,-6752,4562,-1132,93,-106,65,-15678,0,-15537,0,8160,8192,5984,204,-5868,-104,32,31
1264469892,-6898,4634,-1256,97,-105,59,0,0,-7,-1,-15677,0,5828,150,-6012,-106,31,31
1264519892,-6932,4700,-1294,98,-105,63,-15674,0,-15537,0,8160,8192,5846,242,-5960,-105,32,31
1264569892,-6886,4684,-1302,97,-108,57,0,0,-7,-1,-15673,0,5802,176,-6016,-108,33,33
1264619892,-6866,4670,-1298,99,-107,55,8160,8192,0,0,645,8192,5858,168,-5966,-103,31,29
1264669892,-6914,4720,-1232,101,-107,60,0,0,-7,-1,-16668,0,5768,166,-6056,-107,32,30
1264719892,-6878,4696,-1230,102,-107,62,8160,8192,21700,19297,645,8192,5772,208,-5962,-105,33,31
1264769892,-6850,4662,-1218,97,-109,58,0,0,-7,-1,-16662,0,5778,170,-6042,-105,31,31
1264819892,-6898,4664,-1230,101,-111,60,8160,8192,-9372,19298,645,8192,5814,194,-6016,-107,32,33
1264869892,-6912,4672,-1314,97,-106,60,8160,8192,0,0,645,8192,5788,176,-6002,-106,32,30
1264919892,-6886,4664,-1258,95,-108,57,0,0,-7,-1,-16655,0,5832,236,-6002,-105,31,32
1264969892,-6860,4632,-1260,99,-112,57,-15651,0,-15537,0,8160,8192,5846,192,-5998,-107,31,33
1265019892,-6860,4672,-1254,100,-108,59,0,0,-7,-1,-15650,0,5838,212,-5972,-106,33,29
1265069892,-6880,4686,-1198,102,-110,64,-15647,0,-15537,0,8160,8192,5834,172,-5984,-105,33,29
1265119892,-6878,4640,-1180,98,-108,56,-15645,0,-15537,0,8160,8192,5846,194,-5980,-104,32,31
1265169892,-6872,4650,-1218,102,-111,59,-15643,0,-15537,0,8160,8192,5782,198,-6062,-103,32,30
1265219892,-6842,4660,-1224,102,-110,60,8160,8192,0,0,645,8192,5828,158,-5980,-105,32,32
1265269892,-6862,4682,-1264,97,-110,58,-16641,0,-15537,0,8160,8192,5802,208,-5982,-106,32,30
1265319892,-6834,4644,-1246,105,-112,59,-15639,0,-15537,0,8160,8192,5836,232,-5998,-106,32,32
1265369892,-6850,4712,-1268,100,-109,64,-15636,0,-15537,0,8160,8192,5780,178,-5966,-107,34,31
1265419892,-6860,4676,-1236,97,-107,61,-15634,0,-15537,0,8160,8192,5806,196,-6022,-104,32,32
1265469892,-6894,4684,-1206,94,-110,55,-16632,0,-15537,0,8160,8192,5842,178,-6020,-105,30,33
1265519892,-6878,4672,-1294,100,-109,61,0,0,-7,-1,-16629,0,5790,208,-5940,-105,33,31
1265569892,-6832,4688,-1226,99,-107,60,-15627,0,-15537,0,8160,8192,5796,196,-5994,-104,33,31
1265619892,-6886,4654,-1258,98,-107,57,-15623,0,-15537,0,8160,8192,5748,198,-5970,-105,32,29
1265669892,-6884,4684,-1240,100,-108,57,0,0,-7,-1,-15621,0,5794,202,-5998,-103,34,28
1265719892,-6846,4678,-1194,100,-107,64,0,0,-7,-1,-15619,0,5836,196,-5976,-106,33,31
1265769892,-6854,4668,-1292,97,-108,60,8160,8192,0,0,645,8192,5834,212,-6008,-105,33,32
1265819892,-6898,4698,-1216,99,-109,59,-17615,0,-15537,0,8160,8192,5840,196,-5988,-107,31,30
1265869892,-6872,4690,-1254,98,-108,63,0,0,-7,-1,-15612,0,5848,182,-6018,-108,34,32
1265919892,-6846,4656,-1290,99,-109,62,8160,8192,-23484,19315,645,8192,5836,186,-6014,-103,31,31
1265969892,-6868,4708,-1238,97,-110,57,-15605,0,-15537,0,8160,8192,5834,180,-6022,-107,33,31
1266019892,-6878,4676,-1246,103,-111,60,-16602,0,-15537,0,8160,8192,5808,214,-6004,-105,32,30
1266069892,-6874,4676,-1284,101,-110,63,8160,8192,0,0,645,8192,5826,190,-6022,-106,35,33
1266119892,-6854,4678,-1256,98,-111,60,0,0,-7,-1,-15597,0,5840,218,-6016,-104,33,31
1266169892,-6884,4674,-1258,96,-108,61,0,0,-7,-1,-16594,0,5838,190,-5994,-105,32,32
1266219892,-6836,4656,-1260,99,-108,63,8160,8192,14372,19320,645,8192,5836,198,-6064,-103,33,29
1266269892,-6888,4646,-1272,99,-110,55,-15590,0,-15537,0,8160,8192,5830,174,-5986,-106,32,31
1266319892,-6862,4668,-1250,99,-110,62,-15587,0,-15537,0,8160,8192,5814,230,-5966,-106,31,31
1266369892,-6860,4678,-1236,103,-110,62,8160,8192,0,0,645,8192,5800,214,-6064,-106,33,32
1266419892,-6880,4668,-1204,98,-107,62,-16583,0,-15537,0,8160,8192,5834,178,-6058,-104,31,31
1266469892,-6914,4720,-1288,96,-108,60,-15581,0,-15537,0,8160,8192,5856,242,-5996,-108,31,31
1266519892,-6854,4696,-1270,101,-108,59,-15578,0,-15537,0,8160,8192,5832,208,-6008,-102,32,31
1266569892,-6886,4678,-1234,99,-109,61,-15576,0,-15537,0,8160,8192,5796,170,-6036,-107,33,31
1266619892,-6874,4630,-1246,96,-109,61,-15575,0,-15537,0,8160,8192,5830,180,-5924,-108,32,32
1266669892,-6884,4644,-1224,100,-109,58,-17573,0,-15537,0,8160,8192,5852,176,-5994,-103,32,31
1266719892,-6872,4676,-1222,99,-111,58,8160,8192,-9916,19327,645,8192,5846,208,-5976,-105,33,28
1266769892,-6872,4696,-1230,98,-107,62,0,0,-7,-1,-15569,0,5830,158,-6018,-105,33,31
1266819892,-6828,4666,-1270,99,-108,60,0,0,-7,-1,-15567,0,5830,200,-6000,-105,33,30
1266869892,-6852,4676,-1210,99,-109,60,-15565,0,-15537,0,8160,8192,5826,158,-5998,-106,32,32
1266919892,-6864,4650,-1212,99,-110,65,-15564,0,-15537,0,8160,8192,5798,172,-6018,-107,33,31
1266969892,-6860,4662,-1228,98,-110,61,-15559,0,-15537,0,8160,8192,5822,202,-5994,-106,32,30
1267019892,-6846,4656,-1196,99,-110,57,-17557,0,-15537,0,8160,8192,5804,172,-5984,-104,31,32
1267069892,-6886,4672,-1224,100,-107,61,0,0,-7,-1,-16554,0,5834,212,-6032,-104,32,32
1267119892,-6878,4680,-1296,96,-108,59,-17553,0,-15537,0,8160,8192,5808,168,-6050,-106,35,31
1267169892,-6852,4678,-1222,97,-110,61,0,0,-7,-1,-15550,0,5772,214,-5994,-105,34,32
1267219892,-6892,4658,-1206,100,-107,57,-15547,0,-15537,0,8160,8192,5832,192,-6044,-108,34,31
1267269892,-6890,4680,-1228,100,-108,60,0,0,-7,-1,-15545,0,5812,180,-5996,-105,33,29
1267319892,-6856,4660,-1206,98,-110,57,-15542,0,-15537,0,8160,8192,5814,198,-6028,-108,32,30
1267369892,-6896,4674,-1182,98,-107,59,-15540,0,-15537,0,8160,8192,5796,188,-5978,-104,34,31
1267419895,-6850,4652,-1280,99,-110,61,-15537,0,-15537,0,8160,8192,5788,202,-5982,-103,33,29
1267469892,-6856,4652,-1232,99,-110,62,-16535,0,-15537,0,8160,8192,5808,190,-6030,-106,31,30
1267519892,-6896,4680,-1252,100,-111,61,-16534,0,-15537,0,8160,8192,5840,200,-5958,-106,33,32
1267569892,-6908,4694,-1268,98,-108,62,0,0,-7,-1,-16529,0,5836,188,-6058,-103,34,32
1267619892,-6868,4686,-1248,98,-109,58,0,0,-7,-1,-17528,0,5816,200,-6016,-107,31,33
1267669892,-6844,4686,-1242,96,-108,59,8160,8192,22580,19342,645,8192,5824,198,-6030,-104,31,32
1267719892,-6830,4670,-1196,97,-109,58,-18524,0,-15537,0,8160,8192,5810,210,-6042,-107,32,31
1267769892,-6882,4672,-1250,96,-110,60,8160,8192,-8492,19343,645,8192,5814,170,-6004,-106,33,31
1267819892,-6868,4668,-1242,99,-109,58,-16520,0,-15537,0,8160,8192,5784,162,-6032,-108,31,33
1267869892,-6910,4668,-1206,99,-107,61,8160,8192,0,0,645,8192,5826,216,-6020,-105,33,32
1267919892,-6864,4672,-1266,99,-108,58,8160,8192,10436,19346,645,8192,5832,214,-6000,-105,33,33
1267969892,-6874,4658,-1256,95,-111,57,-16515,0,-15537,0,8160,8192,5832,192,-5990,-105,33,33
1268019892,-6850,4684,-1180,99,-111,57,8160,8192,0,0,645,8192,5794,178,-5976,-106,32,31
1268069892,-6866,4668,-1224,98,-108,60,-16512,0,-15537,0,8160,8192,5814,174,-6042,-104,31,32
1268119892,-6902,4670,-1216,97,-106,62,0,0,-7,-1,-17509,0,5804,178,-5942,-107,32,34
1268169892,-6898,4696,-1216,99,-110,60,-16507,0,-15537,0,8160,8192,5846,190,-6006,-103,32,31
1268219892,-6886,4702,-1286,98,-108,62,-16505,0,-15537,0,8160,8192,5820,204,-6034,-103,33,33
1268269892,-6896,4694,-1200,97,-105,61,8160,8192,32756,19351,645,8192,5794,180,-6020,-102,32,30
1268319892,-6866,4694,-1208,99,-110,60,8160,8192,17220,19352,645,8192,5818,186,-6012,-106,33,29
1268369892,-6856,4692,-1212,100,-109,61,-16499,0,-15537,0,8160,8192,5836,164,-6018,-104,32,30
1268419892,-6886,4646,-1190,99,-108,58,8160,8192,-13852,19353,645,8192,5836,216,-6002,-107,36,32
1268469892,-6870,4674,-1268,98,-110,58,0,0,-7,-1,-16495,0,5810,216,-6028,-106,31,30
1268519892,-6862,4692,-1274,100,-110,61,8160,8192,20612,19355,645,8192,5856,200,-6004,-107,31,33
1268569892,-6878,4684,-1270,98,-110,60,-16489,0,-15537,0,8160,8192,5818,194,-6012,-106,33,31
1268619892,-6842,4668,-1224,99,-110,59,-16488,0,-15537,0,8160,8192,5804,150,-6028,-106,32,31
1268669892,-6854,4678,-1292,99,-109,58,-16485,0,-15537,0,8160,8192,5852,182,-6054,-106,31,31
1268719892,-6882,4660,-1286,100,-108,62,-16482,0,-15537,0,8160,8192,5854,178,-6044,-105,32,31
1268769892,-6852,4670,-1224,99,-110,60,-16479,0,-15537,0,8160,8192,5804,182,-6028,-104,30,31
1268819892,-6858,4682,-1224,98,-110,61,-17477,0,-15537,0,8160,8192,5856,238,-5976,-105,32,31
1268869892,-6886,4672,-1242,99,-107,61,-18474,0,-15537,0,8160,8192,5818,220,-6016,-106,34,33
1268919892,-6910,4680,-1272,98,-108,61,8160,8192,0,0,645,8192,5820,192,-6034,-105,31,31
1268969892,-6864,4668,-1262,96,-106,59,0,0,-7,-1,-16471,0,5854,192,-5976,-106,33,32
1269019892,-6862,4678,-1220,98,-109,60,0,0,-7,-1,-17468,0,5852,218,-5982,-104,32,33
1269069892,-6856,4676,-1264,98,-111,59,0,0,-7,-1,-16466,0,5808,198,-5978,-104,33,31
1269119892,-6852,4672,-1250,97,-109,57,-16464,0,-15537,0,8160,8192,5842,190,-6008,-104,30,33
1269169892,-6858,4680,-1248,100,-110,61,8160,8192,0,0,645,8192,5812,186,-6024,-106,33,32
1269219892,-6848,4678,-1212,99,-109,58,8160,8192,-284,19365,645,8192,5808,170,-5998,-107,28,33
1269269892,-6850,4688,-1264,100,-110,60,8160,8192,0,0,645,8192,5816,180,-6020,-106,32,30
1269319892,-6858,4654,-1218,95,-107,61,-16458,0,-15537,0,8160,8192,5798,170,-5998,-105,30,31
1269369892,-6862,4672,-1234,96,-109,57,-16457,0,-15537,0,8160,8192,5814,206,-6034,-106,32,32
1269419892,-6852,4696,-1270,98,-111,62,-16455,0,-15537,0,8160,8192,5818,218,-5998,-105,35,30
1269469892,-6838,4628,-1254,97,-108,63,-16453,0,-15537,0,8160,8192,5802,202,-5976,-105,34,30
1269519892,-6856,4686,-1230,98,-108,56,8160,8192,-27964,19370,645,8192,5828,162,-6006,-105,33,31
1269569892,-6932,4680,-1248,98,-108,60,-16451,0,-15537,0,8160,8192,5830,178,-6050,-106,32,31
1269619892,-6858,4704,-1232,97,-109,59,0,0,-7,-1,-16449,0,5820,210,-6034,-106,33,28
1269669892,-6876,4652,-1256,96,-108,60,-17447,0,-15537,0,8160,8192,5868,200,-6008,-105,34,32
1269719892,-6856,4692,-1232,100,-112,58,0,0,-7,-1,-16446,0,5752,184,-6016,-107,33,30
1269769892,-6868,4650,-1250,98,-110,61,8160,8192,25428,19374,645,8192,5798,180,-6058,-108,32,31
1269819892,-6868,4662,-1172,100,-109,58,-18442,0,-15537,0,8160,8192,5844,184,-6012,-107,29,34
1269869892,-6856,4700,-1258,97,-111,61,5544,8192,-7,-1,-16118,0,5818,208,-6016,-107,31,29
1269919892,-6860,4702,-1296,99,-110,61,8160,8192,0,0,645,8192,5804,228,-6014,-106,31,29
1269969892,-6860,4662,-1234,99,-107,63,-16435,0,-15537,0,8160,8192,5806,160,-5916,-107,34,29
1270019892,-6838,4638,-1172,98,-108,62,0,0,-7,-1,-17433,0,5806,156,-6044,-107,32,31
1270069892,-6906,4672,-1228,98,-106,56,0,0,-7,-1,-16431,0,5820,142,-6026,-103,32,29
1270119892,-6878,4694,-1240,100,-109,65,-16429,0,-15537,0,8160,8192,5860,206,-6066,-106,32,31
1270169892,-6860,4696,-1250,100,-110,61,8160,8192,0,0,645,8192,5832,224,-5986,-103,32,32
1270219892,-6874,4686,-1256,98,-110,57,-16425,0,-15537,0,8160,8192,5774,162,-5974,-105,32,30
1270269892,-6858,4704,-1248,102,-112,61,-16423,0,-15537,0,8160,8192,5768,174,-6004,-102,32,31
1270319892,-6888,4668,-1264,99,-108,60,-16421,0,-15537,0,8160,8192,5836,188,-6016,-105,33,35
1270369892,-6858,4672,-1244,100,-110,59,-16420,0,-15537,0,8160,8192,5826,198,-6012,-105,33,31
1270419892,-6870,4716,-1278,99,-109,61,-18417,0,-15537,0,8160,8192,5810,212,-6056,-104,33,29
1270469892,-6896,4704,-1286,98,-107,62,0,0,-7,-1,-16414,0,5838,180,-6008,-105,33,29
1270519892,-6870,4682,-1222,96,-111,59,8160,8192,0,0,645,8192,5840,160,-5980,-106,32,33
1270569892,-6850,4666,-1130,100,-106,58,-17410,0,-15537,0,8160,8192,5818,188,-5942,-104,33,30
1270619892,-6862,4672,-1236,96,-105,61,8160,8192,23460,19387,645,8192,5798,176,-6048,-105,30,31
1270669892,-6846,4670,-1244,100,-111,56,-18406,0,-15537,0,8160,8192,5830,198,-5952,-104,31,32
1270719892,-6864,4680,-1210,100,-110,60,0,0,-7,-1,-16405,0,5824,206,-5964,-107,31,32
1270769892,-6890,4688,-1204,99,-110,61,8160,8192,-23148,19389,645,8192,5808,196,-6034,-106,33,32
1270819892,-6848,4662,-1290,96,-111,62,8160,8192,26852,19390,645,8192,5822,212,-6014,-104,33,31
1270869892,-6876,4686,-1214,98,-109,59,-16399,0,-15537,0,8160,8192,5804,198,-6000,-106,32,32
1270919892,-6886,4680,-1234,99,-107,62,-18397,0,-15537,0,8160,8192,5838,180,-6054,-103,30,33
1270969892,-6890,4724,-1234,98,-109,60,-16394,0,-15537,0,8160,8192,5842,174,-6058,-105,33,31
1271019892,-6860,4698,-1302,97,-109,56,0,0,-7,-1,-16391,0,5820,196,-6008,-105,33,31
1271069892,-6882,4672,-1246,98,-111,60,0,0,-7,-1,-16389,0,5824,176,-5972,-104,29,32
1271119892,-6880,4668,-1204,99,-109,63,0,0,-7,-1,-17386,0,5784,156,-6000,-103,32,30
1271169892,-6886,4650,-1236,100,-111,61,-17385,0,-15537,0,8160,8192,5822,196,-5954,-106,31,31
1271219892,-6872,4662,-1234,100,-110,58,-18383,0,-15537,0,8160,8192,5852,192,-6036,-104,32,29
1271269892,-6872,4708,-1254,97,-107,62,0,0,-7,-1,-16380,0,5802,194,-6030,-107,32,31
1271319892,-6878,4700,-1272,96,-111,60,-18378,0,-15537,0,8160,8192,5828,152,-6034,-107,34,31
1271369892,-6898,4676,-1270,98,-110,59,8160,8192,-12972,19398,645,8192,5820,208,-6048,-106,32,29
1271419892,-6852,4684,-1256,101,-108,62,-16373,0,-15537,0,8160,8192,5790,170,-6078,-104,31,32
1271469892,-6872,4696,-1248,99,-110,59,-16372,0,-15537,0,8160,8192,5808,146,-6028,-106,32,31
1271519892,-6866,4690,-1258,96,-108,62,8160,8192,5956,19401,645,8192,5818,186,-5986,-107,33,34
1271569892,-6900,4690,-1204,97,-108,58,-16369,0,-15537,0,8160,8192,5848,230,-6070,-103,35,30
1271619892,-6890,4662,-1238,98,-107,58,-16366,0,-15537,0,8160,8192,5822,170,-5978,-107,30,32
1271669892,-6838,4706,-1270,97,-108,58,-17364,0,-15537,0,8160,8192,5830,188,-5992,-107,29,31
1271719892,-6850,4684,-1224,99,-111,63,-16362,0,-15537,0,8160,8192,5814,214,-6004,-107,32,30
1271769892,-6872,4672,-1168,101,-111,62,8160,8192,-6188,19404,645,8192,5804,170,-6038,-106,30,29
1271819892,-6898,4680,-1196,99,-109,61,0,0,-7,-1,-17358,0,5836,174,-6010,-104,30,30
1271869892,-6880,4698,-1272,98,-110,58,-18355,0,-15537,0,8160,8192,5798,178,-5964,-105,33,31
1271919892,-6874,4662,-1232,100,-110,58,-16353,0,-15537,0,8160,8192,5804,156,-5994,-106,31,30
1271969892,-6838,4686,-1264,96,-108,62,0,0,-7,-1,-16350,0,5808,182,-5982,-107,32,31
1272019892,-6856,4638,-1216,97,-108,60,-16347,0,-15537,0,8160,8192,5838,198,-6000,-106,33,29
1272069892,-6852,4682,-1222,98,-109,59,-16344,0,-15537,0,8160,8192,5808,198,-6030,-108,33,31
1272119892,-6872,4658,-1232,100,-106,61,-16341,0,-15537,0,8160,8192,5826,188,-6020,-104,31,31
1272169892,-6866,4654,-1258,97,-108,61,-16339,0,-15537,0,8160,8192,5838,160,-6000,-107,31,32
1272219892,-6856,4696,-1268,101,-109,58,-17308,0,-15537,0,8160,8192,5810,204,-6008,-107,31,31
1272269892,-6862,4652,-1236,100,-108,60,-16336,0,-15537,0,8160,8192,5826,198,-6056,-105,32,30
1272319892,-6884,4656,-1252,96,-108,59,-16334,0,-15537,0,8160,8192,5830,162,-6042,-105,32,32
1272369892,-6880,4702,-1162,98,-110,58,0,0,-7,-1,-16332,0,5868,164,-5994,-107,32,32
1272419892,-6856,4688,-1236,103,-110,59,8160,8192,0,0,645,8192,5838,178,-5972,-106,32,34
1272469892,-6856,4666,-1280,100,-108,61,8160,8192,0,0,645,8192,5856,182,-6024,-107,32,32
1272519892,-6842,4646,-1294,99,-108,60,-16327,0,-15537,0,8160,8192,5816,194,-5950,-104,32,32
1272569892,-6874,4662,-1258,100,-111,61,-16326,0,-15537,0,8160,8192,5770,198,-5990,-108,34,32
1272619892,-6882,4690,-1270,97,-106,63,8160,8192,-8156,19417,645,8192,5794,190,-5994,-104,31,31
1272669892,-6904,4714,-1232,97,-109,60,-17325,0,-15537,0,8160,8192,5854,196,-6010,-108,31,30
1272719892,-6880,4690,-1216,98,-109,57,0,0,-7,-1,-16323,0,5818,192,-6038,-106,31,32
1272769892,-6870,4678,-1228,101,-107,60,-16322,0,-15537,0,8160,8192,5800,188,-6024,-105,32,31
1272819892,-6852,4692,-1190,98,-107,60,0,0,-7,-1,-16320,0,5806,166,-6014,-107,33,31
1272869892,-6892,4656,-1310,100,-108,59,8160,8192,-20300,19421,645,8192,5840,202,-6006,-105,31,32
1272919892,-6850,4720,-1286,99,-110,58,8160,8192,0,0,645,8192,5826,196,-5998,-104,34,32
1272969892,-6870,4668,-1248,100,-108,59,-16314,0,-15537,0,8160,8192,5796,200,-6028,-104,33,33
1273019892,-6872,4696,-1242,96,-106,61,-16312,0,-15537,0,8160,8192,5808,210,-6028,-107,29,31
1273069892,-6876,4670,-1342,98,-107,58,-18310,0,-15537,0,8160,8192,5786,188,-6000,-107,33,33
1273119892,-6878,4678,-1196,98,-109,61,8160,8192,-32444,19425,645,8192,5822,168,-5964,-105,31,34
1273169892,-6856,4688,-1226,100,-107,60,-16307,0,-15537,0,8160,8192,5832,190,-5974,-105,34,32
1273219892,-6866,4682,-1262,97,-106,59,0,0,-7,-1,-17305,0,5820,216,-6036,-107,29,29
1273269892,-6878,4690,-1252,99,-105,60,0,0,-7,-1,-17304,0,5814,204,-5994,-105,35,31
1273319892,-6906,4676,-1288,100,-109,59,-16302,0,-15537,0,8160,8192,5832,188,-5966,-105,32,32
1273369892,-6884,4672,-1224,99,-106,57,-16301,0,-15537,0,8160,8192,5824,212,-6036,-105,31,32
1273419892,-6854,4686,-1196,98,-109,59,-16300,0,-15537,0,8160,8192,5802,194,-6010,-104,32,30
1273469892,-6862,4690,-1246,100,-110,60,8160,8192,0,0,645,8192,5796,196,-5988,-105,32,34
1273519892,-6892,4704,-1310,98,-109,60,-17296,0,-15537,0,8160,8192,5856,168,-5972,-107,31,31
1273569892,-6862,4676,-1262,99,-110,59,-16294,0,-15537,0,8160,8192,5818,204,-5996,-106,33,32
1273619892,-6888,4700,-1236,99,-107,60,-16291,0,-15537,0,8160,8192,5810,194,-5974,-103,36,31
1273669892,-6870,4656,-1228,96,-107,62,0,0,-7,-1,-17290,0,5814,210,-6014,-105,33,33
1273719892,-6868,4646,-1244,96,-109,60,-16287,0,-15537,0,8160,8192,5828,198,-6018,-104,33,32
1273769892,-6844,4694,-1260,94,-104,61,8160,8192,27732,19435,645,8192,5820,190,-6040,-107,33,33
1273819892,-6874,4676,-1292,96,-109,61,-16283,0,-15537,0,8160,8192,5808,206,-5976,-105,36,29
1273869892,-6868,4700,-1340,95,-108,60,8160,8192,-3340,19436,645,8192,5822,200,-5988,-105,32,31
1273919892,-6864,4686,-1230,98,-109,58,0,0,-7,-1,-16280,0,5782,208,-5980,-106,31,31
1273969892,-6844,4674,-1268,100,-108,60,8160,8192,31124,19438,645,8192,5840,188,-6018,-106,32,31
1274019892,-6872,4662,-1266,98,-108,58,8160,8192,15588,19439,645,8192,5818,212,-6022,-109,33,27
1274069892,-6846,4688,-1178,100,-110,60,-16273,0,-15537,0,8160,8192,5814,196,-6014,-108,31,31
1274119892,-6872,4698,-1224,102,-109,61,8160,8192,0,0,645,8192,5834,158,-6048,-104,30,33
1274169892,-6888,4704,-1280,99,-108,64,-18269,0,-15537,0,8160,8192,5806,188,-6060,-106,31,32
1274219892,-6878,4666,-1282,97,-108,59,8160,8192,18980,19442,645,8192,5788,154,-6010,-105,33,33
1274269892,-6846,4674,-1212,98,-106,62,-16263,0,-15537,0,8160,8192,5812,152,-5980,-107,33,32
1274319892,-6822,4664,-1278,99,-108,62,-16261,0,-15537,0,8160,8192,5838,190,-6028,-105,31,30
1274369892,-6894,4634,-1242,96,-107,59,-16259,0,-15537,0,8160,8192,5816,170,-5996,-103,33,31
1274419892,-6868,4716,-1226,97,-109,59,0,0,-7,-1,-16257,0,5830,194,-6010,-108,32,33
1274469892,-6872,4696,-1246,97,-108,59,8160,8192,6836,19446,645,8192,5802,188,-6000,-106,33,30
1274519892,-6798,4676,-1268,96,-110,61,-18254,0,-15537,0,8160,8192,5826,178,-6012,-104,32,32
1274569892,-6886,4690,-1220,100,-109,61,-16252,0,-15537,0,8160,8192,5820,172,-5994,-106,32,32
1274619892,-6886,4662,-1234,98,-111,60,-16251,0,-15537,0,8160,8192,5840,178,-6002,-104,33,32
1274669892,-6878,4684,-1234,97,-110,58,-16249,0,-15537,0,8160,8192,5802,184,-6026,-103,31,31
1274719892,-6862,4686,-1196,98,-111,58,8160,8192,-5308,19449,645,8192,5798,216,-6018,-106,33,33
1274769892,-6844,4698,-1276,98,-110,63,8160,8192,-20844,19450,645,8192,5798,198,-6038,-106,32,32
1274819892,-6878,4646,-1224,97,-110,60,0,0,-7,-1,-16242,0,5810,182,-6038,-104,33,31
1274869892,-6838,4676,-1252,100,-108,59,8160,8192,13620,19452,645,8192,5788,176,-6012,-106,31,32
1274919892,-6840,4674,-1274,98,-109,61,-18237,0,-15537,0,8160,8192,5834,190,-6042,-105,30,33
1274969892,-6864,4668,-1260,97,-108,61,0,0,-7,-1,-16235,0,5806,178,-5988,-106,35,30
1275019892,-6874,4738,-1258,96,-108,59,8160,8192,32548,19454,645,8192,5824,192,-6016,-106,33,28
1275069892,-6828,4690,-1290,96,-109,60,-16232,0,-15537,0,8160,8192,5800,188,-6070,-105,33,32
1275119892,-6840,4684,-1266,98,-108,56,-16230,0,-15537,0,8160,8192,5778,158,-6010,-106,35,33
1275169892,-6880,4698,-1190,97,-110,61,0,0,-7,-1,-16228,0,5828,190,-5998,-106,33,33
1275219892,-6904,4664,-1212,97,-110,58,8160,8192,-29596,19457,645,8192,5820,166,-6032,-105,32,32
1275269892,-6854,4718,-1244,98,-110,61,-16223,0,-15537,0,8160,8192,5830,190,-6020,-106,29,32
1275319892,-6890,4708,-1262,97,-110,61,-16220,0,-15537,0,8160,8192,5870,206,-6060,-108,33,32
1275369892,-6898,4712,-1210,98,-111,57,8160,8192,-10668,19459,645,8192,5802,208,-6032,-105,32,29
1275419892,-6858,4686,-1184,98,-112,59,0,0,-7,-1,-17215,0,5814,176,-6020,-103,31,31
1275469892,-6876,4684,-1246,97,-108,61,-16213,0,-15537,0,8160,8192,5822,200,-6012,-106,33,30
1275519892,-6868,4682,-1256,96,-109,62,0,0,-7,-1,-16211,0,5828,192,-6016,-106,31,28
1275569892,-6860,4686,-1228,99,-110,60,-16209,0,-15537,0,8160,8192,5824,198,-6010,-105,33,31
1275619892,-6870,4654,-1200,97,-107,57,-16206,0,-15537,0,8160,8192,5826,170,-6012,-106,30,30
1275669892,-6880,4730,-1254,96,-108,61,-16204,0,-15537,0,8160,8192,5832,182,-5990,-105,30,29
1275719892,-6862,4688,-1274,98,-109,60,8160,8192,11652,19465,645,8192,5812,208,-6004,-104,31,32
1275769892,-6846,4676,-1228,97,-111,60,-16200,0,-15537,0,8160,8192,5820,214,-6018,-105,32,33
1275819892,-6866,4684,-1264,98,-108,61,-16198,0,-15537,0,8160,8192,5820,188,-5976,-104,32,31
1275869892,-6858,4706,-1242,97,-110,61,0,0,-7,-1,-16196,0,5852,190,-6010,-107,31,32
1275919892,-6890,4700,-1236,97,-107,58,-16194,0,-15537,0,8160,8192,5828,202,-6050,-104,32,31
1275969892,-6872,4672,-1274,98,-109,56,8160,8192,-492,19468,645,8192,5834,156,-6000,-107,32,30
1276019892,-6912,4662,-1248,98,-108,62,0,0,-7,-1,-16190,0,5808,174,-6046,-105,35,32
1276069892,-6890,4654,-1216,99,-107,60,-16187,0,-15537,0,8160,8192,5804,152,-5998,-106,33,31
1276119892,-6872,4650,-1280,99,-111,60,-18186,0,-15537,0,8160,8192,5830,172,-5972,-108,33,32
1276169892,-6850,4712,-1290,98,-110,59,-16183,0,-15537,0,8160,8192,5832,164,-6038,-105,34,30
1276219892,-6824,4684,-1318,98,-109,56,0,0,-7,-1,-16180,0,5812,198,-6004,-106,33,32
1276269892,-6858,4662,-1184,97,-109,60,0,0,-7,-1,-17178,0,5812,190,-6026,-105,29,32
1276319892,-6836,4696,-1276,100,-110,60,0,0,-7,-1,-16175,0,5780,182,-5980,-104,32,31
1276369892,-6854,4724,-1238,96,-107,61,-16173,0,-15537,0,8160,8192,5822,184,-6060,-107,34,29
1276419892,-6872,4660,-1198,98,-110,60,0,0,-7,-1,-16172,0,5784,212,-6002,-106,31,30
1276469892,-6892,4682,-1228,98,-110,60,8160,8192,-24780,19476,645,8192,5836,182,-6056,-105,32,30
1276519892,-6886,4690,-1200,99,-110,62,-16169,0,-15537,0,8160,8192,5818,164,-5992,-104,36,32
1276569892,-6878,4688,-1234,97,-108,61,-16166,0,-15537,0,8160,8192,5790,180,-5926,-104,31,29
1276619892,-6888,4714,-1262,96,-107,59,-16163,0,-15537,0,8160,8192,5818,184,-6056,-107,30,32
1276669892,-6878,4680,-1238,98,-111,61,8160,8192,0,0,645,8192,5812,216,-6056,-106,34,30
1276719892,-6880,4710,-1236,96,-110,59,8160,8192,0,0,645,8192,5782,170,-5998,-107,30,32
1276769892,-6860,4716,-1282,98,-110,58,-16157,0,-15537,0,8160,8192,5836,204,-6070,-105,34,31
1276819892,-6868,4656,-1234,99,-108,59,-16154,0,-15537,0,8160,8192,5848,172,-5998,-106,33,30
1276869892,-6858,4692,-1200,100,-110,63,-18152,0,-15537,0,8160,8192,5814,178,-6006,-106,33,31
1276919892,-6850,4690,-1230,98,-110,58,-18151,0,-15537,0,8160,8192,5820,214,-6000,-107,34,29
1276969892,-6864,4712,-1236,96,-109,58,-17148,0,-15537,0,8160,8192,5814,206,-5982,-106,32,31
1277019892,-6876,4682,-1236,97,-109,62,-16145,0,-15537,0,8160,8192,5806,176,-6004,-106,31,32
1277069892,-6916,4672,-1272,97,-109,60,-16142,0,-15537,0,8160,8192,5858,196,-6052,-103,31,29
1277119892,-6888,4680,-1234,97,-108,60,0,0,-7,-1,-16140,0,5814,174,-5972,-106,34,32
1277169892,-6888,4688,-1232,97,-108,61,-16137,0,-15537,0,8160,8192,5800,152,-5992,-105,31,32
1277219892,-6862,4672,-1268,97,-107,60,8160,8192,4324,19488,645,8192,5836,200,-5976,-104,33,30
1277269892,-6846,4686,-1316,99,-109,63,-16131,0,-15537,0,8160,8192,5838,186,-5950,-105,33,33
1277319892,-6900,4672,-1272,101,-110,59,-16129,0,-15537,0,8160,8192,5814,236,-6024,-106,29,32
1277369892,-6844,4674,-1260,100,-108,60,8160,8192,23252,19490,645,8192,5820,210,-5942,-104,33,28
1277419892,-6864,4664,-1258,96,-109,57,-16124,0,-15537,0,8160,8192,5816,188,-6062,-103,31,31
1277469892,-6834,4652,-1238,97,-108,60,-18123,0,-15537,0,8160,8192,5822,156,-6024,-107,33,32
1277519892,-6856,4750,-1266,97,-107,57,8160,8192,-23356,19492,645,8192,5874,174,-6016,-106,31,30
1277569892,-6842,4684,-1344,98,-110,67,-16117,0,-15537,0,8160,8192,5830,218,-5964,-107,35,29
1277619892,-6874,4616,-1220,99,-110,55,8160,8192,11108,19494,645,8192,5842,190,-6004,-106,34,31
1277669892,-6878,4666,-1202,96,-108,63,0,0,-7,-1,-17113,0,5828,172,-6018,-108,33,33
1277719892,-6870,4712,-1262,99,-109,58,-16111,0,-15537,0,8160,8192,5860,172,-6008,-105,33,33
1277769892,-6858,4702,-1234,95,-109,61,-16108,0,-15537,0,8160,8192,5812,198,-6022,-106,32,31
1277819892,-6864,4672,-1298,98,-111,58,0,0,-7,-1,-17106,0,5864,162,-6040,-108,34,31
1277869892,-6870,4658,-1298,98,-107,62,-18103,0,-15537,0,8160,8192,5830,160,-5998,-106,35,32
1277919892,-6836,4686,-1282,101,-109,59,8160,8192,-16572,19498,645,8192,5828,184,-5962,-107,30,32
1277969892,-6828,4702,-1286,98,-111,58,8160,8192,0,0,645,8192,5802,194,-6072,-105,32,31
1278019892,-6896,4666,-1256,98,-109,62,0,0,-7,-1,-17098,0,5816,204,-6046,-104,32,32
1278069892,-6870,4672,-1266,97,-109,59,-16095,0,-15537,0,8160,8192,5822,188,-5996,-105,33,33
1278119892,-6882,4676,-1216,97,-111,60,8160,8192,-13180,19501,645,8192,5814,192,-6006,-105,33,28
1278169892,-6856,4666,-1296,97,-109,60,8160,8192,-28716,19502,645,8192,5790,210,-6032,-106,32,32
1278219892,-6872,4688,-1268,98,-106,65,-16089,0,-15537,0,8160,8192,5826,166,-6054,-105,33,30
1278269892,-6876,4700,-1252,99,-108,57,-16086,0,-15537,0,8160,8192,5848,210,-6038,-107,32,31
1278319892,-6868,4692,-1246,97,-111,59,-16084,0,-15537,0,8160,8192,5816,184,-6008,-106,32,30
1278369892,-6848,4724,-1274,100,-109,62,-18082,0,-15537,0,8160,8192,5804,200,-6002,-104,34,30
1278419892,-6842,4714,-1226,100,-110,57,-16080,0,-15537,0,8160,8192,5806,188,-6078,-106,32,31
1278469892,-6894,4704,-1260,97,-109,61,-16078,0,-15537,0,8160,8192,5826,216,-6036,-106,33,29
1278519892,-6850,4700,-1260,100,-111,61,-17076,0,-15537,0,8160,8192,5820,206,-6050,-106,32,33
1278569892,-6910,4688,-1242,98,-109,62,8160,8192,-21932,19508,645,8192,5810,224,-6006,-105,33,31
1278619892,-6870,4686,-1234,97,-107,61,-16073,0,-15537,0,8160,8192,5848,152,-5984,-105,30,32
1278669892,-6842,4690,-1228,97,-108,61,-16071,0,-15537,0,8160,8192,5806,190,-5980,-106,30,31
1278719892,-6880,4674,-1324,99,-107,60,-16070,0,-15537,0,8160,8192,5826,182,-6054,-107,29,33
1278769892,-6872,4696,-1214,97,-110,61,0,0,-7,-1,-16067,0,5896,200,-5918,-106,35,33
1278819892,-6898,4716,-1246,98,-110,58,8160,8192,0,0,645,8192,5856,254,-5986,-106,29,32
1278869892,-6818,4720,-1266,98,-109,61,8160,8192,0,0,645,8192,5864,228,-6008,-106,33,29
1278919892,-6898,4658,-1210,99,-108,60,0,0,-7,-1,-17061,0,5824,206,-6038,-106,32,31
1278969892,-6866,4674,-1270,98,-109,59,0,0,-7,-1,-16059,0,5844,178,-5980,-107,31,31
1279019892,-6844,4676,-1254,100,-112,59,-18057,0,-15537,0,8160,8192,5860,182,-6044,-106,32,31
1279069892,-6866,4692,-1270,100,-107,62,-16055,0,-15537,0,8160,8192,5768,158,-5974,-107,31,32
1279119892,-6886,4704,-1252,97,-110,58,-18053,0,-15537,0,8160,8192,5842,192,-6020,-106,35,30
1279169892,-6852,4710,-1208,100,-109,59,8160,8192,-11756,19517,645,8192,5792,178,-6046,-105,30,31
1279219892,-6860,4692,-1288,98,-109,60,-16049,0,-15537,0,8160,8192,5804,170,-6058,-104,32,30
1279269892,-6896,4684,-1262,96,-107,59,-16047,0,-15537,0,8160,8192,5820,196,-6002,-104,32,30
1279319892,-6868,4692,-1268,100,-109,61,-17046,0,-15537,0,8160,8192,5828,176,-6046,-107,31,32
1279369892,-6876,4688,-1286,98,-108,59,0,0,-7,-1,-17044,0,5798,172,-6020,-108,32,31
1279419892,-6878,4684,-1266,96,-108,61,-16043,0,-15537,0,8160,8192,5836,182,-6028,-105,34,33
1279469892,-6868,4710,-1260,100,-108,57,0,0,-7,-1,-16040,0,5816,208,-5998,-108,31,32
1279519892,-6884,4696,-1286,100,-108,60,0,0,-7,-1,-16038,0,5858,200,-6006,-109,31,30
1279569892,-6844,4680,-1290,97,-110,62,8160,8192,-4972,19523,645,8192,5716,178,-6002,-104,32,29
1279619892,-6886,4704,-1292,99,-109,58,8160,8192,0,0,645,8192,5812,162,-5988,-106,34,33
1279669892,-6868,4700,-1232,100,-109,59,8160,8192,0,0,645,8192,5796,170,-6042,-105,34,33
1279719892,-6894,4726,-1258,99,-109,60,0,0,-7,-1,-16030,0,5816,162,-6044,-106,32,34
1279769892,-6858,4724,-1266,98,-109,62,-16027,0,-15537,0,8160,8192,5788,184,-5978,-105,33,31
1279819892,-6844,4706,-1212,99,-110,61,8160,8192,-17116,19527,645,8192,5790,208,-6020,-106,30,30
1279869892,-6888,4680,-1302,97,-109,62,-16023,0,-15537,0,8160,8192,5804,194,-6014,-105,31,31
1279919892,-6872,4702,-1214,97,-106,60,-16020,0,-15537,0,8160,8192,5814,180,-6022,-104,35,31
1279969892,-6884,4720,-1258,96,-107,57,8160,8192,0,0,645,8192,5816,162,-6006,-106,31,33
1280019892,-6860,4698,-1232,99,-108,58,5544,8192,-7,-1,-15902,0,5808,202,-6010,-106,30,32
1280069892,-6866,4740,-1322,100,-109,60,-16014,0,-15537,0,8160,8192,5824,170,-6044,-107,29,29
1280119892,-6872,4656,-1278,97,-108,56,-16012,0,-15537,0,8160,8192,5808,186,-6008,-108,33,31
1280169892,-6870,4712,-1274,99,-112,58,0,0,-7,-1,-16010,0,5828,174,-6030,-106,33,31
1280219892,-6858,4676,-1262,98,-107,61,0,0,-7,-1,-17008,0,5808,210,-6022,-105,31,32
1280269892,-6844,4696,-1284,99,-110,62,0,0,-7,-1,-17005,0,5812,204,-6038,-104,31,32
1280319892,-6832,4710,-1294,100,-110,59,-16003,0,-15537,0,8160,8192,5822,204,-6006,-107,32,30
1280369892,-6900,4686,-1236,99,-107,63,8160,8192,8596,19536,645,8192,5828,164,-6036,-102,32,30
1280419892,-6834,4682,-1306,97,-109,64,-15998,0,-15537,0,8160,8192,5778,198,-6006,-104,33,31
1280469892,-6880,4664,-1236,96,-109,58,8160,8192,-22476,19537,645,8192,5816,194,-5994,-105,34,30
1280519892,-6870,4710,-1286,98,-109,58,0,0,-7,-1,-15993,0,5804,214,-6010,-106,32,33
1280569892,-6868,4698,-1218,98,-109,59,8160,8192,0,0,645,8192,5820,210,-6002,-106,33,30
1280619892,-6864,4682,-1226,95,-109,58,8160,8192,0,0,645,8192,5818,198,-6006,-105,31,32
1280669892,-6870,4662,-1256,99,-109,59,8160,8192,-19084,19540,645,8192,5836,178,-5980,-105,33,29
1280719892,-6896,4724,-1254,98,-109,59,0,0,-7,-1,-15982,0,5824,188,-6028,-106,33,32
1280769892,-6900,4686,-1238,100,-108,60,0,0,-7,-1,-15981,0,5794,206,-6052,-107,31,30
1280819892,-6886,4676,-1260,99,-110,59,0,0,-7,-1,-15979,0,5816,206,-5986,-104,33,32
1280869892,-6840,4692,-1270,101,-109,59,0,0,-7,-1,-15977,0,5818,178,-5980,-104,34,30
1280919892,-6874,4702,-1302,99,-108,65,-15975,0,-15537,0,8160,8192,5800,150,-5974,-104,31,31
1280969892,-6864,4722,-1248,99,-110,61,-15972,0,-15537,0,8160,8192,5836,200,-5966,-105,34,32
1281019892,-6868,4666,-1268,97,-111,60,-15970,0,-15537,0,8160,8192,5802,216,-5992,-104,29,33
1281069892,-6842,4702,-1264,100,-108,61,-15968,0,-15537,0,8160,8192,5814,192,-6038,-105,32,31
1281119892,-6874,4694,-1306,96,-107,60,-16966,0,-15537,0,8160,8192,5804,208,-6010,-105,32,31
1281169892,-6888,4684,-1222,94,-107,59,-15963,0,-15537,0,8160,8192,5830,202,-6040,-105,31,31
1281219892,-6878,4720,-1244,99,-108,59,0,0,-7,-1,-16961,0,5834,208,-6008,-106,34,32
1281269892,-6900,4686,-1226,98,-106,62,-15958,0,-15537,0,8160,8192,5790,170,-6004,-106,33,32
1281319892,-6874,4694,-1244,98,-109,57,8160,8192,0,0,645,8192,5820,176,-5972,-106,29,32
1281369892,-6896,4688,-1280,100,-110,57,-15953,0,-15537,0,8160,8192,5820,182,-5990,-106,30,31
1281419892,-6840,4706,-1250,100,-110,64,-15950,0,-15537,0,8160,8192,5788,222,-5978,-105,31,31
1281469892,-6858,4692,-1232,98,-107,59,-15947,0,-15537,0,8160,8192,5792,196,-6038,-104,32,30
1281519892,-6894,4694,-1216,100,-107,58,-15945,0,-15537,0,8160,8192,5836,190,-6020,-106,34,32
1281569892,-6874,4682,-1248,98,-109,63,-15942,0,-15537,0,8160,8192,5832,212,-5994,-106,29,30
1281619892,-6850,4698,-1250,99,-109,59,8160,8192,0,0,645,8192,5852,200,-6008,-104,32,32
1281669892,-6890,4678,-1268,96,-107,62,8160,8192,-2124,19555,645,8192,5840,172,-6040,-104,33,31
1281719892,-6898,4722,-1266,98,-111,59,-15931,0,-15537,0,8160,8192,5834,192,-6042,-103,29,32
1281769892,-6862,4668,-1272,97,-107,60,8160,8192,0,0,645,8192,5802,170,-5998,-106,31,31
1281819892,-6864,4690,-1226,101,-110,61,8160,8192,0,0,645,8192,5832,192,-5978,-102,30,32
1281869892,-6862,4702,-1268,98,-110,60,-15925,0,-15537,0,8160,8192,5792,184,-6030,-106,31,28
1281919892,-6876,4708,-1282,101,-110,59,-15923,0,-15537,0,8160,8192,5826,196,-6050,-104,30,30
1281969892,-6844,4702,-1278,98,-107,62,0,0,-7,-1,-16920,0,5848,202,-5916,-107,32,31
1282019892,-6874,4694,-1264,98,-108,60,8160,8192,20196,19561,645,8192,5832,182,-6034,-105,32,32
1282069892,-6868,4692,-1260,97,-109,62,0,0,-7,-1,-15915,0,5808,210,-6016,-103,32,31
1282119892,-6856,4676,-1274,98,-106,63,0,0,-7,-1,-15913,0,5852,188,-6020,-103,32,30
1282169892,-6866,4688,-1262,99,-110,57,8160,8192,0,0,645,8192,5800,166,-5982,-104,31,29
1282219892,-6846,4688,-1296,100,-111,60,-15907,0,-15537,0,8160,8192,5832,158,-5986,-107,32,33
1282269892,-6868,4712,-1282,100,-111,59,-15905,0,-15537,0,8160,8192,5818,210,-5982,-105,35,32
1282319892,-6870,4722,-1294,99,-109,58,-15903,0,-15537,0,8160,8192,5838,216,-6076,-103,32,33
1282369892,-6874,4730,-1270,97,-109,59,-15901,0,-15537,0,8160,8192,5834,170,-6080,-103,34,32
1282419892,-6870,4702,-1214,98,-108,58,-15898,0,-15537,0,8160,8192,5832,194,-6022,-106,29,30
1282469892,-6900,4664,-1284,97,-107,61,-17898,0,-15537,0,8160,8192,5808,178,-5998,-103,32,31
1282519892,-6888,4698,-1260,98,-111,60,0,0,-7,-1,-15896,0,5824,154,-6008,-106,32,31
1282569892,-6872,4690,-1260,99,-107,61,0,0,-7,-1,-16892,0,5838,196,-6012,-106,35,30
1282619892,-6888,4716,-1218,97,-108,62,-15888,0,-15537,0,8160,8192,5812,156,-6036,-106,31,31
1282669892,-6904,4690,-1248,96,-108,60,8160,8192,14836,19571,645,8192,5798,188,-6020,-107,30,32
1282719892,-6902,4684,-1270,98,-111,57,-15884,0,-15537,0,8160,8192,5790,160,-5992,-106,31,33
1282769892,-6882,4686,-1216,98,-110,58,-17883,0,-15537,0,8160,8192,5824,198,-6018,-103,33,32
1282819892,-6870,4682,-1266,97,-109,61,0,0,-7,-1,-16880,0,5816,184,-6018,-104,33,30
1282869892,-6880,4736,-1242,98,-110,59,-15877,0,-15537,0,8160,8192,5818,228,-6020,-104,30,32
1282919892,-6882,4704,-1248,99,-110,58,8160,8192,2692,19575,645,8192,5846,174,-6028,-105,32,31
1282969892,-6870,4722,-1272,99,-111,62,-16872,0,-15537,0,8160,8192,5836,194,-6038,-104,35,30
1283019892,-6854,4684,-1270,97,-111,61,8160,8192,-28380,19576,645,8192,5820,184,-5988,-107,32,30
1283069892,-6860,4674,-1268,98,-110,60,-15867,0,-15537,0,8160,8192,5806,192,-5990,-107,34,31
1283119892,-6864,4686,-1290,99,-109,60,-16865,0,-15537,0,8160,8192,5810,198,-5992,-106,34,31
1283169892,-6832,4704,-1326,95,-108,61,-15863,0,-15537,0,8160,8192,5814,182,-5958,-108,32,31
1283219892,-6830,4676,-1224,97,-110,56,0,0,-7,-1,-15861,0,5844,164,-5966,-107,32,30
1283269892,-6876,4728,-1240,96,-107,59,8160,8192,25012,19580,645,8192,5826,180,-6000,-105,34,32
1283319892,-6878,4700,-1242,98,-110,60,8160,8192,9476,19581,645,8192,5806,182,-5988,-106,31,32
1283369892,-6848,4678,-1214,101,-111,59,0,0,-7,-1,-15855,0,5806,182,-5952,-105,34,33
1283419892,-6844,4690,-1218,100,-107,60,0,0,-7,-1,-15854,0,5816,198,-6008,-108,31,31
1283469892,-6872,4690,-1224,99,-109,58,-15852,0,-15537,0,8160,8192,5860,142,-6062,-108,31,30
1283519892,-6874,4726,-1312,101,-110,58,-15848,0,-15537,0,8160,8192,5812,196,-6010,-106,31,32
1283569892,-6866,4698,-1240,101,-109,60,8160,8192,0,0,645,8192,5828,184,-6002,-108,29,33
1283619892,-6884,4690,-1276,99,-109,61,8160,8192,0,0,645,8192,5796,230,-6048,-104,33,29
1283669892,-6868,4696,-1316,97,-109,60,-17839,0,-15537,0,8160,8192,5814,180,-6002,-104,35,32
1283719892,-6872,4706,-1256,99,-110,58,-17837,0,-15537,0,8160,8192,5796,214,-6016,-105,33,31
1283769892,-6846,4680,-1280,97,-109,62,-16834,0,-15537,0,8160,8192,5816,228,-6062,-104,31,30
1283819892,-6876,4706,-1306,96,-108,60,-17831,0,-15537,0,8160,8192,5840,182,-6012,-105,32,34
1283869892,-6828,4698,-1220,96,-109,60,0,0,-7,-1,-16828,0,5830,184,-6098,-107,33,30
1283919892,-6876,4710,-1238,99,-109,59,-16826,0,-15537,0,8160,8192,5832,204,-6030,-107,33,31
1283969892,-6862,4742,-1230,98,-109,59,-15824,0,-15537,0,8160,8192,5844,156,-6004,-104,35,31
1284019892,-6878,4724,-1224,99,-109,59,8160,8192,-11420,19591,645,8192,5792,180,-6044,-106,33,32
1284069892,-6856,4708,-1278,97,-106,62,-17821,0,-15537,0,8160,8192,5824,180,-6064,-105,34,30
1284119892,-6882,4712,-1300,99,-108,58,-16818,0,-15537,0,8160,8192,5824,180,-5990,-104,33,32
1284169892,-6866,4702,-1254,96,-107,61,0,0,-7,-1,-15815,0,5796,172,-5952,-106,34,31
1284219892,-6856,4700,-1236,97,-108,61,-15813,0,-15537,0,8160,8192,5818,182,-6012,-106,34,32
1284269892,-6872,4704,-1272,100,-109,59,8160,8192,-23564,19595,645,8192,5854,224,-6014,-107,32,31
1284319892,-6868,4732,-1250,97,-108,62,-15810,0,-15537,0,8160,8192,5838,228,-6094,-105,33,34
1284369892,-6850,4694,-1262,97,-106,57,0,0,-7,-1,-16808,0,5808,186,-6006,-106,35,31
1284419892,-6884,4730,-1312,96,-109,60,-15806,0,-15537,0,8160,8192,5818,192,-6028,-105,32,31
1284469892,-6896,4746,-1228,99,-109,59,-17803,0,-15537,0,8160,8192,5824,198,-5990,-105,31,31
1284519892,-6866,4696,-1330,98,-108,60,-15801,0,-15537,0,8160,8192,5792,182,-6026,-106,33,32
1284569892,-6864,4696,-1268,98,-109,60,-15799,0,-15537,0,8160,8192,5844,190,-6066,-107,33,31
1284619892,-6832,4672,-1248,96,-112,59,-15797,0,-15537,0,8160,8192,5828,206,-6002,-105,29,32
1284669892,-6860,4682,-1208,99,-110,61,0,0,-7,-1,-15795,0,5788,188,-6040,-103,35,30
1284719892,-6866,4702,-1238,99,-107,62,-16792,0,-15537,0,8160,8192,5812,158,-6022,-107,33,32
1284769892,-6850,4712,-1222,99,-109,58,0,0,-7,-1,-16790,0,5826,178,-5952,-107,32,31
1284819892,-6890,4706,-1192,99,-108,60,8160,8192,2148,19604,645,8192,5802,164,-6008,-106,34,32
1284869892,-6894,4658,-1204,98,-111,60,8160,8192,-13388,19604,645,8192,5818,164,-5992,-104,35,32
1284919892,-6864,4698,-1302,99,-108,59,-15780,0,-15537,0,8160,8192,5834,158,-5974,-104,35,33
1284969892,-6880,4712,-1226,99,-109,59,0,0,-7,-1,-15778,0,5822,212,-6036,-105,34,32
1285019892,-6904,4712,-1290,100,-105,60,-15776,0,-15537,0,8160,8192,5826,160,-5994,-106,32,33
1285069892,-6870,4696,-1252,99,-112,61,-15774,0,-15537,0,8160,8192,5846,204,-5976,-106,32,31
1285119892,-6864,4694,-1254,101,-111,63,0,0,-7,-1,-15772,0,5818,178,-6004,-107,31,29
1285169892,-6836,4662,-1234,99,-109,61,8160,8192,24468,19609,645,8192,5806,180,-5998,-106,32,32
1285219892,-6858,4720,-1268,98,-108,60,0,0,-7,-1,-16765,0,5814,226,-5988,-106,33,34
1285269892,-6864,4704,-1254,98,-109,61,8160,8192,-6604,19610,645,8192,5838,176,-6038,-106,29,29
1285319892,-6884,4690,-1270,97,-108,62,8160,8192,0,0,645,8192,5818,194,-6012,-103,33,31
1285369892,-6868,4698,-1252,97,-110,62,-15758,0,-15537,0,8160,8192,5816,196,-6028,-106,31,30
1285419892,-6868,4696,-1234,98,-109,59,-15755,0,-15537,0,8160,8192,5800,174,-6034,-105,30,30
1285469892,-6872,4682,-1226,99,-109,61,8160,8192,-3212,19613,645,8192,5776,194,-5988,-102,32,32
1285519892,-6862,4698,-1270,98,-108,59,-15750,0,-15537,0,8160,8192,5852,184,-6038,-106,30,34
1285569892,-6884,4706,-1276,99,-108,56,8160,8192,31252,19615,645,8192,5820,202,-6052,-107,31,33
1285619892,-6878,4728,-1242,99,-111,60,-16745,0,-15537,0,8160,8192,5828,170,-6000,-105,34,30
1285669892,-6854,4694,-1292,101,-107,60,-15743,0,-15537,0,8160,8192,5790,204,-5992,-107,33,32
1285719892,-6912,4688,-1322,98,-107,59,-17740,0,-15537,0,8160,8192,5824,182,-5980,-107,31,32
1285769892,-6860,4706,-1330,94,-108,62,8160,8192,-30892,19618,645,8192,5792,182,-6032,-106,32,30
1285819892,-6840,4694,-1204,99,-109,60,-15733,0,-15537,0,8160,8192,5774,188,-6048,-105,31,32
1285869892,-6884,4720,-1256,96,-106,59,8160,8192,3572,19620,645,8192,5780,180,-6026,-107,33,31
1285919892,-6858,4676,-1246,98,-108,59,-15728,0,-15537,0,8160,8192,5832,184,-5990,-106,33,33
1285969892,-6894,4700,-1236,98,-109,60,0,0,-7,-1,-15725,0,5784,178,-6064,-106,31,34
1286019892,-6880,4686,-1232,99,-108,61,-15723,0,-15537,0,8160,8192,5806,212,-6028,-107,32,32
1286069892,-6844,4688,-1242,100,-109,60,-16721,0,-15537,0,8160,8192,5794,190,-6026,-103,30,32
1286119892,-6862,4700,-1238,100,-107,58,8160,8192,-8572,19623,645,8192,5814,216,-6024,-104,32,32
1286169892,-6846,4704,-1278,101,-111,60,0,0,-7,-1,-15718,0,5828,192,-6038,-103,31,31
1286219892,-6864,4674,-1270,98,-108,59,-17715,0,-15537,0,8160,8192,5804,192,-5976,-108,32,32
1286269892,-6862,4668,-1246,94,-109,60,0,0,-7,-1,-15714,0,5804,172,-5994,-105,32,32
1286319892,-6866,4698,-1248,96,-107,64,-15710,0,-15537,0,8160,8192,5774,186,-5966,-104,34,32
1286369892,-6888,4700,-1310,96,-109,60,8160,8192,-20716,19627,645,8192,5806,160,-6000,-103,31,32
1286419892,-6898,4708,-1266,95,-108,58,-15705,0,-15537,0,8160,8192,5838,166,-5956,-105,32,31
1286469892,-6874,4720,-1278,98,-108,59,-15703,0,-15537,0,8160,8192,5836,162,-6030,-106,33,30
1286519892,-6844,4698,-1218,98,-108,58,-17701,0,-15537,0,8160,8192,5832,196,-5994,-105,31,33
1286569892,-6848,4674,-1220,100,-108,60,0,0,-7,-1,-15697,0,5824,204,-6006,-105,33,31
1286619892,-6880,4726,-1234,101,-111,59,-15695,0,-15537,0,8160,8192,5746,144,-6002,-107,32,31
1286669892,-6868,4716,-1254,101,-112,62,0,0,-7,-1,-16692,0,5784,210,-6008,-106,30,32
1286719892,-6846,4704,-1256,97,-111,61,-15690,0,-15537,0,8160,8192,5814,182,-6008,-104,33,30
1286769892,-6856,4688,-1270,97,-108,59,8160,8192,-13932,19633,645,8192,5828,164,-6028,-104,30,32
1286819892,-6884,4692,-1236,97,-107,62,-15686,0,-15537,0,8160,8192,5786,204,-5988,-103,33,31
1286869892,-6872,4654,-1266,96,-109,61,-15685,0,-15537,0,8160,8192,5806,184,-6006,-106,32,29
1286919892,-6886,4700,-1238,97,-108,59,0,0,-7,-1,-16683,0,5810,196,-6004,-106,34,32
1286969892,-6884,4718,-1278,98,-108,60,8160,8192,0,0,645,8192,5820,196,-5976,-106,32,30
1287019892,-6864,4692,-1304,98,-109,60,0,0,-7,-1,-16679,0,5816,174,-5964,-105,34,30
1287069892,-6860,4722,-1204,94,-109,58,-15677,0,-15537,0,8160,8192,5796,174,-5996,-108,31,30
1287119892,-6864,4718,-1282,99,-111,59,-15675,0,-15537,0,8160,8192,5792,210,-6022,-104,31,31
1287169892,-6860,4696,-1192,99,-107,61,-15673,0,-15537,0,8160,8192,5822,182,-6014,-105,35,31
1287219892,-6886,4728,-1282,98,-107,62,8160,8192,-22684,19640,645,8192,5798,180,-6006,-104,31,32
1287269892,-6922,4690,-1320,97,-111,58,-17667,0,-15537,0,8160,8192,5842,202,-5984,-106,31,28
1287319892,-6880,4668,-1238,98,-108,58,-15664,0,-15537,0,8160,8192,5800,188,-6030,-104,32,35
1287369892,-6878,4698,-1276,95,-106,60,-15662,0,-15537,0,8160,8192,5824,192,-6022,-105,33,30
1287419892,-6882,4686,-1278,99,-107,60,-15661,0,-15537,0,8160,8192,5804,174,-6002,-104,33,29
1287469892,-6840,4678,-1286,99,-109,60,-15659,0,-15537,0,8160,8192,5826,206,-6000,-107,32,33
1287519892,-6884,4684,-1258,98,-110,59,0,0,-7,-1,-16656,0,5798,198,-6002,-104,34,31
1287569892,-6860,4702,-1320,97,-108,58,0,0,-7,-1,-15652,0,5848,210,-5994,-105,31,31
1287619892,-6870,4706,-1278,96,-111,57,-15650,0,-15537,0,8160,8192,5804,186,-6032,-106,31,32
1287669892,-6884,4700,-1262,102,-107,63,-15647,0,-15537,0,8160,8192,5782,186,-6042,-106,32,33
1287719892,-6826,4692,-1266,97,-110,61,-15645,0,-15537,0,8160,8192,5814,188,-6008,-108,35,27
1287769892,-6868,4706,-1304,98,-111,60,8160,8192,3028,19649,645,8192,5826,184,-6010,-106,31,29
1287819892,-6884,4718,-1268,99,-109,60,8160,8192,0,0,645,8192,5796,202,-5994,-104,33,33
1287869892,-6878,4734,-1214,99,-110,63,-15637,0,-15537,0,8160,8192,5806,184,-6066,-104,30,32
1287919892,-6906,4694,-1264,97,-108,59,8160,8192,21956,19651,645,8192,5798,212,-5994,-105,33,32
1287969892,-6876,4672,-1246,98,-108,57,0,0,-7,-1,-15632,0,5808,182,-6048,-106,31,32
1288019892,-6854,4672,-1304,99,-109,58,8160,8192,0,0,645,8192,5820,182,-6018,-103,33,31
1288069892,-6856,4654,-1220,99,-107,61,-17627,0,-15537,0,8160,8192,5804,182,-5994,-104,32,32
1288119892,-6858,4730,-1266,97,-111,60,8160,8192,25348,19654,645,8192,5820,210,-6012,-105,31,30
1288169892,-6894,4710,-1290,98,-108,58,0,0,-7,-1,-16622,0,5794,170,-6048,-104,29,30
1288219892,-6908,4686,-1250,98,-109,58,-15618,0,-15537,0,8160,8192,5822,196,-5984,-105,35,31
1288269892,-6888,4684,-1238,96,-109,61,-15617,0,-15537,0,8160,8192,5818,212,-6008,-105,30,33
1288319892,-6872,4682,-1282,99,-107,63,0,0,-7,-1,-15615,0,5808,190,-5948,-105,31,30
1288369892,-6830,4676,-1242,98,-106,62,0,0,-7,-1,-16613,0,5814,204,-5966,-106,35,30
1288419892,-6862,4728,-1246,98,-108,59,0,0,-7,-1,-15610,0,5826,190,-6004,-104,35,32
1288469892,-6864,4706,-1318,97,-108,59,8160,8192,0,0,645,8192,5842,176,-5980,-105,32,28
1288519892,-6850,4732,-1242,101,-109,60,8160,8192,32132,19660,645,8192,5810,170,-6044,-104,33,30
1288569892,-6840,4736,-1284,99,-109,60,-16600,0,-15537,0,8160,8192,5810,166,-5950,-105,32,31
1288619892,-6854,4682,-1290,101,-110,61,8160,8192,1060,19662,645,8192,5836,140,-6068,-106,33,32
1288669892,-6878,4706,-1200,101,-108,59,-17595,0,-15537,0,8160,8192,5824,174,-6058,-107,32,30
1288719892,-6874,4706,-1298,98,-109,58,0,0,-7,-1,-15592,0,5796,168,-5996,-106,33,31
1288769892,-6838,4696,-1296,96,-110,59,-15591,0,-15537,0,8160,8192,5826,186,-6030,-104,32,30
1288819892,-6876,4716,-1230,95,-110,62,-15588,0,-15537,0,8160,8192,5812,214,-6012,-107,34,31
1288869892,-6832,4694,-1248,96,-107,64,-15586,0,-15537,0,8160,8192,5826,198,-6002,-106,33,30
1288919892,-6862,4688,-1320,96,-106,61,-15584,0,-15537,0,8160,8192,5842,190,-6076,-107,31,31
1288969892,-6860,4720,-1240,97,-108,58,-15582,0,-15537,0,8160,8192,5840,170,-6064,-104,31,31
1289019892,-6884,4708,-1306,98,-106,59,-15582,0,-15537,0,8160,8192,5826,200,-5980,-104,33,31
1289069892,-6880,4720,-1254,96,-109,58,-15579,0,-15537,0,8160,8192,5834,190,-6018,-107,33,31
1289119892,-6864,4714,-1240,100,-110,57,-16576,0,-15537,0,8160,8192,5842,190,-5992,-107,31,31
1289169892,-6822,4674,-1234,101,-110,60,-16573,0,-15537,0,8160,8192,5846,182,-5986,-107,34,32
1289219892,-6864,4700,-1222,101,-109,62,8160,8192,0,0,645,8192,5796,192,-6000,-103,32,30
1289269892,-6874,4720,-1266,96,-106,61,-15567,0,-15537,0,8160,8192,5796,146,-6000,-107,34,30
1289319892,-6902,4734,-1248,100,-108,60,-15566,0,-15537,0,8160,8192,5806,190,-6040,-105,33,31
1289369892,-6886,4716,-1218,97,-106,61,-15562,0,-15537,0,8160,8192,5802,166,-5992,-106,34,30
1289419892,-6880,4700,-1282,96,-108,60,-15560,0,-15537,0,8160,8192,5836,186,-6010,-104,32,32
1289469892,-6836,4698,-1268,97,-108,63,-15558,0,-15537,0,8160,8192,5812,196,-6028,-103,33,29
1289519892,-6908,4694,-1304,95,-108,61,0,0,-7,-1,-16557,0,5842,174,-6024,-106,33,29
1289569892,-6824,4702,-1218,99,-111,60,-15555,0,-15537,0,8160,8192,5830,218,-6034,-107,30,30
1289619892,-6884,4686,-1174,96,-112,59,-17553,0,-15537,0,8160,8192,5826,166,-6020,-107,31,29
1289669892,-6854,4744,-1238,97,-109,58,0,0,-7,-1,-15551,0,5820,226,-6004,-107,32,31
1289719892,-6870,4696,-1208,98,-106,59,8160,8192,0,0,645,8192,5854,192,-5960,-103,32,30
1289769892,-6888,4686,-1264,99,-108,59,-16548,0,-15537,0,8160,8192,5864,174,-5988,-104,31,31
1289819892,-6872,4702,-1296,101,-110,61,-15545,0,-15537,0,8160,8192,5828,164,-5958,-106,34,33
1289869892,-6880,4692,-1324,100,-110,59,0,0,-7,-1,-15545,0,5816,198,-6010,-105,31,30
1289919892,-6836,4676,-1246,99,-107,59,0,0,-7,-1,-16543,0,5844,182,-6018,-104,34,32
1289969892,-6882,4744,-1246,97,-109,62,-15540,0,-15537,0,8160,8192,5822,204,-5978,-106,31,33
1290019893,-6864,4700,-1268,98,-108,63,0,0,-7,-1,-16539,0,5806,186,-6024,-106,32,31
1290069892,-6840,4714,-1256,95,-107,63,-18536,0,-15537,0,8160,8192,5814,190,-5936,-104,32,33
1290119892,-6838,4738,-1292,96,-108,62,0,0,-7,-1,-16534,0,5846,212,-6016,-105,35,32
1290169892,-6888,4696,-1262,98,-111,57,8160,8192,-21804,19685,645,8192,5842,182,-5994,-106,32,30
1290219892,-6864,4714,-1232,99,-110,61,8160,8192,28196,19686,645,8192,5816,234,-6006,-104,33,29
1290269892,-6864,4708,-1326,99,-107,58,0,0,-7,-1,-17529,0,5834,170,-6002,-104,32,34
1290319892,-6860,4666,-1248,100,-108,58,-16526,0,-15537,0,8160,8192,5814,190,-5976,-105,33,30
1290369892,-6854,4696,-1256,99,-111,60,-16524,0,-15537,0,8160,8192,5816,172,-5992,-106,34,33
1290419892,-6856,4688,-1292,103,-109,60,-18522,0,-15537,0,8160,8192,5802,172,-6010,-107,32,30
1290469892,-6834,4720,-1228,99,-108,61,8160,8192,16052,19690,645,8192,5840,224,-6010,-106,32,29
1290519892,-6836,4698,-1218,95,-107,58,0,0,-7,-1,-16516,0,5812,224,-5996,-105,32,30
1290569892,-6856,4680,-1242,98,-108,62,-16513,0,-15537,0,8160,8192,5812,214,-6034,-104,32,33
1290619892,-6840,4664,-1266,96,-105,60,0,0,-7,-1,-16511,0,5806,194,-6022,-106,34,30
1290669892,-6870,4690,-1258,97,-107,59,0,0,-7,-1,-16509,0,5846,160,-6004,-105,33,32
1290719892,-6868,4742,-1268,99,-107,59,-16507,0,-15537,0,8160,8192,5826,188,-6024,-106,31,31
1290769892,-6876,4714,-1292,97,-108,58,-16505,0,-15537,0,8160,8192,5824,198,-6018,-107,31,31
1290819892,-6856,4742,-1290,98,-110,59,0,0,-7,-1,-16503,0,5814,182,-6012,-105,28,30
1290869892,-6862,4688,-1298,99,-109,61,8160,8192,0,0,645,8192,5822,198,-6072,-106,32,30
1290919892,-6858,4684,-1286,97,-107,61,-16499,0,-15537,0,8160,8192,5800,198,-6006,-103,31,31
1290969892,-6864,4680,-1292,97,-108,63,-17497,0,-15537,0,8160,8192,5842,148,-5948,-105,31,31
1291019892,-6878,4708,-1266,98,-108,60,-16495,0,-15537,0,8160,8192,5782,192,-6056,-108,33,29
1291069892,-6860,4698,-1292,99,-111,61,8160,8192,26228,19699,645,8192,5798,186,-6006,-104,32,31
1291119892,-6884,4706,-1284,96,-108,60,0,0,-7,-1,-17490,0,5804,208,-5976,-103,32,31
1291169892,-6858,4700,-1298,98,-109,63,0,0,-7,-1,-16487,0,5812,206,-6022,-107,32,31
1291219892,-6850,4704,-1228,98,-109,60,-16485,0,-15537,0,8160,8192,5850,180,-6048,-107,31,29
1291269892,-6870,4716,-1210,99,-109,58,0,0,-7,-1,-16483,0,5850,200,-6052,-107,32,31
1291319892,-6876,4726,-1270,99,-109,59,-16481,0,-15537,0,8160,8192,5854,200,-6046,-106,30,31
1291369892,-6880,4710,-1250,99,-110,61,0,0,-7,-1,-16479,0,5824,170,-6044,-104,32,33
1291419892,-6872,4680,-1312,98,-108,60,-18477,0,-15537,0,8160,8192,5820,162,-6044,-105,33,31
1291469892,-6840,4716,-1222,99,-112,58,-16475,0,-15537,0,8160,8192,5776,170,-6000,-106,33,31
1291519892,-6854,4680,-1282,99,-110,62,-17474,0,-15537,0,8160,8192,5832,200,-5984,-106,32,29
1291569892,-6846,4702,-1228,100,-110,60,-17471,0,-15537,0,8160,8192,5826,142,-6048,-107,31,32
1291619892,-6846,4700,-1290,97,-107,61,8160,8192,-13596,19707,645,8192,5810,194,-6002,-105,32,31
1291669892,-6878,4718,-1274,97,-109,54,8160,8192,-29132,19708,645,8192,5848,154,-6010,-104,33,32
1291719892,-6824,4700,-1270,100,-110,63,-16464,0,-15537,0,8160,8192,5780,214,-6060,-106,31,29
1291769892,-6828,4674,-1278,101,-109,58,0,0,-7,-1,-17461,0,5802,162,-6030,-104,32,31
1291819892,-6874,4700,-1246,98,-110,59,8160,8192,-10204,19710,645,8192,5850,176,-6000,-107,32,32
1291869892,-6848,4720,-1234,98,-108,62,0,0,-7,-1,-17456,0,5816,180,-5996,-106,35,32
1291919892,-6852,4732,-1282,96,-106,61,0,0,-7,-1,-16454,0,5830,228,-6030,-105,31,30
1291969892,-6826,4696,-1284,94,-107,60,-16452,0,-15537,0,8160,8192,5818,200,-5992,-105,32,31
1292019892,-6864,4672,-1274,96,-110,60,-16449,0,-15537,0,8160,8192,5850,172,-6016,-106,31,31
1292069892,-6910,4726,-1272,100,-108,66,-16447,0,-15537,0,8160,8192,5800,222,-6048,-105,33,33
1292119892,-6874,4688,-1284,97,-106,60,-18445,0,-15537,0,8160,8192,5818,218,-6008,-105,31,31
1292169892,-6850,4730,-1296,96,-109,56,-17444,0,-15537,0,8160,8192,5830,166,-6024,-106,30,29
1292219892,-6874,4676,-1262,103,-111,59,0,0,-7,-1,-16442,0,5790,200,-6024,-107,32,32
1292269892,-6864,4736,-1240,99,-108,63,-16441,0,-15537,0,8160,8192,5820,198,-6046,-104,33,32
1292319892,-6856,4684,-1230,99,-111,62,-17438,0,-15537,0,8160,8192,5814,210,-6048,-108,31,31
1292369892,-6836,4726,-1248,98,-106,60,-16437,0,-15537,0,8160,8192,5814,192,-6046,-106,34,29
1292419892,-6850,4696,-1320,100,-108,66,-16434,0,-15537,0,8160,8192,5802,204,-6068,-106,32,31
1292469892,-6838,4702,-1296,100,-108,62,0,0,-7,-1,-16433,0,5788,224,-6016,-106,33,29
1292519892,-6858,4698,-1260,100,-111,59,-16876,0,-15537,0,8160,8192,5836,174,-5958,-109,33,32
1292569892,-6830,4742,-1242,99,-107,60,8160,8192,0,0,645,8192,5782,186,-6020,-105,32,33
1292619892,-6838,4692,-1224,97,-106,63,-16426,0,-15537,0,8160,8192,5804,158,-6052,-105,33,32
1292669892,-9238,5430,202,-507,-510,-281,8160,8192,0,0,645,8192,5836,186,-6034,-106,33,31
1292719892,-8016,4166,-896,-596,-799,-1875,-16423,0,-15537,0,8160,8192,5976,140,-5938,-106,30,33
1292769892,-9014,5754,-1080,2662,4103,596,8160,8192,0,0,645,8192,5742,172,-6094,-105,30,29
1292819892,-7804,3546,-1802,-1072,924,1393,-16419,0,-15537,0,8160,8192,5746,156,-6118,-107,32,33
1292869892,-6990,4158,-1534,229,-335,-619,-16417,0,-15537,0,8160,8192,5842,242,-5962,-104,36,30
1292919892,-6344,5328,-954,273,-304,-350,-16414,0,-15537,0,8160,8192,5822,226,-6016,-106,35,32
1292969892,-6844,4552,-1320,-24,76,462,-18411,0,-15537,0,8160,8192,5820,188,-5952,-106,36,31
1293019892,-7010,4558,-1226,134,-184,-17,8160,8192,10148,19729,645,8192,5798,212,-6016,-104,32,29
1293069892,-6844,4600,-1258,68,-55,42,-16408,0,-15537,0,8160,8192,5796,212,-6020,-103,30,30
1293119892,-6914,4690,-1186,102,-145,23,-16406,0,-15537,0,8160,8192,5808,156,-6010,-107,32,29
1293169892,-6914,4644,-1242,60,-40,158,8160,8192,29076,19731,645,8192,5842,192,-6020,-103,33,30
1293219892,-6838,4698,-1248,129,-160,-13,0,0,-7,-1,-17402,0,5814,190,-5994,-105,32,32
1293269892,-6852,4800,-1138,98,-89,85,-18400,0,-15537,0,8160,8192,5794,124,-6066,-106,31,33
1293319892,-6910,4636,-1262,93,-119,80,-16398,0,-15537,0,8160,8192,5796,176,-6040,-109,33,31
1293369892,-6890,4680,-1158,97,-92,41,-16396,0,-15537,0,8160,8192,5806,194,-5954,-104,29,30
1293419892,-6794,4734,-1206,114,-133,53,8160,8192,16932,19735,645,8192,5822,186,-6008,-105,32,34
1293469892,-6908,4684,-1246,84,-82,88,-16391,0,-15537,0,8160,8192,5824,192,-6016,-106,31,31
1293519892,-6846,4722,-1226,117,-134,35,-16388,0,-15537,0,8160,8192,5808,194,-5962,-105,33,32
1293569892,-6852,4708,-1218,91,-91,72,-16386,0,-15537,0,8160,8192,5812,178,-5992,-107,33,30
1293619892,-6806,4632,-1238,104,-120,75,-16384,0,-15537,0,8160,8192,5776,252,-6024,-102,32,29
1293669892,-6858,4630,-1180,94,-99,55,8160,8192,4788,19739,645,8192,5854,182,-6058,-104,34,30
1293719892,-6832,4734,-1242,110,-122,58,-18380,0,-15537,0,8160,8192,5818,226,-6034,-108,33,31
1293769892,-6880,4704,-1206,92,-98,68,-16378,0,-15537,0,8160,8192,5808,182,-6052,-106,35,30
1293819892,-6826,4702,-1200,102,-115,55,8160,8192,0,0,645,8192,5832,160,-5994,-105,33,31
1293869892,-6854,4684,-1176,97,-105,57,-18373,0,-15537,0,8160,8192,5812,182,-5964,-106,30,31
1293919892,-6898,4692,-1196,104,-112,68,-16371,0,-15537,0,8160,8192,5800,180,-6014,-104,33,31
1293969892,-6844,4726,-1158,101,-107,59,-17369,0,-15537,0,8160,8192,5804,168,-6040,-107,30,30
1294019892,-6884,4724,-1160,98,-108,59,8160,8192,27108,19744,645,8192,5802,154,-6046,-105,31,33
1294069892,-6860,4702,-1192,97,-103,64,-16366,0,-15537,0,8160,8192,5824,124,-5980,-103,29,29
1294119892,-6916,4746,-1222,101,-106,60,0,0,-7,-1,-16364,0,5790,152,-6006,-105,34,31
1294169892,-6884,4690,-1186,94,-104,59,0,0,-7,-1,-17362,0,5816,182,-6014,-106,32,31
1294219892,-6840,4712,-1160,99,-110,60,-16359,0,-15537,0,8160,8192,5808,170,-6022,-106,33,33
1294269892,-6888,4726,-1228,98,-106,63,-16358,0,-15537,0,8160,8192,5788,164,-6034,-106,33,32
1294319892,-6852,4662,-1236,98,-109,62,-16355,0,-15537,0,8160,8192,5778,200,-5976,-103,33,31
1294369892,-6876,4658,-1184,99,-110,58,0,0,-7,-1,-16353,0,5864,144,-6010,-104,33,31
1294419892,-6866,4694,-1132,101,-110,62,-16351,0,-15537,0,8160,8192,5822,212,-6032,-105,35,32
1294469892,-6844,4676,-1222,100,-107,62,-16349,0,-15537,0,8160,8192,5824,200,-5968,-105,31,32
1294519892,-6886,4712,-1244,97,-108,58,8160,8192,2820,19752,645,8192,5818,184,-5994,-105,33,30
1294569892,-6846,4712,-1184,100,-112,59,8160,8192,-12716,19752,645,8192,5810,210,-6006,-106,32,32
1294619892,-6844,4704,-1242,98,-109,66,-16344,0,-15537,0,8160,8192,5798,198,-6042,-104,33,31
1294669892,-6852,4670,-1296,96,-110,63,0,0,-7,-1,-17342,0,5812,204,-6024,-105,32,31
1294719892,-6824,4690,-1232,99,-110,60,-16339,0,-15537,0,8160,8192,5802,168,-6066,-106,32,30
1294769892,-6842,4714,-1192,100,-108,62,8160,8192,-9324,19755,645,8192,5840,186,-5976,-107,32,34
1294819892,-6876,4702,-1224,97,-108,60,8160,8192,0,0,645,8192,5860,182,-6028,-105,32,30
1294869892,-6842,4730,-1154,98,-109,56,-16335,0,-15537,0,8160,8192,5830,220,-6016,-106,30,31
1294919892,-6906,4716,-1196,97,-108,59,8160,8192,9604,19758,645,8192,5826,170,-6048,-103,32,31
1294969892,-6852,4720,-1220,99,-107,59,-16332,0,-15537,0,8160,8192,5808,156,-6004,-105,34,32
1295019892,-6852,4668,-1224,98,-109,61,-16330,0,-15537,0,8160,8192,5818,180,-6016,-104,31,32
1295069892,-6888,4716,-1270,100,-109,63,-18327,0,-15537,0,8160,8192,5802,184,-5968,-103,29,31
1295119892,-6898,4710,-1228,100,-106,62,-16408,0,-15537,0,8160,8192,5842,186,-5990,-104,30,32
1295169892,-6872,4692,-1210,98,-107,62,8160,8192,0,0,645,8192,5858,192,-5986,-105,31,28
1295219892,-6864,4706,-1234,99,-106,57,8160,8192,0,0,645,8192,5834,202,-6020,-106,32,32
1295269892,-6850,4714,-1222,98,-107,59,-16317,0,-15537,0,8160,8192,5870,188,-6018,-106,33,33
1295319892,-6824,4700,-1216,97,-108,62,0,0,-7,-1,-17314,0,5818,196,-6022,-106,30,31
1295369892,-6840,4680,-1260,99,-110,60,-16313,0,-15537,0,8160,8192,5842,178,-5994,-104,32,32
1295419892,-6878,4692,-1136,98,-110,60,0,0,-7,-1,-16311,0,5852,186,-6002,-107,32,32
1295469892,-6858,4700,-1304,99,-106,60,-18310,0,-15537,0,8160,8192,5790,178,-6038,-107,30,29
1295519892,-6866,4664,-1218,99,-107,58,-16308,0,-15537,0,8160,8192,5814,222,-5960,-108,34,32
1295569892,-6838,4688,-1216,100,-109,58,-17305,0,-15537,0,8160,8192,5828,170,-5996,-106,28,31
1295619892,-6820,4690,-1218,100,-110,62,0,0,-7,-1,-16304,0,5844,192,-6016,-105,32,30
1295669892,-6880,4680,-1238,98,-107,62,0,0,-7,-1,-17302,0,5816,148,-5982,-105,34,29
1295719892,-6860,4684,-1194,98,-108,60,0,0,-7,-1,-16300,0,5798,180,-6016,-107,30,32
1295769892,-6856,4712,-1228,97,-108,60,-16298,0,-15537,0,8160,8192,5816,228,-5994,-107,33,31
1295819892,-6854,4704,-1160,98,-107,60,-16295,0,-15537,0,8160,8192,5816,204,-6002,-106,31,31
1295869892,-6848,4674,-1220,97,-107,62,-16293,0,-15537,0,8160,8192,5806,164,-5996,-106,32,33
1295919892,-6866,4684,-1222,98,-108,61,-17291,0,-15537,0,8160,8192,5818,156,-5978,-103,31,30
1295969892,-6864,4678,-1198,99,-109,58,0,0,-7,-1,-17289,0,5874,196,-6010,-104,33,32
1296019892,-6808,4740,-1284,99,-109,59,0,0,-7,-1,-16287,0,5812,198,-6030,-105,31,30
1296069892,-6878,4714,-1250,97,-112,59,-16285,0,-15537,0,8160,8192,5862,172,-5974,-104,30,32
1296119892,-6842,4726,-1186,99,-108,57,-17283,0,-15537,0,8160,8192,5816,136,-6070,-104,33,31
1296169892,-6794,4646,-1230,103,-112,63,8160,8192,14420,19777,645,8192,5780,238,-6012,-106,33,30
1296219892,-6900,4700,-1116,98,-104,58,-16277,0,-15537,0,8160,8192,5818,106,-5984,-104,32,32
1296269892,-6908,4720,-1216,95,-104,64,0,0,-7,-1,-16275,0,5838,154,-5984,-105,32,31
1296319892,-6880,4722,-1254,95,-106,65,8160,8192,-32188,19779,645,8192,5808,192,-6028,-102,36,30
1296369892,-6850,4686,-1252,92,-107,61,-16269,0,-15537,0,8160,8192,5826,174,-6068,-105,31,32
1296419892,-6868,4720,-1194,100,-109,58,-16266,0,-15537,0,8160,8192,5844,194,-6014,-105,32,30
1296469892,-6830,4736,-1214,100,-107,59,8160,8192,-13260,19781,645,8192,5842,172,-5994,-107,34,33
1296519892,-6858,4698,-1264,97,-107,61,0,0,-7,-1,-16260,0,5828,216,-6002,-103,32,31
1296569892,-6872,4698,-1228,95,-107,59,0,0,-7,-1,-17259,0,5832,216,-5980,-104,32,33
1296619892,-6854,4716,-1188,97,-108,61,8160,8192,0,0,645,8192,5822,196,-6040,-105,32,31
1296669892,-6868,4736,-1200,99,-107,59,-17254,0,-15537,0,8160,8192,5812,172,-6052,-105,32,31
1296719892,-6848,4686,-1158,97,-109,63,-16252,0,-15537,0,8160,8192,5822,202,-6022,-106,32,31
1296769892,-6838,4724,-1222,98,-110,57,0,0,-7,-1,-16250,0,5842,184,-5998,-104,31,32
1296819892,-6888,4698,-1264,96,-108,57,-16247,0,-15537,0,8160,8192,5844,164,-6062,-108,33,31
1296869892,-6808,4638,-1162,98,-108,62,-17246,0,-15537,0,8160,8192,5848,224,-5976,-105,32,31
1296919892,-6826,4732,-1164,99,-111,59,0,0,-7,-1,-16245,0,5844,228,-6024,-105,33,32
1296969892,-6856,4728,-1242,98,-109,64,-16242,0,-15537,0,8160,8192,5786,230,-6054,-105,31,31
1297019892,-6850,4710,-1240,98,-107,55,0,0,-7,-1,-17241,0,5806,138,-5998,-104,35,32
1297069892,-6848,4706,-1236,99,-110,62,-16240,0,-15537,0,8160,8192,5824,134,-6018,-105,31,32
1297119892,-6822,4732,-1218,97,-109,58,-17238,0,-15537,0,8160,8192,5822,180,-6008,-106,29,30
1297169892,-6858,4702,-1198,98,-107,63,8160,8192,0,0,645,8192,5836,202,-5970,-107,32,31
1297219892,-6850,4682,-1126,100,-108,57,-18234,0,-15537,0,8160,8192,5836,164,-5998,-104,31,32
1297269892,-6836,4696,-1198,95,-109,58,8160,8192,308,19794,645,8192,5858,170,-5994,-106,31,32
1297319892,-6830,4704,-1174,97,-109,61,8160,8192,0,0,645,8192,5812,170,-6024,-105,32,32
1297369892,-6826,4690,-1184,99,-107,60,8160,8192,-30764,19795,645,8192,5810,198,-5990,-108,34,30
1297419892,-6862,4686,-1244,98,-108,61,0,0,-7,-1,-16227,0,5860,196,-6010,-107,32,31
1297469892,-6846,4690,-1214,100,-112,59,-16226,0,-15537,0,8160,8192,5806,214,-6014,-108,34,32
1297519892,-6834,4696,-1220,99,-110,63,-17223,0,-15537,0,8160,8192,5820,182,-5952,-106,30,30
1297569892,-6856,4716,-1172,98,-110,60,0,0,-7,-1,-16221,0,5806,214,-5996,-106,31,31
1297619892,-6852,4728,-1190,100,-108,56,-16219,0,-15537,0,8160,8192,5838,182,-5986,-107,32,31
1297669892,-6814,4726,-1248,98,-108,58,0,0,-7,-1,-17217,0,5804,198,-6032,-106,33,32
1297719892,-6840,4742,-1166,100,-107,59,-15939,0,-15537,0,8160,8192,5846,166,-5952,-105,35,31
1297769892,-6876,4716,-1216,98,-108,59,8160,8192,-23980,19801,645,8192,5830,176,-5992,-106,29,32
1297819892,-6866,4744,-1168,98,-110,59,8160,8192,26020,19802,645,8192,5822,188,-5990,-109,31,32
1297869892,-6844,4710,-1192,100,-109,61,-16207,0,-15537,0,8160,8192,5856,184,-5976,-104,31,33
1297919892,-6842,4682,-1190,100,-107,63,8160,8192,-5052,19803,645,8192,5836,206,-6030,-104,34,32
1297969892,-6846,4702,-1186,96,-107,61,-18204,0,-15537,0,8160,8192,5834,182,-6060,-107,33,30
1298019892,-6880,4696,-1222,100,-109,61,-16201,0,-15537,0,8160,8192,5778,192,-6042,-106,33,31
1298069892,-6850,4676,-1204,97,-106,59,0,0,-7,-1,-16199,0,5838,160,-6026,-105,31,32
1298119892,-6838,4732,-1178,97,-108,57,8160,8192,0,0,645,8192,5860,194,-5986,-106,33,29
1298169892,-6848,4714,-1246,100,-109,58,-18195,0,-15537,0,8160,8192,5854,194,-5986,-105,32,31
1298219892,-6808,4700,-1204,99,-109,62,-17193,0,-15537,0,8160,8192,5788,174,-5976,-106,32,29
1298269892,-6850,4700,-1194,99,-108,60,-17191,0,-15537,0,8160,8192,5800,184,-6040,-105,31,32
1298319892,-6884,4676,-1214,98,-110,60,8160,8192,1732,19810,645,8192,5842,180,-6014,-105,33,31
1298369892,-6836,4704,-1220,101,-106,62,0,0,-7,-1,-16187,0,5830,144,-5990,-104,32,31
1298419892,-6880,4742,-1198,95,-106,60,-18184,0,-15537,0,8160,8192,5830,156,-6020,-105,31,31
1298469892,-6874,4724,-1230,97,-108,58,-16182,0,-15537,0,8160,8192,5850,188,-6006,-102,33,33
1298519892,-6800,4708,-1208,98,-107,61,-16180,0,-15537,0,8160,8192,5780,178,-5978,-102,31,33
1298569892,-6860,4702,-1202,96,-108,62,-16178,0,-15537,0,8160,8192,5814,190,-6000,-106,31,31
1298619892,-6794,4692,-1286,98,-107,59,-16176,0,-15537,0,8160,8192,5822,148,-5974,-104,31,29
1298669892,-6842,4710,-1202,100,-108,60,0,0,-7,-1,-16173,0,5818,170,-5990,-106,31,30
1298719892,-6818,4716,-1178,99,-109,54,0,0,-7,-1,-17172,0,5838,146,-6020,-107,33,33
1298769892,-6884,4698,-1170,96,-106,60,0,0,-7,-1,-17170,0,5800,166,-5996,-106,31,32
1298819892,-6850,4674,-1210,101,-108,63,0,0,-7,-1,-16167,0,5804,214,-5994,-106,32,30
1298869892,-6862,4716,-1236,94,-107,64,8160,8192,0,0,645,8192,5788,200,-5994,-105,31,32
1298919892,-6854,4682,-1192,96,-106,61,-18162,0,-15537,0,8160,8192,5808,198,-6036,-104,33,31
1298969892,-6862,4680,-1240,97,-107,60,-16159,0,-15537,0,8160,8192,5860,204,-5972,-106,34,32
1299019892,-6874,4718,-1222,96,-109,58,0,0,-7,-1,-16157,0,5824,194,-6022,-105,30,30
1299069892,-6854,4718,-1222,99,-107,60,-16155,0,-15537,0,8160,8192,5816,176,-5948,-106,33,31
1299119892,-6872,4688,-1192,99,-109,60,-16153,0,-15537,0,8160,8192,5814,186,-5974,-106,29,31
1299169892,-6860,4716,-1156,103,-112,57,0,0,-7,-1,-17152,0,5830,186,-6068,-103,30,31
1299219892,-6838,4696,-1140,100,-107,59,-18150,0,-15537,0,8160,8192,5834,140,-6036,-105,33,31
1299269892,-6894,4718,-1166,97,-108,59,-16148,0,-15537,0,8160,8192,5852,212,-6008,-107,29,32
1299319892,-6844,4718,-1178,96,-111,57,-18147,0,-15537,0,8160,8192,5840,160,-5962,-106,33,33
1299369892,-6854,4680,-1206,99,-108,62,-16145,0,-15537,0,8160,8192,5806,184,-6028,-103,33,33
1299419892,-6856,4690,-1164,97,-107,59,-16143,0,-15537,0,8160,8192,5810,162,-5956,-103,33,30
1299469892,-6866,4696,-1194,96,-107,61,8160,8192,-27916,19827,645,8192,5864,178,-6028,-106,31,32
1299519892,-6828,4720,-1178,97,-110,61,-16138,0,-15537,0,8160,8192,5842,158,-6034,-106,30,32
1299569892,-6860,4694,-1278,99,-107,62,-17135,0,-15537,0,8160,8192,5846,210,-5986,-105,34,34
1299619892,-6842,4682,-1182,98,-107,59,0,0,-7,-1,-17133,0,5812,176,-5996,-107,31,30
1299669892,-6852,4696,-1198,100,-107,59,0,0,-7,-1,-17131,0,5842,186,-6014,-106,33,29
1299719892,-6818,4700,-1162,97,-108,60,-16129,0,-15537,0,8160,8192,5836,168,-5988,-104,33,29
1299769892,-6856,4678,-1220,98,-108,62,-16127,0,-15537,0,8160,8192,5820,208,-6026,-106,31,30
1299819892,-6834,4730,-1172,98,-111,58,0,0,-7,-1,-16126,0,5830,210,-5992,-105,31,30
1299869892,-6860,4752,-1236,100,-108,60,8160,8192,-21132,19833,645,8192,5822,170,-6060,-103,32,32
1299919892,-6828,4710,-1236,96,-109,62,8160,8192,0,0,645,8192,5778,192,-5984,-105,33,31
1299969892,-6854,4706,-1234,98,-109,58,-18119,0,-15537,0,8160,8192,5816,216,-5982,-105,30,31
1300019892,-6808,4690,-1176,100,-106,61,-18118,0,-15537,0,8160,8192,5812,178,-6022,-104,33,32
1300069892,-6858,4678,-1178,97,-107,63,0,0,-7,-1,-17116,0,5822,194,-6046,-104,32,32
1300119892,-6838,4690,-1244,97,-108,57,0,0,-7,-1,-17114,0,5814,182,-5972,-105,30,32
1300169892,-6824,4716,-1170,98,-107,63,-18112,0,-15537,0,8160,8192,5804,210,-6036,-107,32,32
1300219892,-6842,4702,-1226,98,-110,59,-16110,0,-15537,0,8160,8192,5774,190,-5978,-106,32,29
1300269892,-6848,4716,-1192,100,-108,61,0,0,-7,-1,-17107,0,5810,188,-6010,-105,30,33
1300319892,-6864,4710,-1198,97,-110,59,8160,8192,-29884,19840,645,8192,5824,198,-6000,-104,32,32
1300369892,-6858,4710,-1132,99,-109,60,8160,8192,0,0,645,8192,5802,196,-6054,-104,32,33
1300419892,-6864,4710,-1236,100,-107,59,0,0,-7,-1,-16101,0,5840,202,-5964,-102,31,32
1300469892,-6852,4708,-1178,96,-108,63,8160,8192,-10956,19842,645,8192,5870,188,-6022,-103,33,32
1300519892,-6838,4702,-1194,96,-110,58,-18099,0,-15537,0,8160,8192,5804,216,-6018,-105,33,31
1300569892,-6854,4754,-1228,96,-108,57,-16096,0,-15537,0,8160,8192,5852,180,-6048,-103,33,29
1300619892,-6834,4710,-1244,99,-109,62,-16093,0,-15537,0,8160,8192,5818,200,-5986,-106,32,30
1300669892,-6842,4678,-1178,100,-109,62,-18091,0,-15537,0,8160,8192,5828,180,-6024,-104,32,30
1300719892,-6848,4734,-1224,99,-109,58,8160,8192,0,0,645,8192,5838,172,-6082,-104,34,32
1300769892,-6846,4702,-1146,98,-107,61,0,0,-7,-1,-17088,0,5834,186,-5998,-103,31,29
1300819892,-6866,4712,-1162,98,-110,58,-16085,0,-15537,0,8160,8192,5830,178,-5974,-106,34,31
1300869892,-6846,4694,-1244,100,-108,63,-18084,0,-15537,0,8160,8192,5808,186,-6008,-105,29,31
1300919892,-6862,4696,-1208,98,-110,59,8160,8192,-19708,19849,645,8192,5846,208,-5972,-105,32,34
1300969892,-6856,4712,-1226,97,-110,60,-17080,0,-15537,0,8160,8192,5850,208,-6002,-108,31,32
1301019892,-6854,4708,-1264,99,-109,61,-16079,0,-15537,0,8160,8192,5840,198,-5970,-102,32,34
1301069892,-6844,4716,-1218,98,-105,63,0,0,-7,-1,-17077,0,5820,200,-6068,-106,33,31
1301119892,-6878,4710,-1204,98,-108,59,-16076,0,-15537,0,8160,8192,5826,162,-5994,-106,34,30
1301169892,-6844,4672,-1206,96,-108,60,-16074,0,-15537,0,8160,8192,5832,196,-5924,-106,32,32
1301219892,-6860,4722,-1210,97,-107,57,8160,8192,18148,19854,645,8192,5814,172,-6004,-105,33,31
1301269892,-6828,4670,-1196,101,-109,60,-18070,0,-15537,0,8160,8192,5836,176,-5972,-103,31,33
1301319892,-6820,4718,-1234,99,-110,62,0,0,-7,-1,-16069,0,5792,210,-5946,-105,29,32
1301369892,-6882,4712,-1204,101,-111,61,0,0,-7,-1,-17067,0,5828,186,-6002,-105,32,32
1301419892,-6832,4714,-1264,102,-110,60,-16064,0,-15537,0,8160,8192,5836,218,-6024,-103,32,29
1301469892,-6862,4706,-1276,97,-107,57,-16061,0,-15537,0,8160,8192,5836,188,-6040,-105,33,29
1301519892,-6800,4706,-1236,99,-109,62,-17058,0,-15537,0,8160,8192,5782,218,-5992,-104,34,30
1301569892,-6906,4756,-1256,98,-108,60,-16057,0,-15537,0,8160,8192,5740,180,-6034,-105,32,32
1301619892,-6906,4690,-1140,97,-109,60,-16055,0,-15537,0,8160,8192,5814,198,-6042,-105,30,32
1301669892,-6904,4746,-1252,97,-108,59,-16053,0,-15537,0,8160,8192,5856,190,-6010,-104,31,30
1301719892,-6818,4682,-1218,100,-110,60,-16051,0,-15537,0,8160,8192,5850,206,-5962,-106,31,31
1301769892,-6838,4726,-1248,98,-111,61,8160,8192,-21676,19862,645,8192,5840,170,-5996,-107,34,31
1301819892,-6832,4736,-1232,97,-111,57,8160,8192,28324,19863,645,8192,5840,194,-5982,-102,34,31
1301869892,-6810,4728,-1256,101,-110,66,8160,8192,12788,19864,645,8192,5780,228,-5990,-104,32,31
1301919892,-6856,4706,-1150,98,-107,53,-16042,0,-15537,0,8160,8192,5810,130,-6078,-105,32,31
1301969892,-6836,4732,-1202,97,-112,66,-17039,0,-15537,0,8160,8192,5794,224,-6016,-106,34,31
1302019892,-6840,4698,-1172,101,-110,59,-16037,0,-15537,0,8160,8192,5828,186,-6048,-105,29,33
1302069892,-6854,4614,-1170,95,-107,68,8160,8192,0,0,645,8192,5774,162,-5976,-104,32,29
1302119892,-6874,4718,-1210,94,-106,53,-16034,0,-15537,0,8160,8192,5878,152,-5996,-104,32,29
1302169892,-6904,4682,-1284,96,-108,68,-16031,0,-15537,0,8160,8192,5854,254,-6016,-106,31,32
1302219892,-6884,4762,-1216,103,-110,54,8160,8192,0,0,645,8192,5816,176,-6042,-105,32,30
1302269892,-6826,4770,-1298,95,-108,61,-18027,0,-15537,0,8160,8192,5832,242,-6062,-105,32,31
1302319892,-6858,4702,-1258,100,-111,55,0,0,-7,-1,-17025,0,5806,326,-6012,-105,33,32
1302369892,-6104,5172,-1874,146,-267,-422,-17022,0,-15537,0,8160,8192,5622,788,-6182,-107,4,34
1302419892,-6922,4652,-1130,96,-7,356,0,0,-7,-1,-16021,0,5662,122,-5932,-111,63,29
1302469892,-7076,4756,-1484,87,-131,16,-16020,0,-15537,0,8160,8192,5770,128,-5944,-109,33,33
1302519892,-7044,4738,-1396,116,-140,-53,-16018,0,-15537,0,8160,8192,5626,298,-6052,-105,38,32
1302569892,-7214,5126,-1166,90,-82,129,8160,8192,-8108,19874,645,8192,5798,134,-5978,-104,47,29
1302619892,-6812,4508,-1190,127,-145,-26,8160,8192,-23644,19875,645,8192,5622,126,-5976,-105,34,29
1302669892,-7040,4672,-1104,86,-133,-91,8160,8192,26356,19876,645,8192,5854,132,-6028,-105,21,32
1302719892,-7136,4838,-1104,93,-133,-21,-16007,0,-15537,0,8160,8192,5878,102,-6076,-107,12,26
1302769892,-5574,4528,-2064,93,-178,-420,-18005,0,-15537,0,8160,8192,5060,1132,-6328,-107,65,30
1302819892,-6888,4882,-1318,152,-82,160,-16003,0,-15537,0,8160,8192,6206,196,-6176,-109,100,31
1302869892,-9386,3614,346,-96,223,115,8160,8192,0,0,645,8192,4980,-898,-6194,-106,-29,33
1302919892,-8052,7826,-2066,165,-514,-366,8160,8192,14212,19880,645,8192,6864,988,-6832,-89,-100,11
1302969892,-6382,5322,-942,184,-217,-133,8160,8192,-1324,19880,645,8192,5986,144,-6064,-107,13,32
1303019892,-7200,4168,-938,70,-50,333,-15993,0,-15537,0,8160,8192,5502,-138,-6224,-106,20,34
1303069892,-7146,3488,-462,66,-118,34,0,0,-7,-1,-16991,0,6128,-234,-6242,-104,-16,37
1303119892,-7216,4278,-1034,143,-194,-2,-15988,0,-15537,0,8160,8192,5562,-254,-6056,-111,28,30
1303169892,-7396,4406,-1082,89,-104,-36,8160,8192,2068,19884,645,8192,5884,-94,-6070,-104,46,31
1303219892,-6928,4376,-1128,136,-204,-48,-15984,0,-15537,0,8160,8192,5776,158,-5990,-105,16,32
1303269892,-6710,4586,-1376,94,-131,-153,-15983,0,-15537,0,8160,8192,5726,726,-5970,-104,52,33
1303319892,-6198,3786,-1338,145,-194,-88,-15981,0,-15537,0,8160,8192,5760,116,-6050,-109,11,22
1303369892,-6738,4030,-1040,83,-72,292,-17979,0,-15537,0,8160,8192,5766,-436,-6046,-102,32,28
1303419892,-7194,3834,-756,107,-80,98,8160,8192,-10076,19887,645,8192,5822,-636,-5936,-103,77,37
1303469892,-7554,3676,-592,75,-73,177,0,0,-7,-1,-15975,0,5892,-1010,-5918,-110,22,28
1303519892,-7668,4346,-594,111,-27,282,0,0,-7,-1,-16973,0,5896,-434,-6008,-102,89,41
1303569892,-8224,5302,-1250,110,-47,135,0,0,-7,-1,-15970,0,6162,-64,-5932,-107,89,38
1303619892,-8402,5232,-962,75,-6,303,8160,8192,0,0,645,8192,6284,840,-6526,-103,24,30
1303669892,-6770,5288,-1502,154,-153,-140,-15965,0,-15537,0,8160,8192,5882,1480,-6056,-107,57,32
1303719892,-6502,5044,-1388,75,-71,125,8160,8192,27780,19892,645,8192,5550,764,-5872,-109,25,28
1303769892,-6750,4772,-1360,62,-39,351,-15961,0,-15537,0,8160,8192,5652,698,-6104,-102,25,30
1303819892,-6746,4648,-1350,109,-114,24,-16959,0,-15537,0,8160,8192,5798,438,-5892,-107,40,34
1303869892,-6950,4550,-1282,70,-81,228,0,0,-7,-1,-15956,0,5818,234,-5996,-99,15,30
1303919892,-6636,4522,-1122,136,-157,-32,8160,8192,0,0,645,8192,5514,194,-6210,-100,30,33
1303969892,-6986,4504,-1216,70,-74,148,0,0,-7,-1,-15952,0,5904,194,-5926,-106,27,32
1304019892,-6966,4598,-1206,110,-122,44,8160,8192,100,19897,645,8192,5816,216,-6030,-101,27,29
1304069892,-6792,4680,-1246,96,-114,39,0,0,-7,-1,-15949,0,5792,290,-6002,-106,35,33
1304119892,-6950,4598,-1222,87,-97,92,-17946,0,-15537,0,8160,8192,5804,256,-6072,-104,27,30
1304169892,-6902,4672,-1250,105,-130,-4,-15943,0,-15537,0,8160,8192,5820,258,-6004,-106,31,32
1304219892,-7030,4660,-1252,79,-106,48,-17941,0,-15537,0,8160,8192,5948,198,-5956,-104,19,29
1304269892,-6888,4630,-1160,107,-124,11,-15938,0,-15537,0,8160,8192,5832,216,-6044,-105,36,33
1304319892,-6944,4570,-1158,84,-110,40,8160,8192,0,0,645,8192,5794,204,-5876,-108,29,30
1304369892,-7118,4728,-1142,95,-136,-15,0,0,-7,-1,-15935,0,5866,212,-6026,-105,13,30
1304419892,-7218,4934,-1104,98,-103,61,0,0,-7,-1,-15933,0,5844,212,-6088,-108,33,27
1304469892,-6528,4056,-1216,85,-125,18,-17931,0,-15537,0,8160,8192,5634,128,-5902,-104,23,26
1304519892,-6816,4328,-1240,89,-138,-51,-15930,0,-15537,0,8160,8192,5710,246,-5884,-108,17,35
1304569892,-7384,4908,-1138,89,-107,6,8160,8192,25812,19905,645,8192,6208,208,-6308,-105,33,33
1304619892,-6832,4590,-996,123,-137,8,8160,8192,10276,19906,645,8192,5846,220,-6036,-103,28,31
1304669892,-7054,4444,-1174,103,-132,-22,-15922,0,-15537,0,8160,8192,5916,194,-6014,-108,25,31
1304719892,-6748,4516,-1054,122,-124,37,0,0,-7,-1,-16920,0,5546,182,-6006,-103,49,32
1304769892,-7122,4362,-1120,73,-100,3,8160,8192,0,0,645,8192,5678,218,-5936,-104,32,28
1304819892,-7102,4344,-1158,77,-118,10,0,0,-7,-1,-16916,0,5820,216,-5918,-108,12,28
1304869892,-7030,4396,-1194,97,-122,13,-16914,0,-15537,0,8160,8192,5828,182,-6022,-104,30,31
1304919892,-7264,4654,-1140,79,-134,-27,-15910,0,-15537,0,8160,8192,6012,184,-6030,-102,7,29
1304969892,-6808,4210,-1174,114,-129,9,-15908,0,-15537,0,8160,8192,5800,166,-5958,-105,42,34
1305019892,-7086,4524,-1126,115,-111,21,0,0,-7,-1,-15904,0,5722,158,-5980,-103,69,37
1305069892,-6766,4382,-1222,123,-136,22,-15900,0,-15537,0,8160,8192,5626,308,-5972,-100,61,39
1305119892,-6938,4312,-1090,113,-132,19,-15897,0,-15537,0,8160,8192,5670,184,-5994,-105,39,31
1305169892,-6884,4052,-1094,99,-101,29,-15895,0,-15537,0,8160,8192,5620,148,-6032,-107,46,32
1305219892,-6968,4196,-1050,106,-98,9,0,0,-7,-1,-15893,0,5760,128,-6128,-103,63,39
1305269892,-7070,4314,-1140,94,-124,-35,0,0,-7,-1,-15891,0,5822,148,-6002,-108,33,29
1305319892,-6932,4240,-1160,91,-153,22,0,0,-7,-1,-15890,0,5888,172,-5998,-106,-6,26
1305369892,-7166,4402,-1102,98,-102,47,0,0,-7,-1,-15888,0,5832,158,-5978,-106,44,31
1305419892,-7180,4558,-1098,107,-140,3,-15886,0,-15537,0,8160,8192,5840,164,-6020,-103,33,32
1305469892,-6966,4416,-970,112,-127,32,0,0,-7,-1,-15882,0,5726,172,-6020,-103,38,37
1305519892,-7096,4276,-1116,98,-120,42,8160,8192,0,0,645,8192,5750,188,-6066,-104,28,33
1305569892,-7068,4256,-1102,100,-120,7,-15878,0,-15537,0,8160,8192,5828,142,-6054,-104,32,31
1305619892,-8338,4348,-650,83,-134,97,0,0,-7,-1,-16876,0,6500,-788,-5994,-117,-59,36
1305669892,-6698,4584,-1200,-365,300,124,0,0,-7,-1,-16874,0,5726,520,-5918,-104,50,32
1305719892,-7326,4076,-1074,-75,70,322,0,0,-7,-1,-15873,0,5764,108,-6030,-106,25,33
1305769892,-7294,4190,-882,181,-324,3,-15870,0,-15537,0,8160,8192,5788,178,-5982,-104,37,30
1305819892,-6850,4726,-1048,44,-142,-140,8160,8192,30628,19924,645,8192,5834,208,-5976,-108,35,32
1305869892,-7040,4476,-1138,-502,444,495,-15865,0,-15537,0,8160,8192,5810,180,-6024,-109,34,32
1305919892,-7136,4370,-1076,-281,229,283,0,0,-7,-1,-16863,0,5790,218,-6016,-103,32,30
1305969892,-6424,5082,-906,-703,588,325,0,0,-7,-1,-15861,0,5858,200,-5954,-106,31,31
1306019892,-7242,4466,-1592,-911,1574,960,-15858,0,-15537,0,8160,8192,5768,176,-6034,-105,30,28
1306069892,-7018,4608,-1672,-400,947,680,8160,8192,18484,19928,645,8192,5734,200,-6022,-107,31,31
1306119892,-6754,4908,-1532,-531,572,206,0,0,-7,-1,-15854,0,5792,220,-6014,-105,32,30
1306169892,-6736,4858,-1498,-515,469,304,-15852,0,-15537,0,8160,8192,5782,198,-6032,-106,32,32
1306219892,-6720,4696,-1712,-477,321,209,8160,8192,0,0,645,8192,5778,160,-5976,-105,34,31
1306269892,-6770,4754,-1704,154,-136,37,-17848,0,-15537,0,8160,8192,5832,186,-6036,-107,30,33
1306319892,-6660,5006,-1516,299,-235,25,-15846,0,-15537,0,8160,8192,5838,186,-6008,-106,33,30
1306369892,-6706,4868,-1574,323,-255,27,8160,8192,0,0,645,8192,5782,180,-6048,-102,33,30
1306419892,-6726,4866,-1622,484,-357,-66,-15840,0,-15537,0,8160,8192,5848,194,-6024,-106,34,32
1306469892,-6698,4904,-1590,433,-340,-2,0,0,-7,-1,-16837,0,5832,196,-6018,-105,29,30
1306519892,-6660,4892,-1548,458,-359,-8,-15835,0,-15537,0,8160,8192,5798,194,-6100,-105,33,30
1306569892,-6616,4978,-1398,158,-251,10,-15832,0,-15537,0,8160,8192,5820,218,-6032,-105,32,31
1306619892,-6766,4756,-1654,103,-122,99,-15830,0,-15537,0,8160,8192,5828,190,-6008,-106,31,30
1306669892,-6722,4840,-1528,188,-172,6,-15827,0,-15537,0,8160,8192,5788,214,-6044,-105,33,31
1306719892,-6704,4850,-1546,110,-124,72,-15825,0,-15537,0,8160,8192,5838,192,-6046,-104,32,32
1306769892,-6724,4810,-1562,89,-117,52,-17823,0,-15537,0,8160,8192,5804,198,-6068,-106,30,31
1306819892,-6706,4842,-1542,97,-113,54,8160,8192,-17948,19939,645,8192,5854,204,-6014,-104,29,32
1306869892,-6718,4884,-1540,70,-90,65,0,0,-7,-1,-15819,0,5804,236,-6072,-106,31,30
1306919892,-6750,4828,-1606,57,-83,65,-15816,0,-15537,0,8160,8192,5824,186,-6014,-105,31,31
1306969892,-6746,4848,-1512,134,-133,30,8160,8192,0,0,645,8192,5790,180,-6008,-107,32,30
1307019892,-6722,4886,-1526,137,-132,22,-16811,0,-15537,0,8160,8192,5804,182,-6002,-108,33,32
1307069892,-6774,4800,-1620,172,-159,23,8160,8192,0,0,645,8192,5770,170,-6036,-101,31,32
1307119892,-6770,4824,-1554,221,-190,-21,-15805,0,-15537,0,8160,8192,5824,208,-6014,-105,31,33
1307169892,-6782,4816,-1566,184,-164,20,-16803,0,-15537,0,8160,8192,5818,192,-6030,-104,31,30
1307219892,-6802,4792,-1546,186,-165,43,0,0,-7,-1,-15801,0,5770,184,-6012,-103,32,30
1307269892,-6806,4710,-1548,209,-190,4,-15799,0,-15537,0,8160,8192,5798,202,-6030,-106,31,30
1307319892,-6694,4802,-1530,230,-206,16,-15797,0,-15537,0,8160,8192,5800,208,-6024,-105,32,32
1307369892,-6764,4776,-1542,166,-156,37,0,0,-7,-1,-16795,0,5796,186,-6004,-105,30,32
1307419892,-6790,4746,-1656,158,-154,35,8160,8192,-7772,19948,645,8192,5812,204,-6000,-105,32,31
1307469892,-6768,4772,-1604,184,-174,30,0,0,-7,-1,-15790,0,5840,202,-6016,-107,31,29
1307519892,-6810,4754,-1534,182,-169,32,0,0,-7,-1,-16787,0,5790,178,-6030,-107,31,31
1307569892,-6788,4728,-1580,229,-208,14,-15785,0,-15537,0,8160,8192,5820,222,-5988,-106,31,28
1307619892,-6724,4816,-1494,191,-226,21,0,0,-7,-1,-16782,0,5834,176,-6020,-104,30,34
1307669892,-6848,4744,-1522,161,-180,34,-15778,0,-15537,0,8160,8192,5810,198,-6074,-104,31,31
1307719892,-6816,4748,-1546,159,-178,37,8160,8192,30084,19953,645,8192,5806,184,-6028,-106,32,32
1307769892,-6850,4720,-1540,163,-190,42,-15772,0,-15537,0,8160,8192,5814,186,-6020,-104,31,33
1307819892,-6838,4748,-1526,189,-215,20,0,0,-7,-1,-15769,0,5812,184,-6034,-105,32,32
1307869892,-6820,4730,-1516,163,-196,30,8160,8192,-16524,19955,645,8192,5784,182,-6042,-104,34,32
1307919892,-6870,4686,-1470,243,-214,-52,-15764,0,-15537,0,8160,8192,5780,182,-6034,-104,32,30
1307969892,-6876,4732,-1510,205,-185,4,-17761,0,-15537,0,8160,8192,5790,194,-5996,-104,31,32
1308019892,-6834,4536,-1420,173,-165,29,-17759,0,-15537,0,8160,8192,5800,200,-6070,-108,33,30
1308069892,-6812,4684,-1532,170,-167,21,-15756,0,-15537,0,8160,8192,5840,168,-5990,-102,33,31
1308119892,-6936,4740,-1572,176,-160,35,-16752,0,-15537,0,8160,8192,5800,200,-6068,-104,29,31
1308169892,-6868,4660,-1462,190,-177,4,8160,8192,21332,19960,645,8192,5836,178,-6056,-104,31,29
1308219892,-6868,4634,-1564,132,-136,52,-15746,0,-15537,0,8160,8192,5792,198,-6012,-104,30,30
1308269892,-6860,4632,-1496,128,-137,43,-17744,0,-15537,0,8160,8192,5808,190,-5998,-105,31,32
1308319892,-6862,4600,-1422,154,-155,30,0,0,-7,-1,-15742,0,5764,150,-6046,-108,31,33
1308369892,-6902,4666,-1532,102,-109,71,-15740,0,-15537,0,8160,8192,5786,152,-6046,-104,34,29
1308419892,-6846,4612,-1536,98,-111,56,-15738,0,-15537,0,8160,8192,5796,228,-6034,-106,31,33
1308469892,-6906,4636,-1502,69,-86,71,0,0,-7,-1,-15736,0,5806,196,-6044,-105,33,32
1308519892,-6892,4620,-1538,74,-87,83,0,0,-7,-1,-15735,0,5762,188,-6050,-106,33,32
1308569892,-6916,4660,-1536,79,-93,69,0,0,-7,-1,-15733,0,5818,170,-6068,-105,34,33
1308619892,-6896,4666,-1540,99,-110,64,-15731,0,-15537,0,8160,8192,5808,190,-6058,-105,33,33
1308669892,-6898,4650,-1448,104,-112,59,8160,8192,-2956,19967,645,8192,5792,144,-6014,-105,33,34
1308719892,-6870,4666,-1526,102,-110,61,8160,8192,-18492,19968,645,8192,5788,166,-6018,-107,31,29
1308769892,-6870,4620,-1568,91,-105,68,8160,8192,31508,19969,645,8192,5820,194,-6008,-107,33,32
1308819892,-6900,4648,-1490,108,-118,58,-17722,0,-15537,0,8160,8192,5796,174,-6010,-105,31,30
1308869892,-6894,4608,-1578,140,-141,35,-16719,0,-15537,0,8160,8192,5794,208,-6014,-106,32,30
1308919892,-6850,4650,-1508,137,-138,39,0,0,-7,-1,-15715,0,5800,178,-6044,-107,32,32
1308969892,-6988,4612,-1514,190,-182,-1,-17713,0,-15537,0,8160,8192,5798,184,-6040,-108,32,33
1309019892,-6972,4624,-1532,246,-219,-9,0,0,-7,-1,-15710,0,5780,206,-6048,-105,33,31
1309069892,-6920,4616,-1456,196,-186,14,-15708,0,-15537,0,8160,8192,5832,194,-6038,-104,33,30
1309119892,-6604,4712,-1648,186,-208,23,0,0,-7,-1,-15707,0,5832,180,-6030,-105,32,30
1309169892,-7106,4592,-1482,198,-182,41,-15705,0,-15537,0,8160,8192,5776,200,-6014,-103,30,31
1309219892,-6786,4560,-1562,184,-197,64,0,0,-7,-1,-16703,0,5790,164,-6022,-104,31,33
1309269892,-6710,4722,-1520,188,-221,66,-15701,0,-15537,0,8160,8192,5836,184,-6028,-105,33,31
1309319892,-6856,4618,-1462,191,-193,28,0,0,-7,-1,-15700,0,5804,192,-6048,-105,34,30
1309369892,-6866,4598,-1466,152,-170,52,-15698,0,-15537,0,8160,8192,5794,204,-6024,-105,30,32
1309419892,-6932,4552,-1402,141,-150,53,-15694,0,-15537,0,8160,8192,5812,200,-5992,-106,33,31
1309469892,-6922,4556,-1488,126,-140,41,-15692,0,-15537,0,8160,8192,5816,162,-6030,-104,33,31
1309519892,-6918,4582,-1456,130,-143,65,0,0,-7,-1,-16690,0,5780,210,-6032,-103,32,29
1309569892,-6928,4586,-1514,121,-136,46,8160,8192,0,0,645,8192,5794,194,-6054,-106,32,31
1309619892,-6944,4580,-1428,125,-140,50,-17687,0,-15537,0,8160,8192,5790,198,-6014,-105,31,30
1309669892,-6930,4548,-1416,117,-134,52,-15682,0,-15537,0,8160,8192,5786,184,-6056,-103,30,30
1309719892,-6960,4560,-1470,116,-132,53,-15680,0,-15537,0,8160,8192,5800,146,-6016,-104,32,30
1309769892,-6906,4558,-1426,114,-130,56,-15677,0,-15537,0,8160,8192,5822,200,-6062,-106,32,31
1309819892,-6948,4580,-1424,116,-131,55,-15675,0,-15537,0,8160,8192,5830,168,-6052,-105,35,30
1309869892,-6896,4538,-1516,112,-128,56,-16673,0,-15537,0,8160,8192,5812,194,-6036,-106,31,31
1309919892,-6932,4590,-1484,111,-124,62,-15670,0,-15537,0,8160,8192,5814,240,-6042,-107,30,32
1309969892,-6928,4598,-1524,109,-129,53,0,0,-7,-1,-16668,0,5818,194,-6064,-107,31,31
1310019892,-6908,4558,-1440,108,-126,59,-17666,0,-15537,0,8160,8192,5810,232,-6064,-105,32,33
1310069892,-6972,4548,-1514,111,-126,58,8160,8192,20788,19989,645,8192,5796,194,-6064,-103,33,32
1310119892,-6950,4570,-1430,111,-126,60,8160,8192,5252,19990,645,8192,5776,178,-6002,-107,33,32
1310169892,-6872,4532,-1414,108,-124,55,-17659,0,-15537,0,8160,8192,5772,206,-5984,-106,34,31
1310219892,-6976,4546,-1452,113,-123,52,-15652,0,-15537,0,8160,8192,5804,172,-6044,-109,34,31
1310269892,-6952,4532,-1450,105,-120,60,0,0,-7,-1,-15650,0,5796,160,-6068,-104,32,30
1310319892,-6924,4538,-1418,110,-125,58,0,0,-7,-1,-15648,0,5792,186,-6008,-105,34,31
1310369892,-6938,4570,-1434,106,-119,54,-15646,0,-15537,0,8160,8192,5806,204,-6044,-106,30,31
1310419892,-6940,4566,-1440,101,-120,59,8160,8192,-22428,19994,645,8192,5816,216,-6044,-104,34,30
1310469892,-6964,4562,-1438,105,-119,52,-15641,0,-15537,0,8160,8192,5834,218,-6050,-104,33,30
1310519892,-6940,4550,-1452,102,-117,62,0,0,-7,-1,-15639,0,5812,186,-5990,-106,34,31
1310569892,-6934,4546,-1510,105,-120,55,0,0,-7,-1,-15637,0,5782,190,-6020,-106,32,32
1310619892,-6954,4558,-1512,102,-118,57,0,0,-7,-1,-15636,0,5832,204,-6020,-106,32,30
1310669892,-6918,4556,-1406,108,-121,53,-15636,0,-15537,0,8160,8192,5784,182,-5964,-107,31,32
1310719892,-6982,4546,-1462,103,-117,60,8160,8192,0,0,645,8192,5824,178,-6028,-103,32,33
1310769892,-6962,4590,-1420,103,-118,57,8160,8192,-108,19999,645,8192,5826,216,-5994,-106,29,32
1310819892,-6934,4550,-1416,104,-119,57,-15629,0,-15537,0,8160,8192,5798,164,-6030,-107,31,33
1310869892,-6956,4540,-1442,102,-116,60,-17626,0,-15537,0,8160,8192,5770,174,-5998,-104,28,31
1310919892,-6988,4550,-1424,106,-118,54,8160,8192,18820,20002,645,8192,5812,176,-6032,-108,33,32
1310969892,-6958,4538,-1474,102,-118,59,-15620,0,-15537,0,8160,8192,5804,230,-5998,-106,33,35
1311019892,-6934,4554,-1348,104,-120,57,0,0,-7,-1,-15616,0,5816,226,-6056,-104,33,32
1311069892,-6930,4554,-1416,102,-114,56,-15615,0,-15537,0,8160,8192,5816,182,-6060,-108,32,32
1311119892,-6956,4550,-1478,101,-116,57,-16613,0,-15537,0,8160,8192,5804,198,-6016,-106,33,31
1311169892,-6944,4554,-1448,102,-119,56,8160,8192,6676,20006,645,8192,5808,180,-6104,-105,32,31
1311219892,-6938,4580,-1352,98,-115,61,-15611,0,-15537,0,8160,8192,5842,218,-5968,-104,32,33
1311269892,-6938,4548,-1430,103,-120,55,-15608,0,-15537,0,8160,8192,5772,182,-5960,-108,34,31
1311319892,-6918,4546,-1468,102,-117,59,-15605,0,-15537,0,8160,8192,5808,186,-6006,-106,33,32
1311369892,-6960,4556,-1426,102,-115,57,0,0,-7,-1,-15603,0,5808,204,-5972,-106,31,31
1311419892,-6990,4550,-1444,101,-116,57,0,0,-7,-1,-15600,0,5820,182,-5988,-105,31,31
1311469892,-6972,4574,-1436,104,-116,57,8160,8192,0,0,645,8192,5808,182,-6056,-104,29,31
1311519892,-6986,4522,-1434,103,-117,61,-16595,0,-15537,0,8160,8192,5814,202,-6000,-105,32,29
1311569892,-6974,4546,-1468,99,-114,60,0,0,-7,-1,-15592,0,5816,180,-6024,-104,34,31
1311619892,-6962,4542,-1434,102,-117,60,8160,8192,-2076,20012,645,8192,5830,196,-6018,-106,33,31
1311669892,-6954,4532,-1426,99,-114,57,-15583,0,-15537,0,8160,8192,5780,172,-6056,-104,31,29
1311719892,-6974,4510,-1430,102,-116,59,8160,8192,32388,20014,645,8192,5796,208,-6020,-104,32,31
1311769892,-6978,4564,-1414,98,-116,57,8160,8192,16852,20015,645,8192,5820,222,-6018,-106,31,31
1311819892,-6962,4566,-1358,101,-116,57,-15579,0,-15537,0,8160,8192,5788,196,-6024,-103,32,32
1311869892,-6948,4528,-1420,103,-116,59,-15577,0,-15537,0,8160,8192,5802,206,-6000,-104,31,30
1311919892,-6944,4540,-1390,100,-117,58,-17574,0,-15537,0,8160,8192,5826,196,-6042,-105,33,30
1311969892,-6946,4542,-1404,102,-119,57,-15572,0,-15537,0,8160,8192,5802,170,-5982,-104,31,32
1312019892,-6954,4524,-1430,99,-116,57,-15569,0,-15537,0,8160,8192,5784,166,-6008,-105,33,30
1312069892,-6944,4548,-1418,100,-116,60,8160,8192,-10828,20019,645,8192,5814,186,-6046,-105,30,30
1312119892,-6952,4546,-1436,97,-116,57,8160,8192,-26364,20020,645,8192,5818,198,-6004,-103,31,29
1312169892,-6960,4558,-1410,99,-117,58,-15561,0,-15537,0,8160,8192,5758,154,-6056,-104,30,31
1312219892,-6960,4518,-1428,99,-115,55,-17558,0,-15537,0,8160,8192,5812,184,-5990,-108,32,29
1312269892,-6932,4516,-1382,99,-116,59,-15556,0,-15537,0,8160,8192,5826,194,-6052,-105,32,30
1312319892,-6984,4540,-1468,97,-116,58,8160,8192,0,0,645,8192,5814,184,-6042,-104,33,31
1312369892,-6942,4558,-1438,99,-116,55,-15554,0,-15537,0,8160,8192,5814,186,-6058,-109,29,28
1312419892,-6960,4518,-1410,100,-117,58,8160,8192,0,0,645,8192,5784,160,-5982,-107,33,31
1312469892,-6974,4554,-1406,100,-116,58,-15550,0,-15537,0,8160,8192,5746,164,-6074,-105,32,32
1312519892,-6994,4512,-1412,100,-117,57,-15548,0,-15537,0,8160,8192,5842,190,-6000,-105,31,31
1312569892,-6984,4546,-1458,97,-115,57,-15546,0,-15537,0,8160,8192,5794,232,-5998,-103,30,31
1312619892,-6976,4542,-1388,101,-115,57,0,0,-7,-1,-15544,0,5818,178,-6048,-103,31,31
1312669892,-6954,4516,-1400,98,-116,56,8160,8192,0,0,645,8192,5816,174,-6014,-106,30,29
1312719892,-6936,4528,-1434,100,-117,59,0,0,-7,-1,-15539,0,5814,190,-6008,-105,32,31
1312769893,-6990,4532,-1384,99,-113,56,-15539,0,-15537,0,8160,8192,5852,164,-6042,-105,33,32
1312819892,-6980,4552,-1378,112,-126,55,8160,8192,18276,20031,645,8192,5822,200,-5992,-106,31,30
1312869892,-6908,4458,-1402,273,-257,-72,-18535,0,-15537,0,8160,8192,5806,218,-6038,-105,32,32
1312919892,-6896,4784,-1074,383,-391,-109,-17534,0,-15537,0,8160,8192,5742,182,-6048,-106,32,32
1312969892,-6918,4454,-1444,152,-168,142,8160,8192,0,0,645,8192,5818,152,-5988,-109,31,32
1313019892,-7022,4478,-1316,200,-211,41,-16530,0,-15537,0,8160,8192,5792,208,-6006,-105,32,31
1313069892,-6884,4578,-1424,-66,29,48,0,0,-7,-1,-16529,0,5804,232,-5988,-104,30,32
1313119892,-7194,4288,-1464,-11,15,211,8160,8192,0,0,645,8192,5836,210,-6040,-103,32,31
1313169892,-6990,4368,-1346,323,-307,-106,-16525,0,-15537,0,8160,8192,5810,204,-6006,-105,34,31
1313219892,-6678,4766,-1302,11,-40,-5,-18523,0,-15537,0,8160,8192,5780,188,-5994,-105,31,30
1313269892,-7578,3644,-1522,164,-92,342,-18522,0,-15537,0,8160,8192,5756,218,-6040,-105,35,29
1313319892,-7092,4796,-1414,415,-358,-217,-16519,0,-15537,0,8160,8192,5832,200,-5970,-106,34,29
1313369892,-6552,4608,-1358,-95,-12,64,0,0,-7,-1,-17516,0,5796,220,-6028,-106,32,30
1313419892,-7558,4450,-614,-405,-518,261,-16514,0,-15537,0,8160,8192,5772,190,-6056,-106,31,32
1313469892,-6972,4566,-1242,24,-124,-245,-16512,0,-15537,0,8160,8192,5806,230,-6044,-104,37,32
1313519892,-6924,4624,-1106,43,-6,235,-16509,0,-15537,0,8160,8192,5794,214,-5988,-106,31,31
1313569892,-7074,4332,-1292,58,-72,67,8160,8192,0,0,645,8192,5760,212,-6036,-106,30,32
1313619892,-6912,4554,-1198,168,-178,-18,0,0,-7,-1,-17504,0,5770,204,-6032,-104,34,32
1313669892,-7028,4436,-1302,49,-61,100,-16503,0,-15537,0,8160,8192,5802,200,-5948,-108,34,31
1313719892,-7010,4490,-1254,119,-128,34,0,0,-7,-1,-17501,0,5768,220,-6076,-106,33,31
1313769892,-6982,4508,-1232,71,-80,97,-16500,0,-15537,0,8160,8192,5806,188,-6038,-106,33,33
1313819892,-7014,4472,-1264,91,-108,54,-16499,0,-15537,0,8160,8192,5836,210,-6042,-104,32,31
1313869892,-6980,4552,-1220,123,-132,36,8160,8192,0,0,645,8192,5832,170,-5968,-106,29,33
1313919892,-7016,4476,-1250,84,-94,76,8160,8192,4164,20048,645,8192,5796,192,-6048,-107,34,31
1313969892,-6966,4554,-1220,107,-118,42,8160,8192,-11372,20048,645,8192,5816,184,-5980,-106,33,32
1314019892,-6988,4486,-1272,86,-97,83,-18491,0,-15537,0,8160,8192,5816,180,-5998,-103,32,32
1314069892,-7008,4496,-1180,104,-111,62,0,0,-7,-1,-16490,0,5832,160,-6056,-104,32,31
1314119892,-6970,4488,-1258,99,-114,39,-16488,0,-15537,0,8160,8192,5794,154,-6054,-107,33,33
1314169892,-7022,4484,-1226,97,-108,64,-18486,0,-15537,0,8160,8192,5794,152,-6030,-106,32,32
1314219892,-6970,4494,-1222,98,-114,54,8160,8192,-23516,20052,645,8192,5762,146,-6016,-105,31,33
1314269892,-6974,4478,-1220,90,-97,80,0,0,-7,-1,-17482,0,5834,194,-6020,-105,32,30
1314319892,-7008,4498,-1200,101,-115,55,-16480,0,-15537,0,8160,8192,5796,206,-6050,-105,36,32
1314369892,-7022,4542,-1180,98,-110,58,8160,8192,-4588,20054,645,8192,5860,202,-6032,-103,30,32
1314419892,-6976,4480,-1284,102,-111,58,0,0,-7,-1,-17476,0,5800,198,-6054,-108,32,31
1314469892,-7010,4480,-1244,93,-105,70,0,0,-7,-1,-16474,0,5826,196,-6020,-106,32,32
1314519892,-7006,4468,-1250,98,-106,65,-16472,0,-15537,0,8160,8192,5808,208,-6050,-104,31,31
1314569892,-6988,4518,-1176,101,-113,56,8160,8192,0,0,645,8192,5826,172,-6044,-106,31,31
1314619892,-7014,4462,-1246,96,-108,66,8160,8192,0,0,645,8192,5816,194,-6036,-104,30,31
1314669892,-7020,4526,-1204,102,-112,49,-17466,0,-15537,0,8160,8192,5828,226,-6014,-104,31,34
1314719892,-6946,4502,-1230,97,-106,65,-18464,0,-15537,0,8160,8192,5794,206,-6014,-107,31,31
1314769892,-6982,4502,-1246,99,-106,64,-16462,0,-15537,0,8160,8192,6000,176,-6160,-106,32,31
1314819892,1946,-7144,-3530,-843,-3632,57,8160,8192,0,0,645,8192,-13470,-10946,-32768,-352,-488,-169
1314869892,892,618,-166,824,-1546,-208,0,0,-7,-1,-16458,0,-10802,3090,-12878,-195,614,41
1314919892,-2236,5308,-1284,995,-1132,576,-17456,0,-15537,0,8160,8192,7642,290,-4168,-98,84,6
1314969892,-9082,3290,490,-364,406,-375,-16454,0,-15537,0,8160,8192,6432,558,-4498,-140,-214,-2
1315019892,-5688,3372,-900,313,-383,-35,8160,8192,0,0,645,8192,4030,-150,-5570,-97,46,23
1315069892,-7740,4150,-1830,-137,153,50,-16450,0,-15537,0,8160,8192,5882,312,-5950,-96,115,44
1315119892,-6916,4982,-1084,163,-228,228,8160,8192,24516,20066,645,8192,6118,210,-5696,-105,74,30
1315169892,-7120,5524,-582,117,-90,-51,0,0,-7,-1,-16446,0,5666,172,-6242,-110,0,27
1315219892,-10236,4808,-564,68,-34,274,0,0,-7,-1,-17444,0,6812,-538,-6146,-103,-39,24
1315269892,-7286,4908,-1172,115,-171,-216,-17442,0,-15537,0,8160,8192,6552,126,-5626,-115,-60,26
1315319892,-7126,4494,-616,268,-36,134,-16439,0,-15537,0,8160,8192,4018,68,-6308,-78,271,64
1315369892,-7248,4200,-874,10,-41,302,8160,8192,12372,20070,645,8192,5604,200,-6190,-113,-37,12
1315419892,-6734,4298,-1236,146,-138,127,8160,8192,0,0,645,8192,5800,164,-5706,-110,77,43
1315469892,-7250,5134,-826,75,-57,139,-18434,0,-15537,0,8160,8192,5716,378,-6182,-101,27,27
1315519892,-6502,4658,-1010,221,-178,106,-16431,0,-15537,0,8160,8192,5546,302,-6002,-100,61,32
1315569892,-6968,4430,-1322,18,-36,95,-18429,0,-15537,0,8160,8192,6022,354,-5848,-107,27,32
1315619892,-7040,4706,-758,209,-182,67,-16426,0,-15537,0,8160,8192,5630,138,-6228,-100,28,24
1315669892,-7138,4454,-1030,53,-50,119,8160,8192,-15308,20074,645,8192,5936,12,-5974,-109,37,36
1315719892,-7164,4460,-1012,102,-85,174,0,0,-7,-1,-17423,0,5878,78,-5972,-103,50,30
1315769892,-6918,4588,-748,143,-147,42,8160,8192,0,0,645,8192,5600,50,-6190,-105,19,27
1315819892,-7658,4104,-594,40,53,336,-16419,0,-15537,0,8160,8192,6160,-710,-5974,-97,76,35
1315869892,-8630,5476,-1352,60,-172,6,0,0,-7,-1,-16416,0,6644,94,-6098,-109,-107,11
1315919892,-6860,4794,-1350,127,-197,-31,-16414,0,-15537,0,8160,8192,6296,-196,-6018,-111,-46,26
1315969892,-7226,4562,-1058,14,-24,270,8160,8192,22548,20079,645,8192,6034,-274,-5918,-112,-2,22
1316019892,-7844,6842,-1580,8,-893,-565,0,0,-7,-1,-17410,0,7974,514,-5020,-80,-643,4
1316069892,-8096,5698,-590,84,412,1168,-16408,0,-15537,0,8160,8192,6488,-104,-5960,-96,324,30
1316119892,-5632,4716,-1218,265,-203,-497,-16407,0,-15537,0,8160,8192,5046,910,-6296,-116,180,41
1316169892,-6824,4180,-514,235,-161,161,-18404,0,-15537,0,8160,8192,5996,-1142,-6008,-101,69,32
1316219892,-7924,3140,-94,-214,350,1093,8160,8192,0,0,645,8192,6010,-1612,-6168,-105,83,38
1316269892,-7798,4102,-624,340,-219,-121,-16400,0,-15537,0,8160,8192,5928,-774,-5706,-129,195,53
1316319892,-6484,5224,-1084,105,-174,-211,-16397,0,-15537,0,8160,8192,6242,418,-5600,-109,15,42
1316369892,-6722,5906,-2672,-3,-215,214,0,0,-7,-1,-16394,0,5778,1544,-5982,-101,-46,31
1316419892,-6248,5532,-1610,109,-166,190,-16392,0,-15537,0,8160,8192,5866,98,-5710,-98,-36,28
1316469892,-7158,4730,-890,52,-29,538,-16390,0,-15537,0,8160,8192,5530,22,-6408,-114,19,36
1316519892,-6720,5118,-1536,108,-34,-84,-16388,0,-15537,0,8160,8192,5506,928,-6110,-108,109,38
1316569892,-5588,5732,-1784,236,-249,-239,8160,8192,32724,20088,645,8192,5788,1424,-6014,-102,88,43
1316619892,-5990,5358,-1860,97,2,1,-16384,0,-15537,0,8160,8192,5764,1020,-5904,-120,147,61
1316669892,-7218,5068,-786,167,91,495,-17382,0,-15537,0,8160,8192,5612,-430,-6416,-150,202,104
1316719892,-7728,2714,720,44,436,269,8160,8192,-13884,20090,645,8192,6968,-1996,-5496,-123,457,50
1316769892,-7704,4038,-826,173,56,217,0,0,-7,-1,-16378,0,1116,-1904,-10314,-112,409,45
1316819892,-5884,5032,-1378,252,-166,-624,-16378,0,-15537,0,8160,8192,5782,264,-6098,-120,274,11
1316869892,-5364,5358,-1956,182,-141,-56,8160,8192,5044,20093,645,8192,6234,1410,-5508,-110,276,42
1316919892,-6872,4510,-1350,104,119,558,-16373,0,-15537,0,8160,8192,6508,-584,-5628,-112,329,53
1316969892,-6582,4808,-1786,63,-104,142,-16372,0,-15537,0,8160,8192,5830,608,-5502,-113,15,27
1317019892,-6952,5188,-1054,232,-97,-163,-17369,0,-15537,0,8160,8192,6014,64,-5860,-101,-80,16
1317069892,-7282,4708,-1306,-9,-19,486,8160,8192,0,0,645,8192,6108,212,-5670,-87,-6,42
1317119892,-6920,4546,-894,144,-60,-106,-16366,0,-15537,0,8160,8192,6264,-448,-5614,-100,15,24
1317169892,-6066,5086,-1462,46,-101,6,-16364,0,-15537,0,8160,8192,5684,1256,-5922,-98,-28,19
1317219892,-5542,5864,-2290,21,-178,-13,0,0,-7,-1,-17361,0,5814,1228,-5676,-102,-128,24
1317269892,-6718,5158,-1184,16,-69,454,-18359,0,-15537,0,8160,8192,6086,-150,-5924,-96,-99,20
1317319892,-7448,4388,-910,43,-75,208,0,0,-7,-1,-16357,0,6200,-306,-5840,-98,-142,23
1317369892,-6660,4622,-1130,68,-210,84,0,0,-7,-1,-16354,0,5912,-412,-5834,-88,-278,15
1317419892,-6872,5074,-1002,20,-127,306,0,0,-7,-1,-17351,0,5886,-46,-5974,-84,-226,-3
1317469892,-6194,5090,-1544,53,-198,-39,0,0,-7,-1,-16349,0,5584,478,-6002,-90,-72,10
1317519892,-6608,5050,-1384,45,-194,405,-16346,0,-15537,0,8160,8192,6376,240,-5856,-84,-153,15
1317569892,-6086,6106,-2296,-27,-242,-92,8160,8192,0,0,645,8192,5944,1686,-4332,-86,-124,19
1317619892,-7698,6592,-844,75,-32,283,-16341,0,-15537,0,8160,8192,4998,78,-5930,-81,-79,3
1317669892,-6684,4904,-1790,-172,-32,288,0,0,-7,-1,-16339,0,5882,656,-5872,-102,-42,10
1317719892,-6544,5216,-1496,124,-143,-53,0,0,-7,-1,-16337,0,6150,94,-5614,-82,3,10
1317769892,-6824,5094,-672,133,-124,115,0,0,-7,-1,-16336,0,6066,-730,-5812,-104,0,29
1317819892,-7404,5290,-1324,27,2,406,0,0,-7,-1,-16333,0,6282,-94,-5766,-99,24,27
1317869892,-6396,5062,-346,284,-242,112,-17331,0,-15537,0,8160,8192,5594,-640,-6454,-100,4,37
1317919892,-6142,4906,-1134,45,-96,70,-17328,0,-15537,0,8160,8192,5370,-418,-6174,-114,21,38
1317969892,-7094,4942,-678,168,-67,447,-16326,0,-15537,0,8160,8192,4758,-1178,-6670,-103,81,35
1318019892,-7120,4778,-1372,-92,21,242,0,0,-7,-1,-16324,0,5900,-426,-6042,-98,85,23
1318069892,-6630,5936,-1950,85,-174,-183,0,0,-7,-1,-17322,0,6664,868,-5370,-108,-11,25
1318119892,-6426,6188,-2114,119,-157,33,8160,8192,0,0,645,8192,4862,322,-6232,-97,12,45
1318169892,-6020,5920,-1664,111,-118,54,0,0,-7,-1,-16316,0,5614,1130,-6010,-85,-31,30
1318219892,-8512,6042,-426,231,-31,423,-16314,0,-15537,0,8160,8192,5226,-290,-6742,-108,-4,21
1318269892,-5968,6816,-2886,-38,-176,25,-18311,0,-15537,0,8160,8192,6414,2106,-5806,-131,31,50
1318319892,-6238,5674,-1080,407,-204,-39,8160,8192,13252,20115,645,8192,6122,132,-6000,-104,45,33
1318369892,-5934,5596,-1220,-51,13,281,-17307,0,-15537,0,8160,8192,5386,682,-6306,-104,22,28
1318419892,-5704,5428,-1258,195,-131,5,8160,8192,0,0,645,8192,5378,760,-6470,-104,36,33
1318469892,-5934,5464,-1578,2,-61,271,-16304,0,-15537,0,8160,8192,5598,706,-6448,-96,81,13
1318519892,-6800,4994,-1270,85,-103,163,-18303,0,-15537,0,8160,8192,6176,-526,-5644,-106,34,33
1318569892,-6272,5530,-1816,-34,-148,24,0,0,-7,-1,-16301,0,6192,800,-5758,-109,8,37
1318619892,-6324,5620,-972,288,-188,-15,0,0,-7,-1,-16299,0,5938,-240,-5892,-110,-5,41
1318669892,-6930,4884,-638,32,79,493,-16296,0,-15537,0,8160,8192,5790,-538,-6180,-107,87,30
1318719892,-6454,4754,-770,220,-97,-193,-16293,0,-15537,0,8160,8192,5468,-216,-6164,-120,127,43
1318769892,-6856,5136,-750,146,-62,170,-16291,0,-15537,0,8160,8192,5806,-774,-5972,-112,116,50
1318819892,-6612,5464,-1556,63,42,161,-16290,0,-15537,0,8160,8192,5648,808,-5890,-145,263,52
1318869892,-5876,5754,-1518,270,-40,-550,8160,8192,0,0,645,8192,6152,1068,-6072,-119,245,29
1318919892,-6336,5306,-992,190,38,169,8160,8192,0,0,645,8192,5846,-340,-5802,-131,252,55
1318969892,-7460,4708,-728,23,253,389,-16284,0,-15537,0,8160,8192,5938,-1014,-5850,-127,244,73
1319019892,-6024,5418,-1452,252,-237,-252,8160,8192,0,0,645,8192,6170,1058,-5756,-115,267,56
1319069892,-6614,5002,-934,85,53,52,-16279,0,-15537,0,8160,8192,5904,-240,-5796,-97,232,47
1319119892,-6858,4792,-902,92,2,249,8160,8192,26820,20127,645,8192,5600,158,-5938,-84,-3,45
1319169892,-6546,5550,-1620,101,-189,-297,8160,8192,0,0,645,8192,5826,386,-5866,-109,4,42
1319219892,-6552,5092,-1236,68,-10,385,-17272,0,-15537,0,8160,8192,6230,58,-5836,-105,55,36
1319269892,-6888,5650,-1870,173,-191,66,-16270,0,-15537,0,8160,8192,6910,-1272,-5224,-116,-49,26
1319319892,-6706,4728,-334,248,5,500,-17268,0,-15537,0,8160,8192,4608,-1428,-6416,-120,0,42
1319369892,-5212,5192,-910,253,-261,-139,-18267,0,-15537,0,8160,8192,5362,-376,-6162,-113,188,30
1319419892,-7224,6020,-1306,89,36,180,-18265,0,-15537,0,8160,8192,5726,1158,-6232,-102,165,19
1319469892,-6446,5704,-1740,83,-76,219,8160,8192,-16396,20132,645,8192,6188,576,-5426,-104,-28,27
1319519892,-5480,6396,-2286,45,-221,-21,8160,8192,-31932,20133,645,8192,5164,1210,-6248,-98,-83,37
1319569892,-5876,5550,-2196,61,-50,324,-18260,0,-15537,0,8160,8192,6280,772,-5354,-103,-137,20
1319619892,-6734,4428,-1658,47,-41,316,-17258,0,-15537,0,8160,8192,5864,-204,-5712,-77,-142,33
1319669892,-5692,5702,-1792,47,-201,-90,8160,8192,-13004,20135,645,8192,5978,556,-5778,-115,-23,29
1319719892,-5594,6174,-2200,105,-45,121,8160,8192,0,0,645,8192,5970,1546,-5870,-92,80,19
1319769892,-5342,5996,-2142,83,-124,11,8160,8192,0,0,645,8192,5524,1592,-5974,-120,47,30
1319819892,-6062,5460,-1944,93,-2,314,-16250,0,-15537,0,8160,8192,5722,550,-6004,-94,-11,20
1319869892,-6408,5480,-1178,71,-140,134,-17248,0,-15537,0,8160,8192,5982,-150,-5972,-106,-96,25
1319919892,-6576,5142,-1356,70,-128,189,8160,8192,0,0,645,8192,6478,-340,-5652,-110,-101,33
1319969892,-5740,6166,-1656,86,-159,-78,-16245,0,-15537,0,8160,8192,5732,472,-6122,-106,50,37
1320019892,-5924,6064,-1874,180,-23,46,8160,8192,9316,20141,645,8192,6046,750,-5754,-126,294,50
1320069892,-5504,6198,-2224,133,-90,-140,-16241,0,-15537,0,8160,8192,5870,1280,-5842,-115,270,47
1320119892,-5446,6030,-2154,119,-139,-5,-16240,0,-15537,0,8160,8192,5914,1194,-5710,-118,82,44
1320169892,-5908,5880,-1746,116,-105,199,8160,8192,28244,20143,645,8192,5898,966,-5782,-132,-30,59
1320219892,-6304,5208,-1236,45,-174,179,8160,8192,12708,20144,645,8192,5902,-268,-5742,-110,-167,38
1320269892,-6104,5432,-1740,-51,-294,113,0,0,-7,-1,-16233,0,5298,458,-6418,-81,-395,19
1320319892,-5396,5168,-1010,-78,-364,309,0,0,-7,-1,-16231,0,5496,-662,-6902,-118,-421,19
1320369892,-6766,5670,-520,43,-177,251,-16231,0,-15537,0,8160,8192,6028,-408,-6144,-96,-167,25
1320419892,-6524,5086,-944,6,-156,142,-16228,0,-15537,0,8160,8192,5656,-690,-6174,-85,-100,19
1320469892,-6882,5904,-686,43,-181,171,-16226,0,-15537,0,8160,8192,6366,-396,-5526,-98,-122,38
1320519892,-5834,5684,-1164,38,-204,7,8160,8192,-14972,20148,645,8192,6074,276,-5780,-102,-55,29
1320569892,-5674,6088,-1410,74,-172,4,-18222,0,-15537,0,8160,8192,5726,464,-6016,-103,-8,38
1320619892,-6044,6182,-1520,118,-65,107,8160,8192,19492,20150,645,8192,5676,756,-6140,-103,46,27
1320669892,-5430,5954,-1708,78,-157,-162,8160,8192,3956,20151,645,8192,5526,934,-6140,-102,55,30
1320719892,-5894,5492,-1448,65,-68,142,-16213,0,-15537,0,8160,8192,5610,688,-6088,-99,-6,25
1320769892,-5720,5124,-1080,21,-143,89,0,0,-7,-1,-16211,0,4928,-118,-6746,-85,-59,19
1320819892,-6698,5484,-226,-83,-249,480,0,0,-7,-1,-17210,0,5484,-458,-6420,-80,-386,14
1320869892,-6504,5076,-1160,21,-225,57,0,0,-7,-1,-16209,0,5546,-286,-6282,-91,-98,16
1320919892,-4960,4798,-1110,-16,-218,92,0,0,-7,-1,-16207,0,5700,-360,-6134,-93,-72,31
1320969892,-6858,5374,-584,33,-73,429,-16206,0,-15537,0,8160,8192,5996,-706,-6036,-98,-129,30
1321019892,-6634,5376,-66,75,-167,136,-18206,0,-15537,0,8160,8192,5904,-572,-6110,-97,-73,28
1321069892,-6760,5428,-492,80,-120,210,-16205,0,-15537,0,8160,8192,5912,-314,-6278,-89,-61,25
1321119892,-5458,6794,-1726,69,-246,-185,-16202,0,-15537,0,8160,8192,5740,1360,-6182,-95,36,23
1321169892,-5914,5942,-1120,170,-43,300,0,0,-7,-1,-16200,0,5738,396,-6178,-112,31,43
1321219892,-5518,5852,-1368,72,-238,-270,-16198,0,-15537,0,8160,8192,5622,824,-6218,-99,32,28
1321269892,-5288,6330,-1530,115,-157,73,0,0,-7,-1,-17196,0,5454,1294,-6318,-101,70,25
1321319892,-6004,6184,-1402,118,-60,21,8160,8192,0,0,645,8192,5456,892,-6358,-105,76,33
1321369892,-5508,6310,-1408,207,-107,-172,8160,8192,0,0,645,8192,5550,1010,-6280,-116,82,34
1321419892,-6402,5526,-762,147,50,254,-16190,0,-15537,0,8160,8192,5596,-212,-6224,-110,142,28
1321469892,-6600,5388,-750,165,-45,9,0,0,-7,-1,-16188,0,5656,-346,-6224,-106,127,28
1321519892,-6270,5324,-910,134,-42,16,-16186,0,-15537,0,8160,8192,5742,-426,-6086,-109,127,34
1321569892,-6450,5374,-862,145,-5,135,8160,8192,-13548,20164,645,8192,5672,-390,-6162,-108,116,35
1321619892,-6298,5534,-990,148,-51,49,-16183,0,-15537,0,8160,8192,5622,-226,-6146,-110,124,38
1321669892,-5884,5904,-1492,140,-43,-37,-18181,0,-15537,0,8160,8192,5480,308,-6164,-115,189,36
1321719892,-6190,5318,-718,134,-114,-38,0,0,-7,-1,-16179,0,5768,-754,-6338,-107,80,35
1321769892,-5806,5956,-1384,124,-104,-60,-16176,0,-15537,0,8160,8192,5554,458,-6230,-103,115,20
1321819892,-5974,5828,-1138,175,25,123,0,0,-7,-1,-16174,0,5680,408,-6182,-101,162,20
1321869892,-5778,5866,-1526,157,-91,-256,8160,8192,24308,20169,645,8192,5778,170,-6024,-96,215,15
1321919892,-5554,6654,-2460,63,25,149,8160,8192,0,0,645,8192,5664,2016,-5906,-109,135,31
1321969892,-5622,6000,-1720,158,-155,-30,0,0,-7,-1,-17168,0,5764,728,-6096,-117,76,39
1322019892,-6136,5690,-1238,170,-37,127,-17167,0,-15537,0,8160,8192,5738,240,-5998,-111,91,31
1322069892,-5974,5736,-1416,121,-125,-29,-16165,0,-15537,0,8160,8192,5760,424,-6046,-100,62,29
1322119892,-6196,5580,-1258,116,-76,197,-16162,0,-15537,0,8160,8192,5830,136,-6012,-111,10,31
1322169892,-6118,5562,-1330,89,-97,18,-16160,0,-15537,0,8160,8192,5740,162,-5946,-98,44,16
1322219892,-5956,5816,-1132,86,-109,64,-17157,0,-15537,0,8160,8192,5674,304,-6144,-102,22,43
1322269892,-6140,5728,-1492,105,-113,56,8160,8192,0,0,645,8192,5916,344,-6056,-106,36,44
1322319892,-6116,5538,-1196,96,-124,64,0,0,-7,-1,-16152,0,5788,-162,-6034,-105,7,28
1322369892,-6522,5338,-942,98,-84,151,8160,8192,20,20177,645,8192,5770,-474,-6076,-111,15,37
1322419892,-6270,5576,-1242,82,-113,53,8160,8192,-15516,20177,645,8192,5796,118,-5996,-107,25,28
1322469892,-6412,5224,-960,121,-80,208,-17147,0,-15537,0,8160,8192,5914,-436,-5990,-105,2,33
1322519892,-6058,5826,-1406,74,-157,-11,-17145,0,-15537,0,8160,8192,5904,500,-6050,-93,9,26
1322569892,-5948,5938,-1368,94,-94,152,-16143,0,-15537,0,8160,8192,5846,568,-6072,-103,7,27
1322619892,-5834,5866,-1566,77,-132,30,-18141,0,-15537,0,8160,8192,5882,530,-5940,-102,16,22
1322669892,-5976,5724,-1194,104,-95,103,-18140,0,-15537,0,8160,8192,5558,26,-6126,-100,29,25
1322719892,-5946,5880,-1360,90,-144,-24,0,0,-7,-1,-17139,0,5836,266,-6088,-105,42,30
1322769892,-6050,5634,-1322,109,-61,114,-16136,0,-15537,0,8160,8192,5694,70,-6098,-101,65,27
1322819892,-6138,5562,-1236,125,-91,53,-16135,0,-15537,0,8160,8192,5840,50,-6028,-104,62,33
1322869892,-6032,5798,-1452,104,-95,48,8160,8192,-24268,20184,645,8192,5798,286,-6048,-102,48,29
1322919892,-5808,5948,-1638,95,-95,61,-17131,0,-15537,0,8160,8192,5708,822,-6020,-107,51,30
1322969892,-6022,5852,-1444,111,-79,68,-16129,0,-15537,0,8160,8192,5806,478,-6144,-104,62,31
1323019892,-5770,5932,-1634,102,-120,15,-18128,0,-15537,0,8160,8192,5784,746,-6050,-107,40,33
1323069892,-5848,5826,-1526,118,-83,116,-16127,0,-15537,0,8160,8192,5746,562,-6002,-105,39,29
1323119892,-5876,5838,-1530,101,-106,58,-16126,0,-15537,0,8160,8192,5734,536,-6034,-102,37,32
1323169892,-6046,5662,-1228,130,-99,106,-18124,0,-15537,0,8160,8192,5844,58,-6052,-104,35,32
1323219892,-6036,5750,-1428,91,-118,-14,-17123,0,-15537,0,8160,8192,5836,346,-6038,-103,56,29
1323269892,-6338,5452,-1308,104,-92,115,8160,8192,-17484,20190,645,8192,5864,42,-6014,-111,32,34
1323319892,-6212,5576,-1236,121,-105,71,-17118,0,-15537,0,8160,8192,5808,48,-6058,-109,39,31
1323369892,-5654,5916,-1506,101,-176,-85,-16115,0,-15537,0,8160,8192,5738,514,-6010,-108,37,32
1323419892,-5794,5902,-1588,80,-128,45,0,0,-7,-1,-16113,0,5774,836,-5944,-106,16,32
1323469892,-5904,5658,-1538,53,-128,45,-16110,0,-15537,0,8160,8192,5738,584,-6092,-99,7,33
1323519892,-6020,5678,-1358,74,-128,101,-17108,0,-15537,0,8160,8192,5816,254,-6026,-104,-14,32
1323569892,-6132,5572,-1360,89,-138,49,-16106,0,-15537,0,8160,8192,5806,38,-5850,-100,10,27
1323619892,-6418,5566,-1108,97,-95,139,-16104,0,-15537,0,8160,8192,5976,-310,-6222,-106,6,29
1323669892,-6572,5238,-654,145,-36,92,0,0,-7,-1,-17102,0,5558,-322,-6388,-109,83,16
1323719892,-6636,5002,-992,83,-103,21,0,0,-7,-1,-17100,0,6082,-1028,-5736,-117,43,44
1323769892,-6322,5716,-1292,121,-81,-38,-17098,0,-15537,0,8160,8192,5840,108,-6054,-108,126,39
1323819892,-5498,6050,-1956,157,-151,-239,-18095,0,-15537,0,8160,8192,5548,846,-6064,-115,207,46
1323869892,-6336,5788,-1624,299,180,120,0,0,-7,-1,-16093,0,5992,504,-6070,-111,341,40
1323919892,-4696,6186,-2140,170,-239,-557,-16091,0,-15537,0,8160,8192,5930,1352,-6098,-136,381,57
1323969892,-5262,5994,-2048,123,-138,-29,-17089,0,-15537,0,8160,8192,6074,1480,-5628,-153,243,83
1324019892,-5424,5388,-1502,152,-98,-27,0,0,-7,-1,-16087,0,5620,1262,-5814,-143,143,60
1324069892,-5830,6156,-2114,87,-112,-8,8160,8192,-3916,20202,645,8192,5218,436,-6040,-134,124,37
1324119892,-6446,4662,-882,190,46,199,-18082,0,-15537,0,8160,8192,5320,-240,-6064,-118,163,16
1324169892,-5758,6200,-1838,84,-251,-269,-17080,0,-15537,0,8160,8192,5214,52,-6108,-108,67,22
1324219892,-5814,5640,-1994,-29,-117,-571,-16078,0,-15537,0,8160,8192,6362,524,-5728,-81,67,28
1324269892,-5088,5226,-1120,103,-124,89,8160,8192,-524,20205,645,8192,4318,-742,-6818,-100,25,23
1324319892,-6250,5690,-1536,-59,-117,419,-16074,0,-15537,0,8160,8192,6460,-336,-5470,-95,-76,0
1324369892,-6914,5190,-1202,163,-182,20,8160,8192,-31596,20207,645,8192,4988,-558,-6184,-91,-134,18
1324419892,-6680,5162,-762,61,-162,-24,0,0,-7,-1,-16071,0,5666,-394,-6050,-80,-166,9
1324469892,-6554,4594,-718,33,-137,162,-17069,0,-15537,0,8160,8192,5562,-1340,-6180,-61,-152,18
1324519892,-7176,5572,-1448,9,-161,-24,-16067,0,-15537,0,8160,8192,6230,-654,-5702,-80,-136,18
1324569892,-6914,5018,-998,36,-150,-17,0,0,-7,-1,-17064,0,6012,-470,-6056,-92,-96,21
1324619892,-6502,4868,-1018,51,-190,21,0,0,-7,-1,-16062,0,6154,-746,-5790,-99,-72,27
1324669892,-6914,4784,-568,35,-117,361,0,0,-7,-1,-16060,0,5742,-920,-6154,-98,-45,31
1324719892,-6558,4414,-674,58,-154,7,8160,8192,-9276,20212,645,8192,6394,-326,-5632,-106,-25,34
1324769892,-6530,5214,-1078,78,-177,129,0,0,-7,-1,-16057,0,5880,-278,-5986,-99,-34,31
1324819892,-6628,5084,-956,48,-131,109,0,0,-7,-1,-16056,0,5964,-390,-5908,-104,-41,29
1324869892,-6202,5574,-1336,56,-162,57,8160,8192,9652,20215,645,8192,5886,122,-5992,-106,-30,33
1324919892,-6320,5550,-1178,117,-126,79,8160,8192,0,0,645,8192,5846,342,-6082,-109,2,34
1324969892,-6108,5556,-1342,109,-118,165,-16049,0,-15537,0,8160,8192,5746,340,-6066,-105,22,29
1325019892,-6052,5516,-1210,122,-106,53,0,0,-7,-1,-17047,0,5712,162,-6118,-108,38,33
1325069892,-6608,5126,-908,79,-69,299,-17045,0,-15537,0,8160,8192,5778,-382,-6042,-108,10,28
1325119892,-6654,5100,-856,21,-66,257,0,0,-7,-1,-16042,0,5826,-314,-6092,-98,-18,30
1325169892,-6590,5658,-1076,126,-130,16,0,0,-7,-1,-16039,0,5756,420,-6046,-105,-16,32
1325219892,-6118,5852,-1372,116,-103,-10,-16037,0,-15537,0,8160,8192,5838,578,-6142,-106,47,27
1325269892,-6102,5684,-1246,43,-6,246,-16036,0,-15537,0,8160,8192,5482,734,-6122,-107,40,28
1325319892,-6118,5494,-1100,156,-85,0,0,0,-7,-1,-16034,0,5730,44,-6050,-109,80,33
1325369892,-5944,5540,-1458,66,-60,67,-16033,0,-15537,0,8160,8192,5924,240,-5884,-106,51,34
1325419892,-6486,5498,-1178,156,-70,62,-16031,0,-15537,0,8160,8192,5822,626,-6114,-108,34,31
1325469892,-5946,5814,-1456,108,-61,103,-17029,0,-15537,0,8160,8192,5826,534,-6052,-102,48,31
1325519892,-5852,5760,-1570,133,-149,-30,-17027,0,-15537,0,8160,8192,5752,558,-6094,-105,44,33
1325569892,-5894,5824,-1634,79,-94,51,5544,8192,-7,-1,-15761,0,5838,538,-5980,-107,49,28
1325619892,-5572,5990,-1828,90,-175,-103,0,0,-7,-1,-16023,0,5598,742,-5946,-109,54,21
1325669892,-5384,5700,-1576,59,-193,-3,8160,8192,23220,20227,645,8192,5686,392,-5962,-108,37,32
1325719892,-6392,5318,-1102,115,-72,24,0,0,-7,-1,-17019,0,5784,158,-5980,-102,42,29
1325769892,-6448,5550,-1178,150,-86,-108,-18017,0,-15537,0,8160,8192,5730,472,-6302,-105,46,32
1325819892,-5912,5494,-1200,112,-137,-57,-16014,0,-15537,0,8160,8192,5832,-166,-5860,-95,36,34
1325869892,-6442,5246,-1278,84,-93,-59,-16013,0,-15537,0,8160,8192,6206,82,-5888,-103,36,27
1325919892,-6488,5392,-1258,73,-106,25,-17010,0,-15537,0,8160,8192,5986,300,-5932,-107,27,29
1325969892,-6716,5130,-890,133,-98,-22,-16007,0,-15537,0,8160,8192,5900,8,-5998,-100,28,26
1326019892,-6306,5494,-1324,84,-129,-64,-16006,0,-15537,0,8160,8192,6022,130,-6022,-100,25,32
1326069892,-6412,5338,-1120,130,-130,1,0,0,-7,-1,-17004,0,5872,126,-6056,-103,39,27
1326119892,-5920,5268,-1078,84,-141,64,-17002,0,-15537,0,8160,8192,5896,-510,-5908,-104,30,32
1326169892,-6652,5082,-1060,88,-90,83,0,0,-7,-1,-16000,0,5836,-158,-6076,-100,39,29
1326219892,-6528,4952,-710,108,-112,27,8160,8192,0,0,645,8192,5864,-720,-6008,-104,11,31
1326269892,-6582,4972,-1006,61,-105,101,8160,8192,-32140,20236,645,8192,5770,-396,-6048,-100,14,30
1326319892,-6354,5268,-1084,88,-148,5,8160,8192,17860,20237,645,8192,5762,46,-6008,-106,14,29
1326369892,-6506,5274,-996,91,-102,84,8160,8192,2324,20238,645,8192,5798,-196,-6072,-104,30,31
1326419892,-6304,5354,-1362,41,-110,50,8160,8192,0,0,645,8192,5806,118,-6076,-104,17,32
1326469892,-6578,5230,-972,123,-105,100,0,0,-7,-1,-16989,0,5808,-102,-6038,-108,25,31
1326519892,-6184,5374,-1232,47,-89,103,-17987,0,-15537,0,8160,8192,5806,-94,-6046,-108,32,29
1326569892,-5950,5510,-1514,75,-142,47,0,0,-7,-1,-15984,0,5736,352,-5998,-101,30,26
1326619892,-6434,5176,-988,68,-88,119,8160,8192,0,0,645,8192,5796,-352,-6048,-107,21,29
1326669892,-6916,5002,-894,46,-30,137,0,0,-7,-1,-15979,0,5842,-212,-6072,-104,28,31
1326719892,-6660,5224,-948,135,-88,113,-15977,0,-15537,0,8160,8192,5732,-424,-5894,-106,27,29
1326769892,-6528,5156,-996,36,-46,177,8160,8192,9108,20244,645,8192,5898,-218,-5990,-100,33,30
1326819892,-7060,4556,-132,109,-2,419,0,0,-7,-1,-16971,0,5860,-1512,-6014,-103,45,27
1326869892,-7040,4350,-392,70,-1,152,-17970,0,-15537,0,8160,8192,5950,-990,-6010,-90,43,27
1326919892,-6138,5528,-1296,94,-208,-55,-15968,0,-15537,0,8160,8192,6354,906,-5998,-102,30,26
1326969892,-4864,6190,-1980,86,-211,-190,-15966,0,-15537,0,8160,8192,5208,2592,-6232,-104,72,40
1327019892,-5154,6808,-2252,234,-100,-172,-15963,0,-15537,0,8160,8192,5400,2010,-6020,-104,57,33
1327069892,-6576,5722,-2172,32,75,694,-15961,0,-15537,0,8160,8192,6066,-472,-5830,-99,40,29
1327119892,-6656,5410,-980,93,-144,-32,-15958,0,-15537,0,8160,8192,5896,-190,-6154,-94,30,31
1327169892,-6850,6030,-1326,134,43,479,-15956,0,-15537,0,8160,8192,5756,-294,-5922,-113,9,15
1327219892,-6730,4686,-912,125,-118,72,8160,8192,356,20251,645,8192,5338,-1098,-6174,-108,24,22
1327269892,-6624,5474,-840,90,-59,131,-15951,0,-15537,0,8160,8192,5956,-614,-6174,-95,46,34
1327319892,-6800,4516,-524,132,-41,134,8160,8192,-30716,20252,645,8192,6606,-1246,-5848,-100,69,33
1327369892,-6486,4526,-856,153,-24,117,-16944,0,-15537,0,8160,8192,5338,-234,-6474,-110,105,32
1327419892,-6610,5886,-694,126,-80,-19,-15941,0,-15537,0,8160,8192,11808,-908,-2034,-97,72,47
1327469892,-6150,5058,-1590,118,-93,92,-15939,0,-15537,0,8160,8192,5910,320,-6386,-97,51,35
1327519892,-4080,3220,-584,64,-124,120,-15937,0,-15537,0,8160,8192,2908,-170,-9136,-111,8,32
1327569892,-6072,5784,-1158,109,-108,157,-15935,0,-15537,0,8160,8192,3434,136,-7756,-105,11,38
1327619892,-6198,5632,-1136,121,-106,114,0,0,-7,-1,-15933,0,5620,-80,-5850,-110,17,38
1327669892,-6630,6418,-1476,184,-183,7,-17930,0,-15537,0,8160,8192,6072,396,-6956,-111,27,34
1327719892,-6016,5780,-1486,108,-102,98,-15926,0,-15537,0,8160,8192,6570,-270,-5310,-86,16,40
1327769892,-5586,5378,-506,143,-110,83,-15923,0,-15537,0,8160,8192,6558,478,-5714,-106,22,18
1327819892,-5240,4914,-1348,107,-87,13,-15920,0,-15537,0,8160,8192,4022,-246,-6744,-105,63,23
1327869892,-5962,5216,-1080,141,-65,213,0,0,-7,-1,-15917,0,5376,-90,-5952,-99,26,32
1327919892,-6482,6922,-1648,64,-150,-52,-16914,0,-15537,0,8160,8192,6538,206,-5374,-106,37,33
1327969892,-5884,5732,-1612,144,-84,193,-15913,0,-15537,0,8160,8192,5958,298,-5834,-102,17,35
1328019892,-6328,5624,-1804,129,-156,120,8160,8192,0,0,645,8192,4782,1542,-6708,-105,31,28
1328069892,-4572,4784,-1690,128,-123,29,-15906,0,-15537,0,8160,8192,6640,1042,-5598,-103,42,34
1328119892,-5860,6232,-1798,110,-111,148,8160,8192,0,0,645,8192,6012,1102,-6656,-108,5,30
1328169892,-5510,5810,-1666,104,-137,62,0,0,-7,-1,-16901,0,6340,1344,-5606,-106,6,35
1328219892,-5280,5960,-1590,102,-148,13,8160,8192,17316,20266,645,8192,6106,1152,-5844,-109,20,27
1328269892,-5812,5878,-1544,106,-59,200,0,0,-7,-1,-15896,0,5826,440,-6010,-109,29,28
1328319892,-5434,6520,-1734,73,-129,-42,8160,8192,0,0,645,8192,5510,1542,-6440,-107,33,30
1328369892,-5692,6066,-1718,125,-83,223,-15891,0,-15537,0,8160,8192,5900,690,-5856,-117,14,25
1328419892,-5730,5930,-1822,48,-135,20,-15888,0,-15537,0,8160,8192,5854,546,-6080,-110,19,20
1328469892,-5322,6372,-2014,27,-152,-12,-15886,0,-15537,0,8160,8192,5626,1152,-6212,-110,7,18
1328519892,-6270,5428,-1314,126,-54,320,0,0,-7,-1,-15884,0,5894,-104,-6278,-109,3,19
1328569892,-6370,5656,-1084,135,-93,121,-15881,0,-15537,0,8160,8192,5850,150,-5960,-119,26,20
1328619892,-5480,6010,-1734,82,-182,-103,0,0,-7,-1,-15878,0,5518,540,-6246,-110,25,25
1328669892,-6074,5890,-1420,112,-28,273,0,0,-7,-1,-16876,0,5466,494,-6090,-104,25,26
1328719892,-5488,6102,-1756,74,-161,-96,8160,8192,0,0,645,8192,5884,476,-5808,-100,37,20
1328769892,-6408,5284,-914,196,23,392,-15871,0,-15537,0,8160,8192,5922,-204,-6104,-99,44,31
1328819892,-5838,5838,-1336,98,-158,-57,0,0,-7,-1,-15867,0,5778,346,-5972,-113,31,28
1328869892,-5764,5916,-1500,95,-125,83,0,0,-7,-1,-15865,0,6016,290,-5980,-98,30,28
1328919892,-6380,5488,-1142,139,-58,180,8160,8192,0,0,645,8192,5704,-254,-6106,-107,34,32
1328969892,-5856,5778,-1364,78,-174,-98,0,0,-7,-1,-15859,0,5562,10,-6194,-102,24,30
1329019892,-6280,5720,-1242,99,-61,227,-15858,0,-15537,0,8160,8192,5838,-10,-6170,-105,14,28
1329069892,-5972,5832,-1488,77,-158,-52,-16856,0,-15537,0,8160,8192,5820,204,-6128,-105,29,31
1329119892,-5924,5858,-1486,111,-91,80,0,0,-7,-1,-15854,0,5506,282,-6274,-108,40,29
1329169892,-5964,5782,-1470,108,-80,89,-17852,0,-15537,0,8160,8192,5666,194,-6192,-103,44,29
1329219892,-6124,5724,-1262,117,-87,76,-15849,0,-15537,0,8160,8192,5768,-88,-6274,-105,47,30
1329269892,-6060,5782,-1392,104,-108,38,0,0,-7,-1,-16847,0,5574,118,-6014,-106,41,34
1329319892,-6016,5690,-1372,102,-104,53,-16844,0,-15537,0,8160,8192,5800,202,-6082,-106,38,30
1329369892,-5988,5654,-1304,108,-107,60,-16841,0,-15537,0,8160,8192,5910,-40,-5890,-106,38,33
1329419892,-5994,5678,-1406,105,-110,42,-15839,0,-15537,0,8160,8192,5844,44,-6008,-109,44,37
1329469892,-5920,5786,-1406,92,-110,45,-15837,0,-15537,0,8160,8192,5564,326,-6080,-104,31,30
1329519892,-5942,5730,-1408,109,-93,85,0,0,-7,-1,-16837,0,5918,216,-5898,-107,41,31
1329569892,-5822,5842,-1618,106,-113,40,0,0,-7,-1,-15835,0,5758,344,-6092,-107,32,31
1329619892,-5950,5564,-1394,108,-92,108,0,0,-7,-1,-15834,0,5898,224,-5994,-103,29,32
1329669892,-5834,5948,-1592,90,-133,10,-16832,0,-15537,0,8160,8192,5764,400,-6078,-108,24,35
1329719892,-6012,5664,-1308,105,-81,132,8160,8192,9988,20289,645,8192,5858,172,-5962,-101,31,30
1329769892,-5816,6008,-1526,84,-151,-54,0,0,-7,-1,-15828,0,5694,540,-6110,-108,32,34
1329819892,-5804,5828,-1490,116,-111,78,8160,8192,-21084,20290,645,8192,5924,104,-5928,-109,32,36
1329869892,-5658,5782,-1576,71,-143,-22,0,0,-7,-1,-15825,0,5902,386,-5920,-105,27,31
1329919892,-6016,5600,-1190,105,-112,92,-15823,0,-15537,0,8160,8192,5824,94,-6032,-106,22,35
1329969892,-5448,6090,-1850,48,-157,-32,-15820,0,-15537,0,8160,8192,5678,1094,-5954,-103,8,30
1330019892,-5494,6122,-1806,74,-127,29,8160,8192,-17692,20293,645,8192,5546,832,-6256,-101,29,31
1330069892,-5260,6110,-2066,89,-141,8,-15816,0,-15537,0,8160,8192,5738,884,-5986,-101,33,32
1330119892,-5404,6106,-1832,109,-97,84,-17814,0,-15537,0,8160,8192,5682,920,-6242,-103,31,29
1330169892,-5480,5948,-1634,99,-124,16,0,0,-7,-1,-16811,0,5614,642,-6004,-96,37,30
1330219892,-5506,5940,-1982,30,-178,-96,-16809,0,-15537,0,8160,8192,6104,744,-5650,-97,23,21
1330269892,-4940,5358,-1512,52,-130,-40,0,0,-7,-1,-15807,0,6300,-774,-6488,-92,33,34
1330319892,-6022,6106,-1822,72,-166,-312,-15803,0,-15537,0,8160,8192,6492,804,-5568,-108,48,17
1330369892,-5850,6080,-1840,136,-254,-400,8160,8192,4628,20299,645,8192,6094,1252,-6120,-98,24,24
1330419892,-5612,6080,-1850,134,-312,-570,0,0,-7,-1,-15798,0,4888,856,-6368,-92,43,27
1330469892,-5184,5260,-1130,125,-191,-9,0,0,-7,-1,-15795,0,5738,1976,-6038,-97,36,20
1330519892,-5618,5098,-230,70,-57,236,-15794,0,-15537,0,8160,8192,4334,472,-7218,-120,50,19
1330569892,-6498,6276,-2410,199,-331,-435,-15792,0,-15537,0,8160,8192,5442,720,-6510,-103,15,27
1330619892,-7008,6530,-1902,253,-109,-29,-16790,0,-15537,0,8160,8192,3032,-1452,-7592,-102,47,15
1330669892,-6788,6076,-2190,-76,-129,324,-17787,0,-15537,0,8160,8192,10242,1412,-2084,-103,-9,41
1330719892,-7162,6316,-2330,49,-68,320,8160,8192,26948,20304,645,8192,4754,-288,-5586,-130,73,26
1330769892,-4854,4534,-234,212,-164,-278,8160,8192,0,0,645,8192,5648,-1176,-5728,-110,35,24
1330819892,-3904,3702,274,67,-79,-37,-17779,0,-15537,0,8160,8192,4068,-400,-6296,-127,44,20
1330869892,-6390,4588,-494,74,-86,189,-15776,0,-15537,0,8160,8192,9640,118,-3766,-93,16,43
1330919892,-7284,5696,-1818,77,-133,-176,-15773,0,-15537,0,8160,8192,4770,-360,-6576,-103,25,29
1330969892,-8948,6960,-3234,130,-361,-280,-15771,0,-15537,0,8160,8192,10830,214,-1810,-114,-6,9
1331019892,-7332,4866,-1094,-13,-128,-57,-15769,0,-15537,0,8160,8192,4742,-2080,-6634,-121,-17,51
1331069892,-7208,4618,-362,-44,-16,204,-16765,0,-15537,0,8160,8192,8188,-596,-4772,-103,-39,40
1331119892,-6532,4166,162,197,-119,-228,0,0,-7,-1,-15762,0,7208,-2038,-5066,-111,38,31
1331169892,-7246,3720,646,106,4,214,8160,8192,18196,20311,645,8192,3014,2,-7304,-100,70,38
1331219892,-7936,4758,-354,108,-108,25,-16757,0,-15537,0,8160,8192,5268,-1790,-6420,-108,23,32
1331269892,-7690,3788,-42,31,-11,392,0,0,-7,-1,-16754,0,5808,-1902,-6214,-107,47,31
1331319892,-7780,3878,272,92,-37,288,-15751,0,-15537,0,8160,8192,5672,-2540,-6176,-104,26,37
1331369892,-8026,3894,-12,33,-7,615,0,0,-7,-1,-15749,0,6634,-2932,-5278,-102,19,41
1331419892,-7740,2902,754,0,77,789,8160,8192,0,0,645,8192,5784,-4466,-6218,-112,53,24
1331469892,-9056,3612,1152,154,98,452,0,0,-7,-1,-15744,0,5826,-3208,-6890,-112,44,40
1331519892,-8558,4066,1144,162,-102,4,0,0,-7,-1,-15743,0,4426,-536,-7402,-101,59,32
1331569892,-7368,5606,-98,34,-115,98,8160,8192,24980,20317,645,8192,7392,-250,-5052,-86,-2,35
1331619892,-7488,7168,-1760,65,-170,-134,8160,8192,0,0,645,8192,1784,1972,-8704,-89,92,65
1331669892,-5334,6912,-2356,87,-57,-177,0,0,-7,-1,-16735,0,8910,3770,-4314,-125,131,24
1331719892,-6062,5448,-1492,93,153,387,-15732,0,-15537,0,8160,8192,5772,1170,-7376,-106,114,24
1331769892,-6744,9580,-3322,43,-265,-269,0,0,-7,-1,-15727,0,3726,-2188,-4536,-109,17,50
1331819892,-5432,6420,-1804,293,3,471,-15725,0,-15537,0,8160,8192,2874,1182,-7174,-104,15,31
1331869892,-6330,4932,-892,142,-46,156,-17722,0,-15537,0,8160,8192,7204,-1236,-4412,-101,-2,12
1331919892,-5442,5122,-1826,156,-189,66,0,0,-7,-1,-15721,0,6792,-508,-5598,-110,-7,28
1331969892,-4738,5526,-2354,82,-98,120,-16719,0,-15537,0,8160,8192,5140,552,-6512,-121,33,23
1332019892,-5330,8530,-3400,106,-238,48,8160,8192,16228,20324,645,8192,8426,2640,-4524,-104,0,26
1332069892,-4550,7698,-3374,72,-154,-4,8160,8192,0,0,645,8192,5080,3214,-6126,-122,18,25
1332119892,-4476,7388,-3106,123,-185,-30,-16714,0,-15537,0,8160,8192,5644,3090,-5868,-116,-20,31
1332169892,-5294,6162,-1802,98,-70,364,-15711,0,-15537,0,8160,8192,5608,696,-5766,-119,-9,11
1332219892,-6418,5404,-1474,214,10,512,0,0,-7,-1,-15707,0,5632,572,-6062,-118,40,6
1332269892,-5716,6124,-1462,91,-130,64,-15702,0,-15537,0,8160,8192,5826,164,-6044,-124,27,19
1332319892,-6272,6090,-1300,179,-60,182,-15700,0,-15537,0,8160,8192,5452,330,-5964,-129,57,35
1332369892,-5330,6312,-1868,33,-202,-331,-15697,0,-15537,0,8160,8192,5882,790,-5890,-106,64,24
1332419892,-5290,6106,-2338,58,-61,216,0,0,-7,-1,-16695,0,5880,1210,-6030,-110,22,33
1332469892,-5804,5960,-1622,75,-152,18,0,0,-7,-1,-15694,0,5924,612,-6042,-95,6,25
1332519892,-6098,5746,-1250,85,-102,111,8160,8192,0,0,645,8192,5904,-88,-6014,-97,20,29
1332569892,-6392,5368,-1160,103,-66,125,-15688,0,-15537,0,8160,8192,5848,-304,-6066,-107,44,33
1332619892,-5898,5864,-1514,72,-164,-93,-16687,0,-15537,0,8160,8192,5852,74,-6026,-100,39,31
1332669892,-5878,5662,-1398,99,-77,142,0,0,-7,-1,-15685,0,5686,98,-6136,-107,31,33
1332719892,-5926,5886,-1414,102,-145,24,-15683,0,-15537,0,8160,8192,5880,238,-5846,-107,15,31
1332769892,-5902,5876,-1368,97,-104,122,8160,8192,0,0,645,8192,5848,174,-6034,-103,17,29
1332819892,-5990,5816,-1314,102,-108,52,-16676,0,-15537,0,8160,8192,5598,96,-6278,-109,37,27
1332869892,-5842,5702,-1386,104,-132,11,8160,8192,0,0,645,8192,5800,68,-6170,-104,31,36
1332919892,-5884,5836,-1504,103,-95,79,-15671,0,-15537,0,8160,8192,5810,230,-6180,-109,43,35
1332969892,-5882,5846,-1422,106,-105,37,8160,8192,-16812,20338,645,8192,5752,232,-6092,-105,43,32
1333019892,-5968,5742,-1352,111,-99,77,-17665,0,-15537,0,8160,8192,5680,8,-6198,-105,35,33
1333069892,-5816,5836,-1476,102,-109,40,-15662,0,-15537,0,8160,8192,5668,332,-6130,-105,34,34
1333119892,-5986,5730,-1400,105,-92,92,8160,8192,0,0,645,8192,5694,212,-6014,-106,35,31
1333169892,-6002,5744,-1288,102,-88,100,-16657,0,-15537,0,8160,8192,6058,24,-5954,-103,32,32
1333219892,-5918,5834,-1428,98,-118,37,-15655,0,-15537,0,8160,8192,5716,144,-6176,-106,30,34
1333269892,-6002,5824,-1366,100,-84,101,-15653,0,-15537,0,8160,8192,5904,154,-5994,-102,36,29
1333319892,-5830,5666,-1408,86,-133,2,-15651,0,-15537,0,8160,8192,5708,-76,-6082,-106,33,34
1333369892,-5774,5726,-1322,113,-130,44,0,0,-7,-1,-15651,0,5876,208,-5896,-110,29,38
1333419892,-5790,5720,-1446,107,-120,40,-15649,0,-15537,0,8160,8192,5632,242,-6124,-107,32,32
1333469892,-5890,5860,-1420,95,-98,83,0,0,-7,-1,-15647,0,5854,288,-6016,-103,31,33
1333519892,-5748,5936,-1524,93,-97,53,-16645,0,-15537,0,8160,8192,5806,418,-6004,-104,40,27
1333569892,-6028,5874,-1384,106,-85,100,8160,8192,-6636,20347,645,8192,5732,138,-6102,-99,40,30
1333619892,-5902,5942,-1432,98,-110,39,-15640,0,-15537,0,8160,8192,5798,332,-5994,-106,35,36
1333669892,-5816,5934,-1544,103,-118,20,8160,8192,0,0,645,8192,5828,338,-6010,-107,44,35
1333719892,-5880,5896,-1476,94,-113,35,0,0,-7,-1,-15635,0,5800,270,-6044,-104,36,29
1333769892,-5756,5908,-1574,100,-121,23,8160,8192,-3244,20350,645,8192,5770,560,-6006,-108,40,35
1333819892,-5268,6128,-1904,83,-178,-113,-17630,0,-15537,0,8160,8192,5580,1010,-6154,-101,42,32
1333869892,-5752,6138,-1698,78,-116,61,8160,8192,31220,20352,645,8192,5950,760,-6070,-103,23,31
1333919892,-5202,5958,-1582,49,-134,-123,-15626,0,-15537,0,8160,8192,5806,1196,-5964,-104,22,29
1333969892,-5492,6132,-1752,90,-142,32,-16622,0,-15537,0,8160,8192,5622,1184,-6006,-96,21,32
1334019892,-5474,6390,-2098,44,-147,-61,8160,8192,0,0,645,8192,5500,1026,-6284,-104,26,30
1334069892,-5502,6366,-2014,151,-189,-159,-15615,0,-15537,0,8160,8192,5662,444,-6046,-95,33,31
1334119892,-7492,7468,-3346,116,-334,-709,-15613,0,-15537,0,8160,8192,5508,1620,-6418,-100,16,20
1334169892,-6146,6262,-1984,72,-160,-175,-15612,0,-15537,0,8160,8192,5268,958,-6192,-96,24,21
1334219892,-4942,5432,-1448,14,-106,31,0,0,-7,-1,-15610,0,6008,1052,-6314,-87,29,31
1334269892,-5584,5776,-1516,82,-130,-85,8160,8192,-27532,20358,645,8192,6154,2088,-6544,-97,43,29
1334319892,-6258,5988,-1582,85,-145,88,-15606,0,-15537,0,8160,8192,3918,-426,-7014,-101,42,24
1334369892,-6966,6068,-1708,108,-155,-163,0,0,-7,-1,-16604,0,5622,-1086,-6022,-118,15,20
1334419892,-4882,4744,-562,113,-180,15,-16601,0,-15537,0,8160,8192,6124,964,-5582,-90,-9,40
1334469892,-5660,5284,-662,77,-78,69,8160,8192,-24140,20361,645,8192,6946,446,-5664,-102,12,14
1334519892,-7854,7830,-3756,104,-292,-2,8160,8192,0,0,645,8192,8080,1652,-3382,-116,29,27
1334569892,-5464,5426,-1762,119,-162,-96,-16595,0,-15537,0,8160,8192,4956,2248,-5988,-123,64,24
1334619892,-6068,5808,-1528,179,-161,94,-15593,0,-15537,0,8160,8192,6302,-604,-5356,-104,37,32
1334669892,-7324,7296,-3386,-15,-176,52,8160,8192,0,0,645,8192,42,-766,-10440,-127,54,12
1334719892,-5582,3836,-208,142,-179,26,8160,8192,0,0,645,8192,9488,-278,-3804,-91,10,43
1334769892,-6596,5532,-1418,55,-217,-401,-15584,0,-15537,0,8160,8192,5788,324,-5728,-88,5,29
1334819892,-6306,5130,-848,166,-191,-62,8160,8192,0,0,645,8192,7408,-666,-4216,-122,21,14
1334869892,-6386,4052,262,100,-92,-144,-15580,0,-15537,0,8160,8192,6480,-1188,-6120,-140,14,50
1334919892,-6932,4758,-818,27,-46,199,0,0,-7,-1,-15578,0,5664,322,-6442,-103,6,34
1334969892,-7130,4204,140,245,-146,197,-16576,0,-15537,0,8160,8192,6670,-2702,-5428,-107,69,36
1335019892,-7848,3200,-454,-171,2,-187,-16574,0,-15537,0,8160,8192,4072,-2952,-7144,-111,3,22
1335069892,-7430,5040,-480,230,-388,-497,-17572,0,-15537,0,8160,8192,5084,-1866,-6258,-103,9,32
1335119892,-7646,4218,-324,-34,-20,174,8160,8192,0,0,645,8192,6160,-1904,-5892,-106,45,38
1335169892,-7260,4246,-320,147,-108,-24,-16564,0,-15537,0,8160,8192,6086,-1526,-5782,-104,53,30
1335219892,-7054,4634,-366,201,-166,28,8160,8192,0,0,645,8192,5662,-1302,-6128,-115,51,35
1335269892,-7446,4164,-70,69,67,622,0,0,-7,-1,-16559,0,5772,-2354,-5856,-107,69,30
1335319892,-7308,3438,498,50,38,541,8160,8192,-26108,20374,645,8192,6578,-2090,-7030,-87,43,60
1335369892,-7938,3414,1252,105,34,464,8160,8192,0,0,645,8192,5946,-1894,-5640,-107,8,43
1335419892,-8032,3566,342,65,181,857,0,0,-7,-1,-15554,0,9228,-5542,-4430,-128,167,30
1335469892,-6826,3256,610,200,-80,142,-15552,0,-15537,0,8160,8192,6898,-2518,-5748,-91,37,68
1335519892,-6088,3726,-362,76,-120,49,0,0,-7,-1,-15549,0,6948,-2808,-4692,-98,21,50
1335569892,-6922,9592,-2738,64,-131,-88,-15548,0,-15537,0,8160,8192,-7660,2316,-16180,-91,144,40
1335619892,-5464,4694,-1412,116,163,497,8160,8192,11748,20379,645,8192,3352,-924,-6638,-108,87,12
1335669892,-4526,3496,376,85,-28,81,0,0,-7,-1,-15544,0,17558,732,2778,-80,-28,37
1335719892,-4760,6000,-2084,45,-118,-44,0,0,-7,-1,-15541,0,7724,3146,-5376,-104,24,30
1335769893,-11298,7492,-980,205,-21,107,-15539,0,-15537,0,8160,8192,5872,-3422,-6344,-102,0,18
1335819895,-6344,6358,-1470,44,-23,251,8160,8192,0,0,645,8192,2434,1288,-7272,-87,12,39
1335869892,-3260,6940,-2568,69,-328,-706,0,0,-7,-1,-16535,0,6304,8310,-1992,-75,-24,46
1335919892,-4408,6288,-2282,219,-46,571,-16533,0,-15537,0,8160,8192,5458,1662,-6584,-123,50,15
1335969892,-3668,8164,-4428,39,-154,-8,-18531,0,-15537,0,8160,8192,4984,5122,-6658,-134,30,24
1336019892,-3438,8306,-3488,517,-615,-1068,-18529,0,-15537,0,8160,8192,5538,2716,-5624,-122,-6,35
1336069892,-5036,6684,-2384,-162,337,1247,-16526,0,-15537,0,8160,8192,5490,1948,-6130,-109,86,2
1336119892,-6876,5314,-1086,75,203,533,8160,8192,-12540,20386,645,8192,5716,-184,-5992,-109,40,17
1336169892,-6246,5714,-1078,129,-106,213,-17522,0,-15537,0,8160,8192,5790,-364,-6108,-117,8,32
1336219892,-5814,5794,-1472,56,-148,-25,-17519,0,-15537,0,8160,8192,5696,342,-5970,-108,17,28
1336269892,-6098,5992,-1658,88,-89,77,8160,8192,6388,20389,645,8192,5466,534,-5780,-106,42,23
1336319892,-5520,5884,-1620,102,-76,82,-17515,0,-15537,0,8160,8192,5616,576,-6046,-102,32,33
1336369892,-5828,5850,-1488,102,-124,69,8160,8192,-24684,20390,645,8192,5824,248,-6112,-112,27,37
1336419892,-5970,5580,-1258,131,-107,70,-16511,0,-15537,0,8160,8192,5730,30,-6156,-103,40,31
1336469892,-5914,5762,-1328,108,-129,47,0,0,-7,-1,-16509,0,5816,-58,-6074,-102,27,30
1336519892,-6172,5646,-1162,103,-112,87,8160,8192,-5756,20392,645,8192,5816,-158,-6088,-104,18,33
1336569892,-5934,5800,-1454,99,-131,15,0,0,-7,-1,-16506,0,5892,170,-5948,-106,29,31
1336619892,-5888,5880,-1500,103,-112,59,-18503,0,-15537,0,8160,8192,5932,282,-5960,-110,34,33
1336669892,-5868,5784,-1540,92,-106,37,-16500,0,-15537,0,8160,8192,5804,196,-6028,-106,34,33
1336719892,-5946,5806,-1504,103,-109,56,-16497,0,-15537,0,8160,8192,5862,254,-5932,-105,35,31
1336769892,-6068,5840,-1318,103,-110,77,-16494,0,-15537,0,8160,8192,5766,30,-6040,-102,20,29
1336819892,-5924,5756,-1430,94,-114,55,-16493,0,-15537,0,8160,8192,5784,214,-6030,-104,28,32
1336869892,-5916,5896,-1384,103,-117,60,0,0,-7,-1,-16492,0,5822,122,-6112,-104,28,31
1336919892,-6016,5772,-1424,106,-103,48,0,0,-7,-1,-16489,0,6032,142,-5978,-107,45,32
1336969892,-5858,5778,-1438,108,-106,38,-16486,0,-15537,0,8160,8192,5806,250,-6186,-112,44,38
1337019892,-5996,5656,-1270,115,-77,102,-16484,0,-15537,0,8160,8192,5826,52,-5956,-107,48,34
1337069892,-5992,5862,-1372,94,-100,49,-18483,0,-15537,0,8160,8192,5888,128,-5992,-101,40,32
1337119892,-5690,5804,-1536,100,-121,19,-16480,0,-15537,0,8160,8192,5602,276,-6162,-107,36,34
1337169892,-5810,5926,-1568,96,-83,103,-16479,0,-15537,0,8160,8192,5792,494,-6056,-100,36,30
1337219892,-5806,5856,-1446,115,-91,99,8160,8192,-26652,20403,645,8192,5922,238,-6006,-103,35,30
1337269892,-5880,5814,-1432,93,-118,67,8160,8192,0,0,645,8192,6032,166,-5928,-102,25,34
1337319892,-5748,6000,-1650,88,-115,26,-16472,0,-15537,0,8160,8192,5972,576,-5936,-100,29,26
1337369892,-5888,5880,-1370,108,-99,116,-16469,0,-15537,0,8160,8192,5676,114,-6288,-104,24,31
1337419892,-6044,5870,-1420,89,-122,28,-16469,0,-15537,0,8160,8192,5502,170,-6204,-104,32,34
1337469892,-5946,5838,-1458,109,-127,21,8160,8192,26740,20407,645,8192,5930,138,-5934,-99,32,31
1337519892,-5546,6098,-1680,66,-164,-76,-16463,0,-15537,0,8160,8192,5908,340,-5896,-106,31,32
1337569892,-5810,5974,-1588,100,-117,47,-16461,0,-15537,0,8160,8192,5526,582,-6164,-104,26,32
1337619892,-5820,5776,-1260,57,-121,-14,-16458,0,-15537,0,8160,8192,5936,242,-5970,-101,10,29
1337669892,-5804,5752,-1538,69,-119,44,8160,8192,30132,20410,645,8192,5548,576,-6222,-102,23,33
1337719892,-5488,6238,-1886,80,-158,-89,-16452,0,-15537,0,8160,8192,6080,736,-5840,-101,29,28
1337769892,-5840,6196,-1680,104,-117,-14,-18450,0,-15537,0,8160,8192,5868,904,-6044,-103,48,28
1337819892,-5744,6172,-1936,52,-186,-436,-16448,0,-15537,0,8160,8192,5754,934,-5878,-105,42,29
1337869892,-5268,6024,-1974,116,-199,-232,-16447,0,-15537,0,8160,8192,5782,1110,-6044,-93,32,29
1337919892,-5728,6442,-1888,30,-121,-54,-18445,0,-15537,0,8160,8192,6142,1478,-5598,-98,11,26
1337969892,-6044,5330,-644,81,-89,-220,8160,8192,2452,20415,645,8192,4496,1020,-7244,-103,35,21
1338019892,-5698,5142,-878,92,-140,-231,0,0,-7,-1,-16441,0,5954,98,-5642,-97,32,28
1338069892,-6540,6124,-1660,102,-155,-101,0,0,-7,-1,-18438,0,6152,406,-6042,-111,44,16
1338119892,-6694,5580,-1288,78,-81,9,8160,8192,21380,20417,645,8192,4918,-90,-6634,-98,39,34
1338169892,-6082,5482,-1364,63,-132,108,-16435,0,-15537,0,8160,8192,5850,-904,-5806,-106,32,22
1338219892,-4940,4430,226,45,-20,-4,8160,8192,0,0,645,8192,5282,-304,-6420,-103,39,33
1338269892,-5824,5122,-1244,67,-125,19,8160,8192,-25228,20419,645,8192,5876,82,-5726,-101,25,23
1338319892,-6050,6754,-2496,93,-273,-184,0,0,-7,-1,-16432,0,7062,1494,-5198,-90,-12,30
1338369892,-5984,6228,-1614,121,-189,-29,-16429,0,-15537,0,8160,8192,4412,476,-6570,-102,5,20
1338419892,-5846,6386,-2382,76,-151,51,-16427,0,-15537,0,8160,8192,5058,1200,-6964,-115,61,38
1338469892,-5766,5618,-1364,153,-163,96,0,0,-7,-1,-16424,0,4650,-78,-6850,-98,28,43
1338519892,-5716,5212,-1484,77,-107,-5,-18422,0,-15537,0,8160,8192,5250,860,-6624,-124,46,18
1338569892,-5788,4652,-820,62,-88,174,-17419,0,-15537,0,8160,8192,6698,88,-5582,-110,23,21
1338619892,-8394,6688,-3288,11,-426,-143,8160,8192,0,0,645,8192,6668,410,-4928,-109,20,13
1338669892,-4128,3916,-192,131,-307,-352,8160,8192,-18444,20425,645,8192,6790,1022,-6582,-99,-5,46
1338719892,-6680,6008,-2056,52,-201,-190,-18412,0,-15537,0,8160,8192,4788,386,-6450,-97,12,28
1338769892,-6332,5034,-710,104,-116,-107,0,0,-7,-1,-16411,0,742,-6,-9228,-115,7,21
1338819892,-7288,4704,-258,96,8,322,8160,8192,484,20428,645,8192,3832,-1144,-6124,-101,19,39
1338869892,-7148,4330,-608,108,-57,218,8160,8192,-15052,20428,645,8192,5718,-1392,-5868,-129,20,19
1338919892,-7188,5086,-904,101,-171,-132,-16406,0,-15537,0,8160,8192,8104,-1428,-3906,-107,-18,37
1338969892,-7550,3648,274,88,7,460,-17404,0,-15537,0,8160,8192,6634,-2586,-5614,-104,18,29
1339019892,-7736,3980,-128,-164,6,47,-16402,0,-15537,0,8160,8192,5644,-1236,-6044,-99,-31,38
1339069892,-6320,4938,-864,264,-393,-214,8160,8192,-11660,20431,645,8192,6032,-92,-5472,-99,2,39
1339119892,-7498,4588,-124,195,-117,409,8160,8192,-27196,20432,645,8192,5640,-936,-6160,-103,29,34
1339169892,-8198,3636,680,196,20,334,-16396,0,-15537,0,8160,8192,5630,-3132,-6346,-107,67,32
1339219892,-7288,3780,28,159,-81,-21,-16395,0,-15537,0,8160,8192,5450,-1956,-6502,-105,55,28
1339269892,-7272,3694,550,27,103,697,-16393,0,-15537,0,8160,8192,5934,-2834,-6040,-109,46,38
1339319892,-9188,3078,842,-43,290,1082,-16391,0,-15537,0,8160,8192,6570,-4852,-5638,-108,80,28
1339369892,-10068,2270,2384,202,104,554,8160,8192,0,0,645,8192,7184,-7280,-4022,-80,-9,21
1339419892,-8056,5334,-544,14,-293,-213,0,0,-7,-1,-16385,0,2916,-108,-6394,-85,-1,54
1339469892,-4128,5570,242,50,-236,-197,-18382,0,-15537,0,8160,8192,6352,-1188,-7322,-117,-90,60
1339519892,-7360,6806,-986,173,191,349,0,0,-7,-1,-16381,0,9708,802,-3076,-113,141,40
1339569892,-5918,5914,-1070,160,-84,88,8160,8192,29588,20439,645,8192,6540,3084,-6478,-98,57,29
1339619892,-5168,4814,-1972,117,17,135,-16378,0,-15537,0,8160,8192,7550,-442,-2940,-88,149,41
1339669892,-4626,4498,-798,236,-162,166,-17375,0,-15537,0,8160,8192,4650,826,-6024,-95,7,41
1339719892,-5018,5830,-2050,94,-110,104,-16372,0,-15537,0,8160,8192,4940,-814,-5694,-128,22,41
1339769892,-4118,7634,-3260,168,-374,-283,0,0,-7,-1,-16370,0,3828,3956,-7650,-104,65,39
1339819892,-2858,9110,-4638,294,-318,-430,-18368,0,-15537,0,8160,8192,3728,5110,-5666,-135,37,31
1339869892,-3308,7882,-3416,346,-284,-206,0,0,-7,-1,-17365,0,5964,4114,-6374,-109,31,29
1339919892,-5566,6044,-1150,-7,203,1226,0,0,-7,-1,-16363,0,6196,392,-6568,-128,-7,21
1339969892,-5364,6918,-2284,21,-168,53,-16362,0,-15537,0,8160,8192,5838,2032,-6178,-119,3,29
1340019892,-5538,6434,-1644,320,-190,-172,0,0,-7,-1,-17359,0,6046,336,-5584,-115,72,13
1340069892,-5406,5962,-2204,-20,103,501,0,0,-7,-1,-16357,0,5688,1226,-6364,-115,70,29
1340119892,-5518,6068,-1426,169,-144,36,-18355,0,-15537,0,8160,8192,5836,546,-6054,-115,24,32
1340169892,-6066,5900,-1474,77,-70,200,-16352,0,-15537,0,8160,8192,5942,394,-5818,-107,8,28
1340219892,-5758,6030,-1466,92,-123,-6,-17350,0,-15537,0,8160,8192,5744,170,-6076,-94,29,17
1340269892,-6052,5764,-1374,48,-100,138,0,0,-7,-1,-17348,0,5812,-108,-6098,-102,-6,29
1340319892,-6004,5846,-1528,80,-134,64,-16346,0,-15537,0,8160,8192,5800,342,-6012,-109,14,40
1340369892,-5536,6072,-1684,87,-119,-30,-18344,0,-15537,0,8160,8192,5726,498,-6044,-102,57,26
1340419892,-6114,5548,-1264,131,-62,134,0,0,-7,-1,-17342,0,5764,-64,-6012,-107,47,33
1340469892,-6034,5668,-1218,92,-108,47,-16340,0,-15537,0,8160,8192,5796,-52,-5996,-100,26,31
1340519892,-5984,5772,-1300,89,-109,85,-16338,0,-15537,0,8160,8192,5870,92,-5976,-101,23,30
1340569892,-5838,5774,-1402,102,-104,54,0,0,-7,-1,-17335,0,5788,168,-6074,-103,35,27
1340619892,-5858,5890,-1412,110,-108,35,0,0,-7,-1,-17332,0,5778,274,-5982,-104,46,33
1340669892,-5844,5772,-1524,100,-93,78,-16266,0,-15537,0,8160,8192,5814,286,-5974,-103,41,35
1340719892,-5938,5988,-1466,99,-89,87,-16328,0,-15537,0,8160,8192,5846,354,-5960,-108,38,27
1340769892,-5940,5766,-1380,94,-93,73,0,0,-7,-1,-16325,0,5844,134,-6102,-98,34,31
1340819892,-5906,5820,-1410,91,-99,68,8160,8192,-31132,20458,645,8192,5864,160,-6002,-104,30,32
1340869892,-5936,5752,-1422,101,-96,85,-16321,0,-15537,0,8160,8192,5732,156,-5984,-106,29,33
1340919892,-5860,5714,-1438,100,-91,87,8160,8192,0,0,645,8192,5692,148,-6100,-102,29,32
1340969892,-5886,5888,-1358,96,-102,61,0,0,-7,-1,-17319,0,5664,70,-6030,-103,37,32
1341019892,-5918,5814,-1578,95,-92,73,-16318,0,-15537,0,8160,8192,5734,266,-5918,-104,39,32
1341069892,-5744,5860,-1510,91,-84,75,0,0,-7,-1,-16315,0,5542,248,-6360,-103,42,27
1341119892,-5946,5856,-1494,96,-74,102,0,0,-7,-1,-17312,0,5938,354,-5844,-107,43,34
1341169892,-5940,5942,-1468,98,-86,85,-16309,0,-15537,0,8160,8192,5710,354,-6116,-99,35,29
1341219892,-5758,6038,-1710,94,-77,83,8160,8192,0,0,645,8192,5624,654,-6330,-106,47,25
1341269892,-5850,5822,-1438,112,-87,99,-18304,0,-15537,0,8160,8192,5998,198,-5902,-105,38,33
1341319892,-5956,5742,-1388,95,-94,90,0,0,-7,-1,-16302,0,6098,16,-5746,-97,29,31
1341369892,-5762,5850,-1486,95,-139,1,-16300,0,-15537,0,8160,8192,6094,260,-5838,-106,26,34
1341419892,-5880,5844,-1380,104,-92,99,8160,8192,0,0,645,8192,6064,172,-5784,-108,28,32
1341469892,-5796,5960,-1510,94,-141,17,-16295,0,-15537,0,8160,8192,5838,282,-6056,-106,21,31
1341519892,-5870,5764,-1468,95,-121,73,0,0,-7,-1,-16293,0,5610,98,-6156,-107,20,33
1341569892,-5594,5928,-1638,77,-155,-22,-17292,0,-15537,0,8160,8192,5948,604,-5940,-104,17,34
1341619892,-5686,5950,-1560,81,-115,34,8160,8192,0,0,645,8192,5884,270,-6014,-106,32,35
1341669892,-5576,6062,-1676,81,-135,-4,-18288,0,-15537,0,8160,8192,5484,982,-6190,-100,27,33
1341719892,-5356,6178,-1866,100,-159,-24,-18285,0,-15537,0,8160,8192,5924,846,-5824,-101,24,31
1341769892,-5790,6220,-1748,85,-114,42,8160,8192,1364,20473,645,8192,5556,924,-6170,-102,26,32
1341819892,-5220,6114,-1788,101,-177,-156,-16281,0,-15537,0,8160,8192,6068,954,-5926,-104,28,33
1341869892,-5114,5746,-1492,151,-275,-376,8160,8192,0,0,645,8192,6006,1378,-6096,-99,7,22
1341919892,-5870,6214,-1726,97,-168,-145,8160,8192,20292,20475,645,8192,5062,566,-6246,-96,30,34
1341969892,-4996,5136,-1194,75,-150,-110,-16275,0,-15537,0,8160,8192,5166,878,-6516,-103,26,24
1342019892,-4356,5324,-770,23,-96,4,-16272,0,-15537,0,8160,8192,4104,688,-7138,-105,46,25
1342069892,-6558,6246,-1808,153,-189,-246,-17271,0,-15537,0,8160,8192,5464,336,-6862,-97,37,28
1342119892,-6528,6416,-1754,108,-151,-39,8160,8192,0,0,645,8192,3904,882,-6822,-110,41,15
1342169892,-6074,5480,-1256,118,-107,11,8160,8192,0,0,645,8192,6238,-162,-5480,-98,48,35
1342219892,-5598,5084,-1218,102,-144,59,0,0,-7,-1,-17265,0,5922,466,-6398,-106,40,25
1342269892,-5590,5546,-972,156,-152,-6,-16263,0,-15537,0,8160,8192,7222,774,-5436,-111,15,19
1342319892,-4772,4164,-542,133,-194,-155,-16262,0,-15537,0,8160,8192,4548,-410,-6480,-101,19,37
1342369892,-5716,5742,-1926,121,-192,102,8160,8192,0,0,645,8192,4498,152,-6818,-106,-3,22
1342419892,-5208,5026,-982,37,-34,252,-16259,0,-15537,0,8160,8192,4746,1458,-7416,-104,43,33
1342469892,-5970,4796,-634,115,-58,162,0,0,-7,-1,-16256,0,5524,440,-6518,-96,34,47
1342519892,-5716,5314,-984,73,-183,-248,-16255,0,-15537,0,8160,8192,6342,526,-5528,-99,-19,37
1342569892,-6660,6630,-2326,41,-148,8,0,0,-7,-1,-16253,0,6448,762,-4914,-110,16,9
1342619892,-5588,3690,-238,126,-145,-124,0,0,-7,-1,-16250,0,6986,-266,-5458,-126,20,13
1342669892,-6724,5532,-1408,91,-168,-87,8160,8192,0,0,645,8192,5668,-266,-5928,-102,34,33
1342719892,-6582,5118,-1058,110,-135,-263,-16244,0,-15537,0,8160,8192,6182,-624,-5808,-98,21,37
1342769892,-6552,5616,-1020,145,-90,176,0,0,-7,-1,-16242,0,6972,180,-5292,-116,27,22
1342819892,-5896,4830,-1356,84,-103,-187,-16240,0,-15537,0,8160,8192,6120,-1610,-6084,-114,21,45
1342869892,-8240,4570,682,4,-67,246,8160,8192,-12748,20489,645,8192,3024,-1630,-8688,-94,-21,39
1342919892,-6792,3676,-168,-47,27,305,-17234,0,-15537,0,8160,8192,6284,-1376,-6360,-103,38,25
1342969892,-7158,4734,-410,170,-241,-515,-17231,0,-15537,0,8160,8192,5092,-1026,-7092,-102,23,37
1343019892,-8116,3938,714,35,53,562,-16229,0,-15537,0,8160,8192,5804,-2386,-6108,-107,-1,23
1343069892,-6846,4356,-588,-9,-139,-121,0,0,-7,-1,-16226,0,5358,-1186,-6358,-97,11,25
1343119892,-6940,4774,-280,233,-267,-137,-16225,0,-15537,0,8160,8192,5712,-1508,-6240,-103,18,36
1343169892,-7682,4452,-90,12,62,516,0,0,-7,-1,-16223,0,5232,-1568,-6370,-108,27,38
1343219892,-7822,3754,160,125,11,467,0,0,-7,-1,-16221,0,6652,-3208,-5224,-102,55,26
1343269892,-8722,4134,142,83,20,531,5544,8192,-7,-1,-15798,0,6894,-2550,-5108,-100,31,39
1343319892,-7846,3022,608,17,166,811,8160,8192,0,0,645,8192,5480,-2976,-5952,-112,111,18
1343369892,-8670,4286,938,128,-103,69,-16216,0,-15537,0,8160,8192,7222,-666,-5962,-72,42,34
1343419892,-6038,4858,-1178,51,-120,29,-16214,0,-15537,0,8160,8192,4030,-2992,-6540,-107,44,37
1343469892,-7060,7078,-2426,96,-204,-44,-16213,0,-15537,0,8160,8192,4202,978,-5882,-96,39,74
1343519892,-6346,7476,-1702,148,-74,87,0,0,-7,-1,-17211,0,5712,448,-5776,-129,84,33
1343569892,-7174,6772,-904,91,35,281,8160,8192,0,0,645,8192,6670,744,-7026,-108,64,35
1343619892,-5702,5248,-1326,87,5,282,-16205,0,-15537,0,8160,8192,7302,1904,-6570,-113,43,51
1343669892,-4952,4974,-1304,107,-213,-37,-18202,0,-15537,0,8160,8192,8834,454,-6126,-90,7,56
1343719892,-4808,6562,-1882,152,-103,287,0,0,-7,-1,-16199,0,2752,-1392,-5972,-122,-8,20
1343769892,-3830,7944,-3628,68,-418,-440,-16197,0,-15537,0,8160,8192,6336,6086,-6110,-112,55,28
1343819892,-4554,8334,-2974,340,-139,69,0,0,-7,-1,-16195,0,4426,1990,-7590,-102,57,22
1343869892,-3988,7770,-3158,118,-77,153,-16193,0,-15537,0,8160,8192,5456,3562,-6354,-112,30,18
1343919892,-5304,6378,-1872,120,-37,471,-17190,0,-15537,0,8160,8192,5934,1186,-5786,-122,-3,28
1343969892,-6026,5580,-1604,81,11,425,-16188,0,-15537,0,8160,8192,5978,612,-5878,-121,-15,25
1344019892,-5268,6258,-1830,150,-190,-100,8160,8192,23140,20507,645,8192,5966,1114,-5830,-130,58,33
1344069892,-5888,5980,-1680,161,28,280,-16184,0,-15537,0,8160,8192,5484,852,-6198,-114,88,32
1344119892,-4130,6864,-2730,83,-174,-167,-17181,0,-15537,0,8160,8192,6008,1768,-5572,-110,77,23
1344169892,-5250,6266,-1968,129,-72,113,0,0,-7,-1,-17178,0,5810,1128,-5956,-102,45,29
1344219892,-5688,6242,-1728,100,-42,258,-16177,0,-15537,0,8160,8192,5720,682,-6144,-103,9,22
1344269892,-6316,5434,-1058,119,-115,80,-16174,0,-15537,0,8160,8192,5850,-668,-6104,-94,29,25
1344319892,-6318,5638,-1258,66,-94,43,-16173,0,-15537,0,8160,8192,5816,-42,-5924,-100,36,24
1344369892,-6344,5614,-1084,113,-80,129,0,0,-7,-1,-17170,0,5930,-462,-6034,-109,33,37
1344419892,-6086,5724,-1268,99,-120,19,-16168,0,-15537,0,8160,8192,5894,-198,-5948,-116,35,34
1344469892,-5842,5948,-1564,97,-127,13,0,0,-7,-1,-16166,0,5840,322,-6010,-103,30,26
1344519892,-5764,6050,-1630,91,-98,114,0,0,-7,-1,-17165,0,5740,414,-6002,-98,21,30
1344569892,-5944,5772,-1306,110,-124,74,8160,8192,-16684,20515,645,8192,5922,-42,-5864,-106,23,32
1344619892,-5900,5820,-1408,92,-118,30,-16161,0,-15537,0,8160,8192,5900,134,-6066,-108,34,33
1344669892,-6044,5856,-1416,108,-102,87,0,0,-7,-1,-16159,0,5804,172,-5996,-109,31,34
1344719892,-5900,5704,-1414,93,-107,60,-18156,0,-15537,0,8160,8192,5792,20,-5982,-103,32,29
1344769892,-5934,5972,-1444,96,-124,30,0,0,-7,-1,-16154,0,5804,124,-6060,-105,31,29
1344819892,-5864,5872,-1458,112,-108,84,-16152,0,-15537,0,8160,8192,5776,286,-5954,-110,28,36
1344869892,-5884,5816,-1460,95,-116,51,-17150,0,-15537,0,8160,8192,5898,46,-5922,-104,25,33
1344919892,-5950,5852,-1464,91,-114,49,-16149,0,-15537,0,8160,8192,5640,206,-6202,-108,24,29
1344969892,-5942,5938,-1390,96,-113,68,0,0,-7,-1,-16147,0,5638,122,-6046,-110,23,31
1345019892,-5998,5810,-1360,101,-98,79,-18145,0,-15537,0,8160,8192,5614,4,-6182,-102,38,31
1345069892,-5790,5910,-1542,91,-127,11,8160,8192,0,0,645,8192,5518,186,-6236,-108,33,33
1345119892,-5956,5766,-1428,110,-80,117,0,0,-7,-1,-17143,0,5498,52,-6262,-104,38,32
1345169892,-5886,5914,-1580,100,-98,51,8160,8192,0,0,645,8192,5458,292,-6230,-100,42,31
1345219892,-5816,5834,-1490,103,-106,65,-16140,0,-15537,0,8160,8192,5868,184,-5946,-102,33,31
1345269892,-5860,5890,-1498,114,-87,80,8160,8192,27956,20526,645,8192,5990,398,-5858,-100,43,24
1345319892,-5722,6046,-1606,96,-123,21,0,0,-7,-1,-16136,0,5774,356,-6106,-105,34,31
1345369892,-5832,5784,-1534,86,-108,74,-16133,0,-15537,0,8160,8192,5814,212,-6030,-106,20,34
1345419892,-5650,6218,-1760,81,-150,-15,0,0,-7,-1,-17131,0,5850,778,-5964,-103,19,34
1345469892,-5792,5934,-1460,110,-91,78,-18129,0,-15537,0,8160,8192,5754,624,-5944,-103,41,34
1345519892,-5232,6396,-2116,38,-164,-95,-16126,0,-15537,0,8160,8192,5812,694,-5992,-105,28,32
1345569892,-5706,5808,-1694,85,-106,124,0,0,-7,-1,-17125,0,5720,472,-6034,-101,9,36
1345619892,-5862,5930,-1410,63,-135,24,0,0,-7,-1,-16123,0,5722,906,-6132,-101,13,31
1345669892,-5602,6104,-1618,62,-136,10,-16121,0,-15537,0,8160,8192,6204,516,-5774,-104,13,31
1345719892,-5518,6180,-2010,45,-169,-197,-17120,0,-15537,0,8160,8192,5908,1204,-5828,-102,18,28
1345769892,-5668,6416,-1682,199,-224,-273,-16117,0,-15537,0,8160,8192,5714,1192,-6146,-96,32,34
1345819892,-5636,5698,-1492,27,-109,30,8160,8192,0,0,645,8192,5286,1102,-6520,-102,21,34
1345869892,-6328,6268,-1770,160,-191,-261,0,0,-7,-1,-16114,0,5126,42,-6478,-93,47,31
1345919892,-6514,7014,-2798,107,-207,-237,-17112,0,-15537,0,8160,8192,4656,-90,-5986,-108,48,25
1345969892,-5896,5610,-1568,132,-180,-106,0,0,-7,-1,-17111,0,5978,798,-5650,-89,41,32
1346019892,-5728,5698,-1906,76,-178,-46,8160,8192,-8476,20537,645,8192,5272,850,-6090,-109,50,18
1346069892,-5760,5586,-1556,184,-257,-289,0,0,-7,-1,-16107,0,6904,134,-5578,-97,26,38
1346119892,-5892,6066,-1810,129,-205,-75,0,0,-7,-1,-16105,0,4396,-416,-6428,-102,29,34
1346169892,-6748,6800,-1992,134,-125,198,8160,8192,10452,20540,645,8192,4914,916,-6684,-119,37,21
1346219892,-7548,7388,-3132,94,-182,138,0,0,-7,-1,-17101,0,6010,514,-4876,-97,12,35
1346269892,-6066,6148,-2020,98,-179,73,-17099,0,-15537,0,8160,8192,4482,1154,-6650,-108,-9,22
1346319892,-4876,4860,-802,78,-99,45,-16097,0,-15537,0,8160,8192,5824,992,-6382,-102,38,33
1346369892,-5238,5358,-1104,147,-146,116,8160,8192,13844,20543,645,8192,6946,154,-4978,-93,34,47
1346419892,-5524,5270,-1352,85,-170,-141,-17092,0,-15537,0,8160,8192,4454,-56,-6774,-107,-5,32
1346469892,-6118,5978,-1422,54,-75,51,0,0,-7,-1,-16091,0,2834,962,-8034,-113,33,14
1346519892,-6956,7230,-3176,105,-306,-217,-16088,0,-15537,0,8160,8192,3384,1028,-8500,-118,13,12
1346569892,-7236,6196,-1880,104,-181,-119,8160,8192,17236,20546,645,8192,4200,954,-7378,-100,12,36
1346619892,-6136,5350,-1652,133,-191,-136,8160,8192,1700,20547,645,8192,4512,-1382,-6050,-114,10,14
1346669892,-7240,5492,-1342,118,-83,177,8160,8192,-13836,20547,645,8192,5272,-1606,-6706,-108,26,38
1346719892,-9650,5782,-304,146,31,314,8160,8192,0,0,645,8192,1274,-2598,-8266,-108,10,17
1346769892,-6852,4452,-380,-3,-50,51,-18079,0,-15537,0,8160,8192,5762,-1566,-5800,-112,7,22
1346819892,-7104,4004,176,173,-147,22,-16077,0,-15537,0,8160,8192,5572,-1908,-6548,-93,14,33
1346869892,-7954,4390,66,75,-29,383,0,0,-7,-1,-16075,0,5770,-2320,-6184,-110,-7,25
1346919892,-7114,3748,-150,26,-147,-193,8160,8192,0,0,645,8192,5880,-1606,-6022,-100,21,24
1346969892,-7006,4568,-454,113,-207,-182,0,0,-7,-1,-16070,0,5698,-1136,-6282,-105,28,32
1347019892,-7492,4322,-64,83,17,437,-16067,0,-15537,0,8160,8192,6014,-2046,-5934,-108,59,41
1347069892,-7938,4554,-496,57,23,330,-16065,0,-15537,0,8160,8192,5368,-2314,-5996,-112,67,39
1347119892,-7714,2582,1494,149,112,692,8160,8192,0,0,645,8192,5116,-4584,-5858,-110,91,27
1347169892,-10452,2050,174,-188,520,1552,8160,8192,27412,20555,645,8192,3312,-6532,-6220,-99,67,24
1347219892,-7330,2584,1096,148,-300,-310,0,0,-7,-1,-16058,0,4744,-1100,-8182,-61,28,14
1347269892,-4530,2512,-1308,-28,52,193,0,0,-7,-1,-16057,0,800,-2754,-8556,-86,78,31
1347319892,-5226,7234,-2498,98,-158,-286,0,0,-7,-1,-16055,0,10092,820,1008,-67,97,55
1347369892,-6560,4412,-552,128,324,843,8160,8192,0,0,645,8192,7690,834,-5058,-96,89,18
1347419892,-7502,7714,-1952,95,-175,79,-16052,0,-15537,0,8160,8192,7322,4218,-6438,-86,-20,47
1347469892,-3788,3954,-2052,40,-146,-69,-16049,0,-15537,0,8160,8192,1286,4280,-11774,-125,41,39
1347519892,-5714,7492,-2158,83,-200,233,0,0,-7,-1,-16047,0,7182,4800,-6906,-111,-93,34
1347569892,-4858,7382,-2396,41,-248,78,-16044,0,-15537,0,8160,8192,-66,3892,-8410,-117,-54,31
1347619892,-3892,9058,-3994,262,-85,-257,0,0,-7,-1,-17041,0,4776,5464,-3842,-105,263,13
1347669892,-4984,7616,-2270,306,-130,-56,-18039,0,-15537,0,8160,8192,4358,3098,-7332,-131,61,36
1347719892,-2960,7366,-3454,-5,-22,30,0,0,-7,-1,-17036,0,6640,4918,-5522,-141,96,33
1347769892,-5452,6660,-1826,262,-160,-1,0,0,-7,-1,-16035,0,5620,468,-5932,-110,50,14
1347819892,-5476,5654,-2254,-71,326,748,-18033,0,-15537,0,8160,8192,5592,2372,-5744,-126,65,22
1347869892,-6366,6168,-1242,274,-134,126,8160,8192,0,0,645,8192,5906,-40,-6394,-109,54,23
1347919892,-5312,6364,-1812,86,-70,83,-16029,0,-15537,0,8160,8192,5544,434,-5760,-105,36,29
1347969892,-5950,6062,-1442,170,-95,128,-16026,0,-15537,0,8160,8192,5698,218,-5916,-115,38,29
1348019892,-5772,6052,-1696,87,-122,-32,-16026,0,-15537,0,8160,8192,5928,484,-6286,-99,54,27
1348069892,-6292,5568,-1216,136,-49,245,0,0,-7,-1,-16025,0,5994,-220,-5994,-107,32,36
1348119892,-6444,5426,-1048,106,-80,91,-16023,0,-15537,0,8160,8192,5898,-568,-5918,-111,35,32
1348169892,-5662,6022,-1640,58,-178,-55,-16021,0,-15537,0,8160,8192,5776,546,-6046,-98,7,24
1348219892,-5722,5972,-1568,82,-95,159,-16519,0,-15537,0,8160,8192,5786,342,-6120,-103,2,35
1348269892,-5998,5848,-1386,100,-88,123,8160,8192,13300,20572,645,8192,5816,142,-6108,-104,28,28
1348319892,-5894,5774,-1284,105,-135,-4,-16015,0,-15537,0,8160,8192,5780,-2,-5972,-107,33,29
1348369892,-6058,5696,-1326,99,-84,127,-17012,0,-15537,0,8160,8192,5824,8,-5958,-105,33,33
1348419892,-5956,5906,-1352,97,-124,36,0,0,-7,-1,-16009,0,5862,92,-6028,-104,29,32
1348469892,-5810,5856,-1476,101,-102,70,-16006,0,-15537,0,8160,8192,5674,204,-6182,-107,33,28
1348519892,-5910,5980,-1470,93,-113,65,-16004,0,-15537,0,8160,8192,5880,206,-5886,-105,26,34
1348569892,-6036,5884,-1458,96,-99,81,0,0,-7,-1,-16004,0,5696,38,-6166,-103,30,31
1348619892,-5816,5898,-1368,97,-122,53,-18004,0,-15537,0,8160,8192,5898,204,-5986,-105,23,31
1348669892,-5944,5900,-1430,104,-99,77,8160,8192,0,0,645,8192,5706,98,-6052,-103,32,29
1348719892,-5840,5872,-1464,106,-110,57,-16001,0,-15537,0,8160,8192,5862,306,-5958,-106,36,31
1348769892,-5824,5742,-1378,106,-109,57,-15999,0,-15537,0,8160,8192,5708,84,-6244,-113,39,32
1348819892,-5974,5882,-1450,103,-120,34,0,0,-7,-1,-15997,0,5912,124,-5868,-106,34,34
1348869892,-5890,5870,-1412,116,-104,46,8160,8192,0,0,645,8192,6046,202,-5744,-107,45,33
1348919892,-5864,5762,-1416,109,-110,55,8160,8192,0,0,645,8192,6032,188,-5918,-106,35,37
1348969892,-5858,5822,-1358,107,-94,60,0,0,-7,-1,-15990,0,5744,228,-6076,-104,42,29
1349019892,-5790,5902,-1502,98,-119,35,0,0,-7,-1,-15987,0,5668,312,-6018,-106,34,36
1349069892,-5952,5624,-1416,94,-83,116,8160,8192,0,0,645,8192,6034,34,-5884,-104,25,32
1349119892,-5848,5900,-1422,90,-109,51,0,0,-7,-1,-15982,0,6034,254,-5868,-106,30,33
1349169892,-6036,5986,-1420,103,-91,96,-16980,0,-15537,0,8160,8192,5846,42,-6072,-102,35,31
1349219892,-5802,5864,-1550,91,-102,54,-15979,0,-15537,0,8160,8192,5578,378,-6148,-102,35,28
1349269892,-5916,5906,-1422,121,-117,74,8160,8192,30260,20587,645,8192,6018,78,-5836,-103,27,36
1349319892,-5562,6114,-1710,82,-133,5,8160,8192,14724,20588,645,8192,5618,676,-6146,-107,23,31
1349369892,-5426,6342,-1870,100,-176,-38,0,0,-7,-1,-15972,0,5998,1040,-5902,-110,21,35
1349419892,-5320,6398,-2144,60,-132,39,0,0,-7,-1,-15969,0,5974,1028,-5850,-109,15,32
1349469892,-5598,6146,-1692,64,-142,-20,-15966,0,-15537,0,8160,8192,6022,408,-5808,-97,25,22
1349519892,-5402,6318,-1826,49,-170,-95,-17963,0,-15537,0,8160,8192,5948,978,-5808,-102,21,29
1349569892,-5342,6152,-1774,108,-181,-110,-16961,0,-15537,0,8160,8192,6166,576,-5750,-105,24,29
1349619892,-5232,6402,-2128,122,-251,-282,-15957,0,-15537,0,8160,8192,5608,1566,-6136,-102,33,26
1349669892,-5282,6224,-2098,127,-223,-268,-15953,0,-15537,0,8160,8192,5486,1190,-6196,-100,32,33
1349719892,-4970,6244,-1904,73,-221,-211,8160,8192,0,0,645,8192,4930,1406,-6360,-100,5,23
1349769892,-5258,6316,-1892,71,-121,5,-15948,0,-15537,0,8160,8192,7202,1664,-4760,-96,24,28
1349819892,-5436,5806,-1962,84,-207,-101,-17946,0,-15537,0,8160,8192,5954,934,-5854,-90,28,33
1349869892,-5560,6044,-1722,125,-166,-108,-16942,0,-15537,0,8160,8192,7086,2746,-4622,-101,41,22
1349919892,-5872,5562,-1160,117,-116,82,0,0,-7,-1,-16940,0,5794,430,-6118,-102,44,27
1349969892,-6288,4850,-654,89,-128,-78,8160,8192,9364,20598,645,8192,7584,884,-5750,-97,-5,28
1350019892,-4358,3470,276,114,-98,90,-15937,0,-15537,0,8160,8192,7778,666,-5172,-96,0,39
1350069892,-6442,6144,-2304,72,-190,64,0,0,-7,-1,-15934,0,5124,72,-6668,-112,-1,25
1350119892,-5830,6080,-1502,125,-124,42,8160,8192,0,0,645,8192,5888,2874,-3214,-91,70,54
1350169892,-6352,5958,-1586,141,-110,65,-15930,0,-15537,0,8160,8192,4730,1788,-6698,-102,70,49
1350219892,-5874,5366,-884,105,-113,-173,8160,8192,0,0,645,8192,6700,1072,-5756,-98,7,42
1350269892,-5894,5406,-1006,33,-86,11,8160,8192,-18316,20602,645,8192,8174,-472,-4490,-96,40,30
1350319892,-4052,3880,-368,80,-218,-168,-15925,0,-15537,0,8160,8192,5402,-882,-5876,-114,5,19
1350369892,-6306,5476,-1338,163,-198,-113,-15924,0,-15537,0,8160,8192,6132,-196,-5756,-104,21,34
1350419892,-6300,5028,-1214,87,-114,-80,-16923,0,-15537,0,8160,8192,4296,-294,-7756,-109,25,20
1350469892,-6684,5376,-1542,138,-79,224,-17921,0,-15537,0,8160,8192,758,-1704,-7992,-99,61,28
1350519892,-7722,5238,-826,92,-79,5,0,0,-7,-1,-16917,0,4872,-1808,-6696,-139,8,25
1350569892,-5978,4452,-620,82,-177,-152,0,0,-7,-1,-16915,0,6590,-544,-5486,-113,2,36
1350619892,-7372,4546,-540,175,-60,248,8160,8192,0,0,645,8192,6210,-2386,-4990,-108,73,41
1350669892,-7488,5292,-1198,-18,-23,146,-15908,0,-15537,0,8160,8192,5900,-2042,-5876,-119,31,19
1350719892,-6720,4082,-230,171,-179,-63,0,0,-7,-1,-15906,0,6040,-1274,-5974,-112,39,26
1350769892,-6974,4354,-32,146,-221,-201,8160,8192,0,0,645,8192,5592,-2030,-6280,-100,26,33
1350819892,-7476,4318,-382,29,-12,345,8160,8192,0,0,645,8192,5738,-1312,-6156,-103,33,35
1350869892,-7130,4414,-304,192,-151,25,-16899,0,-15537,0,8160,8192,6120,-1552,-5916,-105,31,33
1350919892,-7522,3222,1200,123,95,796,-16897,0,-15537,0,8160,8192,6378,-3166,-6126,-103,47,33
1350969892,-12246,6134,-1526,-30,225,776,-15895,0,-15537,0,8160,8192,5064,-2746,-5570,-82,140,54
1351019892,-8506,1880,2528,167,67,856,0,0,-7,-1,-15892,0,2062,-5304,-7352,-96,50,41
1351069892,-6760,678,572,126,-145,-40,0,0,-7,-1,-15890,0,11028,-2728,-2794,-63,23,53
1351119892,-7370,5626,-408,59,-76,143,-15889,0,-15537,0,8160,8192,10502,34,-438,-85,6,38
1351169892,-8386,9098,-4480,74,-231,-198,0,0,-7,-1,-15885,0,6020,876,-9272,-88,6,57
1351219892,-6578,4028,-428,203,240,745,-15882,0,-15537,0,8160,8192,-1010,-1714,-7272,-108,120,26
1351269892,-5814,6478,-2516,10,-175,17,-15880,0,-15537,0,8160,8192,6186,1728,-9738,-99,-3,64
1351319892,-7754,8348,-3270,120,-218,-241,8160,8192,-16892,20618,645,8192,10790,1322,-1146,-105,-8,28
1351369892,-5540,8062,-3086,61,-165,483,-15875,0,-15537,0,8160,8192,10934,-1200,-2980,-118,-125,42
1351419892,-4928,7964,-3448,120,-386,-360,-15873,0,-15537,0,8160,8192,696,2722,-9248,-128,37,23
1351469892,-4988,7760,-2710,129,-56,390,-15869,0,-15537,0,8160,8192,5880,1806,-6484,-111,32,9
1351519892,-4228,5526,-2450,131,-68,196,-15867,0,-15537,0,8160,8192,6698,3066,-5526,-130,60,34
1351569892,-3972,8878,-4284,191,-296,-860,0,0,-7,-1,-16866,0,4112,4598,-7192,-128,50,20
1351619892,-4974,6618,-1446,200,-52,750,-16863,0,-15537,0,8160,8192,6386,1268,-6164,-117,19,56
1351669892,-3138,8086,-4724,-108,-6,-559,0,0,-7,-1,-16860,0,6456,5402,-6088,-107,138,19
1351719892,-4654,6548,-2078,477,-247,103,0,0,-7,-1,-16858,0,5660,1720,-5904,-126,37,-2
1351769892,-6562,5200,-1082,-195,264,1173,-15856,0,-15537,0,8160,8192,5544,-1228,-5994,-104,9,32
1351819892,-7240,4876,-502,135,-160,55,-17855,0,-15537,0,8160,8192,5470,-1122,-6130,-80,36,16
1351869892,-6372,5420,-932,104,-85,32,-17851,0,-15537,0,8160,8192,5918,-894,-5790,-112,49,22
1351919892,-5882,5812,-1376,100,-146,20,0,0,-7,-1,-15848,0,5754,242,-6036,-114,24,43
1351969892,-5150,6304,-2042,65,-153,-46,8160,8192,-22252,20628,645,8192,5604,1454,-5972,-110,28,31
1352019892,-5370,6454,-2010,120,-111,188,0,0,-7,-1,-15840,0,5808,1130,-6028,-95,25,24
1352069892,-5986,5786,-1424,100,-76,116,0,0,-7,-1,-16838,0,5918,216,-5946,-96,32,25
1352119892,-6248,5552,-1040,105,-93,104,0,0,-7,-1,-15836,0,5820,-424,-5982,-100,31,31
1352169892,-6170,5686,-1282,86,-91,102,0,0,-7,-1,-15833,0,5852,-150,-6068,-110,33,33
1352219892,-5916,5866,-1388,98,-117,-1,8160,8192,31140,20632,645,8192,5934,150,-6056,-104,43,30
1352269892,-5626,6058,-1650,94,-107,25,-15829,0,-15537,0,8160,8192,5730,602,-5988,-101,44,29
1352319892,-5796,5972,-1548,95,-97,116,8160,8192,68,20634,645,8192,5710,544,-6038,-101,23,30
1352369892,-5830,5902,-1522,94,-85,104,8160,8192,-15468,20634,645,8192,5630,246,-6268,-100,33,27
1352419892,-5944,5876,-1450,95,-111,54,-16820,0,-15537,0,8160,8192,5792,198,-6014,-104,33,30
1352469892,-6062,5536,-1248,101,-91,135,-15817,0,-15537,0,8160,8192,5768,-200,-6112,-100,25,30
1352519892,-6070,5984,-1352,99,-129,1,0,0,-7,-1,-15813,0,5648,146,-6024,-107,36,36
1352569892,-5958,5802,-1446,102,-91,88,-15811,0,-15537,0,8160,8192,5702,106,-6212,-101,36,31
1352619892,-5916,5784,-1358,102,-103,63,-15807,0,-15537,0,8160,8192,6016,150,-5878,-106,33,33
1352669892,-5934,5854,-1556,100,-124,30,8160,8192,0,0,645,8192,5868,114,-5946,-107,33,36
1352719892,-5988,5782,-1420,108,-86,102,-15804,0,-15537,0,8160,8192,5702,38,-6184,-103,35,31
1352769892,-5932,5824,-1362,112,-113,43,-16802,0,-15537,0,8160,8192,5678,-170,-6188,-107,36,34
1352819892,-6070,5746,-1292,115,-109,53,-15799,0,-15537,0,8160,8192,5568,-244,-6168,-108,38,37
1352869892,-5764,5870,-1588,93,-130,-8,0,0,-7,-1,-16795,0,5574,298,-6204,-104,29,31
1352919892,-5780,5948,-1580,112,-85,122,-15793,0,-15537,0,8160,8192,5856,680,-5942,-105,37,34
1352969892,-5612,5882,-1562,119,-93,71,-15791,0,-15537,0,8160,8192,5930,340,-5924,-102,46,29
1353019892,-5714,6038,-1598,90,-108,52,-15789,0,-15537,0,8160,8192,5610,498,-6178,-100,37,28
1353069892,-5922,5762,-1474,111,-92,123,0,0,-7,-1,-15785,0,5718,284,-6082,-105,25,32
1353119892,-5278,6402,-1862,58,-168,-75,8160,8192,0,0,645,8192,5906,912,-5966,-103,18,27
1353169892,-5972,5740,-1442,94,-79,135,0,0,-7,-1,-16782,0,5850,118,-5934,-102,25,31
1353219892,-5734,6138,-1552,60,-154,-24,8160,8192,0,0,645,8192,5874,346,-6020,-102,19,33
1353269892,-5584,6198,-1798,50,-170,-90,-15778,0,-15537,0,8160,8192,5784,774,-6036,-104,23,29
1353319892,-5452,6548,-1818,71,-158,-192,0,0,-7,-1,-15775,0,5988,956,-5848,-100,7,27
1353369892,-5698,6374,-1868,22,-204,-271,8160,8192,0,0,645,8192,5594,1402,-6028,-106,-8,35
1353419892,-5326,6538,-2016,223,-307,-512,8160,8192,-14044,20650,645,8192,5144,842,-6734,-98,41,27
1353469892,-5020,6624,-2160,126,-216,-224,8160,8192,-29580,20651,645,8192,5582,1636,-5818,-92,64,34
1353519892,-6112,6688,-2246,49,-120,5,-15769,0,-15537,0,8160,8192,5116,874,-6066,-102,15,22
1353569892,-5484,5632,-1684,71,-144,-80,-15767,0,-15537,0,8160,8192,4332,800,-6632,-109,47,21
1353619892,-5320,5434,-1586,132,-188,-168,-15765,0,-15537,0,8160,8192,5864,966,-6228,-94,27,25
1353669892,-5114,5690,-1626,142,-233,-304,-15763,0,-15537,0,8160,8192,5586,1010,-6052,-87,53,27
1353719892,-5832,6224,-2012,141,-182,27,-17761,0,-15537,0,8160,8192,10330,1082,-1376,-69,17,36
1353769892,-5738,6332,-1656,135,-148,7,-15759,0,-15537,0,8160,8192,7260,2672,-4924,-91,47,31
1353819892,-5524,5168,-1424,60,-109,144,0,0,-7,-1,-15758,0,3318,954,-6818,-104,15,19
1353869892,-10792,9344,-3718,141,9,175,0,0,-7,-1,-15755,0,2814,2870,-4966,-98,83,45
1353919892,-6416,6406,-2246,94,-143,6,8160,8192,27204,20658,645,8192,7986,1372,-4070,-119,52,39
1353969892,-6014,5746,-1714,139,-207,-110,8160,8192,11668,20659,645,8192,4822,-1478,-5050,-109,20,25
1354019892,-7476,5482,-940,-9,-17,-251,-15748,0,-15537,0,8160,8192,7354,1764,-4994,-115,36,16
1354069892,-7434,6034,-1652,91,-195,-373,0,0,-7,-1,-15746,0,5278,-692,-7052,-100,4,37
1354119892,-6232,4464,-56,106,-77,-30,-15743,0,-15537,0,8160,8192,5222,-1564,-5096,-113,-7,27
1354169892,-6554,5068,-1394,53,3,306,-15741,0,-15537,0,8160,8192,5678,-568,-6324,-115,38,55
1354219892,-8946,5562,102,90,-97,211,8160,8192,-476,20662,645,8192,5320,-2042,-5926,-104,-56,45
1354269892,-8062,4376,-262,131,-78,-123,8160,8192,0,0,645,8192,8556,-1306,-4958,-106,50,47
1354319892,-7498,4026,570,151,-60,200,0,0,-7,-1,-16735,0,5328,-2012,-5796,-114,23,18
1354369892,-7214,4316,130,82,-222,-376,-17733,0,-15537,0,8160,8192,5178,-2336,-6506,-95,39,27
1354419892,-7092,3978,-10,83,-182,-219,0,0,-7,-1,-16731,0,6476,-1730,-5804,-109,40,35
1354469892,-7834,3902,56,125,-42,205,0,0,-7,-1,-15727,0,6060,-2058,-5934,-111,81,31
1354519892,-7766,3912,-52,101,-62,-38,-15725,0,-15537,0,8160,8192,6028,-1852,-5844,-111,69,38
1354569892,-7746,4476,-226,165,-53,330,0,0,-7,-1,-16721,0,5742,-2040,-6526,-111,74,36
1354619892,-8814,3612,732,21,198,996,0,0,-7,-1,-15718,0,5282,-4022,-6796,-112,47,41
1354669892,-10558,4074,448,32,191,1015,-15715,0,-15537,0,8160,8192,6568,-3752,-5910,-102,64,63
1354719892,-7842,2516,2222,68,-49,406,-15714,0,-15537,0,8160,8192,6458,-7236,-4878,-113,-42,42
1354769892,-7558,2166,1230,171,-43,210,-15711,0,-15537,0,8160,8192,7416,-3506,-3002,-76,-3,60
1354819892,-4554,5192,-846,40,-167,92,8160,8192,0,0,645,8192,2530,-1718,-3780,-88,-40,43
1354869892,-4358,6638,-1992,61,-104,-322,-15704,0,-15537,0,8160,8192,5806,12172,772,-59,40,71
1354919892,-4806,4114,-2606,21,218,910,8160,8192,0,0,645,8192,6304,-3142,-4926,-126,94,52
1354969892,-6400,7964,-3524,119,-142,68,-15699,0,-15537,0,8160,8192,17244,-706,2940,-107,12,40
1355019892,-5864,7380,-2196,107,-111,-55,-15695,0,-15537,0,8160,8192,5630,-4440,-2260,-101,61,0
1355069892,-6800,7200,-2828,160,-34,399,8160,8192,-2444,20675,645,8192,3924,5438,-5624,-105,68,35
1355119892,-5674,6838,-2814,63,-270,-201,-15690,0,-15537,0,8160,8192,7910,1246,-4642,-96,19,48
1355169892,-5510,9754,-3950,227,-291,-395,8160,8192,32020,20677,645,8192,2332,3126,-5600,-97,73,34
1355219892,-3506,6780,-3006,35,-70,421,-17683,0,-15537,0,8160,8192,6074,3472,-5794,-126,7,24
1355269892,-3780,7532,-3394,68,-110,-146,-16681,0,-15537,0,8160,8192,5452,3848,-6910,-126,45,21
1355319892,-5348,6478,-1426,182,-94,337,-15679,0,-15537,0,8160,8192,5868,768,-6114,-120,-3,28
1355369892,-6140,6312,-2042,43,159,461,-15676,0,-15537,0,8160,8192,5454,1716,-5876,-112,88,22
1355419892,-4840,6854,-2128,266,-225,-226,8160,8192,19876,20681,645,8192,6148,1348,-5762,-101,55,18
1355469892,-4846,5566,-1778,62,21,487,-16670,0,-15537,0,8160,8192,6002,1030,-5612,-123,12,30
1355519892,-5926,5326,-1356,143,-64,203,-15668,0,-15537,0,8160,8192,6268,-196,-6090,-103,30,24
1355569892,-5608,5972,-1632,44,-137,-118,0,0,-7,-1,-15664,0,5972,218,-6062,-87,61,12
1355619892,-6008,5374,-1472,112,-41,181,0,0,-7,-1,-16662,0,5316,16,-6100,-107,48,35
1355669892,-6274,5644,-1206,56,-93,83,8160,8192,7732,20685,645,8192,6076,-410,-5938,-110,15,32
1355719892,-5472,6172,-1774,67,-150,-86,0,0,-7,-1,-16658,0,5704,826,-6034,-101,42,26
1355769892,-5766,6044,-1656,94,-74,161,-15653,0,-15537,0,8160,8192,5686,496,-6034,-99,20,29
1355819892,-5666,5958,-1552,92,-94,102,8160,8192,26660,20687,645,8192,5592,302,-6258,-100,21,26
1355869892,-6092,5664,-1128,113,-113,64,-15649,0,-15537,0,8160,8192,5766,-260,-6064,-104,27,29
1355919892,-5904,5838,-1462,88,-97,59,-15646,0,-15537,0,8160,8192,5772,160,-6056,-108,41,33
1355969892,-5950,5758,-1400,113,-105,44,-15643,0,-15537,0,8160,8192,5744,-22,-6130,-106,50,32
1356019892,-5790,5984,-1536,93,-112,30,0,0,-7,-1,-15641,0,5750,260,-6056,-108,38,31
1356069892,-5842,6122,-1498,97,-114,52,8160,8192,0,0,645,8192,5840,282,-6066,-103,31,31
1356119892,-5868,5780,-1456,98,-101,85,-15636,0,-15537,0,8160,8192,5848,170,-5892,-108,25,31
1356169892,-5932,5880,-1390,95,-111,55,0,0,-7,-1,-15631,0,5874,0,-5952,-105,30,30
1356219892,-5886,5724,-1472,95,-119,49,-15629,0,-15537,0,8160,8192,5740,64,-6064,-110,30,34
1356269892,-5892,5944,-1406,103,-104,67,8160,8192,17908,20694,645,8192,5794,150,-6076,-105,30,35
1356319892,-5892,5878,-1372,96,-102,65,-15625,0,-15537,0,8160,8192,5934,74,-5964,-105,31,31
1356369892,-5820,5854,-1422,98,-114,39,-16621,0,-15537,0,8160,8192,5712,158,-6100,-107,33,33
1356419892,-5908,5838,-1464,95,-101,68,-15617,0,-15537,0,8160,8192,5826,218,-5922,-106,33,34
1356469892,-5868,5960,-1408,99,-96,57,-17614,0,-15537,0,8160,8192,5816,250,-6032,-102,39,31
1356519892,-5792,5906,-1478,105,-94,71,0,0,-7,-1,-16612,0,5666,162,-6238,-104,38,32
1356569892,-5832,5838,-1448,100,-91,82,8160,8192,0,0,645,8192,5828,262,-6086,-102,36,29
1356619892,-5736,5934,-1468,94,-108,57,-15604,0,-15537,0,8160,8192,5930,336,-5914,-104,28,28
1356669892,-5878,5864,-1482,101,-96,108,-15600,0,-15537,0,8160,8192,5978,112,-5924,-104,26,32
1356719892,-5888,6010,-1390,99,-113,73,-15598,0,-15537,0,8160,8192,6030,240,-5850,-105,19,28
1356769892,-5720,6026,-1548,88,-126,35,-15597,0,-15537,0,8160,8192,6022,370,-5930,-102,24,33
1356819892,-5828,6008,-1524,107,-106,68,-15596,0,-15537,0,8160,8192,5860,188,-6124,-106,34,28
1356869892,-5474,6226,-1816,73,-162,-74,8160,8192,28084,20703,645,8192,5492,816,-6222,-103,28,26
1356919892,-5692,5884,-1676,95,-111,120,-15592,0,-15537,0,8160,8192,5832,650,-5898,-109,15,36
1356969892,-5900,5808,-1416,78,-121,50,0,0,-7,-1,-15590,0,5974,284,-5824,-103,18,33
1357019892,-5796,5848,-1440,98,-117,24,0,0,-7,-1,-15587,0,5600,268,-6106,-100,37,31
1357069892,-5622,6264,-1782,57,-144,-59,0,0,-7,-1,-15586,0,5712,1404,-5960,-99,26,27
1357119892,-5848,6204,-1716,70,-161,-216,-15583,0,-15537,0,8160,8192,5534,936,-6242,-100,21,27
1357169892,-5120,6210,-1830,111,-190,-109,8160,8192,404,20708,645,8192,5644,1448,-6022,-102,26,27
1357219892,-5502,6450,-2122,97,-137,-157,0,0,-7,-1,-16577,0,5790,1520,-6058,-94,76,30
1357269892,-6052,6666,-2542,121,-207,-285,-17574,0,-15537,0,8160,8192,4698,-122,-6892,-94,59,24
1357319892,-6188,7532,-3736,114,-297,-129,0,0,-7,-1,-15572,0,6198,746,-5968,-107,30,20
1357369892,-5440,6028,-1550,102,-193,-266,8160,8192,0,0,645,8192,5438,1922,-5898,-94,22,29
1357419892,-5610,5916,-1634,95,-140,-41,-15566,0,-15537,0,8160,8192,5316,416,-6270,-105,47,8
1357469892,-6012,5930,-1900,105,-182,-102,8160,8192,-27276,20712,645,8192,6812,-340,-6022,-86,18,24
1357519892,-6734,6372,-2188,108,-63,-31,-15562,0,-15537,0,8160,8192,2804,974,-7294,-91,84,24
1357569892,-6340,6076,-1748,99,-102,67,-15560,0,-15537,0,8160,8192,5142,-22,-4196,-99,39,21
1357619892,-5970,6152,-2148,44,-169,172,0,0,-7,-1,-16555,0,3880,1070,-7638,-103,4,15
1357669892,-6000,6062,-1684,118,-76,88,8160,8192,-23884,20715,645,8192,10530,1614,-934,-91,58,35
1357719892,-5728,5392,-1626,58,-96,-28,-15551,0,-15537,0,8160,8192,3288,1252,-7898,-121,57,24
1357769892,-6124,5752,-1704,178,-182,-86,-15549,0,-15537,0,8160,8192,9816,1350,-4130,-104,18,20
1357819892,-8022,7952,-3320,-40,-188,-111,0,0,-7,-1,-15547,0,4776,134,-6908,-120,29,9
1357869892,-6254,5210,-944,140,-225,-220,0,0,-7,-1,-15544,0,8776,818,-4272,-95,22,29
1357919892,-5306,4306,-534,119,-216,-272,8160,8192,29508,20719,645,8192,2998,1872,-7806,-111,15,28
1357969892,-6924,5708,-698,131,-117,20,-15540,0,-15537,0,8160,8192,3300,-1008,-7264,-99,32,34
1358019892,-8242,4772,814,137,0,360,-16535,0,-15537,0,8160,8192,784,-3054,-8904,-88,-36,40
1358069892,-8206,4882,-354,52,-27,16,-16533,0,-15537,0,8160,8192,7094,-1798,-5764,-102,49,34
1358119892,-7106,4292,-804,208,-317,-544,8160,8192,0,0,645,8192,7680,-400,-6234,-127,31,12
1358169892,-8056,3220,360,-72,10,60,8160,8192,17364,20723,645,8192,5738,-2412,-6542,-108,55,41
1358219892,-7524,4040,12,78,-143,-235,-18524,0,-15537,0,8160,8192,6188,-1522,-6126,-110,52,25
1358269892,-7350,3908,164,83,-126,-19,-16522,0,-15537,0,8160,8192,6136,-2040,-5776,-105,36,31
1358319892,-7550,3916,0,61,-46,218,8160,8192,-29244,20725,645,8192,6050,-2082,-5740,-111,38,32
1358369892,-7404,3620,520,135,-79,328,8160,8192,0,0,645,8192,5902,-2508,-6004,-104,34,34
1358419892,-7072,3336,406,31,60,583,8160,8192,5220,20727,645,8192,5780,-2650,-5964,-101,26,32
1358469892,-9202,3446,1292,86,157,925,-16514,0,-15537,0,8160,8192,6408,-5656,-5962,-106,31,22
1358519892,-6156,1016,3414,-17,188,825,-16512,0,-15537,0,8160,8192,7988,-4488,-3138,-88,7,20
1358569892,-7170,2988,74,219,-117,42,-16509,0,-15537,0,8160,8192,7498,-3742,-5884,-94,90,58
1358619892,-6794,2872,1902,2,-1,125,0,0,-7,-1,-17508,0,15198,772,-1642,-73,-30,59
1358669892,-4588,6892,-3512,-43,-264,-456,0,0,-7,-1,-17506,0,6970,1800,-5886,-148,39,34
1358719892,-4160,3580,-1606,152,76,528,-16503,0,-15537,0,8160,8192,3036,-4034,-6414,-122,64,52
1358769892,-5888,7004,-2328,33,-118,55,-16501,0,-15537,0,8160,8192,3662,2612,-7002,-109,40,42
1358819892,-6018,6378,-1194,119,-61,188,-16498,0,-15537,0,8160,8192,6188,-424,-5498,-107,30,45
1358869892,-4878,5584,-1410,116,-170,118,-18497,0,-15537,0,8160,8192,5116,-2742,-5984,-92,-1,52
1358919892,-4916,6396,-2506,115,-140,33,-16494,0,-15537,0,8160,8192,5844,2542,-6216,-118,29,18
1358969892,-4718,7632,-2834,82,-285,-58,0,0,-7,-1,-16492,0,6440,4250,-5462,-126,-7,32
1359019892,-4360,8964,-3870,114,-175,50,0,0,-7,-1,-16490,0,5164,1790,-4880,-102,49,12
1359069892,-3662,8056,-4024,201,-184,-378,-17488,0,-15537,0,8160,8192,6246,5052,-6044,-125,60,24
1359119892,-5514,6542,-1646,229,-113,381,-16486,0,-15537,0,8160,8192,5554,444,-6282,-110,17,24
1359169892,-7216,5506,-916,59,380,1098,-16483,0,-15537,0,8160,8192,5768,-198,-6348,-133,32,24
1359219892,-5134,6654,-2496,134,-319,-707,-16480,0,-15537,0,8160,8192,6032,1906,-6234,-126,78,42
1359269892,-3844,5078,-2386,-22,90,546,-16479,0,-15537,0,8160,8192,6186,1810,-6082,-110,76,31
1359319892,-5004,6602,-2322,102,-128,-57,0,0,-7,-1,-16476,0,6070,1546,-5744,-115,51,32
1359369892,-5432,6036,-1796,134,-60,118,-18476,0,-15537,0,8160,8192,5490,616,-5910,-102,49,14
1359419892,-5716,5982,-1654,114,-94,133,0,0,-7,-1,-16474,0,5906,386,-5828,-108,20,31
1359469892,-6266,5742,-1152,134,-99,65,-16471,0,-15537,0,8160,8192,5788,-310,-6044,-96,64,34
1359519892,-6520,5526,-956,118,-91,143,8160,8192,-8892,20743,645,8192,5978,-514,-6084,-113,20,35
1359569892,-5878,5914,-1478,69,-170,-30,-16466,0,-15537,0,8160,8192,5946,188,-5870,-104,4,29
1359619892,-5912,5874,-1452,104,-105,129,-17465,0,-15537,0,8160,8192,5870,52,-6110,-107,15,32
1359669892,-5822,5880,-1498,89,-110,39,-16462,0,-15537,0,8160,8192,5884,260,-5966,-104,34,32
1359719892,-5924,5840,-1512,87,-104,77,-16459,0,-15537,0,8160,8192,5794,208,-6092,-101,26,26
1359769892,-5834,5878,-1456,92,-109,96,-16457,0,-15537,0,8160,8192,5860,170,-5884,-108,21,30
1359819892,-5980,5696,-1242,100,-90,119,-16455,0,-15537,0,8160,8192,5796,48,-5934,-105,25,27
1359869892,-5794,5902,-1574,90,-125,37,8160,8192,13428,20749,645,8192,5886,224,-5994,-105,24,34
1359919892,-5936,5954,-1406,95,-100,103,-18450,0,-15537,0,8160,8192,5802,24,-6138,-102,20,31
1359969892,-5992,5858,-1372,99,-121,69,8160,8192,-17644,20750,645,8192,5804,46,-5958,-103,12,31
1360019892,-5840,5882,-1374,102,-120,84,8160,8192,0,0,645,8192,5708,70,-6170,-104,15,34
1360069892,-5910,5926,-1422,106,-107,65,-18446,0,-15537,0,8160,8192,5984,48,-5846,-104,34,31
1360119892,-5854,5854,-1448,108,-116,55,0,0,-7,-1,-16445,0,5812,56,-6166,-107,36,32
1360169892,-5954,5826,-1386,104,-112,74,-18443,0,-15537,0,8160,8192,6028,84,-5792,-105,31,35
1360219892,-5894,5830,-1442,102,-112,55,-16440,0,-15537,0,8160,8192,5948,52,-5990,-110,31,34
1360269892,-5916,5880,-1358,105,-109,67,-16440,0,-15537,0,8160,8192,5730,54,-6112,-107,31,35
1360319892,-5884,5902,-1404,109,-109,54,-18440,0,-15537,0,8160,8192,5722,126,-6100,-108,35,36
1360369892,-5772,5866,-1490,105,-115,51,8160,8192,-10860,20756,645,8192,5642,128,-6186,-109,34,34
1360419892,-5652,5972,-1506,92,-118,33,-17435,0,-15537,0,8160,8192,5882,286,-5970,-106,32,34
1360469892,-5864,5960,-1472,101,-98,87,-16433,0,-15537,0,8160,8192,5756,248,-6074,-102,35,33
1360519892,-5792,5824,-1496,104,-99,78,-16431,0,-15537,0,8160,8192,5446,212,-6220,-108,34,32
1360569892,-5828,5830,-1464,95,-108,91,-17429,0,-15537,0,8160,8192,5644,190,-6170,-104,19,36
1360619892,-5924,5860,-1344,104,-85,107,-16426,0,-15537,0,8160,8192,6052,166,-5924,-101,31,28
1360669892,-5694,6026,-1488,98,-117,29,-16423,0,-15537,0,8160,8192,5716,352,-6126,-106,36,29
1360719892,-5726,5936,-1558,104,-98,86,0,0,-7,-1,-16421,0,5808,384,-6070,-107,31,31
1360769892,-5662,6032,-1650,92,-127,20,-17419,0,-15537,0,8160,8192,5660,530,-6042,-106,26,32
1360819892,-5642,5982,-1558,105,-117,45,-16417,0,-15537,0,8160,8192,5822,268,-5996,-105,34,33
1360869892,-5610,6088,-1756,70,-136,-13,-18415,0,-15537,0,8160,8192,5706,828,-6058,-104,28,32
1360919892,-5390,6162,-1794,89,-127,12,0,0,-7,-1,-16414,0,5628,618,-6148,-108,35,34
1360969892,-5400,6372,-1904,46,-162,-93,-15835,0,-15537,0,8160,8192,5862,752,-5986,-105,24,29
1361019892,-5394,6514,-2016,55,-145,-6,-16409,0,-15537,0,8160,8192,5800,856,-6220,-99,5,27
1361069892,-5274,6172,-1588,74,-143,-97,-16407,0,-15537,0,8160,8192,5640,1044,-6244,-101,25,29
1361119892,-5812,6756,-1956,198,-311,-641,0,0,-7,-1,-16404,0,6210,1774,-5768,-102,40,26
1361169892,-5168,5528,-1396,89,-126,-170,-16402,0,-15537,0,8160,8192,5562,460,-6212,-99,49,27
1361219892,-6126,6050,-1560,79,-122,-86,8160,8192,-12828,20769,645,8192,5098,736,-5336,-95,39,29
1361269892,-5314,5382,-1340,71,-132,-109,-16396,0,-15537,0,8160,8192,4388,762,-6936,-104,39,24
1361319892,-5208,5398,-1250,70,-138,-5,-16393,0,-15537,0,8160,8192,6160,400,-5508,-93,23,25
1361369892,-5376,5882,-1796,99,-185,-220,-18392,0,-15537,0,8160,8192,5598,608,-5900,-97,48,28
1361419892,-5526,5806,-1470,112,-175,12,0,0,-7,-1,-16390,0,5366,764,-6438,-99,32,31
1361469892,-5862,4916,-282,-1,-1,-35,-16388,0,-15537,0,8160,8192,7040,1002,-6200,-99,7,32
1361519892,-6758,6102,-1874,106,-87,98,-18386,0,-15537,0,8160,8192,4044,1476,-7186,-105,50,31
1361569892,-5806,5804,-1884,77,-163,114,0,0,-7,-1,-16383,0,7298,1376,-5266,-109,-15,28
1361619892,-6284,6682,-2184,110,-122,-28,8160,8192,-6044,20775,645,8192,4188,1480,-7716,-102,49,34
1361669892,-5116,5198,-1186,183,-154,12,-17380,0,-15537,0,8160,8192,6794,426,-4788,-94,40,51
1361719892,-6172,6056,-1584,52,-101,-61,8160,8192,28420,20777,645,8192,5614,10,-5972,-98,-11,39
1361769892,-6762,6664,-1716,99,-94,29,8160,8192,12884,20778,645,8192,5134,96,-5390,-78,42,43
1361819892,-7398,6228,-1582,86,-142,-39,8160,8192,-2652,20778,645,8192,6564,-610,-5294,-94,-3,43
1361869892,-6720,5688,-1480,194,-248,-287,8160,8192,-18188,20779,645,8192,4906,436,-6766,-107,41,37
1361919892,-6166,4874,-584,177,-252,-271,-16369,0,-15537,0,8160,8192,6136,510,-6466,-110,21,41
1361969892,-6798,4402,-386,119,-13,429,0,0,-7,-1,-16366,0,6360,-766,-5894,-107,45,56
1362019892,-8100,5028,-1028,113,-66,207,-16364,0,-15537,0,8160,8192,5016,-1460,-6288,-107,11,37
1362069892,-6078,3578,544,115,-95,-90,-17362,0,-15537,0,8160,8192,6626,-1476,-5752,-109,22,13
1362119892,-7500,3892,170,65,-10,355,8160,8192,-30332,20783,645,8192,6224,-2018,-5912,-93,27,30
1362169892,-7074,4502,-182,33,-89,112,8160,8192,19668,20784,645,8192,6034,-694,-5814,-101,13,42
1362219892,-7424,4354,-52,180,-194,-208,-16356,0,-15537,0,8160,8192,6042,-2080,-5986,-101,37,35
1362269892,-8206,3522,1008,52,106,663,8160,8192,0,0,645,8192,5614,-2514,-6694,-107,33,38
1362319892,-8736,3546,792,52,88,494,8160,8192,0,0,645,8192,4754,-4276,-6366,-111,41,30
1362369892,-9110,3180,1366,80,90,880,8160,8192,23060,20787,645,8192,6132,-4658,-5832,-100,19,25
1362419892,-8822,2260,1208,153,-29,273,-16349,0,-15537,0,8160,8192,6572,-4308,-5368,-73,-12,-2
1362469892,-3718,1498,-212,86,-135,99,0,0,-7,-1,-16346,0,7622,-3646,-5606,-86,18,48
1362519892,-8148,8370,-1230,99,-211,-138,-16343,0,-15537,0,8160,8192,5442,-806,-6450,-101,94,61
1362569892,-4558,6984,-1998,189,-86,-43,0,0,-7,-1,-16340,0,6086,1114,-5968,-128,142,28
1362619892,-8952,7126,748,193,165,242,-17338,0,-15537,0,8160,8192,9704,7238,-5092,-103,121,33
1362669892,-5720,6730,-2200,62,-61,36,8160,8192,0,0,645,8192,5222,-556,-5400,-101,74,43
1362719892,-7882,8796,-1738,180,-204,15,8160,8192,-20156,20792,645,8192,10080,2200,-2698,-119,27,20
1362769892,-5054,7780,-2452,31,-192,-24,-17331,0,-15537,0,8160,8192,6990,2280,-5676,-105,-23,38
1362819892,-3802,6892,-2440,140,-252,-69,8160,8192,14308,20794,645,8192,5168,3802,-6854,-105,0,39
1362869892,-5606,8158,-3272,195,-61,219,-16328,0,-15537,0,8160,8192,5270,3578,-5928,-108,62,25
1362919892,-4308,6134,-1610,168,-114,196,0,0,-7,-1,-16326,0,6058,2078,-5196,-115,5,30
1362969892,-3690,6834,-3012,46,-153,-48,0,0,-7,-1,-16324,0,5534,3140,-5586,-129,11,11
1363019892,-5344,6672,-1946,144,-112,405,0,0,-7,-1,-16321,0,5492,-142,-6426,-108,35,26
1363069892,-4942,6934,-2466,107,-105,-112,-16319,0,-15537,0,8160,8192,5794,2144,-6086,-121,98,13
1363119892,-4970,6662,-2008,190,-75,236,8160,8192,-13372,20798,645,8192,5948,1380,-5970,-117,43,19
1363169892,-5266,5934,-1696,68,-88,177,-16315,0,-15537,0,8160,8192,6126,824,-5788,-111,-6,34
1363219892,-5780,5954,-1422,73,-172,63,0,0,-7,-1,-17313,0,5600,292,-6122,-103,-20,34
1363269892,-6412,5698,-1016,100,-22,265,-16310,0,-15537,0,8160,8192,5618,-414,-5932,-92,28,24
1363319892,-5698,5708,-1224,79,-186,-123,-16308,0,-15537,0,8160,8192,5674,-130,-6070,-107,23,30
1363369892,-6110,5808,-1248,81,-89,106,8160,8192,0,0,645,8192,5780,-268,-6092,-115,21,38
1363419892,-5628,6034,-1604,96,-122,7,-16306,0,-15537,0,8160,8192,5714,542,-6020,-110,41,34
1363469892,-5406,6154,-1722,108,-129,-20,-16303,0,-15537,0,8160,8192,5656,626,-6084,-104,55,30
1363519892,-6046,5742,-1322,116,-35,194,-18300,0,-15537,0,8160,8192,5706,108,-6084,-105,40,31
1363569892,-6014,5668,-1182,103,-123,25,0,0,-7,-1,-16300,0,5766,-212,-6040,-105,30,29
1363619892,-5818,5762,-1398,77,-117,38,-17298,0,-15537,0,8160,8192,5684,82,-6062,-109,29,30
1363669892,-5758,5832,-1530,103,-107,57,-18296,0,-15537,0,8160,8192,5792,248,-6070,-106,37,31
1363719892,-5736,6002,-1438,103,-103,56,0,0,-7,-1,-17294,0,5918,228,-6146,-108,40,30
1363769892,-5864,5962,-1434,105,-107,33,-17294,0,-15537,0,8160,8192,5814,276,-5834,-104,47,34
1363819892,-5808,5792,-1464,101,-94,65,8160,8192,31268,20809,645,8192,5628,236,-6190,-109,44,31
1363869892,-5848,5944,-1428,93,-111,41,0,0,-7,-1,-17290,0,5798,138,-5954,-103,35,29
1363919892,-5812,5718,-1404,90,-100,89,0,0,-7,-1,-16289,0,5688,154,-6108,-104,22,30
1363969892,-5828,5838,-1450,90,-119,54,8160,8192,-15340,20811,645,8192,5894,206,-5830,-106,22,31
1364019892,-5860,5938,-1342,97,-85,98,-18285,0,-15537,0,8160,8192,5608,210,-6186,-101,32,29
1364069892,-5870,5942,-1420,104,-97,65,8160,8192,19124,20813,645,8192,5684,164,-6088,-104,38,33
1364119892,-5810,5868,-1506,92,-94,81,8160,8192,3588,20814,645,8192,5856,260,-5992,-102,30,33
1364169892,-5902,5884,-1380,99,-99,85,0,0,-7,-1,-16278,0,6060,132,-5884,-104,24,30
1364219892,-5846,5952,-1510,91,-100,73,-18276,0,-15537,0,8160,8192,6102,194,-5856,-102,32,28
1364269892,-5888,5922,-1376,110,-97,79,-18274,0,-15537,0,8160,8192,6010,120,-5918,-106,37,29
1364319892,-5886,5966,-1418,103,-104,67,0,0,-7,-1,-16272,0,5892,164,-6014,-107,36,33
1364369892,-5560,5980,-1552,103,-123,12,0,0,-7,-1,-16270,0,5522,492,-6134,-110,39,32
1364419892,-5848,5858,-1544,104,-94,84,-17267,0,-15537,0,8160,8192,5748,82,-6066,-105,39,34
1364469892,-5546,6130,-1710,95,-132,-11,-16265,0,-15537,0,8160,8192,5800,640,-6060,-106,39,32
1364519892,-5722,5966,-1434,115,-120,51,-16264,0,-15537,0,8160,8192,5588,182,-6114,-105,34,32
1364569892,-5820,5918,-1596,83,-103,41,-16262,0,-15537,0,8160,8192,5814,484,-5966,-106,37,31
1364619892,-5606,5844,-1642,78,-134,-88,-16260,0,-15537,0,8160,8192,5740,578,-6098,-99,39,30
1364669892,-5964,6050,-1470,85,-78,134,-17259,0,-15537,0,8160,8192,5722,262,-6038,-105,28,35
1364719892,-5584,6102,-1628,70,-169,-71,8160,8192,13764,20823,645,8192,5860,462,-5980,-101,16,35
1364769892,-5644,6016,-1646,70,-115,65,-16256,0,-15537,0,8160,8192,5896,816,-5940,-101,17,29
1364819892,-5910,6056,-1494,66,-156,-191,0,0,-7,-1,-16253,0,5630,890,-6190,-106,34,29
1364869892,-5306,6208,-1832,97,-174,-147,-16252,0,-15537,0,8160,8192,5762,530,-6078,-105,24,25
1364919892,-5454,5728,-1308,93,-171,-155,-18250,0,-15537,0,8160,8192,5832,948,-5858,-98,35,34
1364969892,-5744,6086,-1804,111,-193,-213,8160,8192,1620,20827,645,8192,5648,806,-6064,-102,24,25
1365019892,-5546,6150,-1752,61,-148,-172,0,0,-7,-1,-16244,0,5570,582,-5894,-98,29,27
1365069892,-6056,5938,-1462,90,-156,-200,8160,8192,0,0,645,8192,6176,1224,-5892,-102,26,26
1365119892,-5922,6090,-1716,123,-181,-199,-16240,0,-15537,0,8160,8192,5446,532,-6356,-96,25,27
1365169892,-6424,6792,-2168,90,-171,-219,-16239,0,-15537,0,8160,8192,6036,1580,-6380,-108,47,12
1365219892,-5838,5806,-1480,179,-200,-163,-18237,0,-15537,0,8160,8192,6516,1410,-5948,-85,28,29
1365269892,-5842,6048,-1672,68,-117,120,0,0,-7,-1,-16235,0,5246,676,-6736,-92,23,32
1365319892,-5362,5202,-1222,133,-121,196,0,0,-7,-1,-17234,0,5754,1364,-5596,-118,38,21
1365369892,-6448,6694,-2196,65,-165,111,8160,8192,0,0,645,8192,7004,2126,-4842,-98,7,30
1365419892,-7068,6602,-2036,102,-87,59,0,0,-7,-1,-16230,0,5164,1488,-6222,-109,23,23
1365469892,-5652,5904,-1470,111,-156,-84,-16229,0,-15537,0,8160,8192,6554,1232,-6260,-108,-11,43
1365519892,-6732,6412,-1954,45,-49,186,-16227,0,-15537,0,8160,8192,7270,948,-5150,-119,31,13
1365569892,-5410,4732,-572,161,-159,-57,-16224,0,-15537,0,8160,8192,5290,718,-5482,-104,21,25
1365619892,-6638,5984,-1676,20,-137,-276,8160,8192,0,0,645,8192,7382,1230,-5544,-122,35,24
1365669892,-6796,5308,-1276,132,-178,-126,8160,8192,0,0,645,8192,6332,-84,-6392,-98,41,37
1365719892,-7364,5694,-1384,55,-57,-36,-16219,0,-15537,0,8160,8192,5032,-124,-7678,-107,44,36
1365769892,-6854,4142,174,174,49,513,-16217,0,-15537,0,8160,8192,8060,-1678,-4876,-122,59,28
1365819892,-7308,5082,-1176,33,-122,-386,-16214,0,-15537,0,8160,8192,5794,-602,-5806,-124,19,55
1365869892,-8142,4986,-456,174,-116,131,-16212,0,-15537,0,8160,8192,4804,-986,-6900,-85,-8,38
1365919892,-6904,4322,260,98,-158,-67,0,0,-7,-1,-16210,0,6964,-2180,-5392,-111,-24,33
1365969892,-7294,4382,12,24,-29,138,-16208,0,-15537,0,8160,8192,6596,-1168,-5412,-106,11,29
1366019892,-7428,4498,-148,106,-113,137,-16206,0,-15537,0,8160,8192,5714,-1686,-6296,-98,-3,27
1366069892,-7130,4412,-206,70,-128,-68,-16204,0,-15537,0,8160,8192,5544,-1912,-6228,-102,12,33
1366119892,-7188,3454,960,40,49,673,-16203,0,-15537,0,8160,8192,6252,-2926,-5962,-103,-14,37
1366169892,-7824,3650,754,-29,59,544,0,0,-7,-1,-17202,0,6074,-2934,-5492,-97,9,34
1366219892,-9296,3720,1380,61,174,706,0,0,-7,-1,-16201,0,6114,-5076,-5608,-94,65,41
1366269892,-5802,1874,250,122,-75,263,-16199,0,-15537,0,8160,8192,5590,-4372,-6690,-73,23,42
1366319892,-7588,5318,-510,82,-163,-43,8160,8192,0,0,645,8192,9212,-1218,-5722,-96,38,48
1366369892,-6876,7202,-2006,131,-226,-322,-16195,0,-15537,0,8160,8192,9014,762,-3588,-103,105,43
1366419892,-3518,4686,-2122,219,21,209,8160,8192,9828,20849,645,8192,5588,-2404,-5660,-124,160,38
1366469892,-4232,2520,-1624,164,32,279,0,0,-7,-1,-17191,0,2494,240,-10236,-105,100,51
1366519892,-6314,6186,-2430,188,-91,124,-18189,0,-15537,0,8160,8192,6466,-552,-6064,-109,90,54
1366569892,-4956,7218,-2376,58,-198,-61,0,0,-7,-1,-16186,0,9166,976,-3168,-106,30,41
1366619892,-5038,6458,-2064,82,-207,68,8160,8192,13220,20852,645,8192,6934,866,-5234,-111,-53,35
1366669892,-4440,6046,-2646,99,-187,141,-16183,0,-15537,0,8160,8192,4718,2074,-7406,-118,-16,30
1366719892,-3232,7596,-4458,51,-285,-284,-16182,0,-15537,0,8160,8192,5892,6164,-5678,-103,-26,24
1366769892,-3760,8564,-3446,341,-350,-357,0,0,-7,-1,-16180,0,5596,4228,-5636,-123,19,25
1366819892,-4962,6426,-1750,58,105,631,0,0,-7,-1,-17178,0,5406,678,-6362,-108,53,20
1366869892,-7366,4620,-606,127,249,1006,8160,8192,1076,20856,645,8192,6358,-1226,-5884,-130,22,29
1366919892,-5030,6642,-2448,65,-311,-454,8160,8192,0,0,645,8192,5854,1760,-5910,-132,55,36
1366969892,-4586,6954,-2360,100,-128,202,-16171,0,-15537,0,8160,8192,6240,1204,-5408,-105,21,23
1367019892,-5104,6526,-2260,59,-108,-7,0,0,-7,-1,-16169,0,5862,1426,-5666,-114,36,31
1367069892,-5556,6214,-1852,151,-66,237,0,0,-7,-1,-16166,0,5528,910,-6288,-109,9,30
1367119892,-5518,6262,-1560,124,-134,76,-16165,0,-15537,0,8160,8192,5564,704,-6186,-109,30,34
1367169892,-6088,6018,-1352,115,-126,79,-16165,0,-15537,0,8160,8192,5948,6,-6000,-109,24,36
1367219892,-6256,5490,-1208,132,-67,157,0,0,-7,-1,-17162,0,5918,-422,-6038,-103,43,31
1367269892,-6004,5776,-1298,74,-140,-4,0,0,-7,-1,-16160,0,5876,36,-5890,-100,19,28
1367319892,-5968,5856,-1344,86,-116,84,-18159,0,-15537,0,8160,8192,5816,32,-6032,-111,13,37
1367369892,-5908,5980,-1372,93,-111,58,-16157,0,-15537,0,8160,8192,5902,288,-6034,-108,29,33
1367419892,-5728,5882,-1488,115,-105,28,-16156,0,-15537,0,8160,8192,5776,192,-5992,-105,49,31
1367469892,-5888,5880,-1430,103,-102,86,0,0,-7,-1,-16154,0,5848,174,-5996,-107,28,36
1367519892,-5754,6014,-1490,119,-117,25,0,0,-7,-1,-16152,0,5790,144,-6118,-106,44,31
1367569892,-5938,5976,-1356,103,-103,61,-16150,0,-15537,0,8160,8192,5852,132,-6128,-106,40,34
1367619892,-5962,5940,-1448,101,-106,74,-16148,0,-15537,0,8160,8192,5916,90,-6030,-105,33,34
1367669892,-5828,5924,-1472,103,-117,36,-17147,0,-15537,0,8160,8192,5788,52,-6058,-104,41,33
1367719892,-5864,5914,-1382,111,-115,36,0,0,-7,-1,-16144,0,5808,54,-6176,-107,43,31
1367769892,-5884,5940,-1468,103,-99,72,8160,8192,-16428,20869,645,8192,5780,160,-5998,-108,34,34
1367819892,-5758,5824,-1432,102,-116,43,8160,8192,-31964,20870,645,8192,5778,60,-6130,-106,32,35
1367869892,-5842,5774,-1470,101,-116,69,0,0,-7,-1,-16137,0,5964,64,-5864,-108,26,33
1367919892,-5814,5868,-1514,92,-129,51,-16135,0,-15537,0,8160,8192,5718,212,-6062,-107,14,33
1367969892,-5860,5886,-1450,101,-116,77,0,0,-7,-1,-16133,0,5650,228,-6294,-108,18,33
1368019892,-5862,5842,-1428,108,-107,66,0,0,-7,-1,-16131,0,5734,60,-6118,-106,34,33
1368069892,-5844,5782,-1380,114,-94,46,-16128,0,-15537,0,8160,8192,5570,16,-6222,-103,49,31
1368119892,-5760,5924,-1490,101,-107,61,0,0,-7,-1,-16125,0,5562,204,-6156,-108,30,33
1368169892,-5934,5776,-1470,106,-87,97,0,0,-7,-1,-17122,0,5476,14,-6262,-106,34,31
1368219892,-5694,6056,-1592,88,-113,21,0,0,-7,-1,-16119,0,5678,428,-6012,-99,29,28
1368269892,-5838,6012,-1488,99,-95,114,0,0,-7,-1,-17117,0,5990,242,-5972,-101,22,35
1368319892,-5760,5958,-1488,93,-99,88,-16114,0,-15537,0,8160,8192,5898,234,-6006,-99,24,30
1368369892,-5708,6022,-1518,88,-130,11,-16113,0,-15537,0,8160,8192,5628,364,-6094,-104,27,30
1368419892,-5776,5988,-1400,101,-99,96,-17111,0,-15537,0,8160,8192,6020,304,-5848,-108,27,32
1368469892,-5464,6212,-1826,80,-151,-38,8160,8192,0,0,645,8192,5582,726,-6106,-107,29,31
1368519892,-5282,6132,-1836,58,-153,-73,8160,8192,0,0,645,8192,5890,442,-6060,-108,30,33
1368569892,-5330,6298,-1920,86,-134,31,0,0,-7,-1,-16105,0,5764,974,-5960,-107,17,34
1368619892,-5644,6048,-1702,69,-121,49,8160,8192,0,0,645,8192,5720,598,-6058,-101,19,30
1368669892,-5404,6328,-1794,27,-171,-100,-16102,0,-15537,0,8160,8192,5702,842,-6108,-103,6,34
1368719892,-5522,5948,-1552,62,-147,-176,-16100,0,-15537,0,8160,8192,5800,1108,-5914,-103,30,29
1368769892,-4956,6430,-2288,121,-256,-330,-16098,0,-15537,0,8160,8192,5334,1314,-6422,-103,27,28
1368819892,-5538,6224,-2068,48,-109,-105,0,0,-7,-1,-16096,0,6340,1280,-5670,-94,46,30
1368869892,-4852,6078,-1422,74,-186,-190,0,0,-7,-1,-16094,0,5816,994,-5834,-102,15,27
1368919892,-6208,6488,-2106,80,-179,-199,8160,8192,19460,20887,645,8192,6824,1510,-5648,-96,21,30
1368969892,-5512,5854,-1838,126,-200,-154,-16089,0,-15537,0,8160,8192,6650,378,-5900,-88,25,34
1369019892,-5304,6528,-2284,115,-169,-110,8160,8192,-11612,20888,645,8192,6224,1184,-6190,-106,64,24
1369069892,-6106,6360,-2010,152,-157,-37,0,0,-7,-1,-16085,0,5632,184,-6170,-96,53,25
1369119892,-6392,6614,-2036,80,-139,-29,0,0,-7,-1,-16085,0,5484,150,-6394,-95,13,20
1369169892,-5722,6280,-2084,92,-173,60,-17083,0,-15537,0,8160,8192,8462,3082,-4678,-90,-31,47
1369219892,-5264,6530,-1794,106,-144,79,8160,8192,-8220,20891,645,8192,5696,702,-5030,-101,40,19
1369269892,-5364,4922,-544,90,19,-62,0,0,-7,-1,-17079,0,5250,1008,-7382,-112,29,42
1369319892,-6228,6378,-2588,68,-146,11,-16078,0,-15537,0,8160,8192,5296,2004,-6438,-110,8,48
1369369892,-5080,4826,-384,98,-75,86,0,0,-7,-1,-16076,0,6498,-152,-7118,-86,64,46
1369419892,-6878,5580,-1446,26,-211,-248,0,0,-7,-1,-16074,0,7640,160,-3964,-88,22,50
1369469892,-6834,5496,-822,148,-177,-231,0,0,-7,-1,-17071,0,2592,-834,-7670,-96,57,33
1369519892,-5708,3732,170,145,-119,7,-16069,0,-15537,0,8160,8192,7064,-560,-5538,-104,12,30
1369569892,-6944,4242,-880,117,-55,294,8160,8192,0,0,645,8192,-1038,702,-12670,-114,38,19
1369619892,-7850,4776,-354,-23,-2,39,-16064,0,-15537,0,8160,8192,9080,-700,-4372,-101,-1,29
1369669892,-7736,5118,-486,229,-217,-333,0,0,-7,-1,-16061,0,4928,-2070,-5996,-113,47,28
1369719892,-8386,3682,150,-151,67,181,-16059,0,-15537,0,8160,8192,7000,-2454,-5164,-115,-24,26
1369769892,-7494,3720,406,88,-91,90,-16056,0,-15537,0,8160,8192,6566,-2488,-5630,-96,31,27
1369819892,-7396,4446,-94,138,-215,-260,-16054,0,-15537,0,8160,8192,6226,-1712,-5882,-108,24,37
1369869892,-7896,3236,1148,177,40,657,0,0,-7,-1,-16052,0,6310,-3448,-5874,-113,53,38
1369919892,-9916,3788,440,-65,207,831,-16050,0,-15537,0,8160,8192,4868,-3548,-7016,-90,50,36
1369969892,-10118,5186,278,105,-21,395,0,0,-7,-1,-16047,0,5072,-2792,-6848,-95,-12,29
1370019892,-10306,4710,438,12,165,833,-17044,0,-15537,0,8160,8192,11502,-3438,-4996,-88,17,68
1370069892,-4726,3334,-272,23,-233,-71,0,0,-7,-1,-16041,0,3488,-2150,-7196,-72,-23,34
1370119892,-4348,5444,-2292,17,-207,-133,0,0,-7,-1,-17038,0,3156,2042,-7770,-121,44,23
1370169892,-3364,7188,-1620,131,-35,-41,-18036,0,-15537,0,8160,8192,-658,-134,-6048,-106,116,55
1370219892,-5490,4006,-1264,227,73,520,-17034,0,-15537,0,8160,8192,10246,-528,-4286,-111,46,51
1370269892,-5862,4896,-1420,58,-41,271,-16031,0,-15537,0,8160,8192,7846,-606,-3958,-107,4,43
1370319892,-4324,6024,-2110,141,-370,-228,0,0,-7,-1,-16028,0,4092,262,-7136,-116,-26,41
1370369892,-6726,6578,-1942,122,5,502,-16027,0,-15537,0,8160,8192,-222,-6560,-8360,-113,5,20
1370419892,-3858,7406,-3298,65,-420,-234,-18025,0,-15537,0,8160,8192,7314,2686,-4932,-112,-33,13
1370469892,-582,7294,-2874,193,-272,-172,8160,8192,-3404,20910,645,8192,5946,5800,-5794,-122,90,30
1370519892,-2506,8614,-4562,333,-408,-739,-16021,0,-15537,0,8160,8192,5496,5578,-6428,-110,56,20
1370569892,-4400,6836,-1824,240,-83,444,0,0,-7,-1,-16018,0,5474,656,-6144,-117,28,27
1370619892,-8560,3950,-1078,-438,828,1625,-17015,0,-15537,0,8160,8192,4942,-1524,-6628,-129,46,19
1370669892,-3726,7116,-3036,28,-536,-866,0,0,-7,-1,-17013,0,5690,3730,-5924,-135,30,42
1370719892,-4936,7088,-1740,285,-174,188,-16010,0,-15537,0,8160,8192,6168,466,-6042,-121,33,39
1370769892,-5734,6642,-2182,-2,173,468,8160,8192,-31084,20915,645,8192,5442,1014,-5960,-106,46,9
1370819892,-5472,5802,-1578,162,-139,46,8160,8192,0,0,645,8192,5388,342,-5740,-104,25,18
1370869892,-5868,6120,-1646,46,-98,135,0,0,-7,-1,-16004,0,5568,286,-6206,-111,29,36
1370919892,-5902,5798,-1514,142,-106,-3,-16002,0,-15537,0,8160,8192,5834,252,-6022,-107,71,30
1370969892,-6010,5574,-1376,110,-68,148,0,0,-7,-1,-16000,0,5848,-26,-5922,-112,40,41
1371019892,-5392,6200,-1794,74,-166,-67,-15997,0,-15537,0,8160,8192,5810,768,-6026,-91,36,29
1371069892,-6066,5622,-1244,115,-44,219,-15994,0,-15537,0,8160,8192,5770,-282,-6106,-106,26,31
1371119892,-5830,5930,-1414,84,-129,-9,0,0,-7,-1,-15992,0,5772,246,-6034,-97,28,24
1371169892,-5836,5858,-1344,94,-104,103,0,0,-7,-1,-16989,0,5768,106,-6120,-103,20,27
1371219892,-5822,5876,-1414,81,-97,86,0,0,-7,-1,-15987,0,5636,266,-6062,-104,24,31
1371269892,-5652,5926,-1492,102,-116,30,8160,8192,0,0,645,8192,5662,312,-6014,-105,35,33
1371319892,-5902,5894,-1326,98,-88,109,8160,8192,-5372,20923,645,8192,5662,104,-6054,-104,33,27
1371369892,-5690,5880,-1520,92,-107,48,-15981,0,-15537,0,8160,8192,5678,308,-6070,-108,33,29
1371419892,-5698,5982,-1538,86,-97,79,0,0,-7,-1,-15979,0,5726,234,-6116,-102,30,25
1371469892,-5814,5986,-1402,100,-98,69,0,0,-7,-1,-16977,0,5716,264,-6118,-105,32,33
1371519892,-5860,5868,-1436,95,-89,80,8160,8192,0,0,645,8192,5952,218,-5912,-102,34,29
1371569892,-5820,5858,-1406,105,-92,57,8160,8192,-17516,20927,645,8192,5628,174,-6168,-103,46,28
1371619892,-5816,5874,-1372,105,-82,94,-17970,0,-15537,0,8160,8192,5982,226,-5736,-105,39,31
1371669892,-5780,5896,-1534,88,-100,41,-17969,0,-15537,0,8160,8192,5552,318,-6242,-100,36,28
1371719892,-5920,5718,-1364,105,-70,126,-15968,0,-15537,0,8160,8192,5850,-8,-6018,-102,40,31
1371769892,-6004,5910,-1402,105,-86,110,8160,8192,0,0,645,8192,5844,156,-5960,-107,31,28
1371819892,-5808,5868,-1414,105,-107,68,-15963,0,-15537,0,8160,8192,5572,92,-6294,-101,29,29
1371869892,-5826,5962,-1468,95,-106,67,8160,8192,0,0,645,8192,5692,108,-6190,-110,36,35
1371919892,-5794,5978,-1598,90,-112,47,8160,8192,4804,20933,645,8192,5670,292,-6196,-101,32,31
1371969892,-5784,6050,-1432,107,-75,111,-15955,0,-15537,0,8160,8192,5596,324,-6290,-106,39,31
1372019892,-5722,6054,-1468,112,-113,53,8160,8192,-26268,20934,645,8192,5616,128,-6206,-108,38,35
1372069892,-5844,5968,-1552,97,-113,55,8160,8192,23732,20935,645,8192,5664,188,-6200,-108,33,33
1372119892,-5648,6016,-1562,97,-118,24,0,0,-7,-1,-15947,0,5830,458,-6056,-105,32,29
1372169892,-5480,6330,-1712,98,-117,33,-15945,0,-15537,0,8160,8192,5946,732,-5916,-106,35,33
1372219892,-5692,5964,-1582,97,-111,69,8160,8192,-22876,20937,645,8192,5336,170,-6136,-100,31,28
1372269892,-5394,6168,-1728,36,-163,-83,0,0,-7,-1,-15939,0,5846,436,-6008,-106,17,31
1372319892,-5596,6142,-1752,50,-136,-3,0,0,-7,-1,-16937,0,5724,634,-6120,-105,11,33
1372369892,-5570,6484,-1794,28,-133,-41,0,0,-7,-1,-16935,0,5982,338,-5894,-100,22,22
1372419892,-4974,6546,-1910,75,-189,-139,-16932,0,-15537,0,8160,8192,5700,1100,-5996,-103,17,36
1372469892,-5170,6106,-1564,160,-244,-274,8160,8192,0,0,645,8192,5828,762,-6082,-103,21,30
1372519892,-5012,6398,-1658,79,-154,-52,8160,8192,14980,20942,645,8192,6274,910,-5890,-99,46,26
1372569892,-4894,5968,-1914,142,-243,-370,-15927,0,-15537,0,8160,8192,5502,836,-6138,-102,32,25
1372619892,-4976,6392,-1702,154,-240,-262,8160,8192,-16092,20943,645,8192,9436,2806,-2402,-80,43,40
1372669892,-5466,6474,-2066,78,-172,-253,-15922,0,-15537,0,8160,8192,5994,556,-5930,-93,44,22
1372719892,-5418,6332,-2152,139,-206,-263,-15919,0,-15537,0,8160,8192,6074,1822,-5848,-114,62,14
1372769892,-5024,5756,-1334,192,-273,-252,8160,8192,0,0,645,8192,8260,2448,-4688,-91,-2,34
1372819892,-5972,6414,-2046,55,-90,200,-17915,0,-15537,0,8160,8192,5542,-668,-6896,-93,17,28
1372869892,-5588,5986,-1608,53,-145,212,-15913,0,-15537,0,8160,8192,9264,510,-4078,-98,-10,35
1372919892,-6370,6600,-2376,112,-149,100,-15911,0,-15537,0,8160,8192,8220,1278,-4704,-111,28,15
1372969892,-5430,5144,-494,127,-31,31,-15909,0,-15537,0,8160,8192,4400,2022,-6432,-100,54,57
1373019892,-5808,5234,-798,65,-80,-122,0,0,-7,-1,-16907,0,7006,1594,-5774,-98,1,43
1373069892,-7028,6052,-1482,33,-84,-59,-15904,0,-15537,0,8160,8192,4514,-1862,-5526,-124,53,13
1373119892,-6722,4832,-634,86,-144,-168,-15902,0,-15537,0,8160,8192,7082,-162,-4886,-106,38,33
1373169892,-5880,4258,-270,61,-62,-106,8160,8192,9620,20952,645,8192,2626,-3132,-4190,-109,5,25
1373219892,-6132,4750,-1550,104,-86,218,0,0,-7,-1,-15898,0,6866,-758,-5638,-106,37,50
1373269892,-8040,4750,-952,-10,-91,128,-15894,0,-15537,0,8160,8192,6352,-916,-5302,-97,-48,44
1373319892,-7554,4334,-832,145,-137,-197,-15893,0,-15537,0,8160,8192,1170,-746,-9990,-101,69,39
1373369892,-5814,3764,736,158,-114,189,0,0,-7,-1,-15890,0,6826,-2276,-5036,-123,17,22
1373419892,-8578,3454,126,-166,88,-32,-16888,0,-15537,0,8160,8192,7020,-2390,-5556,-87,40,30
1373469892,-7248,3922,682,255,-298,-290,0,0,-7,-1,-15886,0,6280,-2640,-5980,-114,52,44
1373519892,-8444,3206,854,-13,131,476,-15882,0,-15537,0,8160,8192,6402,-3908,-5890,-109,72,31
1373569892,-9234,2950,1606,170,38,643,-17878,0,-15537,0,8160,8192,6314,-4470,-5280,-105,40,33
1373619892,-10120,3548,1102,-39,245,1016,-17877,0,-15537,0,8160,8192,6116,-3544,-5688,-68,66,21
1373669892,-8416,4332,806,3,-32,150,-15875,0,-15537,0,8160,8192,4868,-4458,-6406,-95,15,39
1373719892,-9982,2924,1130,164,65,612,-15872,0,-15537,0,8160,8192,6864,-2010,-6778,-88,-12,44
1373769892,-5302,5380,-2372,-209,-184,-136,-15870,0,-15537,0,8160,8192,4100,752,-5556,-99,-32,38
1373819892,-5742,8428,-4230,127,-312,-443,-15868,0,-15537,0,8160,8192,9484,5994,-8344,-136,15,-3
1373869892,-7014,5740,-2380,-33,340,919,0,0,-7,-1,-15865,0,2752,-128,-6696,-95,88,50
1373919892,-2926,4122,-1696,94,-155,-137,-16860,0,-15537,0,8160,8192,2928,3056,-8344,-93,76,52
1373969892,-2924,4910,-2586,143,-227,-165,8160,8192,23188,20964,645,8192,7088,1106,-6614,-124,97,39
1374019892,-5802,5716,-1750,161,70,474,-15857,0,-15537,0,8160,8192,3730,-1484,-5030,-122,72,42
1374069892,-4354,6198,-2252,72,-300,-253,-17855,0,-15537,0,8160,8192,6976,460,-5772,-100,28,54
1374119892,-3550,6680,-2742,103,-171,77,8160,8192,-23420,20966,645,8192,4680,1844,-7372,-109,8,35
1374169892,-4254,8652,-3270,84,-81,21,-15850,0,-15537,0,8160,8192,5600,3000,-6330,-113,13,25
1374219892,-4266,8064,-3544,245,-239,-352,8160,8192,11044,20968,645,8192,5796,4012,-6402,-111,59,31
1374269892,-5374,6366,-1372,80,71,792,-15844,0,-15537,0,8160,8192,6018,-52,-6038,-114,31,21
1374319892,-6848,5886,-1044,122,19,391,-15841,0,-15537,0,8160,8192,6236,162,-5926,-119,35,23
1374369892,-4796,6380,-2000,141,-284,-467,0,0,-7,-1,-15837,0,5650,1118,-6218,-119,24,37
1374419892,-5848,5790,-1578,103,232,658,-15835,0,-15537,0,8160,8192,6040,378,-5658,-117,95,33
1374469892,-4816,6884,-2506,101,-210,-241,8160,8192,0,0,645,8192,5694,1846,-6056,-109,60,24
1374519892,-5508,5954,-1500,145,-43,184,8160,8192,0,0,645,8192,5946,674,-6158,-102,48,28
1374569892,-5502,6370,-1766,101,-93,98,-15829,0,-15537,0,8160,8192,6182,488,-5880,-108,33,30
1374619892,-5972,5656,-1234,134,-91,106,8160,8192,17828,20974,645,8192,5838,-304,-6098,-95,42,26
1374669892,-5520,5830,-1628,76,-142,-46,0,0,-7,-1,-15823,0,5670,420,-5952,-100,28,22
1374719892,-6082,5898,-1282,84,-106,130,0,0,-7,-1,-15821,0,5872,-44,-6148,-96,11,31
1374769892,-6338,5438,-944,109,-86,161,0,0,-7,-1,-15817,0,5814,-686,-6050,-111,16,31
1374819892,-5898,5864,-1270,95,-157,-67,-16813,0,-15537,0,8160,8192,5844,64,-6080,-108,34,29
1374869892,-5862,5960,-1460,108,-96,93,0,0,-7,-1,-16810,0,5868,48,-6000,-106,36,32
1374919892,-5528,6176,-1620,94,-137,3,-15808,0,-15537,0,8160,8192,5812,460,-6100,-110,30,32
1374969892,-5796,5988,-1522,104,-103,78,0,0,-7,-1,-15805,0,5796,248,-6120,-107,34,31
1375019892,-5758,5954,-1430,106,-112,53,-15804,0,-15537,0,8160,8192,5864,142,-6012,-108,36,28
1375069892,-5820,5970,-1438,98,-114,61,8160,8192,9076,20981,645,8192,5904,170,-5994,-106,30,34
1375119892,-6004,5888,-1320,93,-108,75,8160,8192,0,0,645,8192,5882,-14,-5950,-102,24,31
1375169892,-5742,5868,-1416,107,-109,57,0,0,-7,-1,-15800,0,5738,126,-6168,-108,36,34
1375219892,-5808,6038,-1380,106,-120,41,0,0,-7,-1,-15799,0,5874,168,-5948,-109,34,34
1375269892,-5780,5916,-1550,91,-114,67,-15797,0,-15537,0,8160,8192,5692,208,-6134,-109,23,33
1375319892,-5794,5928,-1556,92,-121,65,-17795,0,-15537,0,8160,8192,5972,264,-5786,-106,18,31
1375369892,-5714,5842,-1492,87,-113,78,8160,8192,-18604,20985,645,8192,5750,138,-6152,-108,18,34
1375419892,-5808,5898,-1324,92,-113,56,0,0,-7,-1,-15790,0,5634,214,-6252,-108,21,32
1375469892,-5748,5946,-1428,94,-111,48,-15788,0,-15537,0,8160,8192,5956,168,-5902,-103,25,32
1375519892,-5778,5830,-1486,106,-91,82,8160,8192,324,20988,645,8192,5920,180,-5772,-104,40,31
1375569892,-5782,5884,-1442,99,-97,52,0,0,-7,-1,-15786,0,5912,222,-5990,-103,45,30
1375619892,-5756,5900,-1466,110,-86,71,8160,8192,0,0,645,8192,5898,252,-5802,-104,46,29
1375669892,-5940,5900,-1384,104,-84,93,-15783,0,-15537,0,8160,8192,6082,76,-5866,-105,41,34
1375719892,-5950,5996,-1350,97,-92,55,8160,8192,0,0,645,8192,5948,102,-5994,-103,40,30
1375769892,-5838,5968,-1368,103,-93,74,-15779,0,-15537,0,8160,8192,5492,86,-6190,-101,40,30
1375819892,-5880,5842,-1456,106,-91,89,-15777,0,-15537,0,8160,8192,5894,6,-5912,-106,38,33
1375869892,-5546,6052,-1658,106,-146,-41,-15774,0,-15537,0,8160,8192,6000,202,-5928,-107,42,33
1375919892,-5636,6062,-1666,116,-99,75,0,0,-7,-1,-15774,0,5654,424,-6244,-104,43,30
1375969892,-5700,6062,-1574,119,-99,78,-15772,0,-15537,0,8160,8192,5906,366,-5932,-105,39,33
1376019892,-5538,5992,-1670,92,-120,29,8160,8192,0,0,645,8192,5672,474,-6140,-105,34,32
1376069892,-5822,6038,-1586,93,-81,111,8160,8192,0,0,645,8192,5636,458,-6188,-102,36,32
1376119892,-5510,6214,-1756,69,-147,-30,8160,8192,0,0,645,8192,5864,554,-6058,-107,20,29
1376169892,-5378,6292,-1954,63,-143,-18,-15763,0,-15537,0,8160,8192,5724,932,-6116,-104,33,28
1376219892,-5296,6184,-1978,64,-154,-8,-15761,0,-15537,0,8160,8192,5684,1124,-6136,-103,2,34
1376269892,-5270,6872,-2298,19,-193,-218,0,0,-7,-1,-16758,0,6102,1446,-5806,-92,-25,33
1376319892,-5402,6264,-1430,55,-100,188,-15754,0,-15537,0,8160,8192,6272,442,-5750,-99,-3,25
1376369892,-5664,6678,-2014,110,-256,-354,-15752,0,-15537,0,8160,8192,5518,992,-6358,-99,8,24
1376419892,-5462,6112,-1610,57,-102,19,-15749,0,-15537,0,8160,8192,6302,864,-5516,-96,34,26
1376469892,-5410,6252,-1922,11,-125,-253,-15746,0,-15537,0,8160,8192,6156,564,-5752,-97,26,29
1376519892,-5992,6950,-2822,106,-201,-193,0,0,-7,-1,-15743,0,5256,1168,-6786,-104,48,22
1376569892,-5608,6394,-2158,70,-160,-190,0,0,-7,-1,-15740,0,6782,1284,-5090,-89,32,32
1376619892,-4826,6176,-2000,168,-280,-434,0,0,-7,-1,-15737,0,6780,1546,-5286,-96,55,32
1376669892,-4002,4802,-740,111,-139,88,-17735,0,-15537,0,8160,8192,4880,142,-6110,-107,51,23
1376719892,-4340,4364,-364,75,-57,148,-15732,0,-15537,0,8160,8192,6256,1092,-4872,-122,34,14
1376769892,-6908,7088,-2758,103,-127,200,-17729,0,-15537,0,8160,8192,6086,1250,-5826,-110,26,33
1376819892,-5084,4510,-682,69,-85,159,-15727,0,-15537,0,8160,8192,6166,230,-6072,-99,35,26
1376869892,-6376,6022,-1040,129,-131,-156,-17724,0,-15537,0,8160,8192,8872,344,-4858,-108,25,47
1376919892,-5830,6278,-2284,92,-191,-57,-15722,0,-15537,0,8160,8192,5882,616,-6386,-124,18,30
1376969892,-7644,7308,-2582,122,-116,40,0,0,-7,-1,-16720,0,4442,344,-7348,-111,30,-1
1377019892,-5874,5696,-2004,130,-237,-223,8160,8192,-7004,21010,645,8192,5318,500,-6172,-121,24,22
1377069892,-7180,6612,-1792,102,-161,-91,8160,8192,-22540,21011,645,8192,5710,1280,-6404,-93,57,26
1377119892,-6770,4916,-814,149,-194,-163,8160,8192,0,0,645,8192,7160,940,-6010,-127,18,34
1377169892,-6418,4730,-356,88,-55,175,8160,8192,0,0,645,8192,5366,-244,-6160,-94,35,37
1377219892,-6442,4968,-104,253,-214,133,0,0,-7,-1,-15711,0,6044,-1678,-5830,-118,-20,41
1377269892,-7072,4240,-444,1,-8,95,-15708,0,-15537,0,8160,8192,4864,-1660,-6174,-106,21,16
1377319892,-7982,4728,-286,155,-80,51,0,0,-7,-1,-16705,0,4280,-684,-7240,-100,80,36
1377369892,-8374,5894,-1114,7,-107,-107,-15704,0,-15537,0,8160,8192,6438,-1770,-5868,-118,-11,9
1377419892,-7850,4474,-146,69,-23,67,-15702,0,-15537,0,8160,8192,5442,-1846,-6394,-113,48,29
1377469892,-7810,4028,604,120,-55,188,-15699,0,-15537,0,8160,8192,6102,-3064,-5992,-106,56,35
1377519892,-8430,2782,1402,33,137,753,8160,8192,0,0,645,8192,6292,-4334,-5856,-100,38,33
1377569892,-8022,1122,2428,8,86,555,-15693,0,-15537,0,8160,8192,8586,-4192,-5414,-105,-3,26
1377619892,-9392,1500,2256,98,312,767,-15689,0,-15537,0,8160,8192,6824,-5076,-6000,-112,97,9
1377669892,-12254,5830,2046,83,-183,76,0,0,-7,-1,-16686,0,11184,-2980,-2674,-22,-59,56
1377719892,-6216,7566,-1740,-47,-196,-175,8160,8192,0,0,645,8192,1312,1404,-7488,-91,46,38
1377769892,-4602,7046,-1782,113,-196,-279,-15680,0,-15537,0,8160,8192,232,-218,-6794,-107,10,56
1377819892,-7266,5674,-484,131,411,1120,-17678,0,-15537,0,8160,8192,10666,454,-6672,-89,31,28
1377869892,-5844,6830,-1586,24,-249,-58,-17675,0,-15537,0,8160,8192,5708,732,-6836,-111,-33,67
1377919892,-5904,6912,-1508,135,-133,58,-15673,0,-15537,0,8160,8192,5950,3764,-4556,-80,69,39
1377969892,-4232,6232,-2000,11,-222,245,-17671,0,-15537,0,8160,8192,4806,4190,-7704,-114,-162,30
1378019892,-2448,5476,-2586,164,-294,-226,0,0,-7,-1,-15669,0,8140,4534,-6564,-122,68,38
1378069892,-2884,7338,-2560,157,-130,291,-15667,0,-15537,0,8160,8192,3568,3702,-6852,-128,32,23
1378119892,-2204,8848,-5822,205,-354,-1035,-15664,0,-15537,0,8160,8192,5144,8296,-6112,-129,68,21
1378169892,-3926,8408,-3054,766,-660,-850,8160,8192,28884,21028,645,8192,5708,2998,-6430,-124,33,21
1378219892,-5196,6584,-2336,-455,889,2165,8160,8192,13348,21029,645,8192,5976,2348,-6006,-113,160,18
1378269892,-5648,5622,-1682,335,-240,-79,-16655,0,-15537,0,8160,8192,5140,146,-6252,-126,63,24
1378319892,-4982,6318,-1516,182,-218,-93,0,0,-7,-1,-15654,0,5766,464,-5986,-102,20,21
1378369892,-7160,4864,-856,-19,287,783,-15651,0,-15537,0,8160,8192,5484,-492,-6350,-103,20,24
1378419892,-5426,6312,-1948,64,-280,-340,-16647,0,-15537,0,8160,8192,6032,486,-5774,-88,53,12
1378469892,-5776,5556,-1094,113,-73,195,-15645,0,-15537,0,8160,8192,5736,106,-6160,-103,37,30
1378519892,-5856,5932,-1486,71,-113,73,-15643,0,-15537,0,8160,8192,5442,262,-6116,-119,20,42
1378569892,-6048,5494,-1396,158,-89,124,8160,8192,0,0,645,8192,5840,-406,-5976,-104,61,30
1378619892,-5436,6050,-1744,57,-122,-52,8160,8192,20132,21035,645,8192,5628,620,-6092,-97,50,26
1378669892,-5608,6072,-1556,134,-145,32,0,0,-7,-1,-15639,0,5754,378,-6028,-99,21,32
1378719892,-6126,5646,-1286,60,-57,209,-15636,0,-15537,0,8160,8192,5940,-244,-6080,-107,-1,31
1378769892,-5722,5896,-1440,104,-156,-45,0,0,-7,-1,-16635,0,5738,22,-6072,-103,29,26
1378819892,-5878,5916,-1370,115,-91,119,8160,8192,0,0,645,8192,5742,78,-6152,-103,38,25
1378869892,-5764,5852,-1376,107,-134,2,-15630,0,-15537,0,8160,8192,5622,142,-6056,-108,32,33
1378919892,-5636,5982,-1632,99,-117,21,8160,8192,-7548,21039,645,8192,5616,430,-6054,-113,34,35
1378969892,-5810,5872,-1464,111,-83,92,8160,8192,-23084,21040,645,8192,5716,158,-6236,-105,39,27
1379019892,-5864,5884,-1408,78,-101,47,-15624,0,-15537,0,8160,8192,5800,88,-6124,-106,33,27
1379069892,-5840,5928,-1472,97,-101,73,-16622,0,-15537,0,8160,8192,5936,208,-5934,-109,26,31
1379119892,-5760,5864,-1402,98,-104,58,-15620,0,-15537,0,8160,8192,5868,142,-6122,-108,33,33
1379169892,-5918,5872,-1356,106,-95,79,-17617,0,-15537,0,8160,8192,5772,70,-6032,-109,34,33
1379219892,-5754,5824,-1456,97,-106,42,-17614,0,-15537,0,8160,8192,5692,128,-6040,-104,33,32
1379269892,-5812,5984,-1422,103,-94,81,-15612,0,-15537,0,8160,8192,5748,218,-5928,-106,36,31
1379319892,-5784,5824,-1500,101,-93,86,-15609,0,-15537,0,8160,8192,5620,206,-6234,-108,33,33
1379369892,-5638,5948,-1464,99,-112,36,0,0,-7,-1,-15607,0,5748,242,-6086,-103,35,27
1379419892,-5940,5862,-1388,108,-81,120,-15602,0,-15537,0,8160,8192,5976,114,-5970,-104,36,33
1379469892,-5788,5992,-1458,96,-108,41,0,0,-7,-1,-15597,0,5844,268,-5928,-101,39,29
1379519892,-5824,5914,-1418,99,-92,90,0,0,-7,-1,-15595,0,5936,168,-5932,-103,33,31
1379569892,-5704,5968,-1602,96,-118,39,-15592,0,-15537,0,8160,8192,6078,334,-5872,-103,32,30
1379619892,-5708,6008,-1534,102,-113,66,-15589,0,-15537,0,8160,8192,5800,418,-6072,-105,31,29
1379669892,-5646,6046,-1658,95,-127,53,0,0,-7,-1,-15587,0,5700,368,-6124,-105,19,29
1379719892,-6032,5658,-1120,126,-112,109,8160,8192,6020,21052,645,8192,6070,-248,-5858,-105,24,34
1379769892,-5432,6184,-1748,76,-200,-115,8160,8192,0,0,645,8192,5788,648,-6106,-110,20,34
1379819892,-6040,5896,-1114,129,-79,132,-16580,0,-15537,0,8160,8192,5780,216,-6052,-102,37,31
1379869892,-5592,6098,-1474,85,-97,53,-15579,0,-15537,0,8160,8192,5808,398,-6006,-105,37,32
1379919892,-5414,6206,-1590,141,-196,-83,-15576,0,-15537,0,8160,8192,5658,392,-6116,-104,40,31
1379969892,-5862,5998,-1610,89,-124,11,8160,8192,-6124,21055,645,8192,5806,542,-5980,-106,25,27
1380019892,-5414,6242,-1636,162,-213,-135,-15573,0,-15537,0,8160,8192,5800,610,-6006,-99,19,36
1380069892,-5754,6136,-1830,57,-135,-54,0,0,-7,-1,-16572,0,5772,438,-6094,-108,24,35
1380119892,-5250,5978,-2038,113,-165,-102,-15569,0,-15537,0,8160,8192,5920,1044,-6004,-107,43,30
1380169892,-5560,6008,-1598,122,-198,-283,-15565,0,-15537,0,8160,8192,5460,1132,-6410,-106,38,33
1380219892,-5242,5900,-1604,52,-102,-23,0,0,-7,-1,-15563,0,5912,242,-6024,-101,34,25
1380269892,-6208,6600,-2046,81,-187,-236,0,0,-7,-1,-15561,0,5840,128,-6330,-91,26,31
1380319892,-4830,5860,-1838,106,-233,-202,-15558,0,-15537,0,8160,8192,6146,384,-5974,-103,14,21
1380369892,-5430,5578,-1290,153,-247,-189,-15557,0,-15537,0,8160,8192,6060,1126,-5784,-89,9,36
1380419892,-5552,5870,-1770,96,-172,-54,0,0,-7,-1,-15555,0,5466,666,-6030,-107,42,19
1380469892,-5346,5412,-1186,143,-194,15,-16552,0,-15537,0,8160,8192,6972,926,-5058,-86,11,30
1380519892,-5722,6192,-1698,35,-115,91,-15551,0,-15537,0,8160,8192,6104,1374,-5332,-102,30,41
1380569892,-6662,6308,-1792,114,-36,211,0,0,-7,-1,-15549,0,3968,550,-7960,-107,61,19
1380619892,-5378,6098,-1892,64,-179,-114,8160,8192,-11484,21065,645,8192,5508,1124,-6304,-123,12,34
1380669892,-5362,5768,-1408,137,-95,0,-15546,0,-15537,0,8160,8192,5448,1458,-6678,-105,62,29
1380719892,-6258,6270,-1966,60,-99,-26,0,0,-7,-1,-15543,0,7482,822,-5216,-104,14,37
1380769892,-5848,5596,-1490,63,-106,-75,-16542,0,-15537,0,8160,8192,4862,1472,-5544,-133,31,25
1380819892,-5898,5314,-1084,78,-202,-163,-15540,0,-15537,0,8160,8192,5724,840,-6552,-102,-16,14
1380869893,-6188,5648,-1008,117,-149,-157,-15539,0,-15537,0,8160,8192,7178,724,-6294,-119,16,16
1380919894,-6778,6158,-1436,120,-91,68,8160,8192,26372,21070,645,8192,5114,14,-6550,-101,38,29
1380969892,-6140,4774,-190,96,-23,234,0,0,-7,-1,-17535,0,7188,-910,-5712,-102,-8,23
1381019892,-7506,5038,-744,70,24,339,0,0,-7,-1,-16532,0,5188,-628,-6488,-104,49,45
1381069892,-6692,4656,-620,176,-249,-172,-16529,0,-15537,0,8160,8192,5582,-1614,-5876,-93,-19,33
1381119892,-7906,5478,-806,82,-106,86,-18526,0,-15537,0,8160,8192,6518,-1864,-5468,-115,4,30
1381169892,-8496,5204,-604,-47,109,257,-18524,0,-15537,0,8160,8192,4488,-1174,-6466,-104,74,35
1381219892,-7284,4410,-202,148,-124,-130,0,0,-7,-1,-16522,0,5638,-1596,-6566,-118,81,25
1381269892,-7722,4586,-72,94,-10,65,-16520,0,-15537,0,8160,8192,5178,-2240,-6336,-116,84,36
1381319892,-7732,3764,190,56,-12,154,8160,8192,-32380,21076,645,8192,5746,-2902,-6152,-112,81,38
1381369892,-8258,3414,1028,83,115,568,-16515,0,-15537,0,8160,8192,4456,-4414,-6682,-110,102,28
1381419892,-8974,2772,1534,38,169,840,-16512,0,-15537,0,8160,8192,3244,-4478,-7016,-93,80,37
1381469892,-11278,4018,744,23,132,759,0,0,-7,-1,-16509,0,3776,-5268,-5356,-98,35,25
1381519892,-8530,4956,50,135,-223,7,-16507,0,-15537,0,8160,8192,6334,-1170,-5508,-70,10,30
1381569892,-7106,6356,-1542,-60,-127,-37,0,0,-7,-1,-16505,0,5006,1874,-7104,-81,-10,42
1381619892,-3576,7022,-2618,39,-151,-108,-18503,0,-15537,0,8160,8192,9382,9242,-7312,-87,43,31
1381669892,-4910,3470,-1730,122,278,716,8160,8192,-10060,21081,645,8192,2656,-3030,-5510,-112,89,29
1381719892,-6796,6926,-2210,60,-173,78,8160,8192,0,0,645,8192,-18,368,-9350,-117,-4,43
1381769892,-3686,6398,-2370,69,-233,-198,-17497,0,-15537,0,8160,8192,1690,-1896,-7048,-114,33,32
1381819892,-6094,6420,-1128,198,-5,518,0,0,-7,-1,-16495,0,7886,-746,-3144,-117,-16,23
1381869892,-6376,7956,-1948,-37,-317,-170,0,0,-7,-1,-16493,0,4546,1428,-6424,-97,-86,35
1381919892,-4480,8100,-3542,161,-255,-228,-16492,0,-15537,0,8160,8192,3510,2846,-6070,-96,71,21
1381969892,-2416,7636,-3764,230,-228,-278,8160,8192,27796,21086,645,8192,5042,3668,-6450,-115,61,21
1382019892,-4340,7282,-2948,288,-150,73,0,0,-7,-1,-17486,0,5510,2348,-5738,-118,58,22
1382069892,-5376,6142,-1348,-5,150,850,-17484,0,-15537,0,8160,8192,5682,506,-6520,-112,24,18
1382119892,-6236,6102,-1342,131,-133,216,8160,8192,0,0,645,8192,4838,26,-6508,-122,5,19
1382169892,-5926,6080,-1592,167,-12,135,8160,8192,0,0,645,8192,5596,794,-6128,-128,106,31
1382219892,-4686,7050,-2522,98,-156,-151,-16476,0,-15537,0,8160,8192,5810,1372,-5624,-114,33,35
1382269892,-5146,6196,-2148,141,-103,181,-17475,0,-15537,0,8160,8192,5748,1644,-6022,-117,7,31
1382319892,-5590,6314,-1790,134,-41,229,0,0,-7,-1,-16473,0,6912,814,-5954,-108,35,28
1382369892,-5286,6284,-1746,77,-148,-26,8160,8192,-30956,21092,645,8192,5384,722,-6182,-104,38,30
1382419892,-5734,6008,-1516,132,-100,54,-16469,0,-15537,0,8160,8192,6012,50,-5828,-104,63,31
1382469892,-6354,5474,-826,157,-80,179,0,0,-7,-1,-16467,0,5706,-872,-6054,-113,34,32
1382519892,-5472,6126,-1652,50,-211,-143,-16465,0,-15537,0,8160,8192,5820,566,-5962,-106,13,30
1382569892,-6158,5726,-1224,114,-58,249,-16462,0,-15537,0,8160,8192,5746,-312,-6134,-103,2,33
1382619892,-5776,5946,-1450,85,-135,-24,-18461,0,-15537,0,8160,8192,5836,-46,-5972,-106,30,29
1382669892,-5792,6000,-1490,114,-138,-19,-16459,0,-15537,0,8160,8192,5822,42,-6128,-110,42,28
1382719892,-5732,5930,-1498,118,-83,128,0,0,-7,-1,-17457,0,5698,140,-6052,-114,36,37
1382769892,-5804,5974,-1512,114,-141,-14,8160,8192,0,0,645,8192,5776,252,-6072,-108,38,33
1382819892,-5806,5942,-1474,108,-97,70,-16454,0,-15537,0,8160,8192,5818,158,-6052,-102,38,27
1382869892,-5884,5920,-1398,105,-108,73,-16451,0,-15537,0,8160,8192,5800,134,-5904,-109,29,32
1382919892,-5826,5976,-1482,94,-123,39,-18449,0,-15537,0,8160,8192,5708,140,-6084,-107,27,32
1382969892,-5776,5806,-1486,111,-111,53,-16447,0,-15537,0,8160,8192,5776,138,-6036,-108,43,34
1383019892,-5786,5952,-1480,107,-114,58,-16444,0,-15537,0,8160,8192,5890,114,-6068,-110,35,35
1383069892,-5832,5978,-1444,103,-105,82,-17444,0,-15537,0,8160,8192,5762,124,-6028,-108,29,31
1383119892,-5718,5930,-1412,94,-117,36,0,0,-7,-1,-16442,0,5910,218,-5926,-109,29,32
1383169892,-5838,5974,-1396,105,-106,85,-18440,0,-15537,0,8160,8192,5724,-8,-6150,-105,30,35
1383219892,-5744,5920,-1384,103,-107,63,8160,8192,32612,21105,645,8192,5716,56,-6128,-107,35,30
1383269892,-5722,5968,-1482,100,-125,27,8160,8192,0,0,645,8192,5958,100,-5816,-110,30,38
1383319892,-5870,5876,-1374,117,-93,105,-16435,0,-15537,0,8160,8192,5712,-10,-6158,-111,39,34
1383369892,-5616,5996,-1416,104,-126,-9,-17434,0,-15537,0,8160,8192,5628,154,-6268,-101,44,28
1383419892,-5770,6014,-1498,119,-93,98,-16432,0,-15537,0,8160,8192,5858,450,-5978,-106,42,35
1383469892,-5692,6022,-1588,101,-105,77,-17429,0,-15537,0,8160,8192,6064,368,-5848,-108,24,32
1383519892,-5584,6068,-1470,96,-99,90,8160,8192,4932,21110,645,8192,6014,352,-5842,-101,23,29
1383569892,-5398,6302,-1742,90,-152,-29,-16423,0,-15537,0,8160,8192,5890,712,-5950,-103,28,31
1383619892,-5740,6144,-1602,121,-88,129,-16593,0,-15537,0,8160,8192,5654,528,-6212,-97,31,25
1383669892,-5920,5768,-1262,117,-111,91,8160,8192,0,0,645,8192,5556,-248,-6160,-98,27,29
1383719892,-5730,5904,-1586,93,-134,64,8160,8192,0,0,645,8192,6102,168,-5788,-108,14,35
1383769892,-5754,5938,-1446,87,-140,11,8160,8192,-7212,21113,645,8192,5924,288,-5978,-100,19,28
1383819892,-5810,5898,-1440,99,-109,63,-16411,0,-15537,0,8160,8192,5644,218,-6096,-109,27,31
1383869892,-5336,6240,-1714,10,-162,-223,0,0,-7,-1,-16408,0,5812,428,-6118,-102,15,36
1383919892,-5684,6062,-1450,84,-90,122,8160,8192,11716,21116,645,8192,5628,676,-6108,-99,20,34
1383969892,-5738,6210,-1996,27,-187,-350,-18405,0,-15537,0,8160,8192,5500,1216,-6154,-105,39,35
1384019892,-5226,6506,-1812,114,-180,-268,8160,8192,0,0,645,8192,5478,1602,-6232,-102,34,29
1384069892,-5536,6326,-1908,93,-166,-110,-16401,0,-15537,0,8160,8192,6638,966,-5604,-92,37,32
1384119892,-5998,7132,-3128,125,-262,-231,8160,8192,0,0,645,8192,5856,1458,-6308,-103,16,28
1384169892,-5444,5418,-546,89,-95,-188,-16396,0,-15537,0,8160,8192,6402,1510,-5764,-101,20,28
1384219892,-5634,6016,-1614,149,-211,-214,8160,8192,-15964,21120,645,8192,5780,1334,-5644,-94,32,30
1384269892,-5580,5990,-1770,123,-190,-70,8160,8192,-31500,21121,645,8192,5798,574,-6126,-108,50,19
1384319892,-5762,5764,-1606,150,-188,-38,-16391,0,-15537,0,8160,8192,5418,410,-6176,-91,32,28
1384369892,-9114,8212,-3294,109,-110,-60,8160,8192,2964,21123,645,8192,1860,2848,-7382,-99,75,46
1384419892,-6546,6938,-2562,77,-108,182,8160,8192,-12572,21123,645,8192,5934,628,-6328,-96,51,27
1384469892,-5984,5920,-1508,80,-124,-2,-16385,0,-15537,0,8160,8192,6998,476,-5686,-105,4,25
1384519892,-5158,5532,-1014,101,-69,87,0,0,-7,-1,-16382,0,7140,1040,-5542,-115,49,30
1384569892,-4606,5146,-684,118,-97,128,-17381,0,-15537,0,8160,8192,7464,550,-3570,-96,44,50
1384619892,-6920,6328,-1638,124,-153,-254,-16379,0,-15537,0,8160,8192,4808,788,-6980,-105,16,47
1384669892,-6382,5270,-780,87,-73,-27,-16377,0,-15537,0,8160,8192,5860,2502,-3650,-67,58,59
1384719892,-6598,5264,-1050,79,-206,-210,0,0,-7,-1,-16374,0,6256,-1080,-5462,-92,5,51
1384769892,-6312,4994,-698,112,-87,-54,-17373,0,-15537,0,8160,8192,4390,-886,-6354,-107,25,26
1384819892,-4530,3804,460,129,-359,139,0,0,-7,-1,-17371,0,6570,-446,-6420,-107,-22,9
1384869892,-7886,5894,-988,77,-115,-246,8160,8192,0,0,645,8192,5200,-416,-6892,-121,-9,47
1384919892,-8038,4604,128,68,-53,310,8160,8192,0,0,645,8192,6458,-2580,-5746,-91,-51,22
1384969892,-7768,4342,106,36,-108,-4,-16364,0,-15537,0,8160,8192,4904,-2038,-6362,-107,0,32
1385019892,-7304,4892,-672,28,-97,157,-16363,0,-15537,0,8160,8192,6016,-1826,-5980,-92,-15,36
1385069892,-6002,5086,-1438,78,-262,-396,8160,8192,-17932,21133,645,8192,6104,-458,-5790,-125,-7,18
1385119892,-7282,4312,-168,86,15,486,0,0,-7,-1,-16358,0,6066,-1728,-5756,-110,50,36
1385169892,-7676,5496,-322,183,-118,109,-16355,0,-15537,0,8160,8192,6078,-2526,-6222,-93,107,60
1385219892,-7852,3986,394,32,154,638,-18353,0,-15537,0,8160,8192,8226,-3178,-4544,-116,78,24
1385269892,-9122,2798,1322,51,197,1030,-16351,0,-15537,0,8160,8192,5028,-5776,-6140,-96,48,30
1385319892,-8704,3284,1986,144,-1,215,0,0,-7,-1,-17348,0,5622,-4626,-6230,-94,91,49
1385369892,-9818,6294,1430,150,-249,-153,8160,8192,19924,21138,645,8192,18412,-1288,2448,-74,-15,59
1385419892,-5718,7504,-1180,197,-274,28,0,0,-7,-1,-16345,0,-1094,-1400,-8484,-120,29,35
1385469892,-5444,6400,-2534,163,-31,82,-16343,0,-15537,0,8160,8192,7642,3114,-4226,-105,113,32
1385519892,-5572,7222,-1284,97,-5,229,-16341,0,-15537,0,8160,8192,3750,4006,-5762,-126,82,35
1385569892,-5750,6292,-1414,101,-8,128,-16339,0,-15537,0,8160,8192,8144,608,-3278,-96,68,42
1385619892,-5886,7430,-2024,85,-208,-40,0,0,-7,-1,-17336,0,7920,1796,-4838,-90,4,36
1385669892,-4942,6008,-2454,99,-46,273,0,0,-7,-1,-16334,0,7748,1590,-5582,-120,19,27
1385719892,-2880,7038,-2682,80,-344,-505,-16334,0,-15537,0,8160,8192,7100,3206,-4852,-109,-6,19
1385769892,-5344,8552,-3412,92,-43,311,8160,8192,0,0,645,8192,5408,3766,-7292,-110,9,15
1385819892,-4264,7440,-2732,148,-70,-31,8160,8192,11172,21145,645,8192,4970,2066,-6740,-102,40,3
1385869892,-5208,6704,-2412,101,-43,434,0,0,-7,-1,-16328,0,5466,1100,-5858,-113,19,27
1385919892,-6426,5908,-1342,100,128,617,0,0,-7,-1,-17325,0,5940,160,-6044,-118,32,16
1385969892,-5434,5300,-1308,98,-124,-16,0,0,-7,-1,-16323,0,5014,74,-6216,-120,58,27
1386019892,-5164,6538,-1986,123,-77,85,-16322,0,-15537,0,8160,8192,5736,1714,-6210,-128,55,41
1386069892,-4968,6652,-2238,111,-95,18,-16320,0,-15537,0,8160,8192,6286,1118,-5412,-102,58,19
1386119892,-5020,6362,-2154,106,-68,100,-16318,0,-15537,0,8160,8192,5338,1352,-6250,-110,48,22
1386169892,-5268,6340,-1830,106,-79,123,-16318,0,-15537,0,8160,8192,5744,926,-6088,-101,25,20
1386219892,-5900,6018,-1480,96,-77,208,8160,8192,17956,21151,645,8192,6450,188,-5826,-100,4,29
1386269892,-5588,6128,-1632,76,-132,-39,8160,8192,0,0,645,8192,5756,396,-5984,-93,46,28
1386319892,-6104,5664,-1142,116,-43,213,0,0,-7,-1,-17312,0,5738,-122,-6018,-97,37,23
1386369892,-5604,6094,-1564,59,-167,-61,8160,8192,-28652,21153,645,8192,5770,172,-6158,-102,19,28
1386419892,-6136,5820,-1230,101,-59,171,0,0,-7,-1,-17307,0,5702,84,-6244,-110,29,31
1386469892,-5726,5826,-1434,100,-109,11,0,0,-7,-1,-16304,0,5636,84,-6140,-102,45,29
1386519892,-5790,5952,-1442,86,-99,72,-18302,0,-15537,0,8160,8192,5732,122,-6104,-100,35,29
1386569892,-5510,5992,-1616,100,-120,-7,-16300,0,-15537,0,8160,8192,5738,512,-6052,-109,47,29
1386619892,-5696,5934,-1548,99,-84,92,8160,8192,0,0,645,8192,5688,150,-6168,-107,34,34
1386669892,-5730,5948,-1440,95,-116,61,8160,8192,9204,21158,645,8192,5694,172,-6208,-102,28,32
1386719892,-5714,6026,-1454,94,-108,34,0,0,-7,-1,-16295,0,5706,162,-6190,-97,36,28
1386769892,-5842,5896,-1486,102,-104,86,-16292,0,-15537,0,8160,8192,5722,116,-5980,-107,27,33
1386819892,-5642,5896,-1448,88,-98,80,-16289,0,-15537,0,8160,8192,5734,280,-6180,-104,29,26
1386869892,-5860,5976,-1454,99,-105,68,8160,8192,12596,21161,645,8192,5844,134,-5902,-106,33,34
1386919892,-5610,5930,-1474,88,-98,64,-16285,0,-15537,0,8160,8192,5686,320,-6146,-106,32,30
1386969892,-5828,5932,-1408,99,-92,104,-16283,0,-15537,0,8160,8192,5836,146,-6022,-103,27,32
1387019892,-5840,5970,-1416,93,-97,76,-16280,0,-15537,0,8160,8192,5948,110,-5754,-102,31,26
1387069892,-5822,6020,-1462,98,-99,66,0,0,-7,-1,-16278,0,5842,160,-5914,-103,33,32
1387119892,-5830,5956,-1406,105,-81,95,8160,8192,0,0,645,8192,5692,138,-6182,-103,41,30
1387169892,-5894,5870,-1400,112,-86,65,-16274,0,-15537,0,8160,8192,5650,-60,-6256,-104,52,31
1387219892,-5734,5930,-1476,102,-109,37,0,0,-7,-1,-17273,0,5762,114,-6120,-110,39,38
1387269892,-5624,6152,-1708,91,-115,27,0,0,-7,-1,-17272,0,5818,460,-6010,-109,34,32
1387319892,-5764,5986,-1566,108,-82,102,8160,8192,0,0,645,8192,5852,316,-5918,-104,41,32
1387369892,-5636,5992,-1526,110,-119,58,-16267,0,-15537,0,8160,8192,5996,188,-5920,-108,30,37
1387419892,-5810,6052,-1456,104,-103,78,0,0,-7,-1,-17265,0,5566,176,-6120,-105,33,30
1387469892,-5542,6012,-1522,102,-115,40,-16263,0,-15537,0,8160,8192,5914,372,-5884,-106,31,28
1387519892,-5750,6016,-1508,105,-91,101,-16261,0,-15537,0,8160,8192,5908,236,-5948,-104,36,32
1387569892,-5762,5862,-1408,97,-96,79,0,0,-7,-1,-16259,0,5768,262,-6074,-99,35,29
1387619892,-5758,5976,-1448,92,-112,69,-16258,0,-15537,0,8160,8192,5684,88,-6154,-105,21,34
1387669892,-5712,6050,-1672,87,-121,55,0,0,-7,-1,-17256,0,5832,316,-6006,-108,17,33
1387719892,-5292,6300,-1902,70,-147,-9,-16254,0,-15537,0,8160,8192,5968,852,-6018,-102,12,29
1387769892,-5334,6154,-1750,97,-147,38,-16251,0,-15537,0,8160,8192,5990,618,-6094,-105,9,34
1387819892,-5338,6258,-1698,84,-140,51,0,0,-7,-1,-16249,0,5740,676,-5984,-103,7,33
1387869892,-4994,6420,-2072,64,-181,-119,-18247,0,-15537,0,8160,8192,5956,1634,-5876,-102,30,35
1387919892,-4822,6380,-1968,88,-173,-118,-16244,0,-15537,0,8160,8192,5454,1448,-6094,-97,31,29
1387969892,-5282,6208,-2238,10,-195,-477,8160,8192,-1516,21177,645,8192,5054,1340,-6308,-101,56,31
1388019892,-5050,6874,-2228,201,-291,-400,-17240,0,-15537,0,8160,8192,5298,1370,-6184,-88,59,34
1388069892,-5638,6600,-2282,12,-130,-123,-16237,0,-15537,0,8160,8192,4178,1368,-7540,-97,25,23
1388119892,-5518,6470,-1746,83,-115,-83,8160,8192,0,0,645,8192,4078,978,-7386,-104,51,20
1388169892,-5304,5784,-1368,88,-148,-17,-16233,0,-15537,0,8160,8192,6130,854,-5984,-100,40,30
1388219892,-5526,5952,-1934,147,-201,-324,8160,8192,-13660,21181,645,8192,4386,80,-6268,-94,65,25
1388269892,-6302,6956,-2386,170,-262,-145,0,0,-7,-1,-17230,0,7278,592,-7230,-98,24,27
1388319892,-6086,7042,-2264,123,-199,-104,0,0,-7,-1,-16228,0,4902,1290,-6656,-96,54,32
1388369892,-5018,5644,-1908,115,-210,-7,-16225,0,-15537,0,8160,8192,6922,2554,-5560,-107,-22,26
1388419892,-4636,5482,-1562,113,-149,57,-16223,0,-15537,0,8160,8192,4866,2310,-7028,-112,22,32
1388469892,-4604,4718,-1252,-18,-46,173,0,0,-7,-1,-16221,0,3496,174,-5388,-108,-7,13
1388519892,-7546,6520,-994,121,-66,77,-16219,0,-15537,0,8160,8192,4754,-2210,-3868,-89,26,45
1388569892,-7898,5440,-946,28,-75,-39,-16216,0,-15537,0,8160,8192,7816,-1296,-5036,-84,-1,42
1388619892,-6682,4852,-432,95,-138,-146,0,0,-7,-1,-16213,0,5978,3384,-7838,-101,-24,42
1388669892,-7390,5288,-490,115,-60,97,-16211,0,-15537,0,8160,8192,5360,-1128,-6490,-99,35,45
1388719892,-6532,3914,884,170,-182,171,-16208,0,-15537,0,8160,8192,6252,-2342,-5648,-98,-78,56
1388769892,-8180,5014,-1572,-17,75,186,-18206,0,-15537,0,8160,8192,-2212,-580,-12614,-111,94,29
1388819892,-6038,4210,-318,213,-273,-314,-15656,0,-15537,0,8160,8192,4680,-1922,-7144,-120,63,22
1388869892,-7686,3520,388,-36,144,525,8160,8192,0,0,645,8192,5496,-3104,-6034,-105,95,39
1388919892,-8370,4100,206,155,-196,-202,-16199,0,-15537,0,8160,8192,6086,-3022,-6002,-115,33,44
1388969892,-8434,3114,1426,147,-22,360,8160,8192,0,0,645,8192,5832,-4308,-6054,-106,36,31
1389019892,-8194,2674,1368,-3,61,633,0,0,-7,-1,-17194,0,5944,-4852,-6302,-112,-15,32
1389069892,-8976,3170,946,-13,63,708,8160,8192,0,0,645,8192,6252,-3276,-6556,-75,-39,34
1389119892,-8674,4380,824,-30,20,566,8160,8192,-31164,21195,645,8192,7366,-1954,-6100,-105,-29,35
1389169892,-7490,3684,64,93,27,297,-16188,0,-15537,0,8160,8192,5552,-4592,-5650,-91,88,40
1389219892,-6518,6584,-1822,2,-107,-43,0,0,-7,-1,-16185,0,6214,-566,-5572,-94,56,46
1389269892,-6902,8136,-2582,52,-52,-178,-18183,0,-15537,0,8160,8192,6824,-3524,-3994,-134,146,24
1389319892,-5654,7292,-2336,178,39,264,-16180,0,-15537,0,8160,8192,5908,-228,-7598,-103,115,62
1389369892,-3300,4266,-1846,131,-99,70,-16177,0,-15537,0,8160,8192,8644,-486,-5554,-99,59,43
1389419892,-4808,5150,-1928,192,-130,33,-16174,0,-15537,0,8160,8192,3092,3018,-6776,-117,95,28
1389469892,-4970,4728,-2228,129,-63,192,8160,8192,-8844,21200,645,8192,2134,-2476,-7956,-105,72,39
1389519892,-4628,6466,-2636,66,-272,-105,-16170,0,-15537,0,8160,8192,2478,3250,-7606,-102,-5,47
1389569892,-3802,7660,-3372,109,-221,-121,0,0,-7,-1,-16168,0,7256,3056,-6128,-96,49,29
1389619892,-4620,8190,-3850,176,-164,91,-17167,0,-15537,0,8160,8192,5276,2672,-6178,-112,-24,8
1389669892,-4182,7746,-3042,136,-121,-62,-16165,0,-15537,0,8160,8192,6442,2860,-5864,-116,73,16
1389719892,-5268,6006,-1552,70,49,571,-16162,0,-15537,0,8160,8192,5816,-184,-6084,-109,46,14
1389769892,-5844,5512,-1450,110,-54,236,-16160,0,-15537,0,8160,8192,6044,418,-6002,-121,25,24
1389819892,-6174,6076,-1656,171,-60,181,8160,8192,13476,21206,645,8192,5910,538,-6238,-124,58,35
1389869892,-4692,6758,-2036,146,-131,-34,0,0,-7,-1,-17156,0,5138,1326,-5824,-121,43,33
1389919892,-4942,6356,-1794,140,-87,187,-16154,0,-15537,0,8160,8192,5936,1488,-6214,-109,16,26
1389969892,-5402,5880,-1500,136,-55,165,8160,8192,0,0,645,8192,5810,354,-6100,-102,46,31
1390019892,-5326,6312,-1822,68,-171,-61,0,0,-7,-1,-16150,0,5620,798,-6418,-111,18,36
1390069892,-6098,5948,-1400,114,-62,217,8160,8192,1332,21210,645,8192,5780,98,-6128,-105,14,33
1390119892,-6160,5568,-1046,153,-74,146,-16146,0,-15537,0,8160,8192,5728,-612,-6106,-99,42,24
1390169892,-5240,6328,-1802,40,-197,-162,-16144,0,-15537,0,8160,8192,5708,840,-6068,-101,30,25
1390219892,-6220,5672,-1036,138,-49,287,-16142,0,-15537,0,8160,8192,5878,-456,-6048,-113,8,36
1390269892,-5640,5946,-1462,93,-133,-29,-17139,0,-15537,0,8160,8192,5780,116,-6024,-111,44,32
1390319892,-5744,6004,-1446,108,-120,6,8160,8192,-10812,21213,645,8192,5802,186,-5990,-107,44,28
1390369892,-5628,5978,-1502,85,-91,106,8160,8192,-26348,21214,645,8192,5656,256,-6116,-101,29,29
1390419892,-5784,5902,-1518,99,-133,14,-16131,0,-15537,0,8160,8192,5742,102,-6080,-110,30,34
1390469892,-5816,5894,-1548,97,-105,75,8160,8192,0,0,645,8192,5610,102,-5972,-110,29,32
1390519892,-5734,5880,-1384,101,-110,68,-16127,0,-15537,0,8160,8192,5714,8,-5976,-110,30,30
1390569892,-5744,6060,-1506,86,-128,13,8160,8192,-22956,21217,645,8192,5698,338,-6082,-109,26,35
1390619892,-5840,5916,-1370,112,-100,78,-17124,0,-15537,0,8160,8192,5574,40,-6238,-110,35,37
1390669892,-5750,5980,-1590,100,-110,37,-16123,0,-15537,0,8160,8192,5872,198,-5986,-112,33,35
1390719892,-5850,5922,-1394,106,-115,28,-16120,0,-15537,0,8160,8192,5862,90,-5906,-106,37,32
1390769892,-5560,6020,-1628,105,-101,54,8160,8192,0,0,645,8192,5714,354,-6020,-115,42,38
1390819892,-5802,5926,-1370,112,-97,72,8160,8192,0,0,645,8192,5924,86,-5932,-106,36,31
1390869892,-5778,5940,-1356,104,-109,60,8160,8192,14900,21222,645,8192,5684,132,-6142,-107,33,33
1390919892,-5704,5840,-1434,105,-103,67,0,0,-7,-1,-16111,0,5832,70,-5916,-104,31,31
1390969892,-5800,6000,-1312,96,-97,72,8160,8192,-16172,21223,645,8192,5848,94,-5996,-103,31,30
1391019892,-5782,5964,-1470,119,-93,111,-18107,0,-15537,0,8160,8192,5624,34,-6042,-108,34,35
1391069892,-5710,6068,-1502,96,-94,63,8160,8192,0,0,645,8192,5594,324,-6138,-100,41,31
1391119892,-5714,6136,-1546,98,-93,82,-18102,0,-15537,0,8160,8192,5616,356,-6344,-100,38,31
1391169892,-5794,6020,-1514,100,-82,117,0,0,-7,-1,-16100,0,5658,310,-6138,-108,32,34
1391219892,-5600,6072,-1480,94,-122,21,-18099,0,-15537,0,8160,8192,5648,212,-6072,-100,25,27
1391269892,-5516,6088,-1686,100,-112,47,-17097,0,-15537,0,8160,8192,5930,542,-5898,-107,32,32
1391319892,-5538,6240,-1568,111,-145,-10,-16095,0,-15537,0,8160,8192,5806,354,-6090,-107,29,32
1391369892,-5728,6158,-1640,77,-122,40,8160,8192,0,0,645,8192,5734,486,-6080,-103,22,29
1391419892,-5820,5996,-1462,91,-131,23,0,0,-7,-1,-16093,0,5972,212,-5920,-109,26,34
1391469892,-5754,5928,-1498,79,-117,20,-16090,0,-15537,0,8160,8192,5634,106,-6112,-107,35,35
1391519892,-5512,6116,-1708,69,-165,-70,-16089,0,-15537,0,8160,8192,5784,384,-6038,-100,23,27
1391569892,-4832,6760,-2334,51,-196,-135,8160,8192,-5996,21232,645,8192,5782,2062,-6000,-102,20,40
1391619892,-4900,6378,-2080,69,-123,25,-16086,0,-15537,0,8160,8192,6032,1656,-6012,-98,35,30
1391669892,-5590,6766,-2312,49,-210,-498,8160,8192,28468,21234,645,8192,5594,1992,-6206,-102,38,20
1391719892,-4538,6642,-2154,283,-402,-652,8160,8192,0,0,645,8192,5534,1776,-5680,-93,45,36
1391769892,-5742,6640,-2260,38,-146,-118,-17078,0,-15537,0,8160,8192,8362,1932,-5024,-93,3,33
1391819892,-4822,5558,-1610,77,-140,-96,0,0,-7,-1,-16076,0,6108,546,-5650,-101,22,17
1391869892,-6078,6268,-1556,66,-67,99,0,0,-7,-1,-16074,0,5668,218,-6026,-113,42,14
1391919892,-5600,5630,-1568,177,-216,-182,0,0,-7,-1,-17072,0,6682,-154,-4870,-93,21,34
1391969892,-5148,5826,-1690,70,-154,-11,8160,8192,788,21239,645,8192,6664,872,-5072,-90,-3,29
1392019892,-5766,6302,-2130,111,-208,-37,8160,8192,0,0,645,8192,5634,1738,-5726,-95,-14,41
1392069892,-6204,6584,-2072,96,-110,103,-16065,0,-15537,0,8160,8192,5072,1316,-5628,-103,31,19
1392119892,-5408,5354,-724,72,-14,32,0,0,-7,-1,-16064,0,4844,6,-7702,-98,19,48
1392169892,-5422,5354,-1240,69,-170,-185,0,0,-7,-1,-17062,0,7488,1446,-6024,-97,-19,39
1392219892,-7204,6698,-2592,84,-194,61,0,0,-7,-1,-17060,0,5468,328,-5938,-105,28,21
1392269892,-6052,4776,-790,63,-302,-366,-16057,0,-15537,0,8160,8192,4168,-2170,-7164,-107,13,36
1392319892,-4924,2590,554,33,-63,139,-16055,0,-15537,0,8160,8192,13258,1122,-3060,-117,-26,32
1392369892,-4976,4406,-876,154,-182,-169,0,0,-7,-1,-16053,0,4478,46,-5024,-105,59,46
1392419892,-7156,4604,-170,148,-176,161,-17051,0,-15537,0,8160,8192,6426,-1162,-6250,-106,-51,40
1392469892,-7460,3612,136,38,55,175,-17049,0,-15537,0,8160,8192,8184,-1550,-4844,-96,87,32
1392519892,-6754,4316,106,174,-147,-5,-16046,0,-15537,0,8160,8192,5518,-1962,-6990,-119,31,18
1392569892,-7716,4476,-572,23,-157,-435,-16044,0,-15537,0,8160,8192,5040,-1744,-6624,-101,70,40
1392619892,-6750,4166,276,152,-156,-25,0,0,-7,-1,-17043,0,6136,-1966,-5914,-114,65,31
1392669892,-7442,3904,-180,32,-6,150,-18041,0,-15537,0,8160,8192,6020,-2072,-5676,-107,65,30
1392719892,-7526,3984,244,215,-153,8,-16038,0,-15537,0,8160,8192,6204,-2580,-5836,-106,46,40
1392769892,-8164,3864,474,55,98,770,-16036,0,-15537,0,8160,8192,6624,-2602,-5696,-105,41,32
1392819892,-9358,2702,2132,5,300,1058,-18034,0,-15537,0,8160,8192,7834,-5550,-5376,-92,57,40
1392869892,-9762,3920,684,-63,99,613,-16032,0,-15537,0,8160,8192,5948,-5282,-3760,-99,-20,15
1392919892,-5072,1944,54,109,-58,122,0,0,-7,-1,-16029,0,6466,-3614,-4308,-74,66,46
1392969892,-8606,5658,-1222,-23,-21,185,-18027,0,-15537,0,8160,8192,3976,-1310,-10212,-89,0,50
1393019892,-4150,6628,-2364,-49,-135,-309,-16025,0,-15537,0,8160,8192,6794,2580,-3330,-120,41,32
1393069892,-5412,5084,-2988,101,104,849,-16022,0,-15537,0,8160,8192,18186,3292,-3802,-114,12,29
1393119892,-5022,4906,-1432,29,-65,177,0,0,-7,-1,-16021,0,4232,136,-6378,-119,18,38
1393169892,-5038,6828,-882,77,-87,81,0,0,-7,-1,-16019,0,4808,1564,-6294,-96,30,52
1393219892,-3564,6862,-3250,147,-243,47,8160,8192,0,0,645,8192,3614,3744,-6604,-109,32,40
1393269892,-4158,7422,-3404,65,-244,-102,0,0,-7,-1,-17015,0,6702,4812,-6822,-117,10,27
1393319892,-3472,7254,-2946,163,-266,-37,-16012,0,-15537,0,8160,8192,6578,2902,-4460,-116,31,27
1393369892,-3114,8594,-5098,125,-278,-351,8160,8192,24532,21260,645,8192,4956,6106,-5208,-100,54,20
1393419892,-4254,6842,-2050,384,-218,-25,8160,8192,0,0,645,8192,6060,1322,-5542,-130,40,26
1393469892,-5538,6298,-1836,-85,231,1067,-16007,0,-15537,0,8160,8192,5006,976,-6796,-112,53,23
1393519892,-5706,5636,-1708,151,-190,76,-16004,0,-15537,0,8160,8192,6344,256,-6486,-118,-11,44
1393569892,-4458,8078,-3234,69,-204,-374,-17003,0,-15537,0,8160,8192,5802,3714,-6018,-123,71,38
1393619892,-4856,6588,-2214,149,-2,265,0,0,-7,-1,-16001,0,5832,1454,-6148,-103,74,23
1393669892,-5684,6274,-1840,145,-11,235,8160,8192,-3148,21264,645,8192,5704,1048,-6216,-112,64,24
1393719892,-5782,5806,-1514,103,-121,70,-15996,0,-15537,0,8160,8192,5746,236,-6190,-104,8,30
1393769892,-5990,5912,-1530,57,-127,88,0,0,-7,-1,-15994,0,5468,152,-6480,-106,-2,31
1393819892,-6188,5676,-1056,99,-107,94,8160,8192,15780,21267,645,8192,5986,-468,-5924,-99,18,26
1393869892,-6130,5666,-1272,77,-61,116,-15991,0,-15537,0,8160,8192,5742,-184,-6062,-101,31,20
1393919892,-5332,6158,-1742,44,-193,-101,-15988,0,-15537,0,8160,8192,5776,434,-6074,-108,1,38
1393969892,-6002,5974,-1346,102,-62,208,-15986,0,-15537,0,8160,8192,5958,102,-5978,-109,26,37
1394019892,-5768,6024,-1510,106,-118,-2,8160,8192,19172,21270,645,8192,5900,264,-5972,-103,44,29
1394069892,-5724,5876,-1396,91,-108,70,8160,8192,3636,21271,645,8192,5894,26,-5930,-103,27,30
1394119892,-5878,6084,-1540,91,-117,67,8160,8192,-11900,21271,645,8192,5904,178,-5992,-108,20,35
1394169892,-5770,5900,-1440,100,-101,82,8160,8192,-27436,21272,645,8192,5744,138,-6014,-106,31,33
1394219892,-5790,6038,-1502,101,-121,38,-15976,0,-15537,0,8160,8192,5812,264,-5964,-104,28,29
1394269892,-5954,5900,-1378,122,-83,118,-15974,0,-15537,0,8160,8192,5850,-70,-6052,-107,41,33
1394319892,-5890,5968,-1336,117,-95,51,8160,8192,-8508,21274,645,8192,5744,16,-6158,-103,51,29
1394369892,-5734,5936,-1384,110,-111,12,-17968,0,-15537,0,8160,8192,5784,72,-6046,-106,43,33
1394419892,-5878,6060,-1542,104,-88,75,-15965,0,-15537,0,8160,8192,5898,258,-5948,-107,44,35
1394469892,-5802,5978,-1464,106,-117,49,-17964,0,-15537,0,8160,8192,5818,190,-5980,-103,30,33
1394519892,-5856,5968,-1486,97,-92,88,-17963,0,-15537,0,8160,8192,5704,176,-5954,-105,31,32
1394569892,-5800,5910,-1360,107,-126,43,0,0,-7,-1,-15961,0,5820,20,-6178,-108,29,35
1394619892,-5762,5988,-1488,93,-102,68,0,0,-7,-1,-15955,0,6024,188,-5836,-103,29,31
1394669892,-5868,5854,-1396,105,-97,82,0,0,-7,-1,-15953,0,5746,186,-6026,-107,31,32
1394719892,-5602,5984,-1614,114,-107,71,8160,8192,-1724,21280,645,8192,5676,202,-6104,-111,32,32
1394769892,-5742,6026,-1424,114,-101,74,-15948,0,-15537,0,8160,8192,5550,60,-6298,-105,39,30
1394819892,-5718,6108,-1466,108,-117,49,0,0,-7,-1,-15945,0,5588,158,-6094,-110,35,36
1394869892,-5624,6012,-1632,95,-107,54,-16942,0,-15537,0,8160,8192,5534,358,-6212,-103,35,34
1394919892,-5754,5956,-1432,103,-91,93,0,0,-7,-1,-15939,0,5528,164,-6186,-103,33,30
1394969892,-5720,5974,-1544,106,-106,67,-15937,0,-15537,0,8160,8192,5774,216,-6032,-105,32,31
1395019892,-5618,6108,-1672,92,-115,41,-15935,0,-15537,0,8160,8192,5912,340,-5944,-100,33,28
1395069892,-5632,6170,-1578,93,-116,71,-15932,0,-15537,0,8160,8192,5612,458,-6144,-109,20,34
1395119892,-5582,6006,-1632,77,-134,-20,0,0,-7,-1,-15928,0,5914,368,-6010,-105,33,28
1395169892,-5428,6140,-1626,88,-158,-47,8160,8192,0,0,645,8192,5564,482,-6130,-102,30,29
1395219892,-5260,6308,-1922,75,-147,23,-15924,0,-15537,0,8160,8192,5962,702,-5782,-101,9,33
1395269892,-5484,6188,-1648,78,-143,-5,8160,8192,0,0,645,8192,5760,860,-6130,-111,18,32
1395319892,-5816,6394,-2144,86,-195,-370,-15921,0,-15537,0,8160,8192,5784,1548,-6172,-97,27,27
1395369892,-4940,6532,-1714,197,-266,-362,-15919,0,-15537,0,8160,8192,5892,1574,-5906,-97,47,26
1395419892,-5316,6300,-2166,62,-177,-194,-15917,0,-15537,0,8160,8192,6174,1208,-5838,-92,39,29
1395469892,-6684,7052,-2030,92,-140,-113,-16916,0,-15537,0,8160,8192,4960,1538,-7272,-96,32,30
1395519892,-5596,6250,-2030,68,-125,-44,0,0,-7,-1,-15914,0,4972,1418,-6776,-104,40,28
1395569892,-5574,6222,-1896,92,-167,-25,-15912,0,-15537,0,8160,8192,6162,1026,-6298,-92,29,28
1395619892,-5606,6524,-2194,204,-272,-365,0,0,-7,-1,-16910,0,6030,2130,-6518,-90,45,27
1395669892,-6622,6858,-2448,155,-196,-17,-15908,0,-15537,0,8160,8192,7132,1752,-3850,-96,31,42
1395719892,-6980,7004,-2830,123,-145,202,-16905,0,-15537,0,8160,8192,2442,904,-6546,-117,64,12
1395769892,-5116,5804,-1474,83,-183,-32,-16901,0,-15537,0,8160,8192,7156,652,-5144,-116,-4,32
1395819892,-5590,6096,-1902,56,-78,175,-15898,0,-15537,0,8160,8192,3206,-50,-6544,-109,60,18
1395869892,-5266,5730,-1442,134,-139,-45,0,0,-7,-1,-15895,0,5554,1922,-6842,-91,26,49
1395919892,-5718,5994,-1224,53,-103,-153,-15891,0,-15537,0,8160,8192,5398,684,-7856,-98,-5,39
1395969892,-6004,4808,18,-30,89,201,-17889,0,-15537,0,8160,8192,8260,-270,-5024,-115,37,4
1396019892,-6574,4786,-844,142,-235,-237,-15885,0,-15537,0,8160,8192,7782,-1016,-4214,-110,11,43
1396069892,-7522,5822,-1070,66,-47,-76,-15881,0,-15537,0,8160,8192,5210,-900,-6172,-104,14,35
1396119892,-8274,6490,-1580,174,-59,142,8160,8192,0,0,645,8192,13446,-424,1026,-106,19,50
1396169892,-7454,4170,136,52,-61,151,-17875,0,-15537,0,8160,8192,6218,-1350,-5894,-102,-37,38
1396219892,-6962,4360,434,114,-56,-98,-15873,0,-15537,0,8160,8192,4348,-2254,-7026,-110,70,44
1396269892,-7902,5390,-340,182,-179,-154,8160,8192,-24588,21304,645,8192,6268,-1930,-5528,-107,39,6
1396319892,-7998,4334,-488,-53,-29,-25,0,0,-7,-1,-15869,0,5924,-1484,-6320,-102,35,45
1396369892,-6900,3744,542,158,-126,-56,-15909,0,-15537,0,8160,8192,5972,-1790,-6132,-105,66,29
1396419892,-7892,3950,92,83,-61,50,8160,8192,0,0,645,8192,6106,-2290,-5932,-108,64,37
1396469892,-8042,3820,506,145,4,388,-15860,0,-15537,0,8160,8192,5776,-3572,-6090,-108,54,31
1396519892,-8620,3548,1040,30,135,739,0,0,-7,-1,-15858,0,7090,-3440,-4844,-107,40,26
1396569892,-10990,4586,1198,-36,302,936,0,0,-7,-1,-15856,0,4300,-3542,-7584,-84,98,34
1396619892,-9470,4046,426,86,54,473,-15855,0,-15537,0,8160,8192,7200,-2694,-3978,-95,21,26
1396669892,-7672,3484,386,96,-77,318,-15853,0,-15537,0,8160,8192,4944,-5164,-5836,-88,-9,45
1396719892,-6766,6676,-1010,-66,-163,-153,0,0,-7,-1,-16849,0,6884,-1082,-7326,-91,-16,38
1396769892,-4532,4302,-688,82,57,173,8160,8192,16660,21312,645,8192,4014,-1432,-5776,-131,16,12
1396819892,-5810,7398,-2364,75,-14,144,8160,8192,0,0,645,8192,8600,2528,-4580,-89,63,47
1396869892,-6306,5802,-1530,102,-28,213,8160,8192,0,0,645,8192,7994,3292,-4468,-89,25,49
1396919892,-5114,6728,-2198,148,-94,73,0,0,-7,-1,-15837,0,7214,1382,-2078,-110,69,31
1396969892,-4086,6794,-3882,125,-220,41,-15834,0,-15537,0,8160,8192,5324,156,-5330,-109,71,14
1397019892,-4954,7678,-2990,98,-284,-108,8160,8192,4516,21316,645,8192,5538,2228,-6636,-104,17,45
1397069892,-4622,6834,-2290,140,-104,129,-15829,0,-15537,0,8160,8192,7498,3210,-5724,-99,38,27
1397119892,-4668,7144,-3020,119,-94,-123,8160,8192,0,0,645,8192,6582,4018,-5554,-103,111,21
1397169892,-4426,6784,-1986,226,-173,176,8160,8192,0,0,645,8192,5658,1564,-5836,-123,-11,24
1397219892,-6252,5396,-1000,73,63,572,-16822,0,-15537,0,8160,8192,6514,-76,-5842,-119,-15,32
1397269892,-5464,6344,-2482,45,-181,79,0,0,-7,-1,-15819,0,6044,1478,-5814,-125,-17,39
1397319892,-2962,8254,-4068,159,-380,-842,-16817,0,-15537,0,8160,8192,5280,4388,-6120,-113,37,34
1397369892,-4550,7124,-2220,149,97,850,0,0,-7,-1,-15815,0,6204,2470,-6082,-121,74,23
1397419892,-4964,6510,-2416,127,-66,107,8160,8192,11300,21322,645,8192,5684,1420,-5706,-103,48,5
1397469892,-6608,5354,-676,174,-23,420,-15811,0,-15537,0,8160,8192,6434,-1108,-5962,-112,15,36
1397519892,-5642,5922,-1554,51,-187,-244,0,0,-7,-1,-15809,0,6074,-396,-5898,-104,72,29
1397569892,-6268,5628,-1200,124,-58,167,-15807,0,-15537,0,8160,8192,5806,-62,-6148,-95,42,13
1397619892,-5620,5980,-1536,54,-114,46,0,0,-7,-1,-15805,0,5722,302,-6032,-109,9,31
1397669892,-5396,6460,-1800,49,-211,-118,8160,8192,0,0,645,8192,5874,610,-6086,-104,7,34
1397719892,-5974,5964,-1512,131,-25,260,0,0,-7,-1,-15800,0,6050,162,-5964,-109,43,31
1397769892,-5606,6008,-1584,100,-130,-45,-15797,0,-15537,0,8160,8192,5792,290,-5992,-98,49,26
1397819892,-5954,5784,-1286,106,-90,130,-15793,0,-15537,0,8160,8192,5842,-16,-5956,-108,25,38
1397869892,-5936,5968,-1440,98,-109,64,8160,8192,2548,21329,645,8192,5850,16,-6050,-106,28,29
1397919892,-5732,5976,-1402,104,-120,20,-17789,0,-15537,0,8160,8192,5880,118,-6030,-105,38,31
1397969892,-5818,6014,-1496,89,-90,101,-15785,0,-15537,0,8160,8192,5772,324,-6078,-103,30,31
1398019892,-5800,5988,-1384,109,-104,64,0,0,-7,-1,-15782,0,5738,116,-6102,-104,37,32
1398069892,-5768,5956,-1508,97,-104,61,-15780,0,-15537,0,8160,8192,5776,140,-6110,-104,29,29
1398119892,-5874,6062,-1378,94,-109,95,0,0,-7,-1,-15777,0,5938,132,-6032,-105,13,32
1398169892,-5768,5942,-1424,98,-94,78,-15775,0,-15537,0,8160,8192,5832,158,-5968,-99,34,28
1398219892,-5804,5876,-1412,105,-106,59,8160,8192,0,0,645,8192,5852,152,-5936,-105,34,34
1398269892,-5882,6184,-1472,99,-106,58,-15770,0,-15537,0,8160,8192,5876,278,-6072,-107,31,31
1398319892,-5814,6020,-1480,114,-92,78,0,0,-7,-1,-15768,0,6072,160,-5974,-103,46,29
1398369892,-5856,6014,-1356,104,-96,72,0,0,-7,-1,-15765,0,5636,26,-6144,-101,39,30
1398419892,-5848,5976,-1540,105,-112,48,-15763,0,-15537,0,8160,8192,5882,106,-6200,-112,40,39
1398469892,-5918,5754,-1312,118,-97,104,-16760,0,-15537,0,8160,8192,5942,-170,-6024,-104,35,32
1398519892,-5668,6058,-1608,93,-132,-4,-15756,0,-15537,0,8160,8192,5834,222,-5908,-108,36,35
1398569892,-5704,5904,-1634,109,-109,56,0,0,-7,-1,-16755,0,5768,288,-5888,-110,38,31
1398619892,-5558,6080,-1568,107,-111,59,-15751,0,-15537,0,8160,8192,6034,410,-5896,-100,27,28
1398669892,-5634,5886,-1538,107,-106,93,-15749,0,-15537,0,8160,8192,5774,306,-5986,-106,28,37
1398719892,-5592,5938,-1586,87,-131,13,8160,8192,0,0,645,8192,6010,364,-5898,-105,20,32
1398769892,-5376,6382,-1822,69,-130,2,0,0,-7,-1,-16742,0,5892,830,-6030,-101,27,28
1398819892,-5420,6306,-1864,82,-112,66,0,0,-7,-1,-15741,0,5538,962,-6214,-105,18,32
1398869892,-5200,6428,-1934,43,-163,-50,0,0,-7,-1,-15739,0,5800,764,-5898,-98,5,29
1398919892,-5522,6184,-1902,82,-118,86,0,0,-7,-1,-15737,0,5870,818,-6058,-105,16,32
1398969892,-5052,6924,-2588,-1,-214,-181,-17736,0,-15537,0,8160,8192,5764,714,-6020,-96,4,34
1399019892,-5578,6302,-1976,76,-215,-456,8160,8192,0,0,645,8192,6078,1336,-5868,-102,43,24
1399069892,-4680,6630,-2044,148,-266,-383,0,0,-7,-1,-16731,0,5974,1804,-5958,-101,41,26
1399119892,-6416,6576,-2310,33,-99,11,0,0,-7,-1,-16730,0,6414,796,-6338,-103,27,25
1399169892,-5032,5670,-750,98,-123,-171,-15728,0,-15537,0,8160,8192,4904,1964,-5968,-95,30,27
1399219892,-5904,6318,-1446,128,-173,-190,8160,8192,-23708,21349,645,8192,4674,1542,-7164,-86,23,34
1399269892,-5514,6690,-2262,103,-174,-137,0,0,-7,-1,-15722,0,4856,2742,-6846,-103,53,28
1399319892,-5810,6462,-2352,154,-183,96,8160,8192,10756,21351,645,8192,5700,-892,-5256,-111,58,22
1399369892,-6450,6030,-2776,174,-279,-13,8160,8192,0,0,645,8192,6144,-466,-5924,-124,45,26
1399419892,-5474,5794,-1670,100,-156,32,-17711,0,-15537,0,8160,8192,5200,738,-7322,-103,18,25
1399469892,-5728,5964,-1568,91,-114,72,-15710,0,-15537,0,8160,8192,6378,462,-3756,-101,35,35
1399519892,-6496,5888,-1608,148,-116,164,8160,8192,14148,21354,645,8192,4446,-52,-7200,-93,49,44
1399569892,-6458,5752,-1140,95,-151,-269,-16706,0,-15537,0,8160,8192,7530,1514,-7046,-103,5,42
1399619892,-6088,5886,-1486,34,-45,-112,8160,8192,-16924,21355,645,8192,4262,394,-8858,-124,63,12
1399669892,-6678,4952,-522,67,-167,-54,8160,8192,-32460,21356,645,8192,5850,-826,-6774,-102,28,31
1399719892,-7414,4718,-1040,83,-55,27,-15697,0,-15537,0,8160,8192,3642,-938,-7724,-118,49,26
1399769892,-8092,6504,-648,237,-169,-233,0,0,-7,-1,-15695,0,11180,-804,-1810,-107,17,37
1399819892,-6532,4018,530,162,-46,333,0,0,-7,-1,-15693,0,6670,-1248,-5492,-103,-6,19
1399869892,-7242,4664,-62,85,-90,19,0,0,-7,-1,-15690,0,3712,-1752,-7836,-112,25,27
1399919892,-6892,4150,-356,154,-105,-121,-15686,0,-15537,0,8160,8192,7686,696,-4276,-100,60,40
1399969892,-7458,4350,-220,100,-85,152,8160,8192,5396,21361,645,8192,6478,-1728,-5680,-121,25,29
1400019892,-7570,4036,-174,20,-40,33,8160,8192,-10140,21361,645,8192,5480,-2226,-6346,-95,57,27
1400069892,-7274,4204,90,134,-171,-161,8160,8192,0,0,645,8192,5644,-1976,-6310,-104,43,31
1400119892,-7342,4526,-252,106,-78,118,0,0,-7,-1,-15677,0,6200,-1680,-5904,-109,41,35
1400169892,-7218,3844,504,82,63,537,0,0,-7,-1,-15673,0,6322,-2602,-5454,-107,42,26
1400219892,-8908,3902,502,50,132,688,0,0,-7,-1,-16671,0,6344,-3704,-5356,-93,59,39
1400269892,-7292,156,3314,-126,263,971,8160,8192,-22284,21365,645,8192,9098,-4858,-4532,-105,-53,20
1400319892,-11116,4238,1954,240,-15,295,-17666,0,-15537,0,8160,8192,7046,-5516,-6260,-84,63,44
1400369892,-6804,878,968,66,-13,239,-15663,0,-15537,0,8160,8192,-1124,-3450,-10078,-54,24,43
1400419892,-6982,7132,-776,5,-165,-123,-17660,0,-15537,0,8160,8192,6452,642,-5778,-90,39,53
1400469892,-4384,7268,-2840,-3,-58,5,8160,8192,-18892,21368,645,8192,5158,2142,-6130,-108,112,42
1400519892,-442,5248,-2750,193,-85,372,-15655,0,-15537,0,8160,8192,-870,2812,-13728,-102,94,52
1400569892,-5386,6788,-3068,81,-86,-111,-15653,0,-15537,0,8160,8192,5726,3588,-6904,-123,116,37
1400619892,-2178,5212,-692,221,-240,-108,8160,8192,36,21371,645,8192,8022,3148,-5488,-96,45,34
1400669892,-4682,5584,-2208,141,-44,318,-15648,0,-15537,0,8160,8192,4548,3854,-3786,-102,18,66
1400719892,-5012,7228,-2694,104,-255,-193,-15646,0,-15537,0,8160,8192,6238,2096,-6118,-98,21,26
1400769892,-3858,7440,-3216,246,-260,-16,-15644,0,-15537,0,8160,8192,5910,3184,-6600,-125,-16,27
1400819892,-4346,7946,-3198,114,-138,20,8160,8192,3428,21374,645,8192,5122,2836,-5744,-116,16,14
1400869892,-5410,6270,-1388,117,52,603,0,0,-7,-1,-16634,0,5856,-226,-6288,-106,41,20
1400919892,-7288,5162,-1066,186,67,668,0,0,-7,-1,-15632,0,5708,-8,-6128,-127,37,21
1400969892,-3540,7184,-3550,-5,-351,-667,0,0,-7,-1,-16630,0,5594,3634,-6166,-121,33,24
1401019892,-5006,6652,-1962,228,-118,356,8160,8192,6820,21377,645,8192,5768,1018,-6162,-120,3,33
1401069892,-5516,6410,-2084,61,31,228,0,0,-7,-1,-15626,0,5502,1046,-6108,-110,47,26
1401119892,-6206,5714,-1076,193,-73,95,-15625,0,-15537,0,8160,8192,5718,-622,-6026,-97,61,24
1401169892,-5860,5894,-1406,78,-125,8,0,0,-7,-1,-15623,0,5322,142,-6270,-108,42,31
1401219892,-6208,5602,-1146,140,-77,159,0,0,-7,-1,-15620,0,5894,-226,-5938,-104,34,29
1401269892,-6068,5738,-1090,92,-96,103,-15617,0,-15537,0,8160,8192,5840,-598,-6078,-116,31,32
1401319892,-5146,6160,-1872,73,-203,-171,-16616,0,-15537,0,8160,8192,5624,712,-6056,-105,32,29
1401369892,-5684,6144,-1500,113,-72,185,-15613,0,-15537,0,8160,8192,5874,456,-6006,-108,19,34
1401419892,-5712,5934,-1466,105,-104,81,-16611,0,-15537,0,8160,8192,5822,134,-6040,-106,35,30
1401469892,-5766,6008,-1432,105,-129,4,8160,8192,-1932,21383,645,8192,5794,200,-6098,-108,40,30
1401519892,-6012,5738,-1228,117,-90,135,-15608,0,-15537,0,8160,8192,5840,-236,-6010,-107,32,32
1401569892,-5732,5996,-1450,103,-130,13,8160,8192,32532,21385,645,8192,5794,144,-5980,-110,36,29
1401619892,-5754,5834,-1468,110,-118,39,-17602,0,-15537,0,8160,8192,5862,62,-5922,-109,35,33
1401669892,-5728,6018,-1572,92,-105,77,0,0,-7,-1,-16599,0,5826,252,-5990,-106,27,34
1401719892,-5806,5906,-1354,102,-117,56,-15596,0,-15537,0,8160,8192,5744,68,-5998,-105,27,34
1401769892,-5736,5900,-1498,101,-109,64,0,0,-7,-1,-15594,0,5728,78,-6160,-107,30,32
1401819892,-5644,6032,-1558,99,-120,44,-15590,0,-15537,0,8160,8192,5766,152,-6102,-108,28,31
1401869892,-5882,6052,-1434,107,-105,71,8160,8192,4852,21390,645,8192,5902,134,-6016,-109,34,36
1401919892,-5630,5930,-1542,99,-115,54,0,0,-7,-1,-15585,0,5712,140,-6072,-108,25,33
1401969892,-5818,5920,-1466,99,-118,81,-15583,0,-15537,0,8160,8192,5706,-54,-6050,-107,11,33
1402019892,-5672,6116,-1554,92,-110,69,-15580,0,-15537,0,8160,8192,5658,458,-6234,-112,22,31
1402069892,-5958,5814,-1292,106,-86,119,-15578,0,-15537,0,8160,8192,5904,-194,-6080,-102,30,29
1402119892,-5760,5924,-1434,105,-106,51,-15577,0,-15537,0,8160,8192,5816,196,-5824,-109,37,35
1402169892,-5698,5938,-1378,126,-131,23,-15574,0,-15537,0,8160,8192,5730,-50,-6194,-106,33,33
1402219892,-5802,6044,-1440,98,-80,112,-17572,0,-15537,0,8160,8192,5630,254,-6230,-104,29,33
1402269892,-5540,5996,-1626,107,-126,1,-15570,0,-15537,0,8160,8192,5502,232,-6100,-102,44,33
1402319892,-5702,5950,-1504,102,-48,164,8160,8192,-3900,21396,645,8192,5578,374,-6230,-97,46,25
1402369892,-5554,6178,-1724,93,-134,-17,-15566,0,-15537,0,8160,8192,5506,432,-6168,-107,31,29
1402419892,-5354,6224,-1864,89,-104,57,-15564,0,-15537,0,8160,8192,5712,730,-6074,-101,32,27
1402469892,-5640,6146,-1492,105,-122,50,8160,8192,0,0,645,8192,6188,176,-5840,-103,23,30
1402519892,-6144,5708,-1086,126,-95,124,0,0,-7,-1,-15559,0,5814,-594,-6140,-101,41,33
1402569892,-5294,6128,-1814,72,-191,-162,-15558,0,-15537,0,8160,8192,6018,720,-5824,-106,35,31
1402619892,-5102,6778,-2178,59,-185,-99,-15555,0,-15537,0,8160,8192,5768,1218,-6102,-111,22,31
1402669892,-5102,6376,-2000,62,-145,39,0,0,-7,-1,-16553,0,5722,1252,-6018,-105,3,35
1402719892,-4764,6512,-2382,46,-167,-125,8160,8192,2884,21403,645,8192,5000,2524,-6072,-94,20,32
1402769892,-5386,6388,-2138,105,-231,-449,0,0,-7,-1,-15549,0,5406,834,-6184,-98,54,27
1402819892,-5234,6334,-1900,151,-250,-317,-17546,0,-15537,0,8160,8192,6064,884,-6012,-90,54,28
1402869892,-3664,3712,-266,10,-26,87,-15543,0,-15537,0,8160,8192,7620,500,-4932,-101,9,18
1402919892,-5364,5816,-1816,79,-153,63,-17541,0,-15537,0,8160,8192,5000,288,-6292,-103,24,28
1402969892,-5960,5778,-1540,-2,-77,13,-15540,0,-15537,0,8160,8192,5130,604,-6720,-90,23,32
1403019894,-5402,5950,-1772,121,-187,-264,0,0,-7,-1,-15538,0,5632,1052,-6530,-107,49,22
1403069892,-5264,5914,-1410,154,-234,-164,8160,8192,0,0,645,8192,6848,1214,-5528,-89,20,34
1403119892,-8172,9186,-5242,117,-343,-125,-16532,0,-15537,0,8160,8192,3922,2120,-7184,-100,6,29
1403169892,-5460,5898,-1602,126,-157,28,0,0,-7,-1,-16530,0,4396,-1460,-6074,-99,41,36
1403219892,-5226,5398,-1510,66,-153,151,-16527,0,-15537,0,8160,8192,6328,1914,-5552,-103,9,18
1403269892,-6574,8288,-2646,124,-95,28,8160,8192,28596,21411,645,8192,4842,2640,-4788,-93,79,47
1403319892,-6122,6404,-2092,102,-110,106,-16525,0,-15537,0,8160,8192,5338,1440,-6692,-105,62,41
1403369892,-5076,4986,-948,108,-170,-81,-16522,0,-15537,0,8160,8192,8164,278,-5276,-103,9,25
1403419892,-6472,5862,-1114,-13,18,-38,-16520,0,-15537,0,8160,8192,6086,824,-7150,-120,36,8
1403469892,-6786,5470,-780,139,-273,-247,-17517,0,-15537,0,8160,8192,2152,-664,-7602,-91,3,40
1403519892,-6146,5052,-560,62,-82,-76,-18515,0,-15537,0,8160,8192,6850,30,-4816,-97,28,46
1403569892,-7792,5208,-132,212,-102,47,8160,8192,0,0,645,8192,6202,-1780,-5590,-109,64,21
1403619892,-7610,4734,94,111,-96,63,-17510,0,-15537,0,8160,8192,4176,-2004,-7784,-137,-10,28
1403669892,-7284,3798,418,21,-10,277,-17508,0,-15537,0,8160,8192,7220,-1738,-5226,-103,-12,26
1403719892,-7796,4396,426,140,-166,-29,0,0,-7,-1,-16505,0,6102,-2432,-5790,-99,-12,26
1403769892,-7094,4298,122,65,-79,279,-18504,0,-15537,0,8160,8192,5974,-1722,-6110,-97,-8,35
1403819892,-6950,4832,-570,113,-143,-21,8160,8192,-11228,21419,645,8192,5840,-1070,-6122,-104,20,30
1403869892,-6560,4532,-294,133,-139,85,-17499,0,-15537,0,8160,8192,5672,-2208,-6120,-106,21,27
1403919892,-7794,4664,-62,29,54,574,-16162,0,-15537,0,8160,8192,5758,-2092,-6148,-101,17,39
1403969892,-7778,4160,194,130,-26,297,-16496,0,-15537,0,8160,8192,4820,-2506,-7368,-99,54,34
1404019892,-9000,4714,400,36,174,737,-16494,0,-15537,0,8160,8192,5222,-3910,-6964,-105,72,29
1404069892,-8404,4418,820,56,14,339,-16493,0,-15537,0,8160,8192,8048,-4124,-4740,-106,-19,18
1404119892,-6886,4294,1334,38,-37,229,-16490,0,-15537,0,8160,8192,6682,-5544,-6992,-88,-11,42
1404169892,-6834,3134,12,-2,-143,331,-16488,0,-15537,0,8160,8192,4034,-180,-7728,-56,-114,28
1404219892,-5456,7824,-2454,-77,-106,-279,8160,8192,-4444,21425,645,8192,6440,1530,-6528,-114,101,30
1404269892,-7502,11056,-3978,138,40,-19,-17484,0,-15537,0,8160,8192,-626,-2550,-11098,-125,244,40
1404319892,-5798,6524,-2996,220,25,233,-16482,0,-15537,0,8160,8192,6422,1460,-5470,-94,140,39
1404369892,-4392,7308,-3322,124,-188,-30,-16479,0,-15537,0,8160,8192,682,1690,-9088,-94,92,43
1404419892,-5740,7482,-2506,146,-121,145,-17477,0,-15537,0,8160,8192,4584,2780,-7728,-126,41,34
1404469892,-5118,6772,-2370,116,-157,118,8160,8192,-16588,21429,645,8192,7100,1532,-5746,-122,11,29
1404519892,-5114,7690,-2802,89,-197,-40,-16472,0,-15537,0,8160,8192,3022,3138,-6918,-108,8,45
1404569892,-4168,7456,-2792,130,-74,149,-16471,0,-15537,0,8160,8192,5348,2766,-5930,-113,45,27
1404619892,-3578,7038,-2650,161,-170,-79,0,0,-7,-1,-17469,0,5840,2578,-6060,-114,40,23
1404669892,-5506,6314,-1490,113,-11,562,8160,8192,-13196,21432,645,8192,5988,266,-5882,-121,16,32
1404719892,-6462,6170,-1560,146,-64,254,8160,8192,-28732,21433,645,8192,6126,1352,-6022,-127,36,29
1404769892,-5160,6804,-2062,101,-134,-71,0,0,-7,-1,-16463,0,5750,1236,-6356,-118,59,30
1404819892,-4886,6968,-2316,147,-142,-34,-17461,0,-15537,0,8160,8192,6282,1788,-5998,-122,54,33
1404869892,-5470,6316,-1828,131,-47,199,0,0,-7,-1,-16459,0,6132,764,-5778,-109,38,22
1404919892,-5424,6280,-1778,100,-105,47,0,0,-7,-1,-16457,0,5424,412,-6086,-107,42,23
1404969892,-5836,6116,-1514,84,-103,119,0,0,-7,-1,-17455,0,5362,520,-6352,-110,15,38
1405019892,-5698,5918,-1368,94,-120,48,-17454,0,-15537,0,8160,8192,5740,-62,-6064,-104,21,27
1405069892,-5984,5818,-1232,122,-108,104,-17451,0,-15537,0,8160,8192,5810,-110,-6062,-104,28,32
1405119892,-5704,6040,-1428,100,-120,32,-17448,0,-15537,0,8160,8192,5666,90,-6172,-95,37,25
1405169892,-5860,5870,-1242,99,-104,64,-16446,0,-15537,0,8160,8192,5818,-66,-6090,-99,33,33
1405219892,-5900,5912,-1410,99,-84,62,-18444,0,-15537,0,8160,8192,5728,44,-6008,-110,46,29
1405269892,-5662,5944,-1456,90,-130,-17,0,0,-7,-1,-16441,0,5690,58,-6026,-105,38,32
1405319892,-5696,6006,-1566,103,-92,87,0,0,-7,-1,-16439,0,5710,338,-6052,-106,36,30
1405369892,-5636,6098,-1464,108,-103,57,0,0,-7,-1,-17437,0,5660,236,-6164,-104,36,30
1405419892,-5620,6058,-1532,96,-105,73,0,0,-7,-1,-16435,0,5742,270,-6136,-106,29,32
1405469892,-5714,5918,-1476,97,-102,59,8160,8192,372,21445,645,8192,5886,252,-5950,-105,35,31
1405519892,-5720,5896,-1460,97,-88,71,-17431,0,-15537,0,8160,8192,5496,52,-6344,-106,39,31
1405569892,-5620,5980,-1548,95,-113,40,0,0,-7,-1,-16428,0,5826,272,-5908,-107,32,34
1405619892,-5794,5910,-1488,97,-88,88,8160,8192,19300,21447,645,8192,5652,146,-6210,-103,34,28
1405669892,-5698,5874,-1430,100,-92,88,-16424,0,-15537,0,8160,8192,5788,242,-6064,-103,34,29
1405719892,-5640,5960,-1610,93,-111,63,-17422,0,-15537,0,8160,8192,5852,184,-5910,-104,30,30
1405769892,-5812,6006,-1422,98,-92,90,-16419,0,-15537,0,8160,8192,5686,182,-6036,-106,27,28
1405819892,-5732,6082,-1470,102,-105,59,8160,8192,22692,21450,645,8192,5652,172,-6138,-105,35,32
1405869892,-5800,6102,-1350,102,-87,89,0,0,-7,-1,-16415,0,5666,152,-6138,-101,37,28
1405919892,-5900,5936,-1382,108,-103,71,0,0,-7,-1,-16413,0,5680,22,-6080,-105,33,31
1405969892,-5680,6072,-1506,96,-114,39,-18411,0,-15537,0,8160,8192,5702,202,-6074,-107,34,33
1406019892,-5846,5910,-1350,111,-103,88,0,0,-7,-1,-17409,0,5846,88,-5922,-107,29,32
1406069892,-5758,6010,-1460,106,-101,68,-18408,0,-15537,0,8160,8192,5992,140,-6040,-106,36,35
1406119892,-5654,6106,-1524,103,-117,33,-18406,0,-15537,0,8160,8192,5694,178,-6156,-108,35,33
1406169892,-5640,6064,-1550,106,-84,93,8160,8192,-20524,21455,645,8192,5762,344,-6030,-103,41,33
1406219892,-5584,6108,-1642,103,-105,52,0,0,-7,-1,-16401,0,5736,250,-6024,-107,37,28
1406269892,-5706,5932,-1536,104,-87,95,8160,8192,0,0,645,8192,5740,286,-6092,-104,34,31
1406319892,-5632,6252,-1646,97,-123,10,8160,8192,-1596,21457,645,8192,5764,246,-6054,-106,38,33
1406369892,-5748,6088,-1488,100,-98,79,-16395,0,-15537,0,8160,8192,5864,170,-6032,-102,39,30
1406419892,-5612,6086,-1582,89,-136,3,8160,8192,0,0,645,8192,5854,364,-5938,-106,26,32
1406469892,-5710,6018,-1468,92,-114,67,8160,8192,0,0,645,8192,5754,414,-6094,-106,28,33
1406519892,-5486,6116,-1740,66,-139,-2,0,0,-7,-1,-16389,0,5734,540,-6142,-104,22,31
1406569892,-5254,6308,-1864,60,-145,-56,-16387,0,-15537,0,8160,8192,5636,926,-6086,-102,29,32
1406619892,-5454,6260,-1924,102,-84,132,-16385,0,-15537,0,8160,8192,5622,792,-6160,-107,36,30
1406669892,-5428,6470,-1946,56,-160,-98,-17384,0,-15537,0,8160,8192,5608,968,-6144,-101,23,35
1406719892,-5592,6070,-1604,31,-153,-215,-17383,0,-15537,0,8160,8192,5456,794,-6304,-102,34,32
1406769892,-4604,6258,-1922,100,-224,-226,-16382,0,-15537,0,8160,8192,6094,1426,-5996,-104,24,30
1406819892,-5690,5948,-1388,118,-166,-86,-16380,0,-15537,0,8160,8192,6344,582,-5952,-98,31,29
1406869892,-5766,6628,-2290,94,-232,-287,-18378,0,-15537,0,8160,8192,6608,920,-5806,-98,23,34
1406919892,-5206,6264,-1828,137,-222,-276,0,0,-7,-1,-17377,0,4798,1824,-6732,-100,42,28
1406969892,-5466,6000,-1460,173,-256,-267,-16374,0,-15537,0,8160,8192,6676,1312,-5542,-91,22,38
1407019892,-5478,6312,-2254,113,-174,-168,8160,8192,-22492,21468,645,8192,6624,1486,-5838,-107,49,14
1407069892,-5998,6334,-1574,152,-184,36,0,0,-7,-1,-17370,0,5394,910,-7108,-92,13,32
1407119892,-6682,7192,-2414,83,-132,49,-16369,0,-15537,0,8160,8192,4852,1282,-7072,-95,17,28
1407169892,-6274,6072,-1954,101,-77,58,0,0,-7,-1,-16366,0,3952,820,-7934,-94,37,34
1407219892,-5922,6836,-2082,64,-128,104,-16363,0,-15537,0,8160,8192,4840,126,-8052,-109,2,13
1407269892,-4510,4104,-568,67,-49,112,8160,8192,30900,21472,645,8192,3954,758,-6982,-106,12,27
1407319892,-6658,6146,-2174,57,-80,39,-16359,0,-15537,0,8160,8192,5548,1314,-6522,-131,38,24
1407369892,-6058,5988,-1736,125,-187,-99,0,0,-7,-1,-16357,0,6330,350,-5260,-109,1,16
1407419892,-6240,5788,-1680,119,-205,-383,-17355,0,-15537,0,8160,8192,2736,-1178,-8520,-125,55,15
1407469892,-6772,5286,-794,76,-67,184,8160,8192,-31244,21475,645,8192,1258,-1506,-8660,-102,47,33
1407519892,-7448,6188,-1446,137,-108,-199,-16350,0,-15537,0,8160,8192,2912,1288,-10264,-109,32,48
1407569892,-5656,4460,-1402,49,-57,96,8160,8192,3220,21477,645,8192,7430,-636,-3596,-109,34,43
1407619892,-6710,4200,-442,17,-61,288,-16347,0,-15537,0,8160,8192,5404,-1606,-7388,-88,-56,31
1407669892,-6706,3840,686,159,-101,4,-18345,0,-15537,0,8160,8192,6432,-2310,-6360,-101,49,39
1407719892,-7498,5212,-716,129,-108,178,-16343,0,-15537,0,8160,8192,5626,-1082,-6072,-116,26,17
1407769892,-7426,3710,170,144,-241,-310,-16341,0,-15537,0,8160,8192,5954,-2330,-5878,-92,24,28
1407819892,-7530,3938,420,65,-45,125,-16338,0,-15537,0,8160,8192,6358,-2600,-5668,-107,60,40
1407869892,-7302,3780,446,151,-95,-64,8160,8192,-24460,21481,645,8192,5492,-2900,-6414,-114,74,36
1407919892,-8420,3534,1112,141,99,806,0,0,-7,-1,-16333,0,6434,-4000,-5414,-110,63,25
1407969892,-9090,3234,1458,-17,167,575,8160,8192,10004,21483,645,8192,4718,-5048,-7144,-71,49,31
1408019892,-9338,4210,1052,3,91,691,0,0,-7,-1,-16329,0,8412,-3890,-6476,-99,-12,38
1408069892,-8940,4220,560,98,92,434,-16326,0,-15537,0,8160,8192,4382,-4172,-7296,-90,61,59
1408119892,-5716,4754,-1676,14,-230,-13,-16323,0,-15537,0,8160,8192,8876,1112,-8048,-95,-26,58
1408169892,-3394,5466,-522,-40,-156,-138,-16320,0,-15537,0,8160,8192,5116,-826,-4230,-133,-47,67
1408219892,-4690,6422,-3072,184,-17,253,-17318,0,-15537,0,8160,8192,2790,1208,-7376,-129,94,46
1408269892,-5238,6476,-1788,120,-108,136,-16315,0,-15537,0,8160,8192,5904,330,-6108,-137,36,48
1408319892,-5156,4750,-1378,87,12,331,0,0,-7,-1,-17312,0,558,10,-8116,-105,43,61
1408369892,-4170,4456,-1152,84,-212,-122,-16310,0,-15537,0,8160,8192,8878,-2314,-3962,-93,24,42
1408419892,-3022,6086,-2554,94,-114,90,-16308,0,-15537,0,8160,8192,3316,3786,-7602,-112,44,24
1408469892,-4588,6506,-2418,128,-173,24,8160,8192,-14284,21490,645,8192,5708,2760,-5796,-116,48,17
1408519892,-5736,8314,-4194,135,-298,-316,0,0,-7,-1,-16304,0,8306,4930,-5212,-108,-10,25
1408569892,-3492,7580,-3092,218,-213,5,-18302,0,-15537,0,8160,8192,5524,1998,-6136,-126,42,17
1408619892,-3812,7054,-3026,68,-97,120,-16300,0,-15537,0,8160,8192,5552,2872,-5966,-116,31,29
1408669892,-5860,6204,-1124,141,27,727,-18298,0,-15537,0,8160,8192,5852,-548,-6098,-119,-8,25
1408719892,-6072,6168,-1736,118,-43,177,-16295,0,-15537,0,8160,8192,5804,64,-6186,-113,76,25
1408769892,-5266,6074,-1370,191,-174,-73,8160,8192,23572,21495,645,8192,5440,324,-6166,-121,38,42
1408819892,-5316,6590,-2044,109,-41,193,-16292,0,-15537,0,8160,8192,6180,1246,-5908,-108,41,25
1408869892,-5326,6294,-1748,118,-72,111,8160,8192,0,0,645,8192,5802,850,-6004,-105,43,23
1408919892,-5502,6098,-1550,111,-81,181,-16290,0,-15537,0,8160,8192,5314,136,-6468,-102,25,26
1408969892,-5682,6334,-1738,90,-113,26,-18287,0,-15537,0,8160,8192,5474,834,-6092,-104,27,26
1409019892,-6008,5850,-1212,106,-56,173,-16285,0,-15537,0,8160,8192,5912,-576,-6018,-97,33,25
1409069892,-5514,6016,-1614,71,-127,-41,-16283,0,-15537,0,8160,8192,5542,646,-6046,-96,49,27
1409119892,-5880,5872,-1404,127,-66,130,8160,8192,0,0,645,8192,5804,-50,-6080,-102,51,32
1409169892,-5956,5852,-1366,95,-77,66,-16280,0,-15537,0,8160,8192,5722,12,-6080,-105,50,33
1409219892,-5898,5874,-1298,109,-109,27,-16277,0,-15537,0,8160,8192,5826,10,-6164,-97,42,27
1409269892,-5698,5958,-1510,73,-66,118,0,0,-7,-1,-16275,0,5736,274,-6088,-99,33,26
1409319892,-5668,6110,-1520,103,-106,59,8160,8192,0,0,645,8192,5702,376,-6082,-104,31,30
1409369892,-5718,6002,-1514,91,-75,127,-17272,0,-15537,0,8160,8192,5748,282,-6004,-101,28,30
1409419892,-5786,5882,-1412,109,-98,65,-16270,0,-15537,0,8160,8192,5766,46,-6040,-102,40,29
1409469892,-5680,5924,-1474,101,-91,85,-16268,0,-15537,0,8160,8192,5684,124,-6152,-103,39,29
1409519892,-5790,6068,-1452,99,-91,80,-17265,0,-15537,0,8160,8192,5738,130,-6152,-103,37,27
1409569892,-5754,5938,-1400,101,-85,89,-17263,0,-15537,0,8160,8192,5808,150,-5940,-103,39,30
1409619892,-5682,5876,-1454,98,-97,60,-18260,0,-15537,0,8160,8192,5564,138,-6136,-105,36,30
1409669892,-5758,5946,-1468,94,-98,93,0,0,-7,-1,-16259,0,5710,192,-6024,-103,25,33
1409719892,-5772,5956,-1508,94,-90,106,-16257,0,-15537,0,8160,8192,5724,188,-6110,-100,27,28
1409769892,-5738,6014,-1460,93,-101,64,8160,8192,-25004,21510,645,8192,5858,114,-5978,-102,29,31
1409819892,-6008,5982,-1386,99,-73,139,-16252,0,-15537,0,8160,8192,5746,32,-6214,-104,30,29
1409869892,-5532,6180,-1672,98,-129,-9,-16249,0,-15537,0,8160,8192,5832,388,-6012,-104,38,29
1409919892,-5900,5920,-1364,116,-70,154,8160,8192,-6076,21512,645,8192,6016,50,-5904,-105,34,31
1409969892,-5752,6094,-1388,109,-121,38,-16245,0,-15537,0,8160,8192,5986,106,-5846,-106,32,34
1410019892,-5728,6066,-1470,101,-119,31,-16243,0,-15537,0,8160,8192,6048,124,-5870,-106,36,35
1410069892,-5654,6002,-1542,104,-112,38,0,0,-7,-1,-17241,0,5810,194,-6132,-104,37,32
1410119892,-5614,6102,-1558,109,-111,65,0,0,-7,-1,-16239,0,5618,212,-6174,-111,32,35
1410169892,-5544,6032,-1600,104,-121,21,0,0,-7,-1,-16237,0,5572,352,-6044,-107,37,31
1410219892,-5746,5882,-1422,99,-99,86,-16235,0,-15537,0,8160,8192,5938,162,-5930,-105,32,34
1410269892,-5582,6106,-1476,97,-117,45,8160,8192,0,0,645,8192,5802,356,-5870,-106,29,33
1410319892,-5454,6180,-1768,83,-123,18,-16231,0,-15537,0,8160,8192,5772,618,-6006,-102,28,32
1410369892,-5322,6432,-1816,74,-140,3,-16229,0,-15537,0,8160,8192,5830,966,-5996,-106,14,31
1410419892,-5488,6166,-1820,93,-117,78,-16227,0,-15537,0,8160,8192,5754,704,-6048,-101,22,32
1410469892,-5310,6232,-1782,66,-169,-64,-17226,0,-15537,0,8160,8192,5256,556,-6366,-101,18,35
1410519892,-5428,6726,-1746,34,-171,-103,-16223,0,-15537,0,8160,8192,5890,300,-6086,-101,16,37
1410569892,-5454,6108,-1706,54,-202,-341,-16220,0,-15537,0,8160,8192,5640,910,-6124,-102,29,30
1410619892,-5578,6494,-2140,75,-151,-104,-16219,0,-15537,0,8160,8192,4764,772,-6546,-99,42,26
1410669892,-5584,6434,-2288,81,-174,-197,-18217,0,-15537,0,8160,8192,5262,176,-6618,-96,43,35
1410719892,-4050,4842,-1186,111,-179,-137,-18215,0,-15537,0,8160,8192,6084,830,-5848,-103,15,17
1410769892,-5858,6250,-1936,27,-99,28,-17213,0,-15537,0,8160,8192,5254,1814,-6054,-98,41,25
1410819892,-5476,5944,-1880,103,-215,-245,8160,8192,0,0,645,8192,5488,578,-6292,-96,30,29
1410869892,-4144,4868,-984,98,-161,-69,0,0,-7,-1,-17211,0,6680,1326,-5480,-110,39,13
1410919892,-5874,6086,-1720,156,-203,-81,-17209,0,-15537,0,8160,8192,5452,808,-6140,-87,22,30
1410969892,-8578,8446,-2908,61,-42,46,-17208,0,-15537,0,8160,8192,144,3758,-9608,-86,90,36
1411019892,-5440,6518,-2448,167,-202,-103,0,0,-7,-1,-16206,0,5460,620,-6572,-93,69,24
1411069892,-5524,6246,-1942,49,-128,-20,-17204,0,-15537,0,8160,8192,4666,1366,-7108,-90,-4,16
1411119892,-6026,6786,-2358,77,-64,140,-16203,0,-15537,0,8160,8192,8824,-1930,-5250,-83,22,9
1411169892,-5362,6170,-1818,89,-135,160,-16201,0,-15537,0,8160,8192,4518,386,-5564,-83,32,28
1411219892,-5498,5710,-1684,111,-198,-128,0,0,-7,-1,-17199,0,7120,-186,-3416,-113,0,29
1411269892,-5656,4730,-76,59,-91,-110,-17197,0,-15537,0,8160,8192,9550,888,-3184,-131,18,18
1411319892,-6158,4988,-412,96,-127,-174,-16196,0,-15537,0,8160,8192,5350,-314,-6282,-104,58,34
1411369892,-9780,8262,-1396,111,-59,12,8160,8192,2132,21535,645,8192,7616,2050,322,-101,52,51
1411419892,-9506,6918,-1668,105,-64,-46,0,0,-7,-1,-17194,0,10712,298,-4304,-122,9,50
1411469892,-7122,4404,-220,22,-12,311,5544,8192,-7,-1,-16415,0,5938,-1536,-7022,-107,4,28
1411519892,-7386,3768,750,159,-62,-15,8160,8192,21060,21537,645,8192,9032,-2836,-4354,-90,53,36
1411569892,-8572,4658,112,107,-13,283,-16188,0,-15537,0,8160,8192,5922,-2464,-6802,-117,24,20
1411619892,-7682,4194,432,150,-178,-175,-18186,0,-15537,0,8160,8192,5764,-2750,-6204,-103,57,35
1411669892,-8026,3318,668,26,57,338,-16185,0,-15537,0,8160,8192,6056,-3498,-5878,-115,67,36
1411719892,-8356,2870,1504,139,49,580,-16182,0,-15537,0,8160,8192,5694,-4112,-6970,-105,60,38
1411769892,-5950,1898,2394,82,108,514,-16180,0,-15537,0,8160,8192,5308,-4462,-6986,-93,102,42
1411819892,-8438,2320,978,33,131,947,-16178,0,-15537,0,8160,8192,6000,-3546,-5968,-97,21,31
1411869892,-8096,7798,-926,127,-328,-54,-16176,0,-15537,0,8160,8192,-826,-2532,-9914,-73,43,34
1411919892,-4930,7448,-2970,39,-350,-312,8160,8192,27844,21543,645,8192,5788,2186,-4774,-113,-50,65
1411969892,-5558,4212,-1604,196,121,734,0,0,-7,-1,-17171,0,8892,-2888,-5026,-96,12,64
1412019892,-7160,6144,-972,159,-5,151,0,0,-7,-1,-16168,0,8812,1510,-2986,-108,95,18
1412069892,-9396,7966,132,172,-52,63,-16167,0,-15537,0,8160,8192,15140,6478,-1314,-102,-29,45
1412119892,-6176,5566,-1288,78,-33,220,8160,8192,31236,21546,645,8192,8006,1674,-4466,-112,15,35
1412169892,-2576,3824,-2026,51,-223,-162,-16164,0,-15537,0,8160,8192,6292,5402,-4724,-85,-7,31
1412219892,-4726,7764,-2950,106,-124,79,8160,8192,0,0,645,8192,7932,2442,-4126,-117,47,48
1412269892,-2730,7444,-4144,150,-369,-629,-16159,0,-15537,0,8160,8192,5108,4088,-7116,-98,98,5
1412319892,-4176,8084,-3616,242,-200,92,-16156,0,-15537,0,8160,8192,4888,2178,-5788,-138,4,21
1412369892,-3772,7608,-3644,-42,-86,-73,8160,8192,19092,21550,645,8192,5204,3340,-6394,-127,40,24
1412419892,-5968,7100,-2204,78,112,800,0,0,-7,-1,-16150,0,4672,386,-6622,-108,50,-4
1412469892,-5256,6284,-2440,54,31,245,-16147,0,-15537,0,8160,8192,5332,2278,-6196,-116,70,24
1412519892,-4552,6908,-2122,246,-211,7,-18145,0,-15537,0,8160,8192,5372,1180,-5892,-106,49,22
1412569892,-5508,5712,-1926,51,29,419,8160,8192,22484,21553,645,8192,5688,616,-5856,-115,-6,34
1412619892,-5730,6124,-1542,111,-116,144,-16142,0,-15537,0,8160,8192,5698,610,-6212,-108,2,30
1412669892,-5928,6132,-1374,69,-73,164,-16140,0,-15537,0,8160,8192,6034,54,-5856,-92,17,23
1412719892,-5704,5714,-1250,119,-107,57,-16137,0,-15537,0,8160,8192,5906,-242,-5924,-103,36,25
1412769892,-5898,5934,-1344,103,-118,20,-16136,0,-15537,0,8160,8192,5816,8,-6052,-111,33,32
1412819892,-5754,6090,-1612,74,-92,62,0,0,-7,-1,-16133,0,5742,454,-6154,-101,40,28
1412869892,-5632,5972,-1384,101,-119,20,-16131,0,-15537,0,8160,8192,5726,-10,-6106,-104,42,32
1412919892,-5986,5914,-1358,119,-80,91,-16128,0,-15537,0,8160,8192,5826,32,-6010,-109,42,28
1412969892,-5654,5942,-1398,106,-126,15,8160,8192,0,0,645,8192,5754,-74,-5978,-104,38,29
1413019892,-5936,5994,-1368,102,-73,128,-18124,0,-15537,0,8160,8192,5864,246,-5994,-108,36,31
1413069892,-5700,5928,-1420,116,-141,-8,8160,8192,0,0,645,8192,5804,-62,-6022,-103,32,34
1413119892,-5844,6046,-1458,115,-80,114,-16121,0,-15537,0,8160,8192,5874,208,-5974,-111,38,32
1413169892,-5796,6012,-1418,119,-113,23,8160,8192,0,0,645,8192,5890,-76,-5970,-104,43,33
1413219892,-5882,6014,-1458,103,-77,107,-16119,0,-15537,0,8160,8192,5850,34,-6016,-108,44,33
1413269892,-5816,6052,-1398,112,-135,-3,0,0,-7,-1,-17117,0,5782,30,-6072,-110,30,32
1413319892,-5736,5920,-1494,103,-85,111,-17115,0,-15537,0,8160,8192,5748,84,-5930,-106,31,33
1413369892,-5744,5878,-1520,106,-124,30,-16113,0,-15537,0,8160,8192,5784,124,-6074,-107,31,33
1413419892,-5772,6068,-1466,94,-96,101,8160,8192,20516,21566,645,8192,5772,134,-6050,-107,26,32
1413469892,-5782,5994,-1364,107,-117,50,8160,8192,4980,21567,645,8192,5930,148,-5826,-109,28,35
1413519892,-5652,6024,-1466,101,-117,44,-18108,0,-15537,0,8160,8192,5742,180,-6098,-106,28,37
1413569892,-5818,5954,-1542,105,-101,77,-18106,0,-15537,0,8160,8192,5876,152,-5960,-107,35,33
1413619892,-5600,6068,-1546,104,-127,21,-18104,0,-15537,0,8160,8192,5622,144,-6228,-107,34,35
1413669892,-5730,5792,-1420,108,-101,99,8160,8192,8372,21570,645,8192,5782,18,-6050,-108,28,33
1413719892,-5546,6054,-1574,100,-127,3,8160,8192,-7164,21570,645,8192,5886,388,-5948,-104,36,30
1413769892,-5622,6180,-1596,99,-108,78,0,0,-7,-1,-16102,0,5874,410,-5798,-109,22,34
1413819892,-5668,6076,-1634,96,-98,71,-16101,0,-15537,0,8160,8192,5672,416,-6026,-104,33,33
1413869892,-5612,6040,-1654,91,-117,51,0,0,-7,-1,-17098,0,5664,296,-5964,-101,23,31
1413919892,-5536,6066,-1630,85,-103,54,8160,8192,0,0,645,8192,5904,504,-5850,-102,33,29
1413969892,-5828,5998,-1344,104,-89,109,0,0,-7,-1,-16094,0,6044,126,-5836,-103,27,27
1414019892,-5616,6210,-1620,86,-126,9,0,0,-7,-1,-16091,0,6032,392,-5942,-105,31,28
1414069892,-5422,6354,-2002,76,-138,-16,-15946,0,-15537,0,8160,8192,5476,820,-6196,-106,31,32
1414119892,-5444,6148,-1706,85,-102,66,-16087,0,-15537,0,8160,8192,6008,782,-5856,-98,31,33
1414169892,-4984,6510,-1890,54,-237,-230,-17084,0,-15537,0,8160,8192,5598,1632,-6118,-97,13,35
1414219892,-4974,6082,-1788,143,-232,-251,8160,8192,0,0,645,8192,5496,546,-6174,-107,25,33
1414269892,-5138,6184,-1888,92,-176,-132,-18080,0,-15537,0,8160,8192,5852,858,-5856,-104,41,27
1414319892,-4964,6052,-1942,80,-140,-104,-16078,0,-15537,0,8160,8192,5962,972,-5902,-97,36,32
1414369892,-3988,5716,-1750,71,-197,-113,-16075,0,-15537,0,8160,8192,7304,872,-4996,-104,17,21
1414419892,-6558,7166,-3024,103,-234,-182,-18073,0,-15537,0,8160,8192,4708,706,-7174,-100,23,18
1414469892,-5068,6196,-1682,116,-191,-227,0,0,-7,-1,-16071,0,5678,1108,-5998,-97,40,26
1414519892,-4818,5708,-1516,136,-199,-136,-18069,0,-15537,0,8160,8192,6060,1140,-5296,-108,53,17
1414569892,-6186,6036,-1918,149,-186,-111,-18066,0,-15537,0,8160,8192,4778,910,-6784,-93,24,29
1414619892,-7510,8454,-4620,70,-267,62,-16065,0,-15537,0,8160,8192,6784,658,-4506,-94,-6,28
1414669892,-5362,5894,-1502,104,-150,44,0,0,-7,-1,-17063,0,5730,1308,-6656,-92,15,33
1414719892,-5900,6664,-2208,94,-191,23,-16063,0,-15537,0,8160,8192,5082,1710,-6898,-110,-8,19
1414769892,-8460,8528,-4744,112,-164,95,0,0,-7,-1,-16061,0,5062,1094,-4746,-109,15,19
1414819892,-5722,6036,-1900,39,-104,69,-16059,0,-15537,0,8160,8192,6060,1214,-5658,-123,20,14
1414869892,-5524,5348,-810,134,-155,-93,-18057,0,-15537,0,8160,8192,6302,2582,-7060,-104,-14,12
1414919892,-6490,5392,-1374,123,-213,-305,-16055,0,-15537,0,8160,8192,5162,-1252,-5990,-114,22,18
1414969892,-6282,5450,-1598,125,-191,-47,-16053,0,-15537,0,8160,8192,6344,922,-6676,-97,45,26
1415019892,-11790,7104,-2614,171,29,56,-16051,0,-15537,0,8160,8192,250,-3564,-13166,-132,145,14
1415069892,-7604,5228,-1412,-6,67,102,-16049,0,-15537,0,8160,8192,3962,-1600,-6428,-125,58,52
1415119892,-6424,4258,-630,101,-185,21,-17047,0,-15537,0,8160,8192,8932,2486,-3008,-108,-16,42
1415169892,-7966,4088,-306,86,13,78,8160,8192,0,0,645,8192,4892,-2640,-5860,-99,95,35
1415219892,-7270,4254,80,92,-68,36,8160,8192,0,0,645,8192,4646,-1466,-6890,-114,47,12
1415269892,-8098,4108,-118,0,-83,-78,0,0,-7,-1,-16042,0,6842,-1950,-5698,-102,31,44
1415319892,-7202,5058,-728,139,-231,-344,8160,8192,19972,21595,645,8192,5692,-1562,-6140,-110,54,33
1415369892,-7674,4208,100,126,-31,245,-16037,0,-15537,0,8160,8192,5408,-2442,-6384,-102,55,31
1415419892,-8582,3374,1166,129,94,730,-17035,0,-15537,0,8160,8192,5528,-4092,-6602,-111,54,43
1415469892,-9100,3862,950,36,166,614,0,0,-7,-1,-17034,0,4452,-4774,-6994,-99,70,1
1415519892,-8210,2442,1708,72,181,882,8160,8192,0,0,645,8192,6320,-4956,-4508,-77,24,-23
1415569892,-9660,4868,756,176,-4,293,8160,8192,7828,21599,645,8192,13788,-3958,-2174,-105,47,55
1415619892,-7014,5166,742,130,-210,111,8160,8192,0,0,645,8192,5114,-1046,-7594,-82,-26,66
1415669892,-4776,7386,-2228,55,-323,-194,0,0,-7,-1,-17026,0,6148,-26,-8170,-159,2,60
1415719892,-6288,6972,-2358,178,-83,267,-18024,0,-15537,0,8160,8192,7688,1006,-5122,-136,32,29
1415769892,-6674,7678,-1906,149,-58,211,-16022,0,-15537,0,8160,8192,9264,9936,-7030,-111,65,50
1415819892,-3876,6184,-2848,64,-126,7,8160,8192,-4316,21602,645,8192,4220,4242,-6760,-111,48,40
1415869892,-3818,4930,-2422,132,-95,207,0,0,-7,-1,-16018,0,1876,1470,-6238,-120,39,32
1415919892,-3766,7114,-3050,47,-244,-182,8160,8192,0,0,645,8192,5696,3482,-6126,-107,25,43
1415969892,-3796,7204,-2424,170,-192,-187,-17015,0,-15537,0,8160,8192,5860,2970,-5776,-104,10,30
1416019892,-4768,7634,-3828,59,-120,122,0,0,-7,-1,-16013,0,6518,2832,-4572,-106,6,30
1416069892,-3972,7342,-3170,219,-127,-96,0,0,-7,-1,-17011,0,5852,2788,-6192,-108,65,15
1416119892,-5418,6504,-1570,72,63,660,0,0,-7,-1,-16009,0,5348,76,-6744,-117,41,22
1416169892,-6242,5708,-1102,116,-67,298,-16007,0,-15537,0,8160,8192,6496,-356,-5946,-126,12,29
1416219892,-4506,7120,-2894,35,-243,-309,-16006,0,-15537,0,8160,8192,5162,1798,-6848,-122,30,30
1416269892,-5144,6442,-1942,163,-63,191,0,0,-7,-1,-16004,0,5762,740,-6448,-105,27,27
1416319892,-5476,6984,-2128,85,-85,156,0,0,-7,-1,-16002,0,5216,1464,-6380,-119,31,21
1416369892,-5422,6380,-1688,137,-107,17,-16000,0,-15537,0,8160,8192,6222,506,-6110,-104,40,27
1416419892,-5712,5874,-1378,94,-48,217,8160,8192,0,0,645,8192,5396,570,-6204,-112,37,41
1416469892,-5782,5978,-1468,124,-101,6,-15997,0,-15537,0,8160,8192,5922,152,-5938,-98,68,32
1416519892,-5904,5630,-1170,115,-88,100,-15995,0,-15537,0,8160,8192,5814,-374,-5874,-106,43,29
1416569892,-5494,6172,-1654,58,-175,-35,-15992,0,-15537,0,8160,8192,5778,564,-6106,-99,-1,26
1416619892,-5796,5884,-1340,100,-88,182,-16990,0,-15537,0,8160,8192,5782,30,-5984,-106,7,27
1416669892,-5672,6060,-1522,91,-114,20,-15987,0,-15537,0,8160,8192,5770,312,-6098,-102,37,28
1416719892,-5816,5842,-1262,115,-92,93,-15985,0,-15537,0,8160,8192,5738,-138,-5996,-102,39,28
1416769892,-5632,5920,-1568,94,-105,56,-16985,0,-15537,0,8160,8192,5672,340,-6036,-108,39,29
1416819892,-5680,5962,-1494,102,-117,40,8160,8192,12644,21618,645,8192,5794,216,-6014,-106,30,29
1416869892,-5660,5972,-1564,83,-88,105,-15980,0,-15537,0,8160,8192,5782,244,-5980,-103,21,27
1416919892,-5686,5956,-1440,95,-122,33,8160,8192,-18428,21619,645,8192,5842,104,-5994,-105,26,28
1416969892,-5648,6028,-1546,90,-106,57,8160,8192,31572,21620,645,8192,5788,258,-6128,-104,30,32
1417019892,-5780,6100,-1366,108,-111,52,0,0,-7,-1,-15975,0,5794,82,-6150,-108,35,32
1417069892,-5704,5960,-1456,95,-93,74,-15972,0,-15537,0,8160,8192,5804,186,-5940,-107,35,27
1417119892,-5574,6058,-1620,99,-113,17,-15971,0,-15537,0,8160,8192,5706,348,-6100,-105,41,29
1417169892,-5608,5982,-1530,94,-91,100,-15970,0,-15537,0,8160,8192,5864,276,-6004,-103,33,30
1417219892,-5640,5884,-1498,97,-103,73,-15969,0,-15537,0,8160,8192,5786,84,-6076,-108,30,33
1417269892,-5822,5994,-1322,94,-102,80,-15967,0,-15537,0,8160,8192,5764,92,-6010,-102,28,30
1417319892,-5764,5972,-1508,96,-111,76,8160,8192,-11644,21625,645,8192,5822,192,-5986,-103,24,32
1417369892,-5676,5988,-1576,83,-103,79,8160,8192,-27180,21626,645,8192,5744,274,-6080,-102,22,27
1417419892,-5726,6082,-1490,101,-101,80,-15958,0,-15537,0,8160,8192,5604,160,-6292,-102,32,29
1417469892,-5512,6324,-1662,86,-116,34,8160,8192,0,0,645,8192,5406,602,-6314,-105,30,24
1417519892,-5782,5914,-1380,112,-113,91,-15951,0,-15537,0,8160,8192,5744,-154,-6136,-105,17,32
1417569892,-5720,5936,-1354,97,-126,1,-15949,0,-15537,0,8160,8192,5794,66,-6012,-106,35,34
1417619892,-5932,5876,-1280,121,-112,58,-17948,0,-15537,0,8160,8192,6092,-170,-5904,-101,41,32
1417669892,-5794,5950,-1378,94,-124,1,-17946,0,-15537,0,8160,8192,5974,100,-5816,-109,39,33
1417719892,-5670,6012,-1506,101,-119,14,8160,8192,-4860,21631,645,8192,5694,212,-6106,-107,40,35
1417769892,-5650,6048,-1542,97,-103,48,0,0,-7,-1,-15941,0,5796,516,-6114,-108,42,33
1417819892,-5118,6500,-2050,72,-163,-90,-15938,0,-15537,0,8160,8192,5710,1164,-5964,-106,33,32
1417869892,-5454,6356,-1660,102,-74,116,-17935,0,-15537,0,8160,8192,5844,916,-5968,-105,43,27
1417919892,-5380,6438,-1992,82,-133,11,8160,8192,-1468,21634,645,8192,5536,1016,-6128,-97,28,29
1417969892,-5760,6574,-2076,97,-225,-261,-16930,0,-15537,0,8160,8192,5856,730,-5992,-104,23,30
1418019892,-5184,6032,-1820,72,-149,-35,-15929,0,-15537,0,8160,8192,6256,332,-5554,-106,27,31
1418069892,-5612,5976,-1548,78,-126,-64,0,0,-7,-1,-15928,0,5458,348,-6352,-100,59,31
1418119892,-5324,5870,-1778,77,-106,5,-15926,0,-15537,0,8160,8192,5738,994,-5814,-104,41,27
1418169892,-4832,5702,-1122,131,-218,-253,8160,8192,-13612,21638,645,8192,5652,448,-6104,-101,39,30
1418219892,-5262,6048,-1602,93,-184,-260,-15922,0,-15537,0,8160,8192,4746,970,-6754,-100,38,29
1418269892,-5812,6204,-1724,134,-179,-142,0,0,-7,-1,-16920,0,5596,928,-6270,-91,21,30
1418319892,-5020,6078,-2102,129,-254,-250,8160,8192,5316,21641,645,8192,4484,1138,-6572,-106,45,17
1418369892,-4808,5598,-1404,172,-185,22,-15916,0,-15537,0,8160,8192,7374,1512,-4704,-88,17,29
1418419892,-6358,6938,-2884,61,-211,38,8160,8192,-25756,21642,645,8192,6302,-36,-5836,-99,13,24
1418469892,-6482,6436,-2008,88,-83,186,-16913,0,-15537,0,8160,8192,4612,484,-6932,-95,36,27
1418519892,-5928,5680,-1276,53,-91,76,-16910,0,-15537,0,8160,8192,6590,588,-5092,-94,-6,16
1418569892,-6164,6626,-2022,84,-112,65,0,0,-7,-1,-15908,0,4276,902,-7134,-107,41,17
1418619892,-5982,5876,-1236,107,-114,-75,0,0,-7,-1,-16904,0,4566,-324,-6910,-90,2,28
1418669892,-3774,4352,-606,47,-139,-26,-15902,0,-15537,0,8160,8192,6964,1244,-5170,-107,22,9
1418719892,-5380,4830,-536,128,-100,45,-15899,0,-15537,0,8160,8192,5132,892,-6814,-114,6,22
1418769892,-6030,4844,-776,36,-47,-38,-15897,0,-15537,0,8160,8192,4442,-560,-6524,-125,52,14
1418819892,-7482,6356,-1858,101,-222,-182,8160,8192,-18972,21648,645,8192,4604,526,-7490,-105,19,39
1418869892,-6330,5288,-1096,136,-115,-65,-16891,0,-15537,0,8160,8192,7424,-528,-5114,-106,20,42
1418919892,-7240,5270,-1176,82,15,298,8160,8192,15492,21650,645,8192,4694,-122,-7434,-110,55,16
1418969892,-6992,5684,-984,148,-186,-415,-17885,0,-15537,0,8160,8192,6918,-432,-5632,-117,25,41
1419019892,-8266,6158,-638,62,-55,100,0,0,-7,-1,-15882,0,14436,-1326,1550,-93,-44,42
1419069892,-7614,4252,326,37,36,179,0,0,-7,-1,-15881,0,7074,-2274,-4890,-105,43,27
1419119892,-7968,5320,-850,51,-96,-132,-15878,0,-15537,0,8160,8192,7836,-394,-5216,-99,42,37
1419169892,-6912,4772,-172,111,-108,11,-15875,0,-15537,0,8160,8192,6164,-1480,-5952,-107,18,15
1419219892,-7646,4424,186,69,28,325,-16871,0,-15537,0,8160,8192,6208,-1968,-5808,-115,40,44
1419269892,-7862,4080,476,188,-70,130,-17869,0,-15537,0,8160,8192,6568,-2734,-5726,-108,87,42
1419319892,-8014,3042,1168,92,142,641,0,0,-7,-1,-15865,0,7542,-3468,-5300,-101,86,38
1419369892,-9346,3724,1266,39,158,889,-15861,0,-15537,0,8160,8192,2372,-5020,-8904,-118,19,22
1419419892,-8836,3576,1860,191,28,376,8160,8192,-8796,21657,645,8192,5784,-4372,-7860,-97,44,57
1419469892,-4846,2572,-186,29,-195,-41,0,0,-7,-1,-15857,0,2892,-2054,-6290,-90,10,46
1419519892,-5534,7664,-3618,10,-343,-301,0,0,-7,-1,-15856,0,7920,-602,-3214,-137,-19,49
1419569892,-6582,7074,-1866,196,9,543,-17852,0,-15537,0,8160,8192,3826,642,-5698,-100,13,59
1419619892,-4508,5436,-1060,120,-134,42,-15851,0,-15537,0,8160,8192,5346,2384,-6352,-127,9,66
1419669892,-6198,6804,-1740,115,-165,109,8160,8192,-20940,21661,645,8192,5684,-374,-5512,-110,-10,49
1419719892,-4996,7144,-1966,162,-217,42,0,0,-7,-1,-16847,0,6166,376,-5580,-113,-18,41
1419769892,-4622,7450,-2832,162,-310,89,-15845,0,-15537,0,8160,8192,5824,2374,-5758,-112,-53,36
1419819892,-4948,7656,-2646,92,-209,19,8160,8192,-2012,21663,645,8192,7198,4208,-5372,-84,-11,17
1419869892,-3176,6716,-2854,103,-271,-136,-15842,0,-15537,0,8160,8192,4620,4912,-6654,-100,-43,17
1419919892,-3498,6934,-2214,91,-135,76,8160,8192,32452,21665,645,8192,4802,2894,-6742,-111,-24,10
1419969892,-4688,6572,-1478,119,-12,459,-15835,0,-15537,0,8160,8192,4858,450,-6436,-118,54,34
1420019892,-6356,5292,-1082,183,117,544,-15833,0,-15537,0,8160,8192,5976,-346,-5788,-127,118,29
1420069892,-4322,7350,-2724,56,-253,-661,-15831,0,-15537,0,8160,8192,5498,2520,-5940,-131,112,47
1420119892,-4666,7010,-2672,177,-49,49,8160,8192,-29692,21668,645,8192,5730,2398,-5858,-127,90,41
1420169892,-5164,6606,-2268,96,85,439,8160,8192,20308,21669,645,8192,5838,1184,-6062,-94,29,8
1420219892,-5552,6336,-1710,90,-151,64,0,0,-7,-1,-15825,0,5126,418,-6366,-113,1,28
1420269892,-5654,6018,-1786,48,-103,120,-16821,0,-15537,0,8160,8192,5868,758,-5930,-97,9,25
1420319892,-6012,5572,-1094,110,-67,143,-17819,0,-15537,0,8160,8192,5842,-486,-6040,-103,42,32
1420369892,-5972,5790,-1178,105,-127,-10,0,0,-7,-1,-15817,0,5936,-334,-5968,-119,47,36
1420419892,-5874,5920,-1452,102,-127,30,8160,8192,0,0,645,8192,5806,140,-6088,-111,35,30
1420469892,-5480,6128,-1650,95,-128,44,0,0,-7,-1,-15814,0,5854,224,-5988,-111,21,36
1420519892,-5636,6006,-1592,95,-118,58,-15811,0,-15537,0,8160,8192,5898,350,-6000,-106,17,32
1420569892,-5876,5942,-1434,89,-87,144,8160,8192,0,0,645,8192,5906,94,-6016,-104,16,29
1420619892,-5714,6050,-1542,101,-122,25,8160,8192,0,0,645,8192,5792,144,-6040,-106,38,32
1420669892,-5886,5918,-1352,107,-107,83,0,0,-7,-1,-15807,0,5826,-72,-6058,-106,31,35
1420719892,-5690,6030,-1520,102,-101,55,8160,8192,-19516,21677,645,8192,5686,278,-6124,-105,36,31
1420769892,-5748,5912,-1364,111,-99,83,0,0,-7,-1,-16802,0,5812,32,-5998,-107,38,30
1420819892,-5812,6010,-1456,99,-91,86,-15799,0,-15537,0,8160,8192,5680,166,-6088,-105,38,31
1420869892,-5694,6068,-1420,106,-125,18,-15798,0,-15537,0,8160,8192,5836,32,-6122,-100,36,31
1420919892,-5864,5994,-1376,108,-79,127,-16796,0,-15537,0,8160,8192,5832,26,-6042,-106,32,31
1420969892,-5760,6050,-1444,110,-118,14,0,0,-7,-1,-15794,0,5796,142,-6008,-106,41,30
1421019892,-5822,5944,-1372,108,-84,100,8160,8192,18340,21682,645,8192,5864,-92,-6140,-104,40,33
1421069892,-5870,6058,-1434,105,-106,61,-15788,0,-15537,0,8160,8192,5910,82,-5940,-104,34,31
1421119892,-5552,6118,-1592,99,-123,21,-16784,0,-15537,0,8160,8192,5778,338,-6062,-107,36,29
1421169892,-5746,6062,-1502,101,-90,102,8160,8192,-28268,21684,645,8192,6020,254,-5800,-102,32,30
1421219892,-5680,6176,-1476,101,-111,47,0,0,-7,-1,-15779,0,5652,312,-6178,-108,33,34
1421269892,-5506,6046,-1642,100,-126,45,0,0,-7,-1,-16776,0,5800,302,-6150,-111,28,34
1421319892,-5720,6010,-1402,101,-117,56,-15775,0,-15537,0,8160,8192,5708,146,-6016,-107,23,33
1421369892,-5726,5982,-1438,99,-107,55,0,0,-7,-1,-15773,0,5990,192,-5800,-104,35,33
1421419892,-5654,6136,-1558,94,-130,19,8160,8192,0,0,645,8192,5994,456,-5848,-103,31,29
1421469892,-5526,6108,-1506,95,-112,48,0,0,-7,-1,-15769,0,6052,300,-5808,-106,32,29
1421519892,-5684,5988,-1478,100,-105,79,0,0,-7,-1,-16767,0,5928,304,-6000,-107,29,35
1421569892,-5576,6046,-1548,99,-121,17,-15766,0,-15537,0,8160,8192,5558,380,-6334,-104,38,32
1421619892,-5534,6218,-1636,93,-117,31,0,0,-7,-1,-15764,0,5596,392,-6106,-101,40,32
1421669892,-5580,6226,-1740,85,-107,56,0,0,-7,-1,-15762,0,5994,688,-5940,-104,37,31
1421719892,-5252,6254,-1834,64,-138,-34,-15757,0,-15537,0,8160,8192,5532,776,-6194,-105,30,27
1421769892,-5078,6346,-2142,61,-115,79,0,0,-7,-1,-15755,0,5662,910,-6092,-103,20,33
1421819892,-5430,6522,-2162,-13,-206,-391,-15753,0,-15537,0,8160,8192,5972,1416,-5808,-100,21,30
1421869892,-5466,6194,-1756,63,-137,-110,-15751,0,-15537,0,8160,8192,6190,168,-5836,-102,20,27
1421919892,-5468,6212,-1694,61,-135,-159,-15747,0,-15537,0,8160,8192,5564,1288,-6002,-94,49,31
1421969892,-5428,6418,-2638,108,-242,-125,8160,8192,-14700,21696,645,8192,6390,-118,-5856,-95,5,22
1422019892,-5254,5772,-1638,15,-50,191,-17743,0,-15537,0,8160,8192,4804,462,-6082,-100,45,29
1422069892,-4632,5652,-1814,135,-246,-223,8160,8192,0,0,645,8192,7814,366,-4646,-99,35,26
1422119892,-5904,6370,-1930,101,-175,-100,-16739,0,-15537,0,8160,8192,5968,-100,-6048,-105,32,15
1422169892,-5954,6196,-1638,162,-190,-184,8160,8192,-11308,21699,645,8192,6526,1210,-5270,-95,38,26
1422219892,-5444,5462,-1412,86,-134,67,-15733,0,-15537,0,8160,8192,6558,848,-6114,-100,33,26
1422269892,-5684,5588,-946,138,-128,24,-15732,0,-15537,0,8160,8192,7628,748,-5506,-97,27,27
1422319892,-5798,5730,-1280,93,-136,16,-15729,0,-15537,0,8160,8192,5884,2084,-5390,-91,7,24
1422369892,-5612,6120,-1818,104,-154,68,-16726,0,-15537,0,8160,8192,5266,696,-5956,-101,13,12
1422419892,-5908,6280,-1716,99,-79,4,-16725,0,-15537,0,8160,8192,2912,-296,-7496,-95,62,21
1422469892,-6146,6276,-1908,103,-99,73,0,0,-7,-1,-16723,0,6202,674,-6394,-85,59,33
1422519892,-5420,5308,-1226,86,-149,-172,0,0,-7,-1,-15723,0,7430,-804,-5464,-85,4,24
1422569892,-5858,5692,-1146,80,-112,68,-15720,0,-15537,0,8160,8192,4624,452,-6966,-78,31,39
1422619892,-5470,5080,-1464,105,-296,-309,0,0,-7,-1,-15716,0,6548,362,-7014,-99,-20,36
1422669892,-6266,5200,-1014,173,-126,33,-15714,0,-15537,0,8160,8192,5512,-666,-6646,-97,67,29
1422719892,-5698,4876,-612,91,-61,6,-16710,0,-15537,0,8160,8192,5300,-1304,-6158,-127,72,19
1422769892,-7260,5144,-970,181,-129,-101,8160,8192,-1132,21708,645,8192,5108,596,-5752,-105,35,34
1422819892,-7656,4896,-290,88,-79,213,-16705,0,-15537,0,8160,8192,6740,-1878,-5912,-139,-39,26
1422869892,-7418,4338,28,-10,-2,217,8160,8192,-32204,21710,645,8192,5758,-2040,-5436,-95,-3,28
1422919892,-7794,5920,-820,160,-178,-159,8160,8192,17796,21711,645,8192,4460,-1140,-6936,-106,46,28
1422969892,-6892,4898,-436,90,-53,131,8160,8192,0,0,645,8192,5582,-1898,-5684,-119,71,44
1423019892,-6928,4512,-440,82,-34,259,0,0,-7,-1,-15695,0,5046,-1344,-6532,-105,37,22
1423069892,-6236,3258,-62,102,-113,24,-17693,0,-15537,0,8160,8192,4264,-2256,-7144,-107,66,36
1423119892,-7664,4054,294,70,72,581,-15691,0,-15537,0,8160,8192,6098,-2268,-6162,-102,62,39
1423169892,-9272,3702,912,7,222,875,8160,8192,0,0,645,8192,5036,-4444,-6940,-116,21,26
1423219892,-9808,3272,1520,-44,372,802,-15684,0,-15537,0,8160,8192,2686,-5426,-8104,-133,93,16
1423269892,-8638,5518,146,137,-208,80,8160,8192,0,0,645,8192,3290,-3690,-7932,-89,11,36
1423319892,-6446,3786,-1478,0,-124,136,-15679,0,-15537,0,8160,8192,10756,1478,-4330,-85,-14,41
1423369892,-6124,7160,-2906,19,-226,-339,0,0,-7,-1,-15676,0,860,1690,-7964,-84,-5,52
1423419892,-5936,5284,-1180,170,134,684,-15673,0,-15537,0,8160,8192,3356,-2066,-8424,-128,27,33
1423469892,-6188,7726,-1656,38,-102,102,-15672,0,-15537,0,8160,8192,6304,1894,-6820,-107,12,45
1423519892,-5316,6440,-2098,119,-161,101,0,0,-7,-1,-15669,0,3962,-1790,-5534,-110,20,62
1423569892,-2676,4392,-2300,51,-176,-76,-17666,0,-15537,0,8160,8192,1362,-1780,-7386,-104,67,37
1423619892,-4742,7890,-2802,54,-211,-15,8160,8192,-3100,21721,645,8192,5760,3644,-6160,-110,-19,41
1423669892,-2044,6380,-2566,128,-239,-156,-15661,0,-15537,0,8160,8192,10674,4194,-3374,-108,-2,26
1423719892,-3264,7532,-3298,198,-199,-227,-15658,0,-15537,0,8160,8192,5028,3126,-6398,-109,126,10
1423769892,-4512,6720,-2562,190,-85,138,8160,8192,15828,21724,645,8192,6084,2582,-5934,-121,41,17
1423819892,-4158,4314,-1388,-30,177,1045,-15653,0,-15537,0,8160,8192,5138,-82,-6040,-119,7,23
1423869892,-5794,6230,-1508,89,-224,-34,-15650,0,-15537,0,8160,8192,5536,-388,-5940,-113,2,30
1423919892,-5146,7472,-2218,39,-175,18,-15649,0,-15537,0,8160,8192,6114,1740,-6146,-126,1,44
1423969892,-4334,6788,-2634,176,-99,-84,8160,8192,0,0,645,8192,5034,2732,-6188,-128,103,29
1424019892,-5376,6596,-2002,152,21,245,-15645,0,-15537,0,8160,8192,6054,972,-6172,-108,99,30
1424069892,-5146,6174,-1946,136,-112,-41,-16643,0,-15537,0,8160,8192,6266,748,-5774,-113,81,29
1424119892,-5458,6034,-1924,102,-73,149,-15640,0,-15537,0,8160,8192,5908,700,-5940,-109,36,31
1424169892,-5756,5852,-1380,104,-119,34,-15636,0,-15537,0,8160,8192,5812,130,-5908,-101,36,29
1424219892,-6010,5730,-1254,107,-77,147,-15731,0,-15537,0,8160,8192,5810,-164,-6120,-99,29,24
1424269892,-5590,6082,-1470,67,-171,-32,0,0,-7,-1,-15631,0,5882,-76,-6074,-97,-1,23
1424319892,-6196,5752,-966,119,-93,182,-15628,0,-15537,0,8160,8192,5976,-554,-5938,-112,18,34
1424369892,-5726,5860,-1342,104,-164,-74,0,0,-7,-1,-15627,0,5814,-72,-6016,-115,41,36
1424419892,-5822,5808,-1246,118,-91,89,-15625,0,-15537,0,8160,8192,5872,-12,-5996,-111,43,32
1424469892,-5384,5988,-1648,87,-140,6,0,0,-7,-1,-15623,0,5846,430,-5964,-107,19,33
1424519892,-5752,6018,-1472,83,-105,133,8160,8192,-20604,21735,645,8192,5748,200,-6144,-109,7,35
1424569892,-5638,6118,-1518,99,-139,21,8160,8192,0,0,645,8192,5912,188,-6044,-105,21,34
1424619892,-5652,6102,-1494,97,-107,67,8160,8192,13860,21737,645,8192,5888,186,-6018,-106,28,31
1424669892,-5788,5928,-1330,106,-109,71,-15615,0,-15537,0,8160,8192,5852,46,-6006,-107,26,33
1424719892,-5792,5960,-1378,97,-111,49,0,0,-7,-1,-15614,0,5768,-80,-6270,-109,35,34
1424769892,-5828,6014,-1478,102,-124,24,8160,8192,-32748,21739,645,8192,5844,74,-5892,-110,31,34
1424819892,-5620,5926,-1502,104,-120,52,0,0,-7,-1,-15608,0,5658,148,-6202,-109,28,35
1424869892,-5834,6026,-1392,103,-101,89,0,0,-7,-1,-15605,0,5910,14,-5994,-106,27,32
1424919892,-5738,6008,-1366,106,-119,34,8160,8192,-13820,21741,645,8192,5872,50,-5962,-104,30,30
1424969892,-5610,6106,-1480,112,-109,39,8160,8192,-29356,21742,645,8192,5616,258,-6248,-108,43,35
1425019892,-5580,5984,-1586,107,-91,67,-15601,0,-15537,0,8160,8192,5650,226,-6182,-105,47,32
1425069892,-5556,6096,-1586,101,-94,53,-15599,0,-15537,0,8160,8192,5618,374,-6250,-100,46,29
1425119892,-5606,6072,-1492,110,-92,84,0,0,-7,-1,-16597,0,5672,280,-6016,-104,44,29
1425169892,-5770,5992,-1408,106,-88,111,-15595,0,-15537,0,8160,8192,5632,54,-6126,-101,33,30
1425219892,-5724,5940,-1450,101,-112,53,0,0,-7,-1,-15593,0,5542,58,-6210,-104,32,30
1425269892,-5722,5944,-1498,101,-111,38,0,0,-7,-1,-15590,0,5876,154,-5930,-103,36,34
1425319892,-5736,6124,-1480,109,-98,65,-15588,0,-15537,0,8160,8192,5942,92,-5898,-103,39,30
1425369892,-5590,6118,-1562,93,-127,23,-15586,0,-15537,0,8160,8192,5520,350,-6254,-109,24,35
1425419892,-5444,6116,-1704,97,-127,21,-15585,0,-15537,0,8160,8192,5952,454,-5950,-107,35,35
1425469892,-5350,6200,-1632,90,-144,17,0,0,-7,-1,-16583,0,5766,614,-6030,-106,16,31
1425519892,-5288,6282,-1746,71,-141,-16,0,0,-7,-1,-15581,0,5562,740,-6232,-101,24,30
1425569892,-5590,5966,-1524,87,-130,39,-16579,0,-15537,0,8160,8192,5890,182,-5924,-105,27,33
1425619892,-5304,6210,-1946,30,-153,-139,8160,8192,30820,21752,645,8192,5738,1444,-6006,-98,22,28
1425669892,-5546,6372,-1958,87,-155,-132,-15573,0,-15537,0,8160,8192,6030,790,-6254,-106,39,32
1425719892,-5270,6710,-1908,118,-191,-201,8160,8192,0,0,645,8192,5548,420,-6160,-106,33,23
1425769892,-4862,5936,-1622,139,-235,-313,-16570,0,-15537,0,8160,8192,6492,646,-5610,-95,44,29
1425819892,-3628,5250,-1102,32,-103,48,-15568,0,-15537,0,8160,8192,5820,1192,-6004,-100,20,27
1425869892,-5072,6160,-2004,84,-162,-16,-15566,0,-15537,0,8160,8192,5900,846,-5820,-94,35,23
1425919892,-5512,5664,-1158,91,-108,-41,8160,8192,0,0,645,8192,5790,748,-6042,-89,32,28
1425969892,-5264,6002,-1712,178,-233,-186,8160,8192,-12396,21757,645,8192,5996,1388,-5620,-107,58,18
1426019892,-5560,5584,-1504,155,-189,-84,-16560,0,-15537,0,8160,8192,5420,1614,-6118,-88,30,23
1426069892,-5084,5320,-1384,71,-170,-51,-17559,0,-15537,0,8160,8192,6664,702,-5858,-96,13,22
1426119892,-6424,6912,-2474,155,-203,41,-15557,0,-15537,0,8160,8192,5816,898,-6118,-101,46,21
1426169892,-5442,5878,-1626,35,-80,76,-15554,0,-15537,0,8160,8192,7256,416,-4400,-105,23,17
1426219892,-4920,4518,-706,83,-50,97,0,0,-7,-1,-15551,0,6508,746,-5294,-99,36,14
1426269892,-6562,6886,-2222,103,-142,-10,0,0,-7,-1,-15550,0,7230,374,-4104,-105,-11,33
1426319892,-6798,6704,-1912,48,-89,-31,0,0,-7,-1,-15548,0,5754,-2,-5826,-114,18,18
1426369892,-4704,5114,-1076,118,-174,-77,-16546,0,-15537,0,8160,8192,5760,-276,-7048,-108,7,18
1426419892,-5998,5308,-1198,59,-160,-222,-17546,0,-15537,0,8160,8192,5760,-684,-6504,-112,40,8
1426469892,-6054,4698,-638,102,-124,-118,0,0,-7,-1,-15543,0,4348,402,-7036,-86,15,38
1426519892,-6680,4830,-990,64,-63,-51,-16541,0,-15537,0,8160,8192,4990,1794,-7230,-105,28,36
1426569892,-6408,5570,-1422,130,-111,-75,-16920,0,-15537,0,8160,8192,6802,124,-5426,-114,30,10
1426619894,-5444,4620,-502,131,-240,-283,0,0,-7,-1,-15537,0,8158,-974,-4734,-121,-20,46
1426669892,-7798,5096,-674,-80,54,539,8160,8192,32244,21768,645,8192,5414,-782,-6446,-99,-25,35
1426719892,-6668,4772,-630,149,-203,-320,8160,8192,16708,21769,645,8192,5262,-1234,-6184,-102,73,28
1426769892,-6432,4282,178,113,-80,110,-16530,0,-15537,0,8160,8192,6046,-1882,-6002,-117,26,22
1426819892,-7410,4048,-364,-44,56,146,-18528,0,-15537,0,8160,8192,5880,-1734,-6112,-107,46,25
1426869892,-6680,4770,-210,186,-290,-315,-16524,0,-15537,0,8160,8192,5804,-1458,-6264,-106,36,43
1426919892,-7126,4692,-350,96,-91,-17,-16524,0,-15537,0,8160,8192,5838,-1520,-6162,-102,65,30
1426969892,-7224,4150,450,179,-39,222,-17521,0,-15537,0,8160,8192,5928,-2406,-6150,-107,58,34
1427019892,-8374,3872,736,91,139,818,-16519,0,-15537,0,8160,8192,6326,-3470,-5906,-112,61,33
1427069892,-8810,3310,786,-35,197,700,8160,8192,-26508,21774,645,8192,5746,-2816,-6322,-68,64,22
1427119892,-7754,2974,1770,2,136,800,8160,8192,23492,21775,645,8192,4438,-3456,-7966,-85,5,38
1427169892,-9216,3762,840,135,-15,357,0,0,-7,-1,-17513,0,3980,-6558,-5264,-64,0,29
1427219892,-4682,2526,-724,-40,-194,-14,8160,8192,0,0,645,8192,10470,-4228,-7418,-96,-73,49
1427269892,-5418,7354,-2246,-11,-246,119,8160,8192,-23116,21777,645,8192,4630,1900,-6350,-82,-50,58
1427319892,-3550,7120,-2988,-2,-234,-317,0,0,-7,-1,-16508,0,6342,2298,-7348,-94,-3,28
1427369892,-4526,6504,-1904,299,43,378,0,0,-7,-1,-16506,0,1860,-3384,-7090,-116,137,27
1427419892,-5198,6558,-2018,168,-17,150,-16503,0,-15537,0,8160,8192,5660,3104,-6198,-97,137,24
1427469892,-4848,7292,-1756,102,-204,-167,-16502,0,-15537,0,8160,8192,6140,2394,-6330,-114,73,33
1427519892,-4792,6244,-2304,212,-66,222,0,0,-7,-1,-17500,0,4168,558,-5940,-135,90,34
1427569892,-4852,7902,-2680,41,-250,-224,8160,8192,0,0,645,8192,5724,3262,-6318,-118,38,34
1427619892,-4656,7848,-3586,111,-166,259,-16498,0,-15537,0,8160,8192,5378,4048,-4708,-127,-1,34
1427669892,-4324,7754,-3680,146,-170,-161,8160,8192,0,0,645,8192,5768,2576,-5740,-124,8,8
1427719892,-4246,7300,-2522,188,-143,45,-16493,0,-15537,0,8160,8192,5102,2594,-6196,-122,49,31
1427769892,-5856,5954,-1534,40,80,726,-16490,0,-15537,0,8160,8192,5264,-432,-5972,-117,19,25
1427819892,-6678,4854,-180,179,-3,405,8160,8192,0,0,645,8192,6172,-974,-5844,-113,36,29
1427869892,-3880,7176,-3000,-4,-294,-522,-18485,0,-15537,0,8160,8192,5636,2114,-6206,-129,45,25
1427919892,-4910,6708,-2078,116,-43,272,-16483,0,-15537,0,8160,8192,5318,1010,-6220,-111,40,23
1427969892,-5756,6376,-1590,88,-40,179,0,0,-7,-1,-16482,0,5418,384,-6244,-105,57,22
1428019892,-5552,6324,-1690,140,-86,13,0,0,-7,-1,-16480,0,6156,998,-6156,-105,83,26
1428069892,-5392,6132,-1626,100,-86,61,0,0,-7,-1,-16478,0,5742,342,-5944,-116,53,36
1428119892,-5964,5826,-1290,134,-99,92,8160,8192,0,0,645,8192,5870,-292,-6004,-115,47,40
1428169892,-5662,5906,-1576,73,-124,21,-16473,0,-15537,0,8160,8192,5708,256,-5898,-96,20,20
1428219892,-5528,6104,-1462,47,-157,65,-16471,0,-15537,0,8160,8192,5800,22,-6030,-95,-29,21
1428269892,-6176,5820,-1206,74,-75,220,0,0,-7,-1,-17468,0,5824,-154,-6012,-100,-4,28
1428319892,-5734,6012,-1374,102,-158,-24,0,0,-7,-1,-16465,0,5766,-34,-6134,-104,22,34
1428369892,-6012,5930,-1230,115,-85,127,-18463,0,-15537,0,8160,8192,5962,-44,-5986,-111,36,34
1428419892,-5744,6008,-1484,108,-126,10,8160,8192,0,0,645,8192,5800,110,-5942,-107,38,31
1428469892,-5760,5958,-1486,95,-88,92,0,0,-7,-1,-16459,0,6010,-2,-5944,-107,35,34
1428519892,-5510,6160,-1560,98,-137,-26,-16457,0,-15537,0,8160,8192,5720,242,-6202,-103,38,30
1428569892,-5762,6048,-1482,107,-78,116,8160,8192,31700,21797,645,8192,5744,158,-6142,-106,33,33
1428619892,-5762,5962,-1532,107,-112,55,0,0,-7,-1,-17452,0,5906,34,-6010,-103,38,31
1428669892,-5682,5958,-1446,112,-121,21,0,0,-7,-1,-17451,0,5772,16,-6046,-107,44,29
1428719892,-5874,5940,-1382,120,-97,82,0,0,-7,-1,-16449,0,5968,22,-5884,-112,41,32
1428769892,-5632,5912,-1476,106,-124,29,0,0,-7,-1,-16447,0,5870,8,-6010,-110,34,39
1428819892,-5704,5930,-1462,105,-103,70,-17445,0,-15537,0,8160,8192,6052,56,-5788,-105,35,30
1428869892,-5594,5988,-1572,102,-129,9,-18444,0,-15537,0,8160,8192,5804,128,-5952,-109,29,35
1428919892,-5766,6030,-1422,98,-98,91,-16441,0,-15537,0,8160,8192,5710,58,-6118,-110,28,35
1428969892,-5606,6216,-1618,89,-127,15,-18438,0,-15537,0,8160,8192,5704,302,-6140,-105,25,30
1429019892,-5642,6058,-1530,107,-99,105,8160,8192,22948,21804,645,8192,5642,222,-6112,-108,26,34
1429069892,-5640,6016,-1554,107,-100,52,-16433,0,-15537,0,8160,8192,5752,318,-6040,-106,47,32
1429119892,-5788,5988,-1416,107,-90,74,8160,8192,-8124,21805,645,8192,5908,160,-5880,-101,39,28
1429169892,-5766,6020,-1372,104,-86,84,8160,8192,0,0,645,8192,5860,182,-6044,-106,44,32
1429219892,-5638,6092,-1498,105,-103,46,-17429,0,-15537,0,8160,8192,5976,142,-5940,-105,40,31
1429269892,-5676,6188,-1460,100,-98,58,-17427,0,-15537,0,8160,8192,5600,260,-6162,-103,36,30
1429319892,-5472,6168,-1730,103,-134,-20,8160,8192,-4732,21808,645,8192,5996,562,-5872,-109,44,35
1429369892,-5350,6416,-1910,93,-153,-35,0,0,-7,-1,-17425,0,5754,948,-5976,-104,30,32
1429419892,-5320,6118,-1730,79,-147,23,8160,8192,0,0,645,8192,5770,318,-5970,-100,7,33
1429469892,-5482,6258,-1764,69,-139,61,-16420,0,-15537,0,8160,8192,5740,1208,-5960,-102,-2,38
1429519892,-5514,6390,-1972,39,-144,-39,8160,8192,0,0,645,8192,5508,644,-6260,-98,16,29
1429569892,-5458,6580,-1706,136,-225,-234,0,0,-7,-1,-16416,0,5584,286,-6210,-103,32,33
1429619892,-5838,6156,-1844,32,-120,-39,-16414,0,-15537,0,8160,8192,5826,1220,-5956,-105,18,26
1429669892,-4620,5690,-1566,128,-185,-227,8160,8192,17588,21814,645,8192,6034,1176,-5948,-96,45,28
1429719892,-6280,6606,-2008,66,-124,-167,8160,8192,2052,21815,645,8192,4630,2194,-6454,-100,50,30
1429769892,-6160,6720,-2256,148,-176,-64,-16408,0,-15537,0,8160,8192,6674,882,-5778,-104,44,28
1429819892,-5194,6114,-2074,92,-202,-215,-17406,0,-15537,0,8160,8192,5530,242,-6420,-102,28,26
1429869892,-5908,6628,-2230,123,-188,-101,0,0,-7,-1,-16403,0,4966,1032,-6540,-108,37,13
1429919892,-5444,5796,-1314,157,-194,-169,-16401,0,-15537,0,8160,8192,5082,508,-6072,-91,31,26
1429969892,-5092,5554,-1238,82,-134,90,-18399,0,-15537,0,8160,8192,8282,1562,-6434,-95,17,31
1430019892,-6374,7146,-2820,135,-171,81,-18397,0,-15537,0,8160,8192,6600,1346,-4742,-117,39,12
1430069892,-5608,6754,-2106,67,-172,-8,-16395,0,-15537,0,8160,8192,3210,1528,-7588,-108,19,30
1430119892,-6142,6238,-2338,105,-129,214,-18392,0,-15537,0,8160,8192,4910,648,-6018,-110,28,22
1430169892,-4984,5608,-712,86,-120,-101,8160,8192,-6700,21821,645,8192,6196,-380,-5384,-98,11,40
1430219892,-5512,6098,-2140,69,-159,-56,-16388,0,-15537,0,8160,8192,6304,1940,-5320,-120,6,28
1430269892,-5846,5024,-724,64,-42,66,-16385,0,-15537,0,8160,8192,3290,540,-10278,-104,25,12
1430319892,-6866,6508,-2186,139,-308,-278,-16382,0,-15537,0,8160,8192,8080,-784,-4566,-97,-13,39
1430369892,-5942,5592,-1246,109,-141,90,-16380,0,-15537,0,8160,8192,8396,650,-4352,-95,15,27
1430419892,-5198,4278,-164,168,-149,11,8160,8192,-18844,21825,645,8192,1374,-1542,-8054,-113,19,40
1430469892,-5476,5182,-1552,68,-114,-228,-16376,0,-15537,0,8160,8192,6426,558,-5736,-110,72,45
1430519892,-6872,4296,144,195,-143,346,-16374,0,-15537,0,8160,8192,5780,-1380,-6742,-88,-37,45
1430569892,-7546,5230,-1122,30,-49,-26,-16373,0,-15537,0,8160,8192,6766,-1804,-5772,-104,74,19
1430619892,-7696,4836,-144,122,-127,-33,-18371,0,-15537,0,8160,8192,5566,-478,-6862,-116,18,28
1430669892,-7318,4808,-184,61,-23,234,0,0,-7,-1,-17369,0,5682,-1552,-6294,-110,44,21
1430719892,-7724,4544,50,189,-218,-179,-18368,0,-15537,0,8160,8192,5616,-2074,-6418,-101,44,36
1430769892,-7058,4636,-366,46,-89,-10,8160,8192,3476,21831,645,8192,5850,-1470,-6082,-104,46,33
1430819892,-7110,4146,206,161,-62,256,0,0,-7,-1,-17363,0,5630,-2202,-6156,-109,49,34
1430869892,-8250,3934,580,78,106,632,-16361,0,-15537,0,8160,8192,5396,-3824,-6208,-105,58,32
1430919892,-8164,2968,1324,22,169,718,-16359,0,-15537,0,8160,8192,4326,-3388,-6804,-84,70,38
1430969892,-7510,2904,1430,100,-1,569,0,0,-7,-1,-17357,0,7280,-2816,-5824,-97,33,45
1431019892,-7240,1512,332,130,73,383,8160,8192,-8668,21834,645,8192,6628,-2886,-4838,-96,61,51
1431069892,-6472,5258,-706,66,-150,236,8160,8192,-24204,21835,645,8192,3968,-7402,-4682,-97,-12,63
1431119892,-6766,7250,-2750,26,-300,-547,-16352,0,-15537,0,8160,8192,9294,3326,-3396,-104,28,65
1431169892,-5096,6856,-1976,203,-5,371,-16350,0,-15537,0,8160,8192,698,782,-10990,-134,82,33
1431219892,-4796,5010,-1444,108,-4,237,0,0,-7,-1,-16349,0,4906,-3418,-3562,-116,67,52
1431269892,-5084,6526,-2502,89,-125,-25,-16347,0,-15537,0,8160,8192,5216,2368,-5804,-86,50,47
1431319892,-3774,5790,-2116,29,-178,70,0,0,-7,-1,-16345,0,-62,-1688,-7904,-106,16,36
1431369892,-5086,6960,-3006,68,-189,85,8160,8192,13652,21840,645,8192,6732,2800,-5310,-115,-26,22
1431419892,-4270,8146,-2982,97,-219,-280,0,0,-7,-1,-17342,0,6912,2392,-5110,-115,11,17
1431469892,-4030,8170,-3358,86,-139,171,-18339,0,-15537,0,8160,8192,4654,2866,-6256,-116,27,22
1431519892,-4368,8006,-4186,216,-191,-214,-16337,0,-15537,0,8160,8192,6936,3188,-5124,-109,42,10
1431569892,-4840,6496,-1280,178,-25,393,-16335,0,-15537,0,8160,8192,5756,438,-5890,-107,59,26
1431619892,-6966,5080,-1176,99,178,872,-16333,0,-15537,0,8160,8192,5706,-852,-6610,-131,9,37
1431669892,-5314,6284,-1432,72,-235,-347,8160,8192,0,0,645,8192,6016,2446,-5840,-126,61,29
1431719892,-4982,6854,-2298,80,-38,120,8160,8192,-29564,21845,645,8192,6194,1262,-5804,-120,47,34
1431769892,-5292,6816,-1874,114,-85,121,5544,8192,-7,-1,-15983,0,6090,920,-5786,-111,25,29
1431819892,-4950,6568,-2046,106,-130,-25,-17325,0,-15537,0,8160,8192,6000,970,-6332,-109,49,23
1431869892,-5610,6128,-1580,134,-57,168,-16323,0,-15537,0,8160,8192,5288,158,-6444,-108,52,29
1431919892,-5618,5948,-1384,132,-127,9,-16320,0,-15537,0,8160,8192,5672,-48,-6066,-111,50,34
1431969892,-5904,5774,-1150,136,-139,7,-16317,0,-15537,0,8160,8192,5894,-520,-6100,-109,47,30
1432019892,-5584,6044,-1494,76,-151,12,8160,8192,8292,21850,645,8192,5670,460,-6064,-108,8,31
1432069892,-5568,6000,-1458,87,-123,92,8160,8192,-7244,21850,645,8192,5790,28,-6040,-102,2,26
1432119892,-5842,5960,-1474,70,-102,99,8160,8192,-22780,21851,645,8192,5776,172,-6012,-107,10,29
1432169892,-5746,6010,-1352,101,-137,22,-16307,0,-15537,0,8160,8192,5806,22,-6020,-105,23,27
1432219892,-5720,6056,-1476,89,-105,102,-16307,0,-15537,0,8160,8192,5896,104,-6088,-111,21,34
1432269892,-5682,6088,-1504,108,-141,-5,0,0,-7,-1,-16305,0,5902,196,-6058,-111,35,34
1432319892,-5684,5954,-1456,104,-107,68,-16304,0,-15537,0,8160,8192,5908,42,-5918,-109,35,36
1432369892,-5676,5962,-1388,109,-116,35,-16302,0,-15537,0,8160,8192,5776,88,-5910,-110,34,30
1432419892,-5670,6016,-1520,94,-116,36,-16300,0,-15537,0,8160,8192,5792,230,-6148,-106,36,32
1432469892,-5670,6046,-1480,107,-106,56,0,0,-7,-1,-16299,0,5936,260,-5982,-108,34,35
1432519892,-5672,6030,-1464,108,-101,57,-17299,0,-15537,0,8160,8192,5646,160,-6078,-113,40,34
1432569892,-5822,6102,-1328,116,-100,54,8160,8192,-31532,21858,645,8192,5914,146,-6080,-107,37,31
1432619892,-5662,5906,-1422,102,-89,88,-18294,0,-15537,0,8160,8192,5582,164,-6126,-108,40,33
1432669892,-5692,6018,-1482,96,-112,53,0,0,-7,-1,-17293,0,5654,162,-6222,-105,35,35
1432719892,-5582,6112,-1452,96,-102,52,-18290,0,-15537,0,8160,8192,5846,178,-5928,-99,39,27
1432769892,-5778,6024,-1306,112,-87,96,-16288,0,-15537,0,8160,8192,5874,48,-5882,-107,41,34
1432819892,-5856,5948,-1368,100,-78,94,-16286,0,-15537,0,8160,8192,5762,150,-5826,-101,42,28
1432869892,-5632,6024,-1420,113,-105,63,-16284,0,-15537,0,8160,8192,5836,-22,-5994,-102,35,34
1432919892,-5676,6120,-1474,121,-109,60,-17282,0,-15537,0,8160,8192,5910,34,-5972,-104,40,32
1432969892,-5534,6152,-1628,97,-111,47,-16280,0,-15537,0,8160,8192,5966,328,-5882,-99,28,28
1433019892,-5568,6132,-1478,108,-104,78,8160,8192,25252,21865,645,8192,5772,276,-6112,-105,31,33
1433069892,-5682,6158,-1550,91,-109,65,-16276,0,-15537,0,8160,8192,5634,286,-6084,-106,29,34
1433119892,-5522,6294,-1650,91,-134,-4,-16273,0,-15537,0,8160,8192,6176,518,-5896,-104,29,28
1433169892,-5602,6022,-1578,104,-113,58,0,0,-7,-1,-16272,0,5736,68,-6078,-109,31,37
1433219892,-5238,6336,-1834,82,-166,-65,8160,8192,28644,21868,645,8192,5818,886,-5910,-104,27,30
1433269892,-5448,6236,-1760,76,-117,52,0,0,-7,-1,-17268,0,5668,522,-6210,-102,22,31
1433319892,-5564,6132,-1450,83,-120,48,8160,8192,0,0,645,8192,5510,802,-6150,-102,17,37
1433369892,-5372,6374,-1680,20,-181,-144,-16265,0,-15537,0,8160,8192,5768,634,-6030,-96,7,30
1433419892,-5434,6438,-2012,49,-165,-209,0,0,-7,-1,-16262,0,5588,2002,-5982,-103,31,28
1433469892,-5078,6990,-2122,165,-255,-378,-16261,0,-15537,0,8160,8192,5676,1182,-5832,-107,41,27
1433519892,-4146,5074,-1348,120,-160,-107,8160,8192,964,21873,645,8192,4786,1040,-6958,-99,59,29
1433569892,-4846,6448,-1876,73,-185,-151,8160,8192,-14572,21873,645,8192,4506,938,-6572,-97,25,31
1433619892,-5146,5886,-1568,96,-151,-116,-16255,0,-15537,0,8160,8192,6348,1376,-5570,-108,32,25
1433669892,-5668,6424,-2062,66,-147,-1,-16253,0,-15537,0,8160,8192,5302,586,-5962,-92,15,26
1433719892,-4802,5908,-1452,159,-235,-200,-18251,0,-15537,0,8160,8192,6654,2698,-5572,-100,35,26
1433769892,-5226,5716,-2044,183,-242,-155,-16249,0,-15537,0,8160,8192,7394,1940,-4650,-101,35,22
1433819892,-7318,7726,-3308,179,-228,-23,8160,8192,0,0,645,8192,4848,2536,-7140,-109,41,4
1433869892,-5124,4930,-846,22,-49,223,-16245,0,-15537,0,8160,8192,5638,868,-6584,-101,16,10
1433919892,-5650,5048,-1028,22,-43,254,8160,8192,7748,21879,645,8192,5664,218,-5592,-96,33,9
1433969892,-5992,5868,-816,134,-116,-32,0,0,-7,-1,-16241,0,6324,720,-5232,-93,13,46
1434019892,-6288,6164,-1690,71,-177,-207,0,0,-7,-1,-16238,0,6340,-106,-6056,-102,-5,39
1434069892,-5368,5446,-676,113,-145,-43,-16236,0,-15537,0,8160,8192,8644,14,-3834,-85,9,33
1434119892,-6190,6290,-1890,100,-303,-251,0,0,-7,-1,-18234,0,6386,94,-5840,-94,-8,38
1434169892,-5540,5244,-1178,165,-202,-134,-18231,0,-15537,0,8160,8192,6844,606,-5318,-97,12,31
1434219892,-4686,3910,-144,116,-155,-78,-18229,0,-15537,0,8160,8192,2368,-918,-7930,-108,-18,31
1434269892,-5330,5156,-1714,57,-85,-25,8160,8192,0,0,645,8192,4736,850,-7074,-103,53,45
1434319892,-6048,4598,-172,149,-190,63,8160,8192,14532,21885,645,8192,6888,-490,-5474,-108,-38,41
1434369892,-6808,3942,-468,44,17,239,0,0,-7,-1,-17222,0,4422,-1540,-7366,-102,77,42
1434419892,-7674,5176,190,191,-131,-158,-16220,0,-15537,0,8160,8192,6916,-2208,-5484,-121,41,18
1434469892,-7428,3822,142,-113,79,85,-16217,0,-15537,0,8160,8192,6792,-1570,-5384,-93,38,41
1434519892,-6830,3944,474,216,-279,-270,8160,8192,17924,21888,645,8192,6172,-2194,-6028,-107,47,31
1434569892,-7642,4212,-116,-7,18,217,8160,8192,0,0,645,8192,6000,-1982,-5880,-106,64,33
1434619892,-7548,4374,224,216,-122,74,8160,8192,-13148,21889,645,8192,5706,-2392,-6270,-103,73,34
1434669892,-7204,3630,942,131,102,585,-17208,0,-15537,0,8160,8192,6608,-3306,-6022,-111,101,40
1434719892,-8588,3788,736,66,220,681,-16207,0,-15537,0,8160,8192,7674,-3290,-4274,-96,113,33
1434769892,-9704,3206,1710,22,230,963,-17204,0,-15537,0,8160,8192,5610,-3902,-5894,-120,23,35
1434819892,-7222,2456,450,142,58,327,-16202,0,-15537,0,8160,8192,4800,-1206,-5164,-123,63,51
1434869892,-8092,7284,102,85,-260,223,8160,8192,-25292,21893,645,8192,4176,-4088,-8770,-89,-74,56
1434919892,-7364,8140,-2054,8,-210,-61,-17197,0,-15537,0,8160,8192,7588,1976,-5490,-135,-46,29
1434969892,-1786,6790,-1700,134,-263,-172,0,0,-7,-1,-16195,0,6524,3446,-9264,-114,64,42
1435019892,-4960,6276,-1728,206,67,596,-16192,0,-15537,0,8160,8192,6342,450,-5900,-124,40,26
1435069892,-4722,5726,-2060,56,18,241,-16191,0,-15537,0,8160,8192,-80,-1464,-6802,-97,90,49
1435119892,-704,2934,-2084,81,-241,-137,-16190,0,-15537,0,8160,8192,10112,4842,-4534,-90,11,50
1435169892,-6298,8026,-1330,146,-51,221,8160,8192,12564,21898,645,8192,8060,-750,-2360,-127,9,19
1435219892,-3552,7052,-3188,46,-291,-195,-18187,0,-15537,0,8160,8192,4422,2322,-6602,-126,28,25
1435269892,-3442,8488,-3662,178,-220,-240,8160,8192,-18508,21899,645,8192,3918,4620,-7226,-103,40,27
1435319892,-3114,7008,-2456,228,-205,-184,8160,8192,0,0,645,8192,4768,2710,-6300,-106,69,23
1435369892,-5478,6336,-1600,-42,192,833,-17179,0,-15537,0,8160,8192,6108,1352,-5972,-120,34,28
1435419892,-5874,6098,-1468,126,-47,319,-16176,0,-15537,0,8160,8192,5470,650,-6344,-122,13,29
1435469892,-6998,5464,-398,124,-21,310,-16173,0,-15537,0,8160,8192,6268,190,-6236,-126,0,29
1435519892,-4694,7678,-2898,54,-277,-251,0,0,-7,-1,-16170,0,6572,2372,-5914,-117,2,26
1435569892,-5006,6694,-1780,183,-114,101,-18168,0,-15537,0,8160,8192,5894,1040,-5988,-104,25,29
1435619892,-5306,6810,-2234,71,-27,208,-16165,0,-15537,0,8160,8192,5800,1276,-6204,-106,43,23
1435669892,-5216,6608,-1978,139,-94,42,-16162,0,-15537,0,8160,8192,5866,1318,-6180,-105,58,22
1435719892,-5772,6104,-1678,85,-55,152,-18160,0,-15537,0,8160,8192,5928,472,-5740,-110,52,34
1435769892,-5716,6090,-1674,108,-108,-9,0,0,-7,-1,-16158,0,6016,478,-5928,-102,60,29
1435819892,-6158,5618,-1146,109,-44,219,-16156,0,-15537,0,8160,8192,5852,-504,-5990,-97,34,23
1435869892,-5656,6114,-1406,61,-176,-56,0,0,-7,-1,-16154,0,5704,166,-6102,-96,5,27
1435919892,-5874,5982,-1310,88,-92,124,-16152,0,-15537,0,8160,8192,5744,-114,-6112,-101,12,31
1435969892,-5866,6008,-1370,102,-93,76,0,0,-7,-1,-16149,0,5698,24,-6152,-101,42,28
1436019892,-5644,6144,-1532,111,-124,-6,8160,8192,0,0,645,8192,5844,212,-6038,-106,54,32
1436069892,-5824,6046,-1384,118,-83,112,0,0,-7,-1,-17144,0,5802,12,-6066,-104,42,33
1436119892,-5610,5956,-1516,99,-109,42,-18141,0,-15537,0,8160,8192,5736,224,-5942,-103,36,29
1436169892,-5720,6160,-1504,101,-106,53,-16138,0,-15537,0,8160,8192,5896,138,-6142,-101,37,28
1436219892,-5732,5888,-1446,96,-86,102,-17136,0,-15537,0,8160,8192,5780,178,-6126,-101,31,34
1436269892,-5860,6078,-1346,101,-120,35,8160,8192,-1548,21914,645,8192,5898,44,-6034,-107,32,32
1436319892,-5692,6054,-1508,98,-111,56,8160,8192,-17084,21915,645,8192,5738,32,-6218,-104,35,33
1436369892,-5706,5850,-1380,102,-112,56,0,0,-7,-1,-17131,0,5914,-46,-6016,-108,37,35
1436419892,-5844,5988,-1354,106,-107,68,-16129,0,-15537,0,8160,8192,5926,-44,-5894,-108,31,33
1436469892,-5602,6190,-1618,89,-126,20,-16127,0,-15537,0,8160,8192,5980,386,-5786,-107,26,34
1436519892,-5822,5890,-1418,110,-94,106,8160,8192,-13692,21918,645,8192,5966,-24,-5900,-108,28,35
1436569892,-5576,6092,-1668,105,-130,0,-17123,0,-15537,0,8160,8192,5894,194,-5942,-108,43,35
1436619892,-5726,6014,-1406,107,-102,62,8160,8192,20772,21920,645,8192,5858,124,-5910,-98,36,30
1436669892,-5622,5958,-1542,107,-100,81,8160,8192,0,0,645,8192,5838,390,-5936,-107,31,36
1436719892,-5794,5852,-1422,111,-81,130,0,0,-7,-1,-16117,0,5834,-62,-6084,-104,31,29
1436769892,-5650,6174,-1512,86,-111,59,8160,8192,-25836,21922,645,8192,5854,418,-6000,-99,19,26
1436819892,-5650,6100,-1502,102,-105,104,0,0,-7,-1,-17113,0,6012,148,-6010,-106,20,34
1436869892,-5506,6308,-1696,71,-106,64,8160,8192,8628,21924,645,8192,5504,600,-6284,-102,23,27
1436919892,-5204,6396,-1814,97,-139,-28,-16110,0,-15537,0,8160,8192,5870,846,-5942,-109,34,33
1436969892,-5428,6140,-1802,79,-98,88,-16108,0,-15537,0,8160,8192,5526,652,-6104,-105,24,36
1437019892,-5652,6052,-1458,84,-138,-18,-16105,0,-15537,0,8160,8192,5818,384,-6158,-101,33,32
1437069892,-5066,6340,-1986,58,-170,-110,-16104,0,-15537,0,8160,8192,5746,1008,-6158,-108,34,29
1437119892,-5248,6396,-1910,72,-134,-11,-16102,0,-15537,0,8160,8192,6108,714,-6180,-100,20,29
1437169892,-5392,6198,-1542,61,-130,-8,-16100,0,-15537,0,8160,8192,5386,948,-6338,-96,18,31
1437219892,-5114,6240,-1654,178,-272,-415,-16098,0,-15537,0,8160,8192,5304,1074,-6366,-104,51,30
1437269892,-5162,6552,-2364,108,-217,-350,8160,8192,15412,21930,645,8192,6246,1150,-5730,-97,60,29
1437319892,-5678,6428,-1688,74,-147,-30,0,0,-7,-1,-16093,0,5538,6,-6040,-101,25,19
1437369892,-5692,5330,-1078,47,-75,85,-16091,0,-15537,0,8160,8192,5560,2342,-6132,-95,21,28
1437419892,-5102,6348,-2530,161,-318,-387,-16089,0,-15537,0,8160,8192,6042,1518,-5874,-100,20,26
1437469892,-5386,6182,-1890,106,-193,-187,8160,8192,18804,21933,645,8192,5166,1142,-6792,-106,29,7
1437519892,-5764,6194,-1570,142,-191,-140,8160,8192,0,0,645,8192,6742,2658,-4336,-78,27,37
1437569892,-5972,6832,-2550,47,-153,15,0,0,-7,-1,-17083,0,4308,888,-6894,-94,28,13
1437619892,-5936,6382,-1740,85,-83,143,8160,8192,-27804,21935,645,8192,4682,1302,-6624,-82,37,21
1437669892,-5448,5606,-1422,60,-145,119,8160,8192,0,0,645,8192,6116,2312,-5574,-100,4,7
1437719892,-4228,5116,-1204,88,-115,37,-16076,0,-15537,0,8160,8192,5144,-414,-4776,-97,37,5
1437769892,-5650,5902,-1818,83,-161,54,-17074,0,-15537,0,8160,8192,6150,1164,-6310,-115,40,42
1437819892,-5838,5890,-1710,145,-195,-28,0,0,-7,-1,-16074,0,8590,3906,-2754,-96,21,36
1437869892,-5550,5192,-788,20,-147,-226,-16072,0,-15537,0,8160,8192,3248,-976,-7568,-123,49,13
1437919892,-5960,4892,-606,136,-233,-191,-18071,0,-15537,0,8160,8192,4456,-1354,-6050,-110,30,37
1437969892,-5242,4216,-202,63,-61,-23,0,0,-7,-1,-16069,0,5320,-570,-5336,-109,19,27
1438019892,-6876,5022,-430,182,-102,81,0,0,-7,-1,-16068,0,6122,-2008,-5878,-107,15,41
1438069892,-7330,5682,-808,206,-176,-99,-16066,0,-15537,0,8160,8192,4024,-1100,-7132,-112,29,23
1438119892,-8536,6530,-1296,69,-64,-103,0,0,-7,-1,-16064,0,5034,-468,-6596,-115,51,26
1438169892,-8768,6358,-982,19,-5,223,0,0,-7,-1,-16061,0,5390,-896,-6894,-117,45,7
1438219892,-7398,4478,528,184,-102,128,8160,8192,0,0,645,8192,5588,-2628,-7006,-104,32,35
1438269892,-6804,3972,52,37,-114,-164,0,0,-7,-1,-17059,0,5292,-1846,-6116,-103,45,26
1438319892,-7032,4330,232,167,-197,-67,-16057,0,-15537,0,8160,8192,5818,-2338,-6238,-108,30,32
1438369892,-7338,4478,-560,19,-59,64,8160,8192,1300,21947,645,8192,5880,-1572,-6082,-100,46,29
1438419892,-7606,4256,270,174,-55,353,-16054,0,-15537,0,8160,8192,5308,-2560,-6136,-103,45,32
1438469892,-7494,3500,552,30,106,688,8160,8192,0,0,645,8192,6518,-3032,-5916,-99,22,28
1438519892,-8912,4672,458,60,110,581,-16048,0,-15537,0,8160,8192,5870,-3438,-6150,-87,55,35
1438569892,-9508,4694,636,-17,167,653,-16048,0,-15537,0,8160,8192,6336,-4326,-6876,-107,-26,24
1438619892,-8322,4004,800,182,190,544,-18045,0,-15537,0,8160,8192,6522,-3582,-7274,-103,107,55
1438669892,-6952,4964,684,143,-163,56,-16043,0,-15537,0,8160,8192,7668,-2564,-4222,-98,30,46
1438719892,-2520,3764,-1436,70,-152,-90,0,0,-7,-1,-16040,0,3748,1086,-9732,-131,69,23
1438769892,-5500,6502,-1622,112,-14,240,0,0,-7,-1,-17038,0,7000,-2370,-2530,-90,65,55
1438819892,-6442,6732,-1466,164,-79,274,-17038,0,-15537,0,8160,8192,11202,-2870,-1730,-110,12,29
1438869892,-3856,4722,-1322,70,-63,170,8160,8192,-22988,21954,645,8192,7924,2662,-4776,-97,34,37
1438919892,-5772,5698,-1906,115,-209,6,8160,8192,27012,21955,645,8192,5620,-890,-7272,-99,19,38
1438969892,-4048,6404,-1120,38,-93,-23,-16031,0,-15537,0,8160,8192,3852,4860,-7286,-121,48,25
1439019892,-3766,7474,-3346,81,-316,-164,8160,8192,-4060,21956,645,8192,5702,3356,-6656,-122,-8,22
1439069892,-4190,8080,-3166,144,-119,99,8160,8192,0,0,645,8192,5650,3750,-6516,-101,38,27
1439119892,-3158,6714,-3510,137,-258,-188,-16023,0,-15537,0,8160,8192,6720,3052,-5684,-110,-24,1
1439169892,-4184,7380,-2998,122,-103,167,0,0,-7,-1,-16021,0,6054,2308,-6140,-112,38,34
1439219892,-6444,5536,-620,29,198,986,-17019,0,-15537,0,8160,8192,5920,-1586,-6158,-112,37,16
1439269892,-6176,5358,-836,98,-148,79,-16017,0,-15537,0,8160,8192,5740,-806,-5784,-129,24,35
1439319892,-3716,7378,-3196,131,-336,-669,5544,8192,-7,-1,-16236,0,6476,2340,-5976,-119,58,31
1439369892,-3664,5534,-2260,93,103,653,-16013,0,-15537,0,8160,8192,5434,1860,-6206,-100,72,20
1439419892,-5130,6732,-1890,135,-92,82,0,0,-7,-1,-17010,0,5672,1002,-5788,-113,52,25
1439469892,-5656,6040,-1430,118,-100,66,8160,8192,0,0,645,8192,5856,500,-6376,-94,35,14
1439519892,-6074,6282,-1368,119,-56,214,-17006,0,-15537,0,8160,8192,6124,-174,-6022,-106,31,27
1439569892,-5940,5888,-1328,100,-120,62,0,0,-7,-1,-16003,0,5894,-156,-6040,-107,27,30
1439619892,-5456,6076,-1612,83,-142,-7,0,0,-7,-1,-17001,0,5792,492,-5942,-104,23,25
1439669892,-5528,6366,-1706,64,-117,92,-15999,0,-15537,0,8160,8192,5886,554,-6164,-99,9,29
1439719892,-6018,5960,-1334,97,-59,220,-15997,0,-15537,0,8160,8192,5786,140,-6026,-105,16,29
1439769892,-5480,5986,-1386,91,-138,-66,0,0,-7,-1,-16994,0,5754,4,-6016,-98,41,24
1439819892,-5900,5912,-1246,96,-75,162,-16992,0,-15537,0,8160,8192,5872,-20,-6120,-107,30,35
1439869892,-5698,5970,-1440,104,-124,11,0,0,-7,-1,-15990,0,5824,40,-6146,-103,44,31
1439919892,-5722,6004,-1440,106,-96,69,-17988,0,-15537,0,8160,8192,5848,140,-6112,-104,41,32
1439969892,-5752,6168,-1452,109,-95,65,8160,8192,28436,21971,645,8192,5924,210,-5966,-104,43,28
1440019892,-5698,6000,-1448,86,-104,99,-16985,0,-15537,0,8160,8192,5768,48,-6110,-104,18,28
1440069892,-5534,6074,-1500,89,-133,45,8160,8192,0,0,645,8192,5684,142,-6150,-103,17,31
1440119892,-5898,6002,-1510,90,-88,92,8160,8192,0,0,645,8192,5862,18,-6078,-105,33,30
1440169892,-5814,6004,-1382,105,-105,48,0,0,-7,-1,-16978,0,5634,24,-6222,-104,43,31
1440219892,-5492,6032,-1436,111,-117,4,0,0,-7,-1,-15975,0,5852,214,-6014,-108,47,35
1440269892,-5850,6012,-1318,120,-92,103,-15975,0,-15537,0,8160,8192,5974,56,-5956,-110,36,34
1440319892,-5588,6054,-1604,92,-122,31,-15973,0,-15537,0,8160,8192,5536,144,-6194,-103,32,30
1440369892,-5716,5952,-1388,104,-100,66,0,0,-7,-1,-15972,0,5542,64,-6336,-108,35,32
1440419892,-5918,5946,-1284,110,-105,88,-16968,0,-15537,0,8160,8192,5682,-156,-6112,-107,27,36
1440469892,-5570,6186,-1508,94,-114,19,-15965,0,-15537,0,8160,8192,5486,114,-6234,-104,37,29
1440519892,-5578,6096,-1530,116,-104,74,0,0,-7,-1,-15963,0,5606,368,-6246,-110,41,34
1440569892,-5940,5924,-1360,119,-61,172,-15960,0,-15537,0,8160,8192,5564,-124,-6290,-103,35,30
1440619892,-5594,6164,-1482,103,-109,29,-15956,0,-15537,0,8160,8192,5838,190,-6000,-100,37,27
1440669892,-5636,6134,-1520,111,-102,67,-15955,0,-15537,0,8160,8192,6038,108,-5946,-105,43,34
1440719892,-5678,6142,-1534,99,-78,96,-16952,0,-15537,0,8160,8192,5736,312,-6076,-97,41,23
1440769892,-5448,6158,-1638,99,-109,49,0,0,-7,-1,-15948,0,5920,346,-5952,-106,37,33
1440819892,-5460,6332,-1682,106,-121,63,8160,8192,26468,21984,645,8192,5666,640,-6048,-108,24,35
1440869892,-5228,6456,-1780,94,-150,-8,-15943,0,-15537,0,8160,8192,5834,836,-5952,-104,22,31
1440919892,-5136,6422,-2062,83,-141,4,-15940,0,-15537,0,8160,8192,5800,724,-6022,-101,34,34
1440969892,-5302,6230,-1824,57,-148,-37,-17936,0,-15537,0,8160,8192,5910,550,-5984,-101,14,32
1441019892,-4928,6522,-2196,40,-183,-91,-17935,0,-15537,0,8160,8192,5444,1398,-6344,-99,2,31
1441069892,-5870,6576,-2470,6,-131,-105,8160,8192,0,0,645,8192,5590,1264,-6030,-98,21,32
1441119892,-4834,6762,-2156,228,-346,-487,8160,8192,-1212,21988,645,8192,5342,1680,-6288,-100,49,22
1441169892,-3730,5034,-1326,93,-152,-232,-15925,0,-15537,0,8160,8192,5532,2232,-6416,-94,55,26
1441219892,-5972,6940,-2698,61,-211,-209,-15923,0,-15537,0,8160,8192,5416,644,-6286,-96,16,28
1441269892,-5706,6350,-2176,58,-126,-67,0,0,-7,-1,-16920,0,6786,1066,-5504,-97,36,28
1441319892,-5538,6088,-1566,78,-97,-33,0,0,-7,-1,-16918,0,6000,1762,-6192,-107,50,8
1441369892,-4376,5034,-972,191,-283,-152,-15916,0,-15537,0,8160,8192,5984,812,-6424,-87,8,26
1441419892,-4828,5738,-1638,50,-169,-25,0,0,-7,-1,-15914,0,6060,1658,-5584,-93,8,30
1441469892,-5832,5890,-1914,77,-128,135,-15911,0,-15537,0,8160,8192,4186,170,-7016,-77,2,26
1441519892,-6272,7258,-2350,95,-134,59,-15909,0,-15537,0,8160,8192,5700,278,-6170,-106,46,18
1441569892,-6336,6040,-1582,57,-68,70,-15907,0,-15537,0,8160,8192,4512,-2148,-6506,-95,8,45
1441619892,-5134,5546,-1448,91,-164,-134,8160,8192,-25500,21996,645,8192,5590,1632,-6346,-117,13,37
1441669892,-7490,7014,-2344,136,-141,-36,-15902,0,-15537,0,8160,8192,3504,-152,-5994,-86,19,41
1441719892,-6444,5914,-240,114,-116,-178,0,0,-7,-1,-16900,0,6352,-396,-4812,-97,15,40
1441769892,-6800,5264,-1038,84,-107,-35,0,0,-7,-1,-16898,0,8418,-108,-3766,-108,30,35
1441819892,-6654,5178,-608,160,-142,-153,-15896,0,-15537,0,8160,8192,9170,726,-4750,-118,20,16
1441869892,-6470,5150,-654,107,-135,-341,-15894,0,-15537,0,8160,8192,5436,-964,-7942,-128,6,48
1441919892,-5056,4112,-584,62,-106,178,-15768,0,-15537,0,8160,8192,10010,494,-3708,-112,-19,26
1441969892,-12230,7252,448,91,39,52,-17889,0,-15537,0,8160,8192,19002,-444,3702,-99,-22,36
1442019892,-7178,4290,746,167,-147,-148,-15887,0,-15537,0,8160,8192,6774,-1774,-5172,-108,27,16
1442069892,-8262,4258,-386,-80,22,29,0,0,-7,-1,-15885,0,5488,-2148,-7612,-106,47,36
1442119892,-6986,4500,-400,154,-233,-247,0,0,-7,-1,-15882,0,6096,-1726,-6016,-104,45,30
1442169892,-7564,4370,-68,45,-65,16,8160,8192,0,0,645,8192,5862,-1922,-6146,-103,53,31
1442219892,-7308,4098,300,130,-45,140,-15878,0,-15537,0,8160,8192,5670,-2696,-6096,-100,62,28
1442269892,-8690,4466,364,96,83,751,8160,8192,-30860,22006,645,8192,5370,-3496,-6562,-111,49,38
1442319892,-7820,3570,560,19,149,579,8160,8192,19140,22007,645,8192,6678,-3078,-5464,-94,62,25
1442369892,-10366,4830,1332,114,232,929,-16871,0,-15537,0,8160,8192,5566,-5466,-5364,-100,98,34
1442419892,-8960,2736,1224,151,221,445,-15867,0,-15537,0,8160,8192,3182,-3408,-7250,-122,171,31
1442469892,-9532,7626,-982,82,-234,-60,8160,8192,-27468,22009,645,8192,9902,-3422,-3650,-82,16,66
1442519892,-6738,8078,-1880,67,-214,-54,0,0,-7,-1,-16861,0,8414,1678,-4856,-133,-8,45
1442569892,-2240,4306,-1800,111,-123,162,8160,8192,0,0,645,8192,-1802,-3228,-8476,-91,56,56
1442619892,-6112,6660,-2196,151,-102,304,-16854,0,-15537,0,8160,8192,7238,1922,-4854,-119,-3,41
1442669892,-1728,3218,-2504,50,-108,93,8160,8192,-24076,22012,645,8192,3090,2802,-9138,-92,39,27
1442719892,-4324,4794,-1496,165,-194,170,-15851,0,-15537,0,8160,8192,1834,-2140,-8984,-109,6,45
1442769892,-4952,7198,-1848,21,-42,142,-15848,0,-15537,0,8160,8192,2976,1902,-3594,-104,53,31
1442819892,-4160,7932,-3554,89,-341,-386,-16846,0,-15537,0,8160,8192,3294,1626,-6672,-127,7,20
1442869892,-3658,8216,-3478,138,-171,56,-15843,0,-15537,0,8160,8192,7442,4734,-7098,-109,-12,39
1442919892,-3594,7414,-3128,148,-124,49,-15841,0,-15537,0,8160,8192,5616,3890,-6266,-101,50,10
1442969892,-3822,6542,-2590,98,-133,109,-15839,0,-15537,0,8160,8192,5686,2756,-6334,-113,10,30
1443019892,-6306,5472,-478,58,180,1186,-15836,0,-15537,0,8160,8192,5748,-1558,-6120,-124,26,23
1443069892,-5616,6326,-1534,90,-291,-329,0,0,-7,-1,-15836,0,5976,948,-5868,-115,20,46
1443119892,-4348,7382,-2436,321,-268,-346,0,0,-7,-1,-16833,0,5310,1840,-6158,-119,92,28
1443169892,-5752,6470,-1890,90,215,624,-16829,0,-15537,0,8160,8192,5032,1314,-6482,-107,84,25
1443219892,-5048,6066,-1634,169,-135,-32,8160,8192,1636,22021,645,8192,5576,674,-6096,-115,73,42
1443269892,-5626,6098,-1506,92,-90,66,-15826,0,-15537,0,8160,8192,5944,256,-6106,-103,51,25
1443319892,-5880,5618,-1396,136,-83,163,-15823,0,-15537,0,8160,8192,5572,-334,-6190,-106,24,27
1443369892,-5718,5834,-1306,66,-139,35,0,0,-7,-1,-15821,0,5772,-428,-6070,-105,11,27
1443419892,-5514,6090,-1572,89,-142,-11,8160,8192,5028,22024,645,8192,5666,644,-5968,-104,21,27
1443469892,-5188,6442,-1794,91,-125,51,-17815,0,-15537,0,8160,8192,5824,660,-6030,-102,29,28
1443519892,-5944,6106,-1450,116,-56,211,-16812,0,-15537,0,8160,8192,5908,156,-5950,-108,31,36
1443569892,-5690,6064,-1150,116,-151,-40,-15811,0,-15537,0,8160,8192,5876,-238,-5966,-105,40,27
1443619892,-5746,6080,-1492,92,-99,77,-15808,0,-15537,0,8160,8192,5888,282,-5986,-111,35,27
1443669892,-5628,6228,-1530,100,-133,17,0,0,-7,-1,-16805,0,5862,306,-5996,-106,20,30
1443719892,-5634,6118,-1536,92,-76,147,-15804,0,-15537,0,8160,8192,5828,348,-5934,-108,26,32
1443769892,-5640,6124,-1530,100,-149,-31,-16803,0,-15537,0,8160,8192,5732,176,-5994,-108,30,33
1443819892,-5710,5944,-1432,89,-95,100,0,0,-7,-1,-15801,0,5816,28,-6170,-110,24,32
1443869892,-5666,6094,-1568,99,-139,17,0,0,-7,-1,-16799,0,5948,188,-5732,-108,21,34
1443919892,-5670,5944,-1410,102,-101,94,8160,8192,-19260,22031,645,8192,5692,134,-6094,-107,25,32
1443969892,-5730,6148,-1418,89,-120,56,0,0,-7,-1,-15793,0,5892,170,-5830,-105,19,28
1444019892,-5582,6122,-1526,109,-103,46,-15790,0,-15537,0,8160,8192,5612,332,-6186,-105,44,32
1444069892,-5786,5990,-1388,118,-79,97,8160,8192,0,0,645,8192,5690,80,-6034,-108,50,36
1444119892,-5482,6008,-1448,101,-97,31,-15785,0,-15537,0,8160,8192,5932,226,-5966,-102,51,28
1444169892,-5636,6038,-1594,108,-106,53,-15783,0,-15537,0,8160,8192,5992,204,-5802,-108,39,38
1444219892,-5666,6038,-1536,95,-84,90,0,0,-7,-1,-16782,0,5794,318,-5936,-98,36,21
1444269892,-5782,6024,-1424,104,-92,108,0,0,-7,-1,-15780,0,5982,54,-5950,-106,24,34
1444319892,-5548,6020,-1518,87,-93,72,0,0,-7,-1,-15778,0,6038,350,-5824,-99,33,29
1444369892,-5582,6146,-1524,105,-101,84,-15776,0,-15537,0,8160,8192,5668,228,-6280,-104,36,33
1444419892,-5614,6128,-1546,109,-86,88,-15774,0,-15537,0,8160,8192,5568,182,-6078,-104,44,30
1444469892,-5518,6184,-1620,99,-121,17,-15772,0,-15537,0,8160,8192,6070,260,-5912,-104,32,24
1444519892,-5430,6320,-1770,92,-120,27,-15769,0,-15537,0,8160,8192,5822,608,-6104,-109,39,35
1444569892,-5186,6450,-1902,107,-153,-34,-16766,0,-15537,0,8160,8192,5728,978,-6028,-109,37,33
1444619892,-5200,6268,-1930,85,-118,43,-15762,0,-15537,0,8160,8192,5504,496,-6470,-100,33,28
1444669892,-5160,6348,-1768,73,-163,-55,0,0,-7,-1,-15759,0,5556,1198,-5998,-106,21,33
1444719892,-5424,6196,-1614,58,-113,9,-15757,0,-15537,0,8160,8192,5240,956,-6296,-105,24,23
1444769892,-5646,6248,-1756,3,-206,-326,0,0,-7,-1,-16754,0,5786,1192,-6090,-100,4,29
1444819892,-5148,6800,-2286,117,-269,-370,8160,8192,28772,22045,645,8192,5244,1354,-6242,-101,15,27
1444869892,-4854,5798,-1088,115,-175,-324,0,0,-7,-1,-16747,0,5490,1212,-6156,-99,64,30
1444919892,-6848,7300,-2998,32,-153,-195,-17744,0,-15537,0,8160,8192,3446,1490,-7720,-97,36,21
1444969892,-5376,6538,-1974,97,-184,-245,0,0,-7,-1,-15742,0,4916,1764,-6376,-103,50,25
1445019892,-5716,6652,-1866,88,-136,-60,-15739,0,-15537,0,8160,8192,5332,2136,-5738,-105,39,12
1445069892,-7180,7712,-3130,175,-268,-110,-15736,0,-15537,0,8160,8192,5278,-316,-6394,-92,21,31
1445119892,-5978,6502,-2516,64,-145,109,0,0,-7,-1,-15734,0,6234,866,-6874,-98,24,30
1445169892,-5390,5286,-1396,90,-128,60,-15730,0,-15537,0,8160,8192,4246,540,-7256,-87,14,30
1445219892,-7056,7412,-2376,93,-165,120,8160,8192,0,0,645,8192,6492,-298,-5316,-105,19,22
1445269892,-6108,5900,-1594,45,-60,71,0,0,-7,-1,-16727,0,5818,202,-6208,-89,8,21
1445319892,-4988,5024,-650,96,-121,-84,8160,8192,0,0,645,8192,5234,380,-6200,-114,23,13
1445369892,-6616,6030,-1844,100,-148,38,-16721,0,-15537,0,8160,8192,5316,-556,-6530,-115,-20,11
1445419892,-7262,6738,-1898,162,-197,-187,8160,8192,0,0,645,8192,1046,1194,-7682,-120,39,25
1445469892,-6178,5840,-1116,142,-216,-257,-15717,0,-15537,0,8160,8192,5124,-1200,-4928,-103,19,30
1445519892,-7546,5868,-894,190,-168,2,-15711,0,-15537,0,8160,8192,8346,1996,-4546,-104,15,35
1445569892,-6738,5252,-1154,16,20,258,8160,8192,-7660,22056,645,8192,5336,632,-6334,-99,63,40
1445619892,-4942,3422,18,215,-260,-200,-17708,0,-15537,0,8160,8192,9288,412,-3602,-98,-28,50
1445669892,-6500,5152,-840,45,-41,98,-17705,0,-15537,0,8160,8192,8016,-1184,-5198,-111,44,19
1445719892,-6636,4482,-694,110,-155,5,-15703,0,-15537,0,8160,8192,7116,-1132,-4784,-119,2,19
1445769892,-6716,4560,-230,84,-47,312,8160,8192,-4268,22059,645,8192,5598,-964,-6434,-111,45,27
1445819892,-7904,4536,80,205,-250,-318,8160,8192,0,0,645,8192,5892,-2204,-6126,-101,36,32
1445869892,-7258,4812,-260,35,-99,-33,-15698,0,-15537,0,8160,8192,5920,-1678,-5938,-108,35,37
1445919892,-6866,4818,-392,137,-142,2,-15696,0,-15537,0,8160,8192,5856,-1202,-6036,-105,43,26
1445969892,-7096,4590,-232,162,-68,283,-17694,0,-15537,0,8160,8192,6378,-1982,-5764,-104,47,32
1446019892,-7440,3688,748,106,77,584,8160,8192,-16412,22063,645,8192,6672,-2694,-5768,-109,39,22
1446069892,-8180,3906,446,29,135,681,8160,8192,-31948,22064,645,8192,5456,-3658,-6666,-87,60,37
1446119892,-8308,3648,1314,-6,143,671,-15683,0,-15537,0,8160,8192,5790,-3386,-6298,-94,-9,23
1446169892,-7896,3580,1278,166,106,615,8160,8192,0,0,645,8192,7866,-3566,-6772,-96,29,58
1446219892,-8098,6486,590,72,-183,23,-15679,0,-15537,0,8160,8192,7294,-4642,-2136,-89,-22,36
1446269892,-3904,5176,-1882,94,-207,-86,0,0,-7,-1,-15677,0,7086,-1488,-7066,-133,39,26
1446319892,-3192,5206,-2660,124,-119,-49,-15673,0,-15537,0,8160,8192,5686,4414,-7730,-116,92,56
1446369892,-5446,6348,-1316,160,-4,263,-15671,0,-15537,0,8160,8192,6980,2352,-6334,-113,83,23
1446419892,-5682,5984,-1562,120,53,379,8160,8192,-9628,22069,645,8192,2744,598,-7020,-108,71,50
1446469892,-4912,6914,-2784,18,-291,-160,-15665,0,-15537,0,8160,8192,7864,3290,-5592,-111,-8,53
1446519892,-5780,7412,-2690,113,-155,66,0,0,-7,-1,-15661,0,7266,2498,-6228,-122,16,29
1446569892,-3248,6784,-3238,53,-235,-65,8160,8192,0,0,645,8192,4270,5474,-6082,-117,4,30
1446619892,-4172,8456,-4184,195,-252,-141,-15658,0,-15537,0,8160,8192,3216,1070,-7902,-114,42,8
1446669892,-3906,7128,-2296,71,-125,10,8160,8192,-21772,22073,645,8192,4972,3530,-6758,-114,-33,15
1446719892,-3960,7380,-2970,94,-76,51,-15653,0,-15537,0,8160,8192,5770,2476,-5584,-116,42,30
1446769892,-6320,5616,-668,83,224,1080,8160,8192,12692,22075,645,8192,5856,-1038,-6258,-113,85,19
1446819892,-5920,6702,-1840,67,-246,-87,-16650,0,-15537,0,8160,8192,5902,488,-5848,-120,15,47
1446869892,-3772,7332,-3212,109,-237,-269,8160,8192,0,0,645,8192,5948,2886,-5924,-121,53,26
1446919892,-5918,6164,-1924,121,51,561,-15647,0,-15537,0,8160,8192,5672,-432,-5720,-96,10,12
1446969892,-5154,6676,-2034,64,-183,-62,8160,8192,16084,22078,645,8192,5828,1142,-5946,-119,6,39
1447019892,-5722,6076,-1508,112,-72,123,8160,8192,0,0,645,8192,6286,50,-5850,-97,39,22
1447069892,-5562,6230,-1620,96,-96,53,-16641,0,-15537,0,8160,8192,5658,310,-6372,-106,52,33
1447119892,-5866,6030,-1422,111,-117,41,-15637,0,-15537,0,8160,8192,5820,76,-6110,-105,45,27
1447169892,-5696,6018,-1468,99,-79,85,8160,8192,19476,22081,645,8192,5836,258,-5884,-112,45,26
1447219892,-5436,6196,-1732,89,-130,-16,-16633,0,-15537,0,8160,8192,5892,542,-5904,-102,45,26
1447269892,-5732,6090,-1528,92,-73,135,-15630,0,-15537,0,8160,8192,5706,156,-6138,-104,33,28
1447319892,-5728,6052,-1464,101,-106,31,-15627,0,-15537,0,8160,8192,5620,226,-6032,-105,43,26
1447369892,-5720,5908,-1358,100,-107,81,8160,8192,22868,22084,645,8192,5652,-56,-6056,-109,29,30
1447419892,-5668,6070,-1514,97,-113,33,-15620,0,-15537,0,8160,8192,5684,212,-6024,-109,35,36
1447469892,-5616,5888,-1570,106,-102,67,0,0,-7,-1,-16618,0,5658,140,-6158,-106,37,28
1447519892,-5620,6164,-1550,93,-108,63,-15616,0,-15537,0,8160,8192,5718,202,-6116,-105,30,32
1447569892,-5706,6092,-1488,93,-114,63,-16614,0,-15537,0,8160,8192,5848,202,-5926,-105,23,30
1447619892,-5686,5920,-1358,96,-98,91,-15611,0,-15537,0,8160,8192,5606,110,-6242,-105,23,31
1447669892,-5630,6046,-1478,98,-126,38,-17609,0,-15537,0,8160,8192,5896,166,-5896,-106,23,33
1447719892,-5652,5954,-1520,93,-91,90,-15606,0,-15537,0,8160,8192,5512,48,-6258,-101,30,28
1447769892,-5584,6018,-1502,103,-103,45,8160,8192,29652,22090,645,8192,5756,178,-5972,-104,35,29
1447819892,-5866,5944,-1472,104,-81,114,0,0,-7,-1,-15601,0,5778,12,-6006,-102,33,33
1447869892,-5580,6082,-1630,87,-122,12,8160,8192,0,0,645,8192,5482,256,-6364,-101,34,30
1447919892,-5744,6038,-1440,102,-84,116,0,0,-7,-1,-15596,0,5622,158,-6240,-107,31,35
1447969892,-5658,6110,-1504,95,-89,88,0,0,-7,-1,-15593,0,5504,200,-6232,-102,35,26
1448019892,-5768,6098,-1420,105,-82,101,-15591,0,-15537,0,8160,8192,5584,86,-6380,-106,42,28
1448069892,-5814,5952,-1492,110,-90,78,-15589,0,-15537,0,8160,8192,5724,56,-6040,-105,43,34
1448119892,-5640,6092,-1570,98,-106,55,0,0,-7,-1,-15587,0,5944,244,-5870,-105,37,30
1448169892,-5700,5942,-1326,127,-104,81,0,0,-7,-1,-16585,0,5954,-52,-5928,-112,39,35
1448219892,-5576,6172,-1474,100,-125,27,8160,8192,20900,22097,645,8192,5770,50,-6112,-107,30,30
1448269892,-5440,6220,-1632,88,-126,11,0,0,-7,-1,-15581,0,5740,462,-6064,-101,27,29
1448319892,-5658,6070,-1372,105,-91,133,-15579,0,-15537,0,8160,8192,5956,196,-5946,-105,22,34
1448369892,-5614,6216,-1640,94,-113,57,-17578,0,-15537,0,8160,8192,5652,402,-6056,-108,24,32
1448419892,-5012,6526,-1984,86,-170,-91,8160,8192,24292,22100,645,8192,5832,1110,-6000,-103,31,27
1448469892,-4356,6692,-2396,79,-187,-93,0,0,-7,-1,-15576,0,5554,1784,-6070,-111,19,29
1448519892,-5196,6592,-1836,76,-125,61,8160,8192,-6780,22101,645,8192,5596,854,-6162,-97,5,27
1448569892,-6380,7214,-2894,-18,-155,-194,-17572,0,-15537,0,8160,8192,4982,1520,-6614,-96,8,31
1448619892,-4956,6652,-1872,300,-416,-647,8160,8192,0,0,645,8192,5858,1172,-5846,-101,55,27
1448669892,-5290,6838,-2464,27,-110,-92,8160,8192,12148,22104,645,8192,5298,916,-6446,-94,61,32
1448719892,-4552,5938,-1782,53,-181,-31,-15568,0,-15537,0,8160,8192,7146,1152,-5020,-94,4,27
1448769892,-5406,6264,-1742,19,-118,-44,-15566,0,-15537,0,8160,8192,5588,288,-6700,-107,33,25
1448819892,-5292,5556,-1100,92,-141,-5,0,0,-7,-1,-16565,0,5546,820,-6326,-96,19,24
1448869892,-5236,6212,-1914,112,-207,-244,-17563,0,-15537,0,8160,8192,6004,-342,-5324,-102,53,27
1448919892,-7590,6810,-2392,161,-125,124,-17560,0,-15537,0,8160,8192,4752,1596,-5996,-99,25,36
1448969892,-7242,7252,-2940,113,-168,82,-15558,0,-15537,0,8160,8192,5650,1290,-6622,-111,44,16
1449019892,-6068,7140,-2494,95,-178,19,-15556,0,-15537,0,8160,8192,4546,610,-5930,-101,11,28
1449069892,-4782,5108,-1062,50,-83,51,-17554,0,-15537,0,8160,8192,5512,1480,-6728,-102,32,17
1449119892,-5586,6094,-1626,90,-130,-50,-15553,0,-15537,0,8160,8192,7118,-604,-5198,-88,-3,23
1449169892,-4618,4794,-866,18,-87,-53,-15550,0,-15537,0,8160,8192,3658,1926,-6064,-122,35,26
1449219892,-6664,6244,-1936,151,-170,-54,0,0,-7,-1,-16548,0,6336,1018,-6786,-110,5,12
1449269892,-6046,5430,-746,111,-133,-65,8160,8192,0,0,645,8192,3114,912,-5566,-119,33,17
1449319892,-6892,5542,-728,107,-122,-6,8160,8192,0,0,645,8192,4770,-1162,-7468,-102,29,29
1449369892,-6212,5124,-1036,72,-97,-35,8160,8192,0,0,645,8192,4910,-672,-5354,-128,33,31
1449419892,-8340,6128,-1680,140,-57,53,-15540,0,-15537,0,8160,8192,668,-2260,-9928,-105,78,35
1449469894,-6576,5198,-866,213,-249,-269,8160,8192,25716,22116,645,8192,5396,-714,-6654,-138,24,21
1449519892,-8248,6904,-148,76,-3,137,-16535,0,-15537,0,8160,8192,2716,-546,-9586,-112,57,19
1449569892,-6502,3330,562,33,39,364,-16532,0,-15537,0,8160,8192,6318,-1534,-6848,-95,32,38
1449619892,-8350,6148,-1152,141,-221,-489,0,0,-7,-1,-16531,0,6404,-774,-6168,-117,62,21
1449669892,-7886,4178,232,80,-18,143,-16530,0,-15537,0,8160,8192,5368,-2248,-6170,-107,49,29
1449719892,-7152,4822,-412,26,-121,-151,-16527,0,-15537,0,8160,8192,5734,-1220,-6324,-105,38,38
1449769892,-7078,4876,-394,198,-151,-59,8160,8192,0,0,645,8192,6072,-1626,-5796,-101,75,24
1449819892,-7824,4394,118,92,35,540,8160,8192,-17500,22121,645,8192,6086,-2628,-5926,-111,19,37
1449869892,-8782,3806,736,54,148,680,8160,8192,32500,22122,645,8192,5286,-3208,-6866,-98,68,32
1449919892,-8022,2532,1464,35,191,811,-16520,0,-15537,0,8160,8192,2928,-6942,-8428,-91,56,4
1449969892,-8880,2724,1480,41,387,816,8160,8192,1428,22124,645,8192,8746,-5766,-5354,-117,119,12
1450019892,-5342,3758,-502,119,-303,-21,-16519,0,-15537,0,8160,8192,8740,-2512,-5936,-64,-42,57
1450069892,-4748,7508,-2132,7,-264,-199,-18518,0,-15537,0,8160,8192,1878,-96,-6726,-124,24,53
1450119892,-1842,5054,-2392,86,-144,125,8160,8192,20356,22126,645,8192,8020,2784,-4172,-91,-7,49
1450169892,-6436,6194,-920,231,49,606,8160,8192,0,0,645,8192,4874,-340,-6710,-109,13,57
1450219892,-5352,7226,-2380,94,-189,111,-16512,0,-15537,0,8160,8192,13122,1304,-2526,-99,-31,49
1450269892,-5112,6588,-1864,171,-249,-104,-17510,0,-15537,0,8160,8192,3138,1106,-7716,-108,12,22
1450319892,-6702,8822,-2504,213,-180,280,8160,8192,23748,22129,645,8192,7026,2872,-4678,-115,-3,30
1450369892,-3218,6652,-2658,134,-251,-205,-16507,0,-15537,0,8160,8192,3476,3076,-7988,-106,69,40
1450419892,-3468,7974,-3908,213,-372,-430,-17505,0,-15537,0,8160,8192,4490,5474,-6650,-117,-9,29
1450469892,-3922,7406,-3466,166,-111,180,-16502,0,-15537,0,8160,8192,3852,3186,-7200,-106,30,6
1450519892,-4084,6302,-2492,161,-40,273,0,0,-7,-1,-16500,0,5510,1698,-6368,-107,75,23
1450569892,-6136,5398,-1850,54,120,866,0,0,-7,-1,-17498,0,6394,-970,-5346,-139,-6,21
1450619892,-4924,6034,-2146,13,-168,-118,8160,8192,-3932,22133,645,8192,5298,2008,-6146,-105,39,24
1450669892,-3796,7468,-2382,266,-329,-491,-16493,0,-15537,0,8160,8192,5512,2040,-6210,-128,50,37
1450719892,-4772,6624,-2466,48,128,473,0,0,-7,-1,-17492,0,4946,2088,-6300,-104,94,9
1450769892,-5036,6656,-1946,148,-90,109,-17489,0,-15537,0,8160,8192,5348,1052,-6144,-102,51,14
1450819892,-6276,5802,-1084,77,-60,207,8160,8192,0,0,645,8192,5248,-588,-6060,-100,17,26
1450869892,-5692,6010,-1488,103,-130,-39,-16485,0,-15537,0,8160,8192,5360,-90,-6172,-93,54,32
1450919892,-6318,5350,-890,124,-24,219,-17485,0,-15537,0,8160,8192,5780,-738,-5946,-94,45,26
1450969892,-5878,5670,-1166,89,-99,64,-18484,0,-15537,0,8160,8192,5656,-76,-6064,-102,30,21
1451019892,-5356,6362,-1746,41,-148,-59,-16482,0,-15537,0,8160,8192,5786,650,-6086,-101,27,29
1451069892,-5690,6034,-1440,122,-38,211,-17481,0,-15537,0,8160,8192,5742,278,-6052,-104,40,29
1451119892,-5480,6246,-1680,94,-120,7,-16480,0,-15537,0,8160,8192,5640,564,-6018,-105,36,28
1451169892,-5846,5986,-1284,111,-72,146,0,0,-7,-1,-16479,0,5724,-92,-6028,-100,26,25
1451219892,-5698,6088,-1498,85,-107,77,-16477,0,-15537,0,8160,8192,5738,194,-6060,-103,22,29
1451269892,-5788,6142,-1464,91,-117,61,-16475,0,-15537,0,8160,8192,5772,164,-5960,-105,22,26
1451319892,-5656,6138,-1456,89,-101,73,8160,8192,-24828,22144,645,8192,5700,274,-5970,-104,33,29
1451369892,-5676,6084,-1488,94,-100,89,8160,8192,25172,22145,645,8192,5828,114,-6080,-105,30,29
1451419892,-5612,6032,-1516,89,-102,54,-16469,0,-15537,0,8160,8192,5714,314,-6192,-104,34,34
1451469892,-5574,6196,-1594,103,-102,72,-18466,0,-15537,0,8160,8192,5774,332,-5994,-104,31,31
1451519892,-5692,5786,-1350,98,-79,132,8160,8192,0,0,645,8192,5730,46,-5976,-102,27,30
1451569892,-5770,6054,-1486,95,-100,53,0,0,-7,-1,-16462,0,5768,158,-5950,-105,30,30
1451619892,-5592,5962,-1510,105,-85,86,-18460,0,-15537,0,8160,8192,5674,198,-6208,-104,43,30
1451669892,-5728,6090,-1390,93,-96,66,-16458,0,-15537,0,8160,8192,5850,132,-5908,-96,34,32
1451719892,-5680,6176,-1512,105,-94,78,-16456,0,-15537,0,8160,8192,5818,276,-5934,-108,36,32
1451769892,-5610,5978,-1526,105,-89,70,0,0,-7,-1,-17453,0,5666,286,-5932,-102,42,24
1451819892,-5730,6072,-1474,114,-82,91,0,0,-7,-1,-16450,0,5796,114,-6220,-105,51,31
1451869892,-5616,6116,-1596,104,-114,19,-16447,0,-15537,0,8160,8192,5786,188,-6128,-104,47,30
1451919892,-5728,5944,-1466,111,-93,77,-17446,0,-15537,0,8160,8192,5554,118,-6272,-106,42,29
1451969892,-5620,6138,-1484,112,-115,48,8160,8192,-30188,22154,645,8192,5700,166,-6140,-108,37,38
1452019892,-5576,6032,-1534,96,-124,13,-17441,0,-15537,0,8160,8192,5772,314,-5968,-104,32,30
1452069892,-5534,6142,-1540,105,-113,53,-15552,0,-15537,0,8160,8192,5980,262,-5934,-100,28,31
1452119892,-5434,6204,-1704,88,-139,28,-16437,0,-15537,0,8160,8192,5862,492,-5974,-109,22,38
1452169892,-5692,6054,-1576,96,-92,120,-18435,0,-15537,0,8160,8192,5694,368,-6026,-102,20,30
1452219892,-5324,6274,-1610,57,-147,-11,-17432,0,-15537,0,8160,8192,5768,438,-6118,-106,9,29
1452269892,-5586,6072,-1526,73,-117,60,-16431,0,-15537,0,8160,8192,5556,116,-6166,-106,16,31
1452319892,-5568,6198,-1612,58,-136,-22,-16429,0,-15537,0,8160,8192,5772,88,-5986,-101,27,28
1452369892,-5460,6226,-1698,82,-99,52,0,0,-7,-1,-16428,0,5652,872,-6072,-107,38,29
1452419892,-5204,6168,-1858,18,-154,-189,8160,8192,26596,22161,645,8192,5602,848,-6190,-99,31,31
1452469892,-5310,6372,-1634,118,-169,-163,0,0,-7,-1,-16424,0,5662,1120,-6072,-105,36,31
1452519892,-5504,6206,-1886,49,-143,-134,-18422,0,-15537,0,8160,8192,5938,896,-5904,-99,23,21
1452569892,-5044,6192,-1676,137,-217,-216,-16420,0,-15537,0,8160,8192,5756,778,-6086,-101,50,33
1452619892,-6436,6462,-1630,78,-93,-66,8160,8192,29988,22164,645,8192,6578,1090,-5298,-96,55,36
1452669892,-5720,6220,-1824,162,-158,8,0,0,-7,-1,-17418,0,6234,936,-5866,-103,59,25
1452719892,-5150,6212,-1938,102,-199,-214,-16415,0,-15537,0,8160,8192,5562,2208,-5206,-105,38,29
1452769892,-4528,5612,-1548,140,-250,-197,0,0,-7,-1,-16413,0,6646,1320,-5350,-102,27,27
1452819892,-5696,6660,-2338,120,-202,-181,-16410,0,-15537,0,8160,8192,5916,338,-6440,-97,45,28
1452869892,-5664,5954,-1692,142,-159,51,8160,8192,17844,22168,645,8192,4224,280,-7318,-102,34,25
1452919892,-5096,5424,-972,126,-82,-13,-16407,0,-15537,0,8160,8192,8216,1672,-4158,-106,75,22
1452969892,-6214,6962,-2632,84,-153,95,8160,8192,0,0,645,8192,6572,612,-6066,-91,4,20
1453019892,-5770,6110,-1962,77,-92,97,-16404,0,-15537,0,8160,8192,7800,1712,-5188,-109,31,16
1453069892,-6552,6042,-1396,74,-52,144,-16402,0,-15537,0,8160,8192,8916,446,-5272,-97,6,52
1453119892,-6314,6428,-2248,77,-182,-209,-16399,0,-15537,0,8160,8192,6030,506,-5886,-103,-2,45
1453169892,-6706,6392,-1564,151,-189,31,-16397,0,-15537,0,8160,8192,8302,1280,-4932,-90,20,48
1453219892,-6458,5104,-600,32,-114,-258,-16394,0,-15537,0,8160,8192,3890,-1712,-6586,-96,13,45
1453269892,-7008,5560,-932,194,-121,11,-16391,0,-15537,0,8160,8192,7836,-414,-5308,-101,48,27
1453319892,-7280,5348,-454,71,-33,46,-17390,0,-15537,0,8160,8192,7008,-592,-7062,-120,26,26
1453369892,-6832,5818,-1796,96,-170,-385,-18388,0,-15537,0,8160,8192,7272,1172,-6042,-111,12,41
1453419892,-7588,6132,-1010,86,-152,-20,8160,8192,0,0,645,8192,5076,582,-6548,-106,-32,38
1453469892,-7348,4198,138,105,88,406,-16384,0,-15537,0,8160,8192,7310,-844,-4856,-96,114,36
1453519892,-6622,4818,-854,158,-211,-355,-16381,0,-15537,0,8160,8192,5938,-1932,-5826,-129,50,17
1453569892,-9576,4560,-442,-35,152,359,8160,8192,0,0,645,8192,7326,-1464,-4568,-97,71,42
1453619892,-7612,5106,-594,158,-284,-403,0,0,-7,-1,-16379,0,6188,-1890,-5774,-106,39,36
1453669892,-6940,4036,-194,60,-79,-21,8160,8192,0,0,645,8192,6564,-1734,-5706,-100,51,25
1453719892,-7442,4278,332,149,-64,235,0,0,-7,-1,-16375,0,5878,-2390,-6192,-101,47,36
1453769892,-8534,4084,28,86,84,694,-16373,0,-15537,0,8160,8192,6040,-3334,-6084,-108,35,37
1453819892,-9708,4536,640,22,210,730,0,0,-7,-1,-17371,0,5604,-4360,-7460,-91,69,20
1453869892,-5134,-58,3100,66,98,920,-16369,0,-15537,0,8160,8192,4928,-4404,-4868,-102,-13,0
1453919892,-9132,4218,-654,96,-62,111,0,0,-7,-1,-16368,0,7794,-3128,-4572,-98,46,63
1453969892,-8374,5276,748,49,4,434,8160,8192,3732,22185,645,8192,6068,-2274,-7036,-74,-20,54
1454019892,-3764,7220,-4214,-229,-310,-687,8160,8192,-11804,22185,645,8192,13828,438,-148,-157,-13,34
1454069892,-5964,7660,-1400,238,-27,602,-16360,0,-15537,0,8160,8192,5628,-1614,-4834,-108,28,47
1454119892,-5398,6258,-1834,69,-74,294,-16359,0,-15537,0,8160,8192,6666,808,-4704,-137,-23,41
1454169892,-3988,5014,-1736,67,-149,27,0,0,-7,-1,-16357,0,6796,2796,-7330,-97,21,53
1454219892,-5870,7362,-644,201,-164,196,-16354,0,-15537,0,8160,8192,3624,-1602,-6502,-98,13,47
1454269892,-4502,7190,-2982,35,-243,-132,-16353,0,-15537,0,8160,8192,4980,5350,-6050,-120,-2,24
1454319892,-4214,8620,-3498,104,-280,-214,8160,8192,26052,22190,645,8192,6050,1600,-7722,-118,10,18
1454369892,-3720,8132,-4156,181,-163,-66,8160,8192,10516,22191,645,8192,4906,4454,-6644,-112,96,21
1454419892,-4078,7244,-2812,321,-185,-41,5544,8192,-7,-1,-16742,0,4154,1472,-6940,-129,90,24
1454469892,-5198,6026,-1906,48,125,710,-16345,0,-15537,0,8160,8192,6070,1020,-5858,-128,64,30
1454519892,-6270,5910,-1240,202,2,450,-16345,0,-15537,0,8160,8192,5660,304,-5970,-131,43,36
1454569892,-5216,6954,-1620,50,-181,-110,-16343,0,-15537,0,8160,8192,5994,980,-5788,-125,33,39
1454619892,-4288,7152,-2948,123,-145,-108,-18341,0,-15537,0,8160,8192,5226,2574,-6336,-127,50,33
1454669892,-5196,7232,-2282,117,17,407,-16340,0,-15537,0,8160,8192,6260,1496,-6080,-111,22,27
1454719892,-5282,6384,-1766,99,-116,31,-16338,0,-15537,0,8160,8192,5804,462,-5978,-105,29,14
1454769892,-5966,6064,-1280,127,-116,125,0,0,-7,-1,-16336,0,5692,-250,-6260,-110,17,30
1454819892,-5894,5906,-1202,80,-134,25,-16333,0,-15537,0,8160,8192,5992,-252,-6030,-112,25,38
1454869892,-6202,5726,-1042,127,-85,84,0,0,-7,-1,-17330,0,5896,-674,-6062,-107,49,24
1454919892,-5618,6022,-1488,88,-137,-29,-16329,0,-15537,0,8160,8192,5784,132,-6030,-106,42,28
1454969892,-5624,6006,-1412,102,-135,76,-18327,0,-15537,0,8160,8192,5758,-10,-6076,-110,7,38
1455019892,-5736,6076,-1574,90,-108,106,8160,8192,5156,22201,645,8192,5828,338,-5992,-109,10,35
1455069892,-5674,6010,-1422,96,-110,53,8160,8192,-10380,22201,645,8192,5804,4,-5964,-103,23,26
1455119892,-5610,6090,-1580,81,-109,69,0,0,-7,-1,-17320,0,5864,282,-6010,-105,23,31
1455169892,-5738,6074,-1462,96,-119,75,0,0,-7,-1,-16318,0,5854,150,-6052,-103,23,32
1455219892,-5686,6004,-1430,107,-107,67,-18316,0,-15537,0,8160,8192,5846,36,-6110,-111,37,34
1455269892,-5588,6196,-1588,107,-134,-10,0,0,-7,-1,-17314,0,5952,212,-5976,-105,40,32
1455319892,-5752,6092,-1484,109,-88,94,0,0,-7,-1,-16313,0,5828,186,-5914,-106,40,31
1455369892,-5602,5978,-1460,101,-136,9,0,0,-7,-1,-17311,0,5760,30,-6120,-110,31,37
1455419892,-5764,6060,-1450,95,-113,66,8160,8192,11940,22207,645,8192,5992,78,-5832,-107,25,30
1455469892,-5642,6006,-1442,114,-119,36,-16306,0,-15537,0,8160,8192,5596,52,-6228,-105,38,34
1455519892,-5758,5890,-1384,110,-91,87,-17304,0,-15537,0,8160,8192,5924,-76,-5844,-111,41,36
1455569892,-5600,6148,-1530,95,-132,-1,-16302,0,-15537,0,8160,8192,5826,196,-5898,-106,33,33
1455619892,-5468,6180,-1670,98,-115,27,-17300,0,-15537,0,8160,8192,5666,418,-6106,-108,41,37
1455669892,-5684,6064,-1458,117,-87,86,0,0,-7,-1,-16299,0,5510,150,-6286,-107,45,30
1455719892,-5636,6086,-1602,95,-92,79,-16297,0,-15537,0,8160,8192,5468,280,-6278,-104,38,30
1455769892,-5580,6146,-1518,114,-99,64,-16295,0,-15537,0,8160,8192,5554,188,-6162,-107,48,33
1455819892,-5706,6054,-1466,106,-79,112,8160,8192,18724,22213,645,8192,5682,82,-6162,-97,40,28
1455869892,-5746,6098,-1468,111,-106,54,0,0,-7,-1,-17292,0,5736,28,-6088,-103,38,36
1455919892,-5444,6228,-1606,97,-107,43,8160,8192,0,0,645,8192,5946,478,-5862,-104,33,27
1455969892,-5454,6274,-1622,94,-110,51,-16288,0,-15537,0,8160,8192,5590,584,-6162,-106,30,30
1456019892,-5424,6266,-1830,83,-138,7,-17286,0,-15537,0,8160,8192,5666,412,-6104,-109,24,33
1456069892,-5352,6340,-1786,77,-128,38,8160,8192,6580,22217,645,8192,5962,726,-5928,-100,16,28
1456119892,-5448,6176,-1750,77,-165,-26,-17282,0,-15537,0,8160,8192,5972,342,-5962,-101,14,27
1456169892,-5610,6230,-1586,78,-136,31,8160,8192,-24492,22218,645,8192,5784,576,-6142,-106,12,32
1456219892,-5624,6032,-1606,98,-111,85,8160,8192,25508,22219,645,8192,5654,620,-6004,-102,29,29
1456269892,-5428,6246,-1922,28,-135,-122,8160,8192,0,0,645,8192,5530,648,-6202,-100,32,30
1456319892,-5472,6266,-1528,113,-154,-91,0,0,-7,-1,-17271,0,5348,658,-6188,-102,47,31
1456369892,-5630,5948,-1886,-8,-101,-83,-16269,0,-15537,0,8160,8192,5642,740,-6184,-106,33,29
1456419892,-4812,5700,-1662,158,-208,-263,8160,8192,0,0,645,8192,5676,-2,-6268,-95,71,31
1456469892,-5664,6636,-1984,63,-129,-161,8160,8192,0,0,645,8192,5780,424,-6054,-108,52,28
1456519892,-5970,6318,-1570,147,-156,-41,-16264,0,-15537,0,8160,8192,5630,-270,-6314,-100,30,26
1456569892,-5372,6296,-1598,47,-161,-189,8160,8192,-17708,22224,645,8192,5148,1242,-5884,-100,18,22
1456619892,-5826,6266,-1642,117,-183,-26,0,0,-7,-1,-17259,0,5986,534,-6044,-97,-1,33
1456669892,-5216,5988,-1646,107,-168,-155,-16257,0,-15537,0,8160,8192,5738,744,-6350,-98,32,20
1456719892,-4730,5048,-666,164,-201,-46,0,0,-7,-1,-16255,0,7356,964,-5704,-96,10,26
1456769892,-5984,6632,-2100,100,-192,-112,-16253,0,-15537,0,8160,8192,5290,-34,-5520,-96,22,23
1456819892,-5468,6048,-1760,75,-112,62,8160,8192,-29852,22228,645,8192,5242,944,-6356,-92,36,24
1456869892,-5972,6236,-2170,52,-91,76,0,0,-7,-1,-16248,0,5448,1614,-6618,-94,22,16
1456919892,-5044,5052,-796,150,-87,27,-16247,0,-15537,0,8160,8192,8376,1582,-4752,-95,54,17
1456969892,-6856,6524,-1780,62,-87,-47,0,0,-7,-1,-17245,0,4684,662,-7342,-80,9,30
1457019892,-4180,5240,-1324,71,-168,-137,-16243,0,-15537,0,8160,8192,6160,290,-4986,-91,17,11
1457069892,-4396,4640,-124,106,-95,9,-16242,0,-15537,0,8160,8192,5842,2606,-7144,-99,23,16
1457119892,-6110,5562,-2058,93,-275,-194,-18240,0,-15537,0,8160,8192,7346,-8,-5266,-96,-11,25
1457169892,-5760,5038,-820,131,-144,-45,-16238,0,-15537,0,8160,8192,7158,834,-5684,-99,29,32
1457219892,-5828,4688,-262,92,-82,7,8160,8192,0,0,645,8192,7094,-8,-3432,-104,-20,34
1457269892,-6550,5466,-664,110,-78,119,0,0,-7,-1,-16233,0,4358,-196,-6894,-104,29,48
1457319892,-6496,5112,-850,198,-265,-186,-16233,0,-15537,0,8160,8192,4640,-1214,-7302,-101,-9,46
1457369892,-7428,5446,-1098,31,-42,185,-18231,0,-15537,0,8160,8192,7140,-1710,-5108,-109,10,19
1457419892,-5436,4070,-206,144,-193,-98,8160,8192,0,0,645,8192,4238,-1876,-7338,-120,23,20
1457469892,-8700,5624,-576,-29,79,476,8160,8192,30324,22238,645,8192,5208,-1448,-7236,-112,42,29
1457519892,-7254,4364,170,75,-174,-401,-16223,0,-15537,0,8160,8192,6388,-1488,-6012,-97,33,30
1457569892,-6880,4118,82,156,-184,-78,8160,8192,-748,22239,645,8192,6944,-1970,-5210,-110,35,39
1457619892,-7592,3952,348,55,107,509,-17219,0,-15537,0,8160,8192,5484,-2836,-6416,-112,87,39
1457669892,-8898,4314,590,109,102,613,-17216,0,-15537,0,8160,8192,5908,-4056,-5956,-110,77,22
1457719892,-8154,3526,1546,45,170,662,-18214,0,-15537,0,8160,8192,5666,-5888,-4582,-80,79,27
1457769892,-9928,4274,358,-22,199,800,8160,8192,2644,22243,645,8192,4714,-4318,-5878,-106,54,38
1457819892,-7372,1418,1410,199,-63,222,0,0,-7,-1,-16210,0,3768,-3958,-7160,-74,21,48
1457869892,-4430,4614,98,0,-142,6,0,0,-7,-1,-16207,0,-288,232,-8490,-98,2,49
1457919892,-5710,6448,-3026,33,-87,-13,-16207,0,-15537,0,8160,8192,6862,4732,-4954,-80,75,47
1457969892,-6126,6994,-804,165,145,423,0,0,-7,-1,-16205,0,5778,3586,-6506,-122,144,38
1458019892,-2848,5700,-3330,101,-178,-69,8160,8192,-9500,22246,645,8192,11184,6076,-4936,-96,63,59
1458069892,-7296,8070,-1134,201,-12,321,8160,8192,-25036,22247,645,8192,5676,38,-4440,-98,90,39
1458119892,-5146,7400,-2858,-1,-250,-281,0,0,-7,-1,-16199,0,4714,-1208,-5018,-102,51,45
1458169892,-4254,6994,-2548,124,-195,-10,8160,8192,0,0,645,8192,4654,818,-6942,-88,23,22
1458219892,-2094,5790,-2434,80,-187,-88,-18193,0,-15537,0,8160,8192,7236,4664,-5160,-104,18,19
1458269892,-6756,7512,-1734,145,2,494,-16191,0,-15537,0,8160,8192,6610,204,-3230,-111,27,27
1458319892,-5416,6968,-1892,56,-221,99,-16188,0,-15537,0,8160,8192,6004,1268,-5040,-127,-91,15
1458369892,-3404,8028,-3618,126,-330,-379,0,0,-7,-1,-16186,0,6158,4286,-5938,-137,-5,21
1458419892,-6906,6478,-838,118,45,941,-16185,0,-15537,0,8160,8192,6542,-1004,-5862,-119,2,60
1458469892,-1504,8882,-5990,-63,-451,-1489,-18184,0,-15537,0,8160,8192,5270,7018,-6252,-124,112,25
1458519892,-4746,6776,-1444,582,-213,621,0,0,-7,-1,-17182,0,6254,450,-5872,-101,46,11
1458569892,-7666,4616,-1106,-366,717,1237,-17179,0,-15537,0,8160,8192,6130,-788,-5974,-114,37,27
1458619892,-5778,5834,-1216,151,-355,-328,0,0,-7,-1,-16177,0,6436,-150,-5964,-106,10,36
1458669892,-6316,5760,-1238,76,36,307,-16174,0,-15537,0,8160,8192,6048,-88,-5958,-94,63,22
1458719892,-5744,5822,-1222,93,-151,-10,-16173,0,-15537,0,8160,8192,5666,-108,-5970,-95,15,25
1458769892,-5720,5934,-1382,92,-77,126,-16171,0,-15537,0,8160,8192,5754,338,-5902,-111,21,35
1458819892,-5246,6534,-1886,87,-137,44,-16169,0,-15537,0,8160,8192,5894,1042,-6108,-98,27,26
1458869892,-5270,6206,-1696,95,-93,78,-17167,0,-15537,0,8160,8192,5648,532,-6036,-106,46,34
1458919892,-5700,6104,-1480,106,-72,89,-16165,0,-15537,0,8160,8192,5766,356,-6002,-97,46,23
1458969892,-5796,5926,-1322,102,-74,132,0,0,-7,-1,-17163,0,5780,-108,-6078,-101,39,26
1459019892,-5748,5936,-1372,90,-126,-13,-16161,0,-15537,0,8160,8192,5686,-8,-6154,-101,42,26
1459069892,-5664,5934,-1414,109,-91,87,8160,8192,-8076,22262,645,8192,5650,112,-6176,-107,42,30
1459119892,-5618,5976,-1496,89,-105,58,-16157,0,-15537,0,8160,8192,5718,274,-6198,-101,33,30
1459169892,-5526,6098,-1472,105,-116,47,-16154,0,-15537,0,8160,8192,5624,198,-6136,-103,33,31
1459219892,-5596,6068,-1524,97,-96,74,8160,8192,10852,22265,645,8192,5722,286,-6128,-102,31,30
1459269892,-5660,6106,-1540,98,-113,54,8160,8192,0,0,645,8192,5828,282,-5908,-104,27,31
1459319892,-5668,6018,-1466,93,-83,126,0,0,-7,-1,-17147,0,5650,174,-6056,-107,32,28
1459369892,-5680,6094,-1430,88,-111,50,0,0,-7,-1,-16145,0,5754,238,-6146,-106,28,31
1459419892,-5692,5986,-1398,108,-85,99,-17142,0,-15537,0,8160,8192,5796,100,-5948,-100,35,27
1459469892,-5596,6278,-1658,91,-117,9,-16139,0,-15537,0,8160,8192,5640,414,-6116,-105,38,32
1459519892,-5738,5946,-1494,112,-58,154,8160,8192,-16828,22269,645,8192,5674,140,-6140,-101,38,27
1459569892,-5708,6118,-1446,91,-109,25,-16136,0,-15537,0,8160,8192,5834,142,-5938,-106,41,34
1459619892,-5690,6154,-1464,108,-95,58,8160,8192,17636,22271,645,8192,5776,140,-5970,-101,42,26
1459669892,-5554,6082,-1578,96,-101,89,8160,8192,2100,22272,645,8192,5584,266,-6136,-103,26,31
1459719892,-5614,6096,-1564,112,-101,87,-16128,0,-15537,0,8160,8192,5958,290,-5812,-108,30,31
1459769892,-5692,6048,-1506,103,-114,54,-16125,0,-15537,0,8160,8192,5934,122,-5900,-102,29,26
1459819892,-5354,6176,-1626,89,-145,-12,-17124,0,-15537,0,8160,8192,5914,570,-5840,-107,25,31
1459869892,-5624,6164,-1560,101,-107,86,-16124,0,-15537,0,8160,8192,6264,296,-5814,-110,26,38
1459919892,-5252,6252,-1790,80,-129,-18,8160,8192,-10044,22275,645,8192,5422,764,-6282,-102,32,28
1459969892,-5334,6092,-1654,93,-124,35,-16122,0,-15537,0,8160,8192,5706,402,-6010,-104,36,33
1460019892,-5576,6210,-1672,80,-123,52,0,0,-7,-1,-16121,0,5850,544,-6006,-102,21,31
1460069892,-5698,5946,-1494,47,-128,-86,0,0,-7,-1,-17119,0,5526,398,-6126,-98,16,29
1460119892,-5276,6436,-1752,56,-193,-169,8160,8192,-6652,22278,645,8192,5854,652,-5942,-104,7,37
1460169892,-5542,6238,-1746,89,-161,-87,8160,8192,0,0,645,8192,5606,690,-6096,-101,38,28
1460219892,-5502,6454,-2020,101,-142,-150,-16114,0,-15537,0,8160,8192,5570,1008,-6076,-105,57,28
1460269892,-5002,6356,-1944,141,-182,-145,-16113,0,-15537,0,8160,8192,5678,1788,-6220,-100,46,32
1460319892,-5882,6610,-2250,74,-151,-46,-18111,0,-15537,0,8160,8192,6366,594,-5910,-104,16,25
1460369892,-6088,6748,-1794,53,-155,-220,0,0,-7,-1,-17109,0,5518,462,-6476,-101,26,29
1460419892,-5278,5748,-1388,63,-113,-27,-16108,0,-15537,0,8160,8192,4790,720,-6810,-97,39,24
1460469892,-6214,5908,-1516,126,-154,-23,-16105,0,-15537,0,8160,8192,5776,-338,-6314,-96,30,31
1460519892,-5602,5806,-1184,70,-104,-7,-16102,0,-15537,0,8160,8192,6518,902,-5478,-106,44,23
1460569892,-5658,5856,-1380,154,-163,-127,-17101,0,-15537,0,8160,8192,6208,148,-6004,-97,43,28
1460619892,-6012,6420,-1838,61,-131,62,8160,8192,-30940,22286,645,8192,4572,488,-6848,-103,20,29
1460669892,-6298,6398,-2064,127,-166,-136,-16095,0,-15537,0,8160,8192,5034,44,-6724,-101,29,21
1460719892,-5394,6438,-1990,121,-199,-35,-18093,0,-15537,0,8160,8192,5732,620,-5698,-106,33,18
1460769892,-6284,6858,-2568,61,-129,50,-16090,0,-15537,0,8160,8192,6180,1420,-5882,-89,18,23
1460819892,-5172,6296,-1828,57,-122,50,-16088,0,-15537,0,8160,8192,5076,300,-5766,-95,8,12
1460869892,-6362,5822,-1758,82,-24,73,8160,8192,22452,22290,645,8192,4740,962,-6748,-120,53,19
1460919892,-6046,6192,-1928,67,-117,84,-16083,0,-15537,0,8160,8192,6824,1772,-5754,-105,47,46
1460969892,-6776,6600,-1798,127,-170,-200,8160,8192,0,0,645,8192,5486,364,-5096,-96,19,44
1461019892,-6238,6886,-2184,83,-187,-226,-16078,0,-15537,0,8160,8192,8690,356,-2416,-91,34,37
1461069892,-6368,5662,-1474,98,-176,-19,0,0,-7,-1,-16075,0,7290,38,-5230,-101,-3,35
1461119892,-6466,5742,-1294,75,-89,5,8160,8192,10308,22294,645,8192,4672,414,-6900,-100,38,36
1461169892,-5174,4004,-374,158,-154,-236,-17070,0,-15537,0,8160,8192,6228,-254,-6154,-114,24,21
1461219892,-7848,5142,-916,60,60,392,-18067,0,-15537,0,8160,8192,5682,-342,-6080,-95,25,33
1461269892,-7414,5632,-714,188,-198,-143,8160,8192,29236,22296,645,8192,5744,-766,-6576,-128,5,24
1461319892,-6854,6184,-1562,44,-135,-99,-16063,0,-15537,0,8160,8192,5304,-584,-6698,-113,-2,23
1461369892,-7046,4226,-206,140,-77,252,0,0,-7,-1,-17060,0,8124,-1764,-3876,-98,39,33
1461419892,-6862,4264,-108,99,-126,-3,-16058,0,-15537,0,8160,8192,6628,-1380,-5338,-120,11,32
1461469892,-7230,4804,-266,79,-44,-2,-16055,0,-15537,0,8160,8192,5646,-1284,-6110,-106,55,29
1461519892,-7272,4938,-288,194,-200,-128,-16052,0,-15537,0,8160,8192,5542,-1760,-6314,-106,67,38
1461569892,-7190,4286,-80,34,22,219,8160,8192,1556,22301,645,8192,5584,-2046,-6184,-107,88,33
1461619892,-7768,3614,1084,141,80,591,8160,8192,-13980,22301,645,8192,6400,-3208,-6150,-116,66,32
1461669892,-8286,3520,1456,23,189,644,-18047,0,-15537,0,8160,8192,6160,-3546,-5698,-104,84,41
1461719892,-5590,334,2302,134,102,803,8160,8192,0,0,645,8192,12282,-5968,-1872,-117,-7,11
1461769892,-11920,6056,654,159,132,590,-16043,0,-15537,0,8160,8192,9084,-5186,-4040,-103,77,53
1461819892,-4644,2334,178,-44,-121,-121,-16040,0,-15537,0,8160,8192,9672,1388,-4788,-89,49,57
1461869892,-4852,6664,-3172,9,-284,-453,-16039,0,-15537,0,8160,8192,8948,1038,-4236,-137,1,36
1461919892,-5512,5822,-970,106,200,764,-16037,0,-15537,0,8160,8192,6670,5664,-10114,-120,10,73
1461969892,-5330,6524,-2384,16,-199,-20,8160,8192,0,0,645,8192,4666,-914,-3222,-133,4,49
1462019892,-6008,6216,-1994,134,-38,374,0,0,-7,-1,-16033,0,618,-2584,-8188,-111,33,58
1462069892,-5132,4738,-2200,111,-193,-20,8160,8192,0,0,645,8192,8286,-30,-5832,-100,5,49
1462119892,-3330,7436,-2888,42,-169,-37,8160,8192,27268,22309,645,8192,-928,3240,-8828,-100,42,11
1462169892,-3826,7674,-3310,127,-244,-162,-16026,0,-15537,0,8160,8192,6316,2506,-6014,-107,42,6
1462219892,-4386,7830,-2108,133,-20,358,0,0,-7,-1,-16025,0,6140,2888,-5860,-117,38,27
1462269892,-3386,6596,-1946,258,-133,-65,8160,8192,-19340,22311,645,8192,5830,2110,-6250,-107,75,21
1462319892,-5122,7118,-2544,36,-43,331,-17023,0,-15537,0,8160,8192,5620,1506,-6196,-123,-20,22
1462369892,-4938,6514,-1574,69,-81,173,8160,8192,15124,22313,645,8192,5540,656,-5736,-109,-26,24
1462419892,-5304,6984,-2370,129,-75,316,-18020,0,-15537,0,8160,8192,5538,2154,-6468,-130,27,44
1462469892,-4558,6832,-1960,365,-278,-584,8160,8192,0,0,645,8192,5908,926,-6340,-116,79,30
1462519892,-5648,6794,-2632,-28,122,658,-17017,0,-15537,0,8160,8192,5876,1486,-6270,-110,20,22
1462569892,-5798,5688,-1248,151,-73,175,8160,8192,0,0,645,8192,5806,128,-5902,-101,29,20
1462619892,-5680,5798,-1186,40,-170,-54,-16012,0,-15537,0,8160,8192,6000,-80,-5942,-105,11,32
1462669892,-6536,5508,-968,141,-24,295,0,0,-7,-1,-17010,0,5912,-768,-6018,-110,28,37
1462719892,-5532,6000,-1200,96,-174,-102,8160,8192,0,0,645,8192,5696,-144,-6088,-109,31,23
1462769892,-5356,6404,-1740,72,-154,11,8160,8192,21908,22319,645,8192,5738,612,-5992,-101,15,31
1462819892,-5776,6224,-1538,106,-58,199,0,0,-7,-1,-16004,0,5944,318,-6014,-111,27,33
1462869892,-5424,6240,-1658,116,-135,-19,8160,8192,-9164,22320,645,8192,5902,380,-6138,-108,46,32
1462919892,-5676,5898,-1382,110,-84,76,0,0,-7,-1,-15998,0,5852,-68,-6114,-102,48,29
1462969892,-5908,5924,-1354,92,-99,77,8160,8192,25300,22322,645,8192,5860,22,-6114,-105,26,33
1463019892,-5584,6126,-1396,107,-129,21,0,0,-7,-1,-15993,0,5856,148,-6012,-108,34,32
1463069892,-5844,6104,-1444,103,-93,88,0,0,-7,-1,-15992,0,5872,68,-6038,-109,36,32
1463119892,-5636,6144,-1606,93,-126,20,8160,8192,-21308,22324,645,8192,5832,256,-5936,-102,31,30
1463169892,-5608,6012,-1546,108,-107,57,-16988,0,-15537,0,8160,8192,5806,158,-5962,-109,42,36
1463219892,-5784,6178,-1398,111,-109,47,0,0,-7,-1,-15985,0,5946,130,-5956,-107,40,32
1463269892,-5570,5904,-1500,94,-115,51,8160,8192,-2380,22326,645,8192,5760,208,-6046,-106,28,29
1463319892,-5828,5958,-1370,105,-103,97,-15980,0,-15537,0,8160,8192,5936,-24,-5824,-105,27,34
1463369892,-5802,6064,-1378,97,-109,58,0,0,-7,-1,-16978,0,5800,-12,-6038,-105,28,30
1463419892,-5482,6102,-1498,101,-127,5,-15977,0,-15537,0,8160,8192,5720,284,-6102,-105,39,34
1463469892,-5680,6118,-1468,112,-98,80,8160,8192,1012,22330,645,8192,5946,82,-5976,-107,42,36
1463519892,-5436,6212,-1576,81,-111,4,-15975,0,-15537,0,8160,8192,5954,572,-5848,-105,41,29
1463569892,-5718,6000,-1496,115,-75,122,-15974,0,-15537,0,8160,8192,5926,196,-5808,-107,40,38
1463619892,-5454,6010,-1658,101,-96,44,8160,8192,19940,22332,645,8192,5878,350,-5908,-100,49,26
1463669892,-5680,6254,-1560,96,-96,66,-15971,0,-15537,0,8160,8192,5986,356,-5948,-101,36,29
1463719892,-5546,6302,-1692,90,-106,64,-15967,0,-15537,0,8160,8192,5820,514,-5978,-104,28,33
1463769892,-5426,6248,-1720,77,-109,60,-15964,0,-15537,0,8160,8192,5480,472,-6128,-102,18,23
1463819892,-5508,6230,-1568,97,-149,-1,-17961,0,-15537,0,8160,8192,5902,400,-5980,-103,21,30
1463869892,-5464,6230,-1744,92,-127,40,0,0,-7,-1,-15957,0,6004,472,-5884,-106,27,30
1463919892,-5254,6428,-1796,57,-158,-108,-15953,0,-15537,0,8160,8192,5852,782,-5940,-100,32,29
1463969892,-4972,6436,-1740,61,-137,7,0,0,-7,-1,-15951,0,6062,856,-6080,-96,11,38
1464019892,-5358,6372,-1698,127,-197,-199,8160,8192,26724,22338,645,8192,5726,870,-5964,-102,40,36
1464069892,-5174,5942,-1590,95,-137,-2,-16945,0,-15537,0,8160,8192,5694,362,-5946,-102,48,23
1464119892,-5844,6528,-1872,76,-116,-89,-15943,0,-15537,0,8160,8192,4780,762,-6626,-101,45,31
1464169892,-5202,5462,-1120,105,-101,79,-15940,0,-15537,0,8160,8192,5870,272,-6012,-101,28,28
1464219892,-5126,6228,-1304,54,-117,-136,8160,8192,30116,22341,645,8192,5984,1922,-5010,-100,30,30
1464269892,-5394,5788,-1344,119,-127,-91,0,0,-7,-1,-16933,0,5710,770,-5686,-103,59,34
1464319892,-6170,6988,-2326,131,-216,-288,0,0,-7,-1,-15932,0,5146,198,-5816,-106,58,28
1464369892,-6346,6558,-2172,125,-184,-108,-15928,0,-15537,0,8160,8192,5810,1372,-5754,-99,42,26
1464419892,-5468,6014,-1736,99,-167,-89,-17924,0,-15537,0,8160,8192,4602,638,-6270,-102,29,21
1464469892,-6500,6792,-2446,92,-187,130,-15921,0,-15537,0,8160,8192,5034,956,-7010,-99,-1,26
1464519892,-5618,6290,-2110,95,-216,-44,8160,8192,0,0,645,8192,5350,724,-5302,-103,5,25
1464569892,-6264,6720,-2450,83,-146,13,0,0,-7,-1,-15916,0,5666,198,-5732,-98,33,26
1464619892,-5708,6286,-1970,61,-145,-52,0,0,-7,-1,-16914,0,5102,-284,-6376,-108,12,19
1464669892,-5572,5400,-1160,64,-63,152,8160,8192,21364,22348,645,8192,4242,606,-7120,-105,42,16
1464719892,-5636,5492,-1454,85,-157,3,-15912,0,-15537,0,8160,8192,4860,918,-7084,-94,-8,23
1464769892,-5466,5672,-1560,101,-153,-32,-17910,0,-15537,0,8160,8192,5190,516,-6088,-108,27,20
1464819892,-4504,4562,-700,140,-164,-124,-15907,0,-15537,0,8160,8192,6946,-654,-5558,-98,32,28
1464869892,-5684,5316,-1178,119,-183,-181,-15907,0,-15537,0,8160,8192,4258,492,-7778,-90,55,37
1464919892,-6750,6190,-1440,80,-163,-194,8160,8192,9220,22352,645,8192,5688,208,-5734,-93,24,38
1464969892,-5814,5132,-786,126,-90,50,8160,8192,-6316,22352,645,8192,6334,446,-5130,-96,35,27
1465019892,-7516,6088,-2138,140,-113,16,8160,8192,-21852,22353,645,8192,6798,-1496,-3948,-98,29,26
1465069892,-6272,4688,-208,127,-48,126,0,0,-7,-1,-15896,0,6340,-444,-5814,-89,41,30
1465119892,-5944,5028,-328,183,-205,-113,8160,8192,12612,22355,645,8192,7496,-1356,-5432,-114,14,12
1465169892,-8916,6448,-2226,34,-88,-28,-15892,0,-15537,0,8160,8192,4070,-2586,-7812,-106,22,24
1465219892,-6990,4500,-92,105,24,286,-15890,0,-15537,0,8160,8192,6350,-1656,-4756,-89,96,25
1465269892,-6978,4890,-176,85,-126,-173,8160,8192,31540,22357,645,8192,5730,-1146,-6286,-115,28,19
1465319892,-10488,5612,2006,83,156,348,8160,8192,16004,22358,645,8192,1044,-4284,-9794,-109,-11,21
1465369892,-7756,4870,388,130,-177,-255,0,0,-7,-1,-15880,0,5814,-1316,-5966,-108,24,32
1465419892,-7524,4768,210,160,-40,296,0,0,-7,-1,-16877,0,5456,-2456,-6080,-101,62,38
1465469892,-8156,4132,542,41,164,619,-15875,0,-15537,0,8160,8192,5620,-3100,-6082,-93,70,37
1465519892,-10194,5070,386,150,72,535,-17875,0,-15537,0,8160,8192,4412,-3258,-6672,-102,78,35
1465569892,-7804,3578,1102,9,152,770,8160,8192,0,0,645,8192,10234,-5892,-5588,-100,34,37
1465619892,-7690,2670,424,107,0,317,-17872,0,-15537,0,8160,8192,4856,-4346,-5918,-79,11,51
1465669892,-6902,6516,-708,-70,-126,-108,-15870,0,-15537,0,8160,8192,4392,-156,-6226,-98,-15,47
1465719892,-5904,6782,-1736,117,-167,81,-15868,0,-15537,0,8160,8192,10268,1742,-3578,-132,0,51
1465769892,-5534,5178,-1616,116,42,510,-16867,0,-15537,0,8160,8192,6966,-1554,-4476,-104,10,45
1465819892,-5820,7086,-1694,76,-147,108,-15865,0,-15537,0,8160,8192,1354,-216,-9206,-132,-12,39
1465869892,-6150,7084,-1680,97,-76,231,8160,8192,-23820,22366,645,8192,2254,-5998,-4050,-105,60,65
1465919892,-7384,7836,-2562,146,-195,-5,8160,8192,26180,22367,645,8192,8816,1086,-1522,-100,43,46
1465969892,-4762,7784,-2436,56,-181,95,-15856,0,-15537,0,8160,8192,3842,2488,-8072,-117,-13,31
1466019892,-4214,7584,-3620,91,-344,-257,-16852,0,-15537,0,8160,8192,7686,4516,-4712,-121,17,12
1466069892,-4114,8694,-3636,246,-260,-181,-15850,0,-15537,0,8160,8192,7322,4548,-5422,-117,17,21
1466119892,-3840,7772,-3580,216,-192,-208,-15849,0,-15537,0,8160,8192,5338,3644,-6134,-126,84,26
1466169892,-5146,6570,-1458,136,54,663,0,0,-7,-1,-16845,0,5366,-514,-6252,-105,56,17
1466219892,-7158,5418,-968,129,310,1028,8160,8192,0,0,645,8192,5248,-1436,-6544,-134,66,40
1466269892,-2460,6642,-2782,-31,-449,-809,-17841,0,-15537,0,8160,8192,6436,2500,-5508,-127,34,45
1466319892,-4654,6706,-1842,329,-272,-193,-17839,0,-15537,0,8160,8192,5836,234,-5662,-117,27,35
1466369892,-5532,6552,-2150,-53,356,842,-15836,0,-15537,0,8160,8192,5408,1748,-6354,-111,40,28
1466419892,-5284,6146,-1774,189,-211,-398,-15834,0,-15537,0,8160,8192,6066,238,-6280,-98,63,26
1466469892,-5676,5972,-1654,33,51,371,8160,8192,-13644,22375,645,8192,5510,310,-6018,-116,38,32
1466519892,-6034,5992,-1274,129,-82,126,8160,8192,-29180,22376,645,8192,5754,-188,-5970,-106,39,36
1466569892,-5948,5720,-1210,90,-89,84,-16828,0,-15537,0,8160,8192,5688,-30,-6080,-104,45,22
1466619892,-5442,6214,-1734,51,-133,-14,-15826,0,-15537,0,8160,8192,5696,484,-6252,-96,17,23
1466669892,-5554,5982,-1376,91,-87,170,0,0,-7,-1,-15823,0,5752,56,-6046,-101,10,28
1466719892,-5620,6058,-1530,88,-137,7,-17820,0,-15537,0,8160,8192,5802,398,-5986,-107,17,29
1466769892,-5762,6006,-1304,103,-59,143,-17817,0,-15537,0,8160,8192,5770,58,-6128,-102,41,25
1466819892,-5804,6046,-1344,109,-107,43,8160,8192,8676,22381,645,8192,5916,-60,-6016,-107,48,34
1466869892,-5608,6106,-1486,107,-104,29,8160,8192,0,0,645,8192,5840,358,-6104,-107,47,32
1466919892,-5574,6140,-1542,102,-95,76,0,0,-7,-1,-16811,0,5990,240,-5902,-104,36,33
1466969892,-5592,6148,-1520,89,-93,77,-15809,0,-15537,0,8160,8192,5642,286,-6114,-102,25,29
1467019892,-5506,6012,-1538,98,-119,38,-15806,0,-15537,0,8160,8192,5768,270,-6076,-103,24,30
1467069892,-5728,6144,-1434,102,-84,121,-16804,0,-15537,0,8160,8192,5810,178,-5966,-103,26,30
1467119892,-5644,5886,-1324,101,-104,56,-15803,0,-15537,0,8160,8192,5550,82,-6212,-103,33,30
1467169892,-5524,5980,-1538,106,-87,97,-15801,0,-15537,0,8160,8192,5738,210,-5922,-106,37,34
1467219892,-5486,6022,-1514,96,-92,58,-17796,0,-15537,0,8160,8192,5662,226,-6180,-96,41,28
1467269892,-5748,6006,-1378,109,-80,112,-16794,0,-15537,0,8160,8192,5772,92,-6078,-102,44,33
1467319892,-5606,6266,-1560,94,-93,48,8160,8192,0,0,645,8192,5834,368,-5946,-96,42,23
1467369892,-5642,6176,-1536,108,-100,71,0,0,-7,-1,-15788,0,5864,246,-6070,-103,42,30
1467419892,-5722,6154,-1516,104,-90,85,-15786,0,-15537,0,8160,8192,5910,180,-5996,-102,37,26
1467469892,-5502,6174,-1644,98,-135,9,-15784,0,-15537,0,8160,8192,5798,330,-5890,-109,30,33
1467519892,-5600,6132,-1560,103,-106,80,-15782,0,-15537,0,8160,8192,5906,266,-5852,-103,23,30
1467569892,-5438,6210,-1686,82,-143,-14,8160,8192,-27756,22392,645,8192,6012,318,-5804,-107,21,28
1467619892,-5448,6274,-1730,81,-150,-18,0,0,-7,-1,-15775,0,5708,424,-6016,-106,25,35
1467669892,-5428,6102,-1642,81,-129,5,0,0,-7,-1,-15774,0,5596,152,-6080,-102,33,31
1467719892,-5806,5952,-1312,111,-86,92,8160,8192,-8828,22394,645,8192,5836,184,-5920,-109,47,29
1467769892,-5508,6454,-1772,45,-169,-167,-15769,0,-15537,0,8160,8192,5638,554,-6202,-103,27,37
1467819892,-5528,6368,-1438,106,-153,-58,-15767,0,-15537,0,8160,8192,5690,824,-6026,-100,40,28
1467869892,-4968,6246,-1662,138,-185,-144,-15765,0,-15537,0,8160,8192,6272,394,-5864,-103,35,29
1467919892,-5134,6354,-1972,107,-227,-174,0,0,-7,-1,-15763,0,6228,1030,-5786,-98,23,31
1467969892,-5460,6248,-1650,109,-145,-105,-17761,0,-15537,0,8160,8192,5976,606,-5696,-94,43,34
1468019892,-6726,6636,-1576,142,-132,-103,-17759,0,-15537,0,8160,8192,3918,1158,-6484,-97,57,39
1468069892,-5632,6026,-1688,64,-62,241,0,0,-7,-1,-15757,0,4830,222,-6542,-104,59,28
1468119892,-5478,6176,-1460,115,-173,-217,-15755,0,-15537,0,8160,8192,6044,878,-5416,-98,63,29
1468169892,-5572,5982,-1630,133,-204,-136,8160,8192,0,0,645,8192,5858,338,-6112,-93,31,32
1468219892,-5194,6580,-2042,137,-259,-322,-15750,0,-15537,0,8160,8192,4856,984,-6468,-103,66,23
1468269892,-5730,6254,-1596,183,-260,-140,0,0,-7,-1,-16747,0,5240,1636,-6076,-99,14,30
1468319892,-5682,6840,-2328,71,-183,56,8160,8192,0,0,645,8192,6440,2388,-5172,-95,-2,23
1468369892,-6608,6664,-3206,157,-162,214,8160,8192,0,0,645,8192,6506,188,-5868,-116,48,9
1468419892,-5110,6228,-2106,70,-188,101,0,0,-7,-1,-16740,0,6416,908,-5626,-92,1,27
1468469892,-5512,6390,-1700,78,-115,5,-15738,0,-15537,0,8160,8192,9508,2410,-4404,-101,10,18
1468519892,-5446,5512,-1434,97,-139,-54,-15735,0,-15537,0,8160,8192,4336,1028,-6050,-97,22,21
1468569892,-5816,6332,-2328,28,-94,-5,8160,8192,-10796,22407,645,8192,6364,1582,-6070,-106,28,10
1468619892,-5076,5484,-1418,134,-244,-230,0,0,-7,-1,-15731,0,5568,762,-6954,-106,-5,13
1468669892,-5642,5000,-1052,81,-126,-183,-17729,0,-15537,0,8160,8192,6410,-1822,-6812,-116,36,7
1468719892,-6956,5374,-894,59,-41,40,-15724,0,-15537,0,8160,8192,5368,-1428,-5356,-89,39,20
1468769892,-8714,7010,-2918,96,-94,60,-17722,0,-15537,0,8160,8192,5728,554,-7148,-100,7,37
1468819892,-4742,4876,-1248,130,-133,-226,8160,8192,0,0,645,8192,5658,1528,-5734,-102,53,32
1468869892,-6968,5088,-204,188,-188,148,0,0,-7,-1,-15717,0,7042,-1558,-4166,-79,-31,51
1468919892,-6728,3280,60,45,82,254,0,0,-7,-1,-15715,0,2292,-1498,-8862,-95,114,40
1468969892,-8326,5402,-224,221,-202,-202,8160,8192,-4012,22413,645,8192,3924,-946,-7180,-106,48,16
1469019892,-7432,4236,-436,-66,-48,-229,-16711,0,-15537,0,8160,8192,5192,-1614,-6508,-104,64,30
1469069892,-9432,4728,568,205,-125,6,-17708,0,-15537,0,8160,8192,2834,-2032,-8550,-98,59,30
1469119892,-8362,4398,-558,-106,45,40,0,0,-7,-1,-15705,0,6354,-1606,-5620,-102,31,32
1469169892,-7524,4766,-584,204,-215,-265,-15701,0,-15537,0,8160,8192,5106,-1918,-6948,-99,55,29
1469219892,-7750,4842,80,93,62,519,8160,8192,-16156,22417,645,8192,5614,-2514,-6272,-104,53,41
1469269892,-7410,2762,900,28,171,814,8160,8192,-31692,22418,645,8192,6990,-3766,-5358,-103,35,27
1469319892,-9936,4116,808,74,171,904,-16696,0,-15537,0,8160,8192,4934,-3716,-6840,-74,58,16
1469369892,-8040,2578,1846,-41,151,586,8160,8192,0,0,645,8192,1558,-5046,-8362,-110,-28,25
1469419892,-6112,1292,674,163,-119,183,-15691,0,-15537,0,8160,8192,8272,-2528,-4496,-73,-10,49
1469469892,-4954,4736,-142,39,-92,312,-15690,0,-15537,0,8160,8192,10090,2708,-6952,-91,-35,56
1469519892,-2802,6124,-2710,-79,-286,-524,0,0,-7,-1,-16687,0,4902,1610,-4408,-103,-18,42
1469569892,-6290,5648,-2454,68,112,905,8160,8192,6164,22423,645,8192,5364,-1178,-6650,-100,16,51
1469619892,-3916,5832,-1658,57,-160,29,-15683,0,-15537,0,8160,8192,4738,5036,-8424,-95,4,49
1469669892,-4056,5972,-2518,111,-246,-249,-16682,0,-15537,0,8160,8192,5578,1154,-6632,-128,62,44
1469719892,-3470,5194,-2476,150,-46,316,-15680,0,-15537,0,8160,8192,5198,-3346,-3858,-133,69,22
1469769892,-5084,7552,-3002,81,-279,-138,-16678,0,-15537,0,8160,8192,4388,2454,-6698,-96,20,46
1469819892,-3612,7896,-3902,265,-421,-627,-15675,0,-15537,0,8160,8192,6626,4080,-5702,-108,19,32
1469869892,-3654,7592,-2884,178,-27,190,8160,8192,0,0,645,8192,5184,4132,-5756,-96,105,6
1469919892,-5006,6864,-2376,31,75,507,-17672,0,-15537,0,8160,8192,5276,2006,-6200,-112,33,14
1469969892,-5274,6552,-1802,54,26,566,-15669,0,-15537,0,8160,8192,5174,624,-6156,-118,23,11
1470019892,-6080,5214,-950,152,-3,326,8160,8192,-2588,22429,645,8192,6362,-1088,-5528,-109,74,11
1470069892,-4468,7276,-2946,18,-223,-122,8160,8192,-18124,22430,645,8192,5576,1932,-5834,-145,44,44
1470119892,-4960,6116,-2088,202,-25,217,-15662,0,-15537,0,8160,8192,5458,1260,-5934,-130,48,40
1470169892,-4338,6986,-2406,100,-140,-57,0,0,-7,-1,-15660,0,4782,1806,-6292,-103,33,21
1470219892,-5228,6388,-1788,144,-44,291,-15658,0,-15537,0,8160,8192,5384,800,-6254,-104,21,31
1470269892,-5202,6628,-1838,95,-150,-19,8160,8192,-14732,22433,645,8192,4810,274,-6586,-99,28,19
1470319892,-5624,6292,-1592,123,-94,65,-16656,0,-15537,0,8160,8192,5572,526,-6264,-112,45,32
1470369892,-6170,5694,-1062,114,-47,158,-17653,0,-15537,0,8160,8192,5890,-552,-6014,-101,45,27
1470419892,-5726,5920,-1290,112,-131,-5,8160,8192,4196,22436,645,8192,5804,-38,-6088,-100,46,28
1470469892,-5908,5846,-1142,106,-90,128,-15648,0,-15537,0,8160,8192,5782,-540,-6098,-103,30,31
1470519892,-5838,5834,-1246,90,-131,-30,0,0,-7,-1,-15645,0,5660,-84,-6128,-112,36,33
1470569892,-5726,5970,-1322,90,-83,99,8160,8192,23124,22438,645,8192,5764,-32,-6174,-103,30,28
1470619892,-5406,6122,-1622,76,-115,30,0,0,-7,-1,-15641,0,5644,446,-6114,-105,30,31
1470669892,-5570,6158,-1614,108,-90,86,-17638,0,-15537,0,8160,8192,5692,450,-6150,-107,42,31
1470719892,-5458,6090,-1580,108,-87,80,8160,8192,-23484,22440,645,8192,5940,394,-6002,-107,42,31
1470769892,-5574,6178,-1538,99,-113,35,-15634,0,-15537,0,8160,8192,5882,294,-5934,-103,35,30
1470819892,-5678,5946,-1528,101,-90,106,0,0,-7,-1,-15631,0,5700,72,-5982,-103,29,34
1470869892,-5604,6008,-1426,90,-98,74,0,0,-7,-1,-15628,0,5606,58,-6236,-102,29,26
1470919892,-5640,6078,-1454,94,-109,56,0,0,-7,-1,-15626,0,5896,128,-5828,-105,31,31
1470969892,-5658,6062,-1522,98,-83,94,0,0,-7,-1,-16624,0,5662,216,-6044,-101,35,31
1471019892,-5548,6088,-1628,97,-99,53,-15623,0,-15537,0,8160,8192,5648,300,-6146,-100,37,27
1471069892,-5638,6142,-1498,100,-89,95,8160,8192,-1164,22445,645,8192,5890,208,-5942,-106,38,31
1471119892,-5696,5976,-1554,98,-88,92,0,0,-7,-1,-15615,0,5868,218,-5918,-98,35,23
1471169892,-5482,6224,-1594,89,-110,40,0,0,-7,-1,-16613,0,5562,314,-6218,-103,32,26
1471219892,-5678,6072,-1524,109,-106,93,-16609,0,-15537,0,8160,8192,5568,54,-6218,-108,31,34
1471269892,-5682,6066,-1504,91,-102,56,-15606,0,-15537,0,8160,8192,5632,116,-6166,-101,34,26
1471319892,-5692,6082,-1434,101,-110,64,-17605,0,-15537,0,8160,8192,5774,144,-6090,-109,27,33
1471369892,-5686,5938,-1412,105,-99,94,8160,8192,0,0,645,8192,5970,-44,-5942,-107,28,36
1471419892,-5326,6312,-1702,84,-141,-27,0,0,-7,-1,-15602,0,6080,480,-5892,-105,29,29
1471469892,-5550,6160,-1526,107,-94,101,-15600,0,-15537,0,8160,8192,5704,360,-6086,-106,31,34
1471519892,-5406,6202,-1680,96,-120,37,8160,8192,-9916,22452,645,8192,5914,556,-5908,-110,29,35
1471569892,-5400,6288,-1574,101,-137,-14,0,0,-7,-1,-16594,0,5508,300,-6122,-100,38,26
1471619892,-5430,6154,-1612,87,-148,-37,-15591,0,-15537,0,8160,8192,5840,398,-5968,-103,34,30
1471669892,-5652,6276,-1650,104,-106,95,-15588,0,-15537,0,8160,8192,5906,488,-6032,-108,34,26
1471719892,-5158,6444,-1854,19,-171,-192,-15586,0,-15537,0,8160,8192,5840,1088,-5908,-104,14,34
1471769892,-5864,6374,-2110,64,-140,-119,0,0,-7,-1,-16582,0,5648,928,-6132,-104,16,27
1471819892,-5050,6428,-1602,132,-213,-199,0,0,-7,-1,-15581,0,6588,738,-5518,-106,12,29
1471869892,-5598,6532,-1582,81,-139,-192,-16580,0,-15537,0,8160,8192,5936,1080,-5788,-98,52,35
1471919892,-5580,5390,-1110,20,-10,233,-16578,0,-15537,0,8160,8192,6110,-854,-6014,-100,35,30
1471969892,-6132,5506,-768,105,-105,64,-17576,0,-15537,0,8160,8192,6120,-824,-5910,-104,29,32
1472019892,-5838,5914,-1392,79,-131,-120,0,0,-7,-1,-15574,0,6322,30,-5810,-105,47,28
1472069892,-5440,6046,-1568,153,-241,-352,-16570,0,-15537,0,8160,8192,6364,246,-5686,-101,48,34
1472119892,-5152,6374,-2096,124,-299,-417,0,0,-7,-1,-15569,0,4664,1032,-6614,-102,42,31
1472169892,-5184,6640,-2244,204,-323,-386,-15566,0,-15537,0,8160,8192,5996,866,-5658,-99,34,22
1472219892,-5218,6076,-1424,118,-209,-44,-16564,0,-15537,0,8160,8192,5354,778,-6848,-95,7,29
1472269892,-4494,5816,-1640,63,-122,63,-15561,0,-15537,0,8160,8192,6834,1232,-5710,-101,13,22
1472319892,-6102,7000,-2718,65,-99,190,-15560,0,-15537,0,8160,8192,3678,1286,-7672,-98,42,28
1472369892,-6650,6864,-2770,52,-121,79,-15557,0,-15537,0,8160,8192,7346,730,-6088,-99,-7,19
1472419892,-6274,6432,-1904,128,-86,213,-15556,0,-15537,0,8160,8192,5876,2358,-5932,-99,43,25
1472469892,-8624,9064,-4138,90,-184,-102,-15555,0,-15537,0,8160,8192,4894,-344,-6972,-94,19,44
1472519892,-5638,6246,-1950,154,-203,-242,8160,8192,7044,22468,645,8192,3180,-334,-8328,-104,14,34
1472569892,-5604,6052,-1898,28,-142,169,-15551,0,-15537,0,8160,8192,7270,674,-5096,-94,8,40
1472619892,-6802,6576,-1798,100,-220,-402,8160,8192,0,0,645,8192,5652,-566,-6354,-85,9,30
1472669892,-6000,5950,-1482,68,-97,-35,8160,8192,25972,22470,645,8192,4742,3014,-5910,-99,38,31
1472719892,-7538,5880,-892,112,-88,-8,-15547,0,-15537,0,8160,8192,2788,1020,-8468,-115,4,22
1472769892,-6516,4994,-1326,25,-99,-134,-15544,0,-15537,0,8160,8192,6610,178,-5302,-117,-6,47
1472819892,-6244,4446,632,66,-26,246,-15542,0,-15537,0,8160,8192,5334,960,-6068,-96,-9,30
1472869892,-6386,3762,388,125,-110,15,-17540,0,-15537,0,8160,8192,7600,530,-5842,-101,64,48
1472919893,-6564,5408,904,169,-101,-141,-17538,0,-15537,0,8160,8192,11346,-2426,-2698,-118,89,16
1472969892,-9250,3948,648,-98,204,251,0,0,-7,-1,-16535,0,5396,-2332,-6230,-96,68,31
1473019892,-7808,4410,440,183,-158,-36,8160,8192,0,0,645,8192,6004,-2450,-5436,-104,46,35
1473069892,-7662,4138,936,158,-60,137,-16531,0,-15537,0,8160,8192,5872,-2956,-6230,-109,59,37
1473119892,-8208,4214,500,117,80,462,0,0,-7,-1,-16529,0,6306,-2944,-5820,-100,70,16
1473169892,-8404,3520,1050,82,111,679,-18528,0,-15537,0,8160,8192,8520,-3814,-4558,-57,50,15
1473219892,-8688,3790,1172,-127,225,791,0,0,-7,-1,-16526,0,4722,-4440,-6964,-107,-28,34
1473269892,-10308,5480,912,166,-34,361,8160,8192,-29388,22479,645,8192,8008,-3330,-3968,-81,17,63
1473319892,-5396,2338,-1478,-54,-92,-52,8160,8192,20612,22480,645,8192,7218,-2262,-2450,-89,-59,60
1473369892,-6138,7380,-2492,-16,-101,84,-16517,0,-15537,0,8160,8192,8208,684,-6852,-148,-23,35
1473419892,-4110,6422,-1360,95,-76,229,0,0,-7,-1,-17514,0,7762,1562,-8058,-111,24,58
1473469892,-7068,8486,-2186,120,-77,199,8160,8192,0,0,645,8192,9392,-2212,-6428,-127,58,30
1473519892,-5736,6026,-2180,49,-16,120,8160,8192,0,0,645,8192,2088,-1226,-4948,-89,72,34
1473569892,-3852,2856,-3056,112,-174,-12,0,0,-7,-1,-16510,0,2252,2264,-8044,-111,48,48
1473619892,-2318,5912,-2022,50,-138,54,8160,8192,0,0,645,8192,3662,4360,-8018,-109,26,25
1473669892,-3826,7246,-3308,82,-327,-265,0,0,-7,-1,-17505,0,6422,4102,-6534,-120,-3,21
1473719892,-4210,7388,-3164,153,-145,-66,-16503,0,-15537,0,8160,8192,5570,2896,-6302,-105,52,18
1473769892,-3948,7346,-2790,227,-74,150,-16501,0,-15537,0,8160,8192,5472,2358,-5464,-113,72,21
1473819892,-4704,5104,-566,31,108,766,8160,8192,-3676,22487,645,8192,4946,-902,-6822,-128,23,39
1473869892,-7602,6080,-264,179,-41,431,-16497,0,-15537,0,8160,8192,6708,-1550,-5578,-122,50,26
1473919892,-3180,7714,-3742,-90,-400,-671,8160,8192,30788,22489,645,8192,6350,3998,-5874,-112,1,34
1473969892,-3692,7594,-2824,348,-329,-453,0,0,-7,-1,-16492,0,5512,2332,-6090,-128,57,45
1474019892,-4308,7116,-2692,-145,283,955,8160,8192,0,0,645,8192,6122,1980,-5916,-97,45,3
1474069892,-5062,6364,-2190,208,-218,-67,-16486,0,-15537,0,8160,8192,5724,1124,-6138,-109,30,12
1474119892,-6210,5858,-1296,49,16,378,-16484,0,-15537,0,8160,8192,6512,-158,-5960,-107,14,38
1474169892,-6106,5890,-928,117,-126,0,-16482,0,-15537,0,8160,8192,5896,-672,-6120,-102,51,34
1474219892,-6712,5356,-742,121,-25,174,-16480,0,-15537,0,8160,8192,5908,-1128,-6086,-108,63,18
1474269892,-5240,6188,-1864,40,-190,-193,-16478,0,-15537,0,8160,8192,5688,740,-5978,-105,29,28
1474319892,-5646,6220,-1564,116,-72,223,-16476,0,-15537,0,8160,8192,5892,360,-5906,-112,10,36
1474369892,-5526,6282,-1728,86,-122,14,-16474,0,-15537,0,8160,8192,5860,618,-6014,-106,35,32
1474419892,-5644,6098,-1310,133,-107,42,8160,8192,6500,22497,645,8192,5902,18,-6026,-105,46,25
1474469892,-5728,6008,-1544,86,-73,125,-16470,0,-15537,0,8160,8192,5816,272,-6036,-107,35,33
1474519892,-5724,6026,-1442,101,-116,69,-16467,0,-15537,0,8160,8192,5902,-32,-6106,-104,29,31
1474569892,-5744,5992,-1306,97,-100,88,0,0,-7,-1,-17465,0,5868,-44,-5982,-107,26,32
1474619892,-5618,6134,-1642,90,-149,-18,-18462,0,-15537,0,8160,8192,5900,282,-5994,-105,24,31
1474669892,-5748,6072,-1398,111,-66,144,-16460,0,-15537,0,8160,8192,5896,90,-6014,-102,39,32
1474719892,-5704,6042,-1482,98,-122,16,-16310,0,-15537,0,8160,8192,5840,132,-6120,-106,39,32
1474769892,-5638,6180,-1576,103,-112,35,-18455,0,-15537,0,8160,8192,5842,270,-6042,-108,38,31
1474819892,-5664,6074,-1434,118,-94,79,-18453,0,-15537,0,8160,8192,5826,94,-6118,-106,44,30
1474869892,-5752,5916,-1462,103,-101,74,-16450,0,-15537,0,8160,8192,5858,32,-5856,-106,35,32
1474919892,-5552,6240,-1538,92,-122,19,-16447,0,-15537,0,8160,8192,5474,262,-6314,-104,33,30
1474969892,-5634,6024,-1444,111,-101,107,8160,8192,32212,22505,645,8192,5878,22,-6028,-109,28,35
1475019892,-5436,6266,-1674,90,-135,-1,-18443,0,-15537,0,8160,8192,5966,486,-5788,-105,28,27
1475069892,-5510,6234,-1616,105,-109,58,-18442,0,-15537,0,8160,8192,5696,470,-5896,-109,33,31
1475119892,-5222,6406,-1902,82,-135,-23,8160,8192,0,0,645,8192,5948,720,-5756,-102,32,33
1475169892,-5392,6108,-1572,113,-106,84,-16438,0,-15537,0,8160,8192,5914,350,-5882,-98,36,28
1475219892,-5562,6380,-1576,87,-122,21,8160,8192,0,0,645,8192,5734,588,-6156,-100,34,33
1475269892,-5846,6072,-1286,98,-99,95,-16433,0,-15537,0,8160,8192,5716,-82,-6236,-100,27,27
1475319892,-5542,6224,-1574,70,-142,-23,-16431,0,-15537,0,8160,8192,5574,416,-6216,-101,29,27
1475369892,-5706,6046,-1550,90,-81,125,-16429,0,-15537,0,8160,8192,5938,-60,-5966,-106,24,35
1475419892,-5322,6216,-1660,85,-175,-129,-16428,0,-15537,0,8160,8192,5556,688,-6254,-103,48,30
1475469892,-5422,6520,-2136,94,-185,-157,-16425,0,-15537,0,8160,8192,5966,984,-5818,-103,16,29
1475519892,-5126,6240,-1618,53,-139,2,8160,8192,0,0,645,8192,5656,442,-6216,-107,18,35
1475569892,-5630,6212,-1596,92,-161,-145,-16422,0,-15537,0,8160,8192,5910,880,-5912,-104,10,24
1475619892,-4552,5628,-1154,112,-170,-123,8160,8192,26852,22515,645,8192,6030,446,-5892,-97,34,28
1475669892,-5908,6360,-1704,78,-152,-151,0,0,-7,-1,-17420,0,5302,308,-6464,-111,38,27
1475719892,-5742,6048,-1406,144,-155,-120,8160,8192,0,0,645,8192,5686,-206,-6164,-97,41,28
1475769892,-5612,6318,-2014,97,-198,-217,-18415,0,-15537,0,8160,8192,5982,1386,-5882,-103,31,25
1475819892,-5806,6358,-1794,191,-257,-155,8160,8192,30244,22518,645,8192,5524,34,-6008,-93,16,33
1475869892,-5912,6486,-2064,54,-116,44,0,0,-7,-1,-16411,0,5726,382,-5800,-110,55,17
1475919892,-5666,6276,-2120,160,-226,-55,-16409,0,-15537,0,8160,8192,3594,538,-6818,-98,33,28
1475969892,-4994,5618,-1522,88,-145,123,8160,8192,0,0,645,8192,4174,-66,-6430,-104,30,29
1476019892,-5850,6332,-1552,130,-167,-12,8160,8192,0,0,645,8192,5804,-1500,-7396,-102,17,35
1476069892,-5678,5958,-1350,97,-144,-48,0,0,-7,-1,-16405,0,5618,-448,-6346,-96,10,33
1476119892,-5672,6548,-2008,174,-209,-4,8160,8192,2564,22523,645,8192,5552,2722,-4806,-104,24,35
1476169892,-7296,7766,-3384,102,-115,72,-16400,0,-15537,0,8160,8192,1260,778,-9416,-111,59,33
1476219892,-5954,5878,-1258,105,-62,112,0,0,-7,-1,-16399,0,4050,-424,-6636,-91,48,45
1476269892,-5590,5836,-1562,75,-166,-271,-16397,0,-15537,0,8160,8192,4708,420,-6380,-102,1,35
1476319892,-8342,7800,-2890,80,-102,101,-16395,0,-15537,0,8160,8192,2666,-514,-7430,-84,50,41
1476369892,-7252,6878,-1662,63,-128,-236,-16392,0,-15537,0,8160,8192,5420,178,-5940,-96,14,44
1476419892,-6234,5738,-1760,132,-159,-55,-17390,0,-15537,0,8160,8192,6574,-782,-5548,-101,41,27
1476469892,-5744,4976,-304,128,-175,-91,-16388,0,-15537,0,8160,8192,9412,-4,-3328,-109,-24,41
1476519892,-5314,5114,-1624,44,-92,-162,-16385,0,-15537,0,8160,8192,4972,1514,-6928,-104,49,46
1476569892,-6232,5124,-154,187,-242,-105,8160,8192,0,0,645,8192,6202,-1728,-6520,-103,-42,34
1476619892,-5858,3070,730,112,75,462,8160,8192,-21724,22530,645,8192,7162,-1400,-5668,-105,103,49
1476669892,-7462,4004,-106,97,-25,189,8160,8192,28276,22531,645,8192,3834,-2984,-8074,-116,66,18
1476719892,-7440,4842,-556,49,-171,-403,8160,8192,0,0,645,8192,5860,-1068,-5992,-102,66,41
1476769892,-6916,4538,-118,178,-199,-191,8160,8192,-2796,22532,645,8192,6136,-2112,-5912,-108,66,30
1476819892,-7056,4322,-174,-17,-5,138,-16369,0,-15537,0,8160,8192,5668,-1684,-6060,-109,48,37
1476869892,-7416,4278,-102,178,-128,19,-16367,0,-15537,0,8160,8192,5984,-2114,-6144,-98,53,34
1476919892,-8196,5348,-250,188,-85,409,-16366,0,-15537,0,8160,8192,-1612,-2056,-16796,-112,32,39
1476969892,-7472,3750,-80,50,137,788,-16364,0,-15537,0,8160,8192,5882,-3440,-5736,-111,63,33
1477019892,-10562,5154,-378,182,38,733,-18362,0,-15537,0,8160,8192,6248,-2430,-6282,-96,45,37
1477069892,-9202,3428,666,-11,397,999,0,0,-7,-1,-16360,0,-3608,-5584,-13242,-135,86,23
1477119892,-8238,6600,-208,111,-299,-158,-16357,0,-15537,0,8160,8192,2842,-2576,-9318,-70,-3,52
1477169892,-2826,4814,-1514,-20,-235,-138,-16355,0,-15537,0,8160,8192,7280,2614,-6818,-105,-42,47
1477219892,-4724,6998,-1492,170,-88,281,-16353,0,-15537,0,8160,8192,2452,-868,-8306,-111,13,35
1477269892,-6772,5876,-2026,187,-56,312,-18351,0,-15537,0,8160,8192,3426,784,-6978,-100,32,51
1477319892,-3158,3226,-1588,73,-76,164,8160,8192,0,0,645,8192,5484,-814,-6252,-99,26,48
1477369892,-5062,6096,-1552,178,-97,86,8160,8192,7380,22542,645,8192,6066,-1886,-4934,-118,51,29
1477419892,-4844,5244,-2466,72,-137,-35,-16345,0,-15537,0,8160,8192,2590,3102,-6232,-112,53,25
1477469892,-3992,6464,-3510,39,-241,-82,-16342,0,-15537,0,8160,8192,6424,3482,-6278,-75,4,46
1477519892,-3604,7854,-3000,137,-207,-359,-16340,0,-15537,0,8160,8192,5288,3086,-6490,-102,25,20
1477569892,-4402,6696,-2798,256,-155,-9,-16337,0,-15537,0,8160,8192,6172,2920,-5238,-103,41,10
1477619892,-3684,6234,-1974,37,-5,444,0,0,-7,-1,-16335,0,4798,700,-6654,-126,27,22
1477669892,-6120,5284,-1248,108,186,725,-16333,0,-15537,0,8160,8192,6284,-296,-5506,-111,39,18
1477719892,-4940,5780,-1340,68,-193,-68,0,0,-7,-1,-16331,0,4958,522,-6042,-130,34,46
1477769892,-4066,7708,-3404,124,-245,-541,0,0,-7,-1,-16329,0,5162,3208,-6356,-124,77,35
1477819892,-4610,6470,-2018,130,-1,491,-16327,0,-15537,0,8160,8192,5992,1094,-5662,-108,36,21
1477869892,-5262,6564,-1980,86,-151,-1,-16325,0,-15537,0,8160,8192,5406,1258,-6234,-112,16,21
1477919892,-5094,6168,-1416,127,-111,96,-16323,0,-15537,0,8160,8192,6648,272,-5502,-101,17,26
1477969892,-6064,6044,-1424,94,-59,203,0,0,-7,-1,-16320,0,6072,292,-5640,-101,30,31
1478019892,-5946,5754,-1188,98,-72,111,0,0,-7,-1,-16319,0,5686,-352,-6090,-96,39,20
1478069892,-5814,5950,-1338,71,-89,41,-16318,0,-15537,0,8160,8192,5774,60,-5926,-110,42,31
1478119892,-5496,6214,-1594,105,-132,-17,-16315,0,-15537,0,8160,8192,5914,326,-6076,-105,55,32
1478169892,-5792,6022,-1368,109,-71,146,8160,8192,0,0,645,8192,5980,-6,-6006,-109,36,35
1478219892,-5554,6126,-1488,110,-147,-43,-16312,0,-15537,0,8160,8192,5794,214,-5894,-105,33,29
1478269892,-5786,6014,-1344,87,-73,180,-16309,0,-15537,0,8160,8192,5930,2,-5946,-104,17,33
1478319892,-5606,6226,-1580,88,-152,-17,-16307,0,-15537,0,8160,8192,5834,182,-6112,-100,20,27
1478369892,-5824,6154,-1330,99,-84,133,-18306,0,-15537,0,8160,8192,5886,52,-6144,-100,23,31
1478419892,-5658,6116,-1454,104,-133,21,0,0,-7,-1,-16304,0,5826,62,-5890,-102,31,31
1478469892,-5766,6026,-1398,106,-89,79,0,0,-7,-1,-16302,0,5790,40,-5920,-103,44,31
1478519892,-5666,6020,-1458,109,-109,33,-16300,0,-15537,0,8160,8192,5698,202,-6150,-110,43,37
1478569892,-5606,6176,-1480,101,-114,48,0,0,-7,-1,-16298,0,5810,188,-6048,-106,32,34
1478619892,-5774,6012,-1424,102,-83,97,8160,8192,12196,22561,645,8192,5840,10,-6066,-101,36,25
1478669892,-5774,6120,-1488,108,-102,74,0,0,-7,-1,-17293,0,5772,64,-6078,-107,35,36
1478719892,-5736,6100,-1376,96,-99,59,8160,8192,0,0,645,8192,5714,108,-6136,-104,37,30
1478769892,-5520,6208,-1470,104,-124,4,0,0,-7,-1,-16290,0,5838,334,-6014,-112,42,38
1478819892,-5740,6050,-1456,121,-82,107,8160,8192,0,0,645,8192,6076,18,-5818,-109,39,37
1478869892,-5544,6184,-1550,111,-120,3,8160,8192,52,22565,645,8192,5762,342,-6168,-106,41,33
1478919892,-5490,6138,-1674,101,-118,53,-16283,0,-15537,0,8160,8192,5662,430,-6092,-109,28,36
1478969892,-5474,6106,-1614,102,-96,101,8160,8192,-31020,22566,645,8192,5498,370,-6200,-102,25,28
1479019892,-5358,6296,-1670,85,-130,28,-16279,0,-15537,0,8160,8192,5514,586,-6060,-105,19,32
1479069892,-5826,5954,-1468,88,-79,157,-16277,0,-15537,0,8160,8192,5988,-10,-5914,-100,14,33
1479119892,-5344,6336,-1740,79,-147,-36,8160,8192,-12092,22568,645,8192,5858,634,-6016,-106,23,26
1479169892,-4836,6850,-2294,55,-167,-85,0,0,-7,-1,-17272,0,5580,1494,-6180,-98,26,24
1479219892,-5760,5932,-1392,117,-45,226,0,0,-7,-1,-16269,0,5694,266,-5962,-105,36,26
1479269892,-5338,6398,-1890,83,-169,-81,-16269,0,-15537,0,8160,8192,5848,692,-5972,-103,33,35
1479319892,-5400,6158,-1632,28,-168,-254,-16266,0,-15537,0,8160,8192,5658,612,-6146,-106,46,27
1479369892,-5320,6298,-1756,56,-117,-123,-16266,0,-15537,0,8160,8192,5670,590,-6220,-106,46,27
1479419892,-4360,4828,-600,131,-140,-136,0,0,-7,-1,-16263,0,5622,1058,-5836,-98,61,35
1479469892,-5488,6506,-1776,47,-97,44,0,0,-7,-1,-17262,0,5398,356,-6428,-103,26,29
1479519892,-5446,6116,-1458,112,-199,-248,8160,8192,0,0,645,8192,6394,432,-6030,-101,16,25
1479569892,-5580,6274,-1776,44,-103,-24,8160,8192,-20844,22575,645,8192,5948,1072,-6124,-98,28,24
1479619892,-5220,5484,-1324,117,-178,-99,-16255,0,-15537,0,8160,8192,6034,198,-6126,-93,22,29
1479669892,-5528,6056,-1534,107,-170,-121,-16252,0,-15537,0,8160,8192,6070,1340,-6140,-109,39,17
1479719892,-5372,6134,-1562,216,-263,-307,-16250,0,-15537,0,8160,8192,4030,356,-7222,-93,51,25
1479769892,-5236,5588,-1332,134,-161,3,0,0,-7,-1,-16248,0,5182,1434,-6964,-105,54,22
1479819892,-6142,6416,-1812,105,-145,-9,0,0,-7,-1,-16246,0,6572,762,-5534,-94,16,23
1479869892,-5636,5940,-1940,92,-123,35,0,0,-7,-1,-16244,0,4456,-50,-6570,-90,30,25
1479919892,-5178,5664,-1476,132,-139,135,8160,8192,1476,22581,645,8192,4648,-214,-6954,-99,19,13
1479969892,-6942,7366,-3362,99,-148,80,-17240,0,-15537,0,8160,8192,6618,670,-6200,-99,32,14
1480019892,-5908,6010,-1482,95,-79,46,0,0,-7,-1,-16239,0,6098,314,-5760,-86,41,45
1480069892,-5992,6244,-1734,109,-201,-175,8160,8192,20404,22583,645,8192,4362,860,-7800,-102,0,39
1480119892,-6710,6574,-1304,85,-141,-97,0,0,-7,-1,-16238,0,3642,-468,-8052,-108,24,22
1480169892,-4874,5172,-1380,101,-273,-214,0,0,-7,-1,-17236,0,6926,724,-5070,-110,-5,13
1480219892,-6056,5758,-1232,167,-145,-36,-16234,0,-15537,0,8160,8192,5478,-420,-6174,-102,52,33
1480269892,-9550,7084,-2734,156,-135,-96,0,0,-7,-1,-17232,0,4206,-820,-6830,-116,52,32
1480319892,-7336,6414,-1760,137,-64,111,-16230,0,-15537,0,8160,8192,5340,504,-6216,-101,73,44
1480369892,-6502,5286,-656,254,-212,6,-17228,0,-15537,0,8160,8192,4904,-1778,-6286,-99,18,35
1480419892,-6520,4610,-442,50,-24,58,-16226,0,-15537,0,8160,8192,6522,-2098,-5926,-113,72,26
1480469892,-8168,5544,-532,150,-108,90,-16224,0,-15537,0,8160,8192,7292,-1518,-5340,-119,28,18
1480519892,-8100,5612,-656,100,-89,164,0,0,-7,-1,-16221,0,6256,-1428,-5676,-111,29,16
1480569892,-7870,5002,-330,155,-215,-246,-16218,0,-15537,0,8160,8192,5872,-1430,-6006,-97,30,34
1480619892,-7622,4602,-186,61,-67,140,-16216,0,-15537,0,8160,8192,6252,-1758,-5754,-106,24,34
1480669892,-6890,4664,-320,124,-120,-18,0,0,-7,-1,-16214,0,6056,-1620,-5884,-104,43,31
1480719892,-8096,4256,760,146,85,665,-16211,0,-15537,0,8160,8192,6282,-3116,-5774,-109,45,29
1480769892,-8848,3584,1046,-81,288,923,-16209,0,-15537,0,8160,8192,4048,-4544,-7456,-105,50,51
1480819892,-7994,3902,22,64,-88,413,-16207,0,-15537,0,8160,8192,3462,-5140,-7768,-115,-77,17
1480869892,-9882,4664,1020,129,251,802,8160,8192,-31564,22595,645,8192,10510,-6978,-3530,-99,55,50
1480919892,-9024,8184,-92,58,-234,-109,-16201,0,-15537,0,8160,8192,396,-8516,-10764,-101,40,47
1480969892,-5432,5014,-364,154,-57,292,-16199,0,-15537,0,8160,8192,7570,-166,-8162,-139,33,30
1481019892,-2550,7144,-2338,37,-191,-167,-18197,0,-15537,0,8160,8192,-2310,-2696,-7632,-115,99,68
1481069892,-5572,6872,-1124,174,-7,338,8160,8192,0,0,645,8192,6570,-1682,-5128,-132,60,30
1481119892,-3880,5616,-3218,82,-21,134,8160,8192,21828,22599,645,8192,4894,1798,-5980,-111,97,52
1481169892,-3368,7194,-3496,88,-299,-114,0,0,-7,-1,-17190,0,4748,302,-6318,-99,32,35
1481219892,-4808,6152,-2234,61,-24,283,8160,8192,-9244,22600,645,8192,4488,-606,-6834,-102,2,17
1481269892,-3708,7236,-3218,46,-305,-334,-18186,0,-15537,0,8160,8192,4394,4022,-6096,-115,47,19
1481319892,-3088,7018,-2950,262,-334,-311,-16184,0,-15537,0,8160,8192,5114,3130,-6396,-109,25,24
1481369892,-4708,7970,-2830,-27,-48,546,-16181,0,-15537,0,8160,8192,4764,2344,-6384,-103,-97,17
1481419892,-5072,6800,-1592,26,4,533,8160,8192,-5852,22603,645,8192,4990,674,-6348,-107,-58,20
1481469892,-6264,5614,-1096,180,56,566,-16178,0,-15537,0,8160,8192,5108,-504,-6222,-119,28,27
1481519892,-6084,6316,-978,147,-102,31,-16177,0,-15537,0,8160,8192,6188,-362,-5658,-126,99,42
1481569892,-3776,7128,-2720,100,-205,-386,-16175,0,-15537,0,8160,8192,6512,2480,-5338,-133,98,44
1481619892,-5300,6508,-1836,160,-12,210,8160,8192,-2460,22606,645,8192,5480,750,-5938,-110,78,24
1481669892,-4864,6868,-2316,68,-121,-27,-16170,0,-15537,0,8160,8192,5760,1486,-6166,-110,40,22
1481719892,-5278,5938,-1636,140,-49,212,8160,8192,32004,22608,645,8192,5712,414,-5802,-100,33,16
1481769892,-5520,6288,-1512,113,-98,100,0,0,-7,-1,-17166,0,6118,-94,-5994,-105,40,19
1481819892,-5856,5856,-1172,127,-125,24,0,0,-7,-1,-16165,0,5988,-296,-5876,-104,47,27
1481869892,-5776,5806,-1382,106,-88,83,0,0,-7,-1,-17163,0,5734,-58,-5932,-106,48,30
1481919892,-5662,6298,-1630,90,-151,-1,0,0,-7,-1,-17161,0,5802,316,-6234,-100,24,27
1481969892,-6118,5824,-1076,104,-65,241,0,0,-7,-1,-16159,0,5876,-562,-6170,-105,4,32
1482019892,-5560,6170,-1586,87,-184,-94,0,0,-7,-1,-16157,0,5880,186,-5966,-109,12,33
1482069892,-5714,6062,-1454,97,-100,123,8160,8192,0,0,645,8192,5940,-14,-5926,-109,19,31
1482119892,-5678,6008,-1426,90,-118,77,8160,8192,0,0,645,8192,5780,144,-6018,-112,17,33
1482169892,-5450,6106,-1650,96,-138,-9,-16153,0,-15537,0,8160,8192,5740,282,-6074,-109,34,31
1482219892,-5660,6168,-1430,109,-102,85,-17151,0,-15537,0,8160,8192,5936,148,-6122,-106,33,34
1482269892,-5598,6006,-1560,104,-120,64,-16150,0,-15537,0,8160,8192,5808,130,-5962,-106,30,33
1482319892,-5660,6178,-1508,110,-106,28,8160,8192,-23356,22617,645,8192,5730,152,-6158,-109,44,33
1482369892,-5626,6086,-1440,98,-112,41,-16145,0,-15537,0,8160,8192,5850,-2,-6122,-107,33,33
1482419892,-5664,6046,-1584,99,-117,51,-16143,0,-15537,0,8160,8192,5840,156,-5986,-111,28,34
1482469892,-5518,6050,-1504,106,-124,27,-17142,0,-15537,0,8160,8192,5764,164,-5954,-108,34,35
1482519892,-5618,6182,-1398,106,-89,89,-17140,0,-15537,0,8160,8192,5634,64,-6176,-108,35,30
1482569892,-5500,6248,-1512,100,-124,9,8160,8192,30036,22621,645,8192,5616,342,-6150,-107,41,33
1482619892,-5542,6034,-1544,108,-82,97,-18137,0,-15537,0,8160,8192,5642,230,-6156,-103,43,25
1482669892,-5648,6180,-1462,104,-93,93,-16135,0,-15537,0,8160,8192,5612,172,-6242,-104,35,27
1482719892,-5662,6180,-1458,103,-101,66,-16132,0,-15537,0,8160,8192,5546,176,-6188,-102,35,26
1482769892,-5532,6058,-1664,95,-101,59,8160,8192,-32108,22624,645,8192,5668,252,-6138,-104,34,32
1482819892,-5356,6252,-1772,88,-119,27,-16131,0,-15537,0,8160,8192,5906,600,-5952,-106,31,30
1482869892,-5272,6364,-1824,94,-128,16,0,0,-7,-1,-16129,0,5808,834,-6058,-102,33,29
1482919892,-5834,5988,-1512,97,-99,106,8160,8192,0,0,645,8192,5662,80,-6182,-105,27,34
1482969892,-5400,6290,-1752,75,-157,-69,-16125,0,-15537,0,8160,8192,5972,720,-5834,-106,41,28
1483019892,-5442,5960,-1572,106,-90,102,-16124,0,-15537,0,8160,8192,5694,328,-6088,-101,37,37
1483069892,-5320,6468,-2008,80,-158,-88,-16121,0,-15537,0,8160,8192,5900,688,-5952,-103,49,37
1483119892,-5712,6342,-1586,149,-176,-122,0,0,-7,-1,-16119,0,5456,628,-6032,-107,51,33
1483169892,-5458,6376,-1872,63,-154,-56,-16116,0,-15537,0,8160,8192,5864,1130,-5786,-103,15,27
1483219892,-4976,6302,-2570,127,-279,-257,8160,8192,24676,22631,645,8192,6680,2024,-5274,-107,-2,24
1483269892,-5136,6244,-1474,57,-155,-35,8160,8192,0,0,645,8192,5554,1188,-6342,-100,0,25
1483319892,-5364,5954,-1328,65,-186,-272,-17110,0,-15537,0,8160,8192,7062,716,-5542,-103,2,29
1483369892,-4950,5524,-1396,86,-155,-123,8160,8192,0,0,645,8192,5174,32,-6286,-100,39,25
1483419892,-5838,6460,-1982,109,-205,-160,0,0,-7,-1,-17109,0,6106,220,-6178,-91,26,31
1483469892,-4874,5920,-1476,120,-166,-78,-16106,0,-15537,0,8160,8192,6570,494,-5656,-107,54,11
1483519892,-4416,4722,-1758,167,-216,27,-16105,0,-15537,0,8160,8192,8774,858,-3790,-93,19,25
1483569892,-6700,7744,-3804,94,-269,51,-16104,0,-15537,0,8160,8192,6034,716,-5112,-99,13,26
1483619892,-4334,4174,94,134,-73,144,8160,8192,31460,22637,645,8192,6016,1022,-4702,-111,52,16
1483669892,-6528,5686,-1476,112,-112,74,0,0,-7,-1,-16100,0,5426,-928,-6408,-93,28,30
1483719892,-5750,5826,-1370,98,-132,158,8160,8192,388,22639,645,8192,6736,2192,-4520,-89,4,31
1483769892,-1666,2288,1140,79,-115,81,0,0,-7,-1,-16096,0,8450,1840,-5188,-103,37,17
1483819892,-6218,6406,-1784,112,-138,-97,-16094,0,-15537,0,8160,8192,4998,-706,-5700,-91,28,31
1483869892,-5598,6064,-1800,78,-118,-52,-16092,0,-15537,0,8160,8192,6982,1118,-4836,-106,33,6
1483919892,-4264,4806,-450,126,-110,10,8160,8192,3780,22642,645,8192,6164,1462,-7412,-106,54,28
1483969892,-4710,4852,-574,89,-131,-260,0,0,-7,-1,-16088,0,1696,-1094,-8048,-93,56,27
1484019892,-7188,6168,-1920,60,-170,-150,8160,8192,0,0,645,8192,6454,98,-6040,-94,-18,31
1484069892,-6258,6100,-1422,76,-130,-31,-16083,0,-15537,0,8160,8192,4734,1012,-7178,-109,14,35
1484119892,-6832,6040,-1612,160,-84,76,0,0,-7,-1,-17082,0,3972,44,-6092,-114,55,27
1484169892,-5342,5392,-1024,84,-110,-109,8160,8192,-8364,22645,645,8192,5544,120,-5760,-112,34,20
1484219892,-6324,5322,-268,179,-226,-120,-18079,0,-15537,0,8160,8192,6086,-762,-6326,-134,-21,32
1484269892,-5132,2994,266,-20,-68,110,-16077,0,-15537,0,8160,8192,7580,-134,-6012,-102,-47,31
1484319892,-6722,4910,108,191,-92,182,8160,8192,0,0,645,8192,7946,336,-4678,-95,62,45
1484369892,-7820,5208,-536,154,-166,-340,8160,8192,0,0,645,8192,5316,-1582,-6432,-118,49,18
1484419892,-7748,4682,122,68,59,521,-16072,0,-15537,0,8160,8192,6268,-2146,-5958,-99,32,35
1484469892,-6736,4280,198,156,-244,-358,8160,8192,29492,22650,645,8192,5906,-1920,-6120,-105,52,32
1484519892,-6954,4654,-134,139,-183,-132,0,0,-7,-1,-16066,0,5748,-1658,-6156,-104,41,34
1484569892,-7834,4236,312,70,70,553,-16063,0,-15537,0,8160,8192,6034,-2722,-5934,-102,33,30
1484619892,-8356,3958,432,53,111,631,-17061,0,-15537,0,8160,8192,6274,-3680,-6000,-108,32,19
1484669892,-8170,3670,864,70,77,595,-18058,0,-15537,0,8160,8192,5634,-4460,-6446,-81,39,38
1484719892,-9106,4230,1904,4,100,661,-16057,0,-15537,0,8160,8192,1910,-4098,-8048,-89,-38,27
1484769892,-9304,4302,608,76,149,523,8160,8192,1812,22655,645,8192,7288,-4254,-5360,-82,59,54
1484819892,-9014,6322,-1790,38,-163,12,8160,8192,-13724,22655,645,8192,2490,-592,-8464,-84,6,52
1484869892,-5094,6738,-1770,42,-144,-80,8160,8192,0,0,645,8192,7086,4520,-5512,-137,85,58
1484919892,-4510,4466,-2776,168,-90,270,8160,8192,0,0,645,8192,8694,-1388,-1308,-138,44,52
1484969892,-4964,7378,-2200,102,-71,179,-18048,0,-15537,0,8160,8192,4886,-4544,-2054,-132,76,42
1485019892,-4162,5836,-3002,112,-116,88,-16046,0,-15537,0,8160,8192,5954,-766,-5548,-95,55,50
1485069892,-4994,7058,-2494,48,-187,-45,0,0,-7,-1,-16044,0,8788,-1632,-4648,-102,44,41
1485119892,-3970,6824,-2908,73,-172,141,0,0,-7,-1,-16042,0,8570,2834,-6000,-110,-5,32
1485169892,-4296,9108,-4698,80,-344,-521,-16039,0,-15537,0,8160,8192,3834,1862,-6796,-122,49,32
1485219892,-3964,8528,-3096,346,-196,-177,-16037,0,-15537,0,8160,8192,3932,2972,-6952,-98,155,26
1485269892,-5266,6908,-2444,-26,207,773,8160,8192,-22476,22662,645,8192,4632,2078,-7660,-125,94,19
1485319892,-4178,6824,-2696,104,-167,-146,8160,8192,27524,22663,645,8192,5494,2042,-6530,-115,10,17
1485369892,-7316,6242,-1716,9,150,1073,0,0,-7,-1,-16030,0,6040,-704,-5784,-124,-72,20
1485419892,-3432,7568,-4048,-103,-409,-687,-18027,0,-15537,0,8160,8192,5960,3608,-5984,-105,17,28
1485469892,-4848,6888,-1724,236,-70,370,0,0,-7,-1,-16024,0,6086,584,-5854,-120,12,21
1485519892,-4874,6436,-1896,49,-7,238,-18022,0,-15537,0,8160,8192,5376,1250,-5924,-111,22,23
1485569892,-6180,6096,-1250,161,-74,153,0,0,-7,-1,-17020,0,5966,-128,-6156,-104,51,25
1485619892,-5674,5678,-1196,103,-72,38,-16017,0,-15537,0,8160,8192,5374,-442,-6084,-104,83,29
1485669892,-5712,5912,-1620,130,-125,-45,8160,8192,-15692,22668,645,8192,5652,530,-6020,-111,55,37
1485719892,-6012,5732,-1084,112,-31,243,-16014,0,-15537,0,8160,8192,5780,-690,-6058,-105,34,24
1485769892,-5200,6322,-1782,52,-197,-143,8160,8192,0,0,645,8192,5692,904,-5938,-104,19,28
1485819892,-5542,6340,-1620,100,-62,199,-16009,0,-15537,0,8160,8192,5742,546,-6150,-98,18,28
1485869892,-5702,6196,-1472,97,-72,139,-17006,0,-15537,0,8160,8192,5718,260,-6146,-103,29,28
1485919892,-5482,6134,-1464,114,-156,-61,-16004,0,-15537,0,8160,8192,5688,110,-6074,-99,42,27
1485969892,-6036,6000,-1328,92,-36,220,-17001,0,-15537,0,8160,8192,5782,76,-5940,-108,30,34
1486019892,-5538,6140,-1438,113,-135,-15,0,0,-7,-1,-16999,0,5720,174,-5922,-100,42,29
1486069892,-5676,5982,-1434,93,-81,112,0,0,-7,-1,-16997,0,5538,110,-6214,-104,33,33
1486119892,-5370,6166,-1630,95,-131,-3,8160,8192,-24444,22675,645,8192,5590,440,-6076,-101,33,29
1486169892,-5682,6074,-1504,93,-61,148,-16992,0,-15537,0,8160,8192,5774,270,-5988,-104,37,30
1486219892,-5608,6030,-1400,99,-108,31,-15990,0,-15537,0,8160,8192,5628,114,-6152,-103,37,32
1486269892,-5622,6164,-1568,93,-91,68,-15987,0,-15537,0,8160,8192,5710,302,-5960,-103,40,34
1486319892,-5676,5876,-1466,113,-78,87,-15984,0,-15537,0,8160,8192,5724,56,-6184,-102,53,30
1486369892,-5576,6008,-1444,102,-90,57,-17982,0,-15537,0,8160,8192,5890,148,-5972,-101,46,29
1486419892,-5618,6134,-1608,103,-91,58,-15980,0,-15537,0,8160,8192,5966,296,-5906,-103,45,29
1486469892,-5680,6048,-1456,112,-78,108,-15977,0,-15537,0,8160,8192,5948,176,-5936,-103,44,27
1486519892,-5482,6178,-1620,93,-108,35,8160,8192,0,0,645,8192,5606,348,-6064,-105,42,29
1486569892,-5708,6070,-1466,105,-104,84,0,0,-7,-1,-15974,0,5672,100,-6178,-105,29,31
1486619892,-5674,5996,-1536,100,-114,58,8160,8192,0,0,645,8192,5712,72,-6050,-107,29,27
1486669892,-5564,6038,-1494,92,-126,37,-17971,0,-15537,0,8160,8192,5932,312,-5902,-104,24,32
1486719892,-5664,6124,-1512,106,-108,98,0,0,-7,-1,-16968,0,6020,50,-5956,-104,21,32
1486769892,-5632,6122,-1584,84,-124,53,8160,8192,0,0,645,8192,5684,284,-6072,-108,11,32
1486819892,-5222,6260,-1696,90,-143,-1,0,0,-7,-1,-15962,0,5680,698,-6096,-106,19,34
1486869892,-5616,6236,-1570,107,-87,119,-15960,0,-15537,0,8160,8192,5724,300,-6102,-101,28,31
1486919892,-5450,6196,-1732,76,-133,4,8160,8192,-10876,22687,645,8192,5850,520,-5924,-100,20,30
1486969892,-5364,6314,-1708,84,-129,35,0,0,-7,-1,-16955,0,5670,656,-6170,-108,22,32
1487019892,-5412,6228,-1774,69,-126,33,-17952,0,-15537,0,8160,8192,5750,580,-6154,-104,21,32
1487069892,-5342,6222,-1690,70,-114,44,0,0,-7,-1,-16950,0,5772,260,-5994,-99,23,32
1487119892,-5422,6750,-1980,81,-226,-229,-17948,0,-15537,0,8160,8192,5804,668,-6104,-105,15,25
1487169892,-5202,6278,-1740,98,-138,-101,-15946,0,-15537,0,8160,8192,5442,1004,-6214,-102,57,27
1487219892,-5334,6338,-1994,94,-137,-124,0,0,-7,-1,-15945,0,5628,344,-6672,-103,70,28
1487269892,-5328,5656,-1178,93,-74,75,8160,8192,11444,22693,645,8192,5658,-8,-6530,-105,56,25
1487319892,-4108,6184,-2576,98,-305,-306,-16939,0,-15537,0,8160,8192,7216,1524,-5196,-104,2,18
1487369892,-5466,5704,-1114,101,-87,24,0,0,-7,-1,-15937,0,5426,1446,-6418,-97,52,33
1487419892,-5210,6012,-1660,40,-105,-121,-16937,0,-15537,0,8160,8192,5250,556,-6760,-103,42,25
1487469892,-5496,6404,-2106,108,-205,-154,-15626,0,-15537,0,8160,8192,6376,824,-5434,-100,26,29
1487519892,-4766,5764,-1634,130,-229,-181,8160,8192,-700,22696,645,8192,5724,1480,-6058,-101,35,22
1487569892,-6052,6840,-2262,143,-241,-53,-15929,0,-15537,0,8160,8192,5354,1046,-6666,-97,4,26
1487619892,-5388,6528,-1850,97,-161,-8,8160,8192,0,0,645,8192,8674,1738,-4040,-92,-6,25
1487669892,-5202,6020,-1646,112,-144,25,-17923,0,-15537,0,8160,8192,5458,434,-5742,-90,31,27
1487719892,-4918,5226,-938,69,-104,107,8160,8192,0,0,645,8192,5106,532,-6252,-97,2,15
1487769892,-5990,7062,-2082,93,-102,135,0,0,-7,-1,-15917,0,5576,-688,-5166,-95,34,15
1487819892,-5382,5870,-1224,116,-167,-26,-15915,0,-15537,0,8160,8192,5158,1250,-6910,-93,24,44
1487869892,-6938,6444,-1904,86,-150,-60,8160,8192,21620,22702,645,8192,4690,-390,-6062,-105,-26,39
1487919892,-6384,6084,-626,9,-55,-61,-16911,0,-15537,0,8160,8192,4864,-696,-6420,-84,27,47
1487969892,-6262,6460,-1388,105,-165,-317,0,0,-7,-1,-15909,0,5212,1324,-6262,-100,38,40
1488019892,-5978,5492,-888,150,-92,49,-15908,0,-15537,0,8160,8192,6284,-106,-4340,-101,58,26
1488069892,-6704,5502,-1024,94,-124,-68,8160,8192,0,0,645,8192,4664,-1834,-7128,-114,0,36
1488119892,-5858,5548,-1602,118,-158,-194,-15903,0,-15537,0,8160,8192,5438,24,-6000,-102,43,45
1488169892,-6774,5092,-634,160,-190,26,0,0,-7,-1,-15899,0,4586,-942,-6188,-91,-23,45
1488219892,-6798,3916,72,95,11,160,8160,8192,0,0,645,8192,5034,-2872,-7344,-116,96,37
1488269892,-6670,4816,656,127,-19,-46,-17896,0,-15537,0,8160,8192,2300,-312,-8614,-120,61,18
1488319892,-7716,4772,-156,107,-21,190,-15894,0,-15537,0,8160,8192,4892,-1816,-6868,-99,24,33
1488369892,-7682,4880,134,137,-149,-154,-16890,0,-15537,0,8160,8192,6300,-1432,-5978,-103,43,30
1488419892,-7662,4426,372,128,-131,-42,-15888,0,-15537,0,8160,8192,5900,-2690,-5992,-105,43,34
1488469892,-8088,4014,438,41,47,343,8160,8192,0,0,645,8192,6340,-2554,-5694,-106,48,37
1488519892,-7974,3330,1336,161,55,567,8160,8192,0,0,645,8192,6142,-3638,-5932,-101,50,35
1488569892,-9500,2864,2068,-8,340,1055,-17881,0,-15537,0,8160,8192,6876,-4910,-5396,-97,76,32
1488619892,-11682,5690,708,13,122,880,0,0,-7,-1,-15879,0,6984,-4684,-4886,-92,-92,23
1488669892,-7504,3932,1542,204,-111,85,-15877,0,-15537,0,8160,8192,1714,-844,-6388,-46,59,27
1488719892,-4822,6676,-724,51,-305,-294,-15875,0,-15537,0,8160,8192,8390,3704,-5234,-86,14,54
1488769892,-4218,6430,-1448,120,-140,75,-17872,0,-15537,0,8160,8192,4968,-1416,-8908,-89,3,60
1488819892,-6290,4936,-898,208,186,805,8160,8192,-11420,22716,645,8192,5556,-1596,-6452,-101,27,48
1488869892,-7302,8460,-1828,17,-214,-67,-15867,0,-15537,0,8160,8192,5936,-1676,-5494,-107,-44,55
1488919892,-3624,5918,-2228,140,-152,-71,8160,8192,23044,22718,645,8192,4752,6370,-8858,-132,94,30
1488969892,-5776,8018,-2052,202,-171,98,-16860,0,-15537,0,8160,8192,4542,3776,-8256,-105,21,34
1489019892,-4026,7222,-2692,147,-249,-218,-15856,0,-15537,0,8160,8192,2222,4002,-7770,-121,108,49
1489069892,-3592,7584,-3380,270,-271,-410,0,0,-7,-1,-15854,0,6940,3076,-5158,-108,74,25
1489119892,-4744,7252,-3016,64,-25,346,0,0,-7,-1,-15852,0,4552,2748,-7080,-135,57,20
1489169892,-3038,7716,-3972,36,-224,-257,-15850,0,-15537,0,8160,8192,5722,4324,-5908,-118,-12,27
1489219892,-5818,6294,-486,260,-109,694,-15847,0,-15537,0,8160,8192,6064,-1598,-5798,-108,-53,29
1489269892,-3464,7856,-4208,-146,3,22,-15844,0,-15537,0,8160,8192,5294,6400,-5488,-123,9,42
1489319892,-5100,6846,-1062,921,-775,-546,-17842,0,-15537,0,8160,8192,6048,-860,-6314,-103,-6,13
1489369892,-5492,6120,-1454,-291,489,1306,-15841,0,-15537,0,8160,8192,5776,208,-5894,-115,40,18
1489419892,-5842,5632,-1076,233,-286,-159,-15839,0,-15537,0,8160,8192,5710,-686,-6096,-103,58,27
1489469892,-5554,6136,-1420,98,-72,5,-17836,0,-15537,0,8160,8192,5724,564,-5784,-113,95,37
1489519892,-5942,5784,-1064,154,-10,223,-16834,0,-15537,0,8160,8192,5774,-738,-5926,-115,67,35
1489569892,-5312,6208,-1712,82,-198,-179,-15831,0,-15537,0,8160,8192,5714,384,-6094,-107,43,22
1489619892,-5868,6070,-1296,113,-49,305,-15828,0,-15537,0,8160,8192,5656,308,-6072,-104,-1,27
1489669892,-4842,6712,-2012,25,-203,-231,-15825,0,-15537,0,8160,8192,5714,944,-6070,-97,7,27
1489719892,-5966,6068,-1394,140,27,425,0,0,-7,-1,-16823,0,5794,130,-6060,-108,29,30
1489769892,-5478,6030,-1410,93,-161,-120,-15821,0,-15537,0,8160,8192,5756,-42,-5992,-105,49,30
1489819892,-5998,5794,-1174,117,-86,122,0,0,-7,-1,-15818,0,5794,-300,-6086,-113,40,33
1489869892,-5744,6014,-1446,88,-103,42,0,0,-7,-1,-15816,0,5818,132,-5964,-109,29,30
1489919892,-5662,5960,-1472,112,-111,48,-15813,0,-15537,0,8160,8192,5828,80,-6004,-109,44,33
1489969892,-5390,6158,-1608,101,-128,2,-16809,0,-15537,0,8160,8192,5952,402,-5880,-110,31,35
1490019892,-5688,6140,-1486,104,-93,110,-15807,0,-15537,0,8160,8192,5834,208,-5980,-110,32,35
1490069892,-5494,6118,-1584,110,-131,-6,8160,8192,-6604,22735,645,8192,5928,274,-6058,-110,36,34
1490119892,-5796,6004,-1384,103,-89,106,8160,8192,0,0,645,8192,5936,-52,-6108,-107,30,33
1490169892,-5794,6098,-1482,101,-123,39,0,0,-7,-1,-15798,0,5938,108,-5810,-108,26,33
1490219892,-5612,6028,-1364,104,-110,77,0,0,-7,-1,-16794,0,5646,-66,-6300,-108,25,34
1490269892,-5532,6194,-1548,97,-131,15,-17791,0,-15537,0,8160,8192,5910,256,-5842,-110,30,34
1490319892,-5478,6324,-1608,100,-115,32,8160,8192,0,0,645,8192,5638,396,-6196,-107,36,30
1490369892,-5544,6086,-1500,116,-93,96,-15787,0,-15537,0,8160,8192,5658,224,-6170,-107,38,32
1490419892,-5576,6176,-1464,93,-124,40,-17786,0,-15537,0,8160,8192,5808,310,-5890,-105,21,34
1490469892,-5600,6148,-1564,103,-97,81,8160,8192,0,0,645,8192,5964,188,-5792,-103,38,30
1490519892,-5484,6048,-1448,105,-101,67,0,0,-7,-1,-16783,0,5948,216,-5852,-101,37,27
1490569892,-5566,6126,-1572,98,-101,67,-15781,0,-15537,0,8160,8192,6030,282,-5890,-105,32,31
1490619892,-5376,6246,-1716,88,-131,29,8160,8192,19108,22744,645,8192,5940,510,-5962,-104,18,32
1490669892,-5448,6370,-1596,90,-92,114,0,0,-7,-1,-16774,0,5732,656,-6158,-101,22,28
1490719892,-5008,6450,-2034,60,-172,-97,0,0,-7,-1,-15771,0,5614,874,-6122,-101,27,32
1490769892,-5820,5980,-1388,100,-58,169,-15768,0,-15537,0,8160,8192,6138,-252,-5836,-102,36,32
1490819892,-5032,6666,-1958,39,-230,-265,-15764,0,-15537,0,8160,8192,5796,1012,-6220,-104,21,39
1490869892,-5134,6448,-1806,121,-194,-128,-15763,0,-15537,0,8160,8192,5674,880,-6040,-102,35,29
1490919892,-5574,6090,-1822,66,-126,0,-15759,0,-15537,0,8160,8192,5946,522,-6048,-106,31,34
1490969892,-5086,6408,-2186,86,-189,-103,-15756,0,-15537,0,8160,8192,5782,86,-5754,-105,20,25
1491019892,-5092,6070,-1612,81,-143,-91,-15753,0,-15537,0,8160,8192,5982,404,-6176,-96,39,30
1491069892,-5780,6248,-1558,69,-116,-25,8160,8192,10356,22751,645,8192,6056,386,-5980,-104,32,25
1491119892,-5594,5722,-1160,116,-173,-146,-15747,0,-15537,0,8160,8192,4850,-440,-6666,-100,16,26
1491169892,-5268,6056,-1512,48,-146,-85,0,0,-7,-1,-15746,0,5798,786,-6138,-97,11,21
1491219892,-4928,5566,-1352,132,-227,-193,-15744,0,-15537,0,8160,8192,5544,470,-5994,-97,20,32
1491269892,-5794,6224,-1644,73,-147,-58,-15741,0,-15537,0,8160,8192,4540,590,-6876,-107,27,19
1491319892,-5128,6472,-2066,166,-236,-248,0,0,-7,-1,-15738,0,5692,1236,-6248,-96,59,26
1491369892,-6096,6982,-1984,128,-148,-50,-17736,0,-15537,0,8160,8192,5360,284,-6456,-100,62,18
1491419892,-5220,6074,-1706,98,-139,-27,-15734,0,-15537,0,8160,8192,5230,552,-6626,-101,47,27
1491469892,-5676,6164,-1810,96,-100,20,-15732,0,-15537,0,8160,8192,6358,730,-6308,-92,53,32
1491519892,-6328,6544,-1950,91,-87,122,0,0,-7,-1,-15730,0,5724,-58,-5820,-100,32,18
1491569892,-6972,6536,-2204,127,-30,126,-15728,0,-15537,0,8160,8192,4336,16,-7998,-103,73,15
1491619892,-5878,6184,-1590,92,-134,-50,8160,8192,-29468,22759,645,8192,6114,184,-6114,-94,8,42
1491669892,-5692,6464,-2566,126,-235,-151,8160,8192,0,0,645,8192,6246,1150,-5640,-116,28,27
1491719892,-5740,5958,-1590,55,-141,-38,8160,8192,0,0,645,8192,5322,-770,-6248,-112,12,8
1491769892,-8076,6544,-1802,98,-86,-100,-15719,0,-15537,0,8160,8192,2934,54,-8098,-116,45,7
1491819892,-6598,5650,-860,163,-166,-148,-15717,0,-15537,0,8160,8192,6712,-390,-5684,-103,24,34
1491869892,-6286,5856,-1988,113,-147,-166,-17716,0,-15537,0,8160,8192,4132,210,-4856,-114,60,18
1491919892,-6480,5234,-794,160,-93,102,-15714,0,-15537,0,8160,8192,6388,-494,-5496,-98,11,30
1491969892,-7264,5322,-580,112,-99,59,8160,8192,-7148,22764,645,8192,3848,-2060,-7152,-124,3,14
1492019892,-6958,5342,-666,125,-173,-183,8160,8192,0,0,645,8192,7290,458,-4988,-110,9,24
1492069892,-6852,4962,-836,92,-60,175,-15707,0,-15537,0,8160,8192,4570,-1662,-6516,-111,51,30
1492119892,-9566,6576,616,104,10,59,-17704,0,-15537,0,8160,8192,4674,-2266,-7108,-109,-5,15
1492169892,-7810,3862,480,16,-29,-152,0,0,-7,-1,-15703,0,5922,-1960,-6246,-101,62,39
1492219892,-7408,5018,32,145,-190,-216,-15701,0,-15537,0,8160,8192,5134,-1676,-6402,-109,54,35
1492269892,-6930,4760,-338,71,-65,126,-16698,0,-15537,0,8160,8192,5578,-1396,-6132,-103,60,28
1492319892,-7790,4254,292,170,-16,341,8160,8192,15172,22770,645,8192,6108,-2452,-5818,-102,58,34
1492369892,-8278,3696,1052,74,144,783,0,0,-7,-1,-16694,0,6474,-3550,-5902,-111,40,29
1492419892,-9076,3872,508,-21,252,915,-15692,0,-15537,0,8160,8192,4490,-4180,-7632,-95,88,40
1492469892,-9640,4592,2568,22,110,607,-15689,0,-15537,0,8160,8192,9736,-6058,-3728,-106,-44,28
1492519892,-6882,4790,-438,130,-48,79,-16689,0,-15537,0,8160,8192,5498,-44,-5162,-81,144,54
1492569892,-4942,5572,-838,14,-77,-35,-16686,0,-15537,0,8160,8192,2422,114,-7750,-92,44,38
1492619892,-6154,6846,-700,144,69,422,-15684,0,-15537,0,8160,8192,5520,2622,-7430,-111,44,40
1492669892,-5900,6172,-1340,123,28,353,-15680,0,-15537,0,8160,8192,6820,-1052,-3030,-101,29,43
1492719892,-4174,5780,-2336,5,-156,107,-15678,0,-15537,0,8160,8192,7070,-2626,-6146,-121,-19,44
1492769892,-6662,7812,-942,128,45,458,-15676,0,-15537,0,8160,8192,3266,-3056,-8058,-111,51,39
1492819892,-4642,3802,-1904,36,-186,-4,8160,8192,0,0,645,8192,10002,-688,-3694,-94,-20,35
1492869892,-4650,8272,-2474,80,-277,-141,8160,8192,-24652,22778,645,8192,6804,4188,-6242,-116,-4,22
1492919892,-3330,7464,-2850,110,-256,43,0,0,-7,-1,-15669,0,5192,3498,-6320,-118,-2,14
1492969892,-2398,7298,-3720,127,-66,53,-15666,0,-15537,0,8160,8192,1560,2716,-10220,-127,180,15
1493019892,-2758,7114,-3624,200,-400,-634,0,0,-7,-1,-15664,0,7438,3970,-4616,-121,6,15
1493069892,-5194,6884,-2412,26,38,699,8160,8192,-21260,22781,645,8192,4974,966,-5892,-115,-30,32
1493119892,-7606,5344,-1284,-89,438,1100,8160,8192,28740,22782,645,8192,6278,714,-5950,-103,-25,32
1493169892,-3406,7660,-3556,256,-499,-1387,8160,8192,0,0,645,8192,5828,3592,-5630,-129,54,24
1493219892,-4988,6844,-1678,165,75,846,8160,8192,-2332,22783,645,8192,5788,416,-5874,-99,52,15
1493269892,-5210,6298,-2334,-29,157,351,-15654,0,-15537,0,8160,8192,5372,1388,-6088,-115,81,26
1493319892,-6000,6150,-1404,189,-81,176,-16652,0,-15537,0,8160,8192,6224,302,-6268,-107,69,37
1493369892,-5156,6190,-1720,28,-125,-164,-15648,0,-15537,0,8160,8192,5432,112,-5774,-107,55,30
1493419892,-6690,5598,-752,159,17,476,8160,8192,1060,22787,645,8192,6016,-786,-6112,-99,13,18
1493469892,-5322,6086,-1270,51,-198,-186,8160,8192,0,0,645,8192,5792,-154,-5882,-99,12,18
1493519892,-5636,6272,-1514,111,-113,169,-15642,0,-15537,0,8160,8192,5766,312,-6112,-111,15,38
1493569892,-5860,6000,-1356,127,-63,112,0,0,-7,-1,-15640,0,5830,-74,-6080,-112,51,39
1493619892,-5410,6102,-1470,127,-146,-108,0,0,-7,-1,-15637,0,5730,116,-5982,-107,73,28
1493669892,-5820,6126,-1544,105,-67,153,0,0,-7,-1,-15636,0,5956,232,-5928,-107,31,35
1493719892,-5702,6238,-1478,79,-103,92,-15634,0,-15537,0,8160,8192,5958,196,-6070,-103,13,33
1493769892,-5546,6108,-1610,97,-147,-23,-15630,0,-15537,0,8160,8192,5820,276,-5970,-106,27,35
1493819892,-5842,6022,-1436,105,-75,152,0,0,-7,-1,-15629,0,5942,14,-5966,-105,21,32
1493869892,-5534,6036,-1394,108,-136,5,-15628,0,-15537,0,8160,8192,5736,44,-6006,-105,35,30
1493919892,-5858,6010,-1256,107,-99,101,8160,8192,-23228,22794,645,8192,5732,-148,-6094,-104,28,33
1493969892,-5726,6208,-1462,103,-121,33,8160,8192,26772,22795,645,8192,5924,186,-6062,-106,30,30
1494019892,-5630,5982,-1436,100,-109,68,0,0,-7,-1,-15617,0,5920,-18,-5974,-107,28,31
1494069892,-5806,6126,-1418,95,-101,74,8160,8192,-4300,22796,645,8192,5766,290,-6044,-108,30,31
1494119892,-5488,6002,-1590,97,-114,42,0,0,-7,-1,-16612,0,5832,362,-5910,-108,36,36
1494169892,-5668,6070,-1468,108,-98,83,8160,8192,30164,22798,645,8192,5882,94,-6006,-105,34,33
1494219892,-5506,6190,-1602,98,-126,21,8160,8192,14628,22799,645,8192,5720,252,-5924,-106,30,32
1494269892,-5540,6114,-1612,112,-100,77,8160,8192,-908,22799,645,8192,5614,334,-6310,-110,38,34
1494319892,-5454,6172,-1616,103,-109,35,0,0,-7,-1,-15605,0,5652,294,-6244,-108,42,32
1494369892,-5566,6270,-1616,106,-99,60,-17604,0,-15537,0,8160,8192,5634,218,-6260,-103,42,33
1494419892,-5384,6228,-1696,90,-127,21,0,0,-7,-1,-15600,0,5558,500,-6278,-108,29,33
1494469892,-5482,6238,-1546,101,-103,71,-15595,0,-15537,0,8160,8192,5434,388,-6230,-99,32,31
1494519892,-5524,6216,-1704,81,-112,19,0,0,-7,-1,-16592,0,5560,432,-6132,-99,42,28
1494569892,-5364,6434,-1794,75,-141,-49,-17590,0,-15537,0,8160,8192,5942,976,-6006,-105,40,27
1494619892,-4980,6262,-1970,106,-211,-113,-15588,0,-15537,0,8160,8192,5886,518,-6062,-105,16,29
1494669892,-5592,6450,-1650,104,-184,-87,0,0,-7,-1,-15586,0,5690,516,-6040,-105,9,32
1494719892,-5298,6166,-1562,82,-137,-8,-17585,0,-15537,0,8160,8192,5630,422,-6300,-103,19,29
1494769892,-5402,6604,-2362,122,-227,-179,8160,8192,-25196,22807,645,8192,5258,1266,-6218,-103,38,30
1494819892,-5822,6152,-1696,97,-98,25,-16581,0,-15537,0,8160,8192,5830,472,-5956,-104,44,34
1494869892,-6136,6210,-1460,76,-70,76,-15579,0,-15537,0,8160,8192,4148,1442,-6934,-98,60,40
1494919892,-5240,6236,-1926,117,-193,-92,-15578,0,-15537,0,8160,8192,5852,848,-6116,-104,58,25
1494969892,-6248,6868,-1814,137,-181,-233,-15575,0,-15537,0,8160,8192,5398,770,-6894,-104,60,27
1495019892,-6144,6250,-1352,85,-88,104,-15572,0,-15537,0,8160,8192,5186,410,-6206,-94,28,32
1495069892,-5672,6262,-1808,115,-208,-186,8160,8192,12660,22812,645,8192,5032,1192,-6568,-113,38,19
1495119892,-5834,6366,-1640,176,-195,-167,-15567,0,-15537,0,8160,8192,5470,176,-6148,-99,34,25
1495169892,-5628,6392,-1622,55,-120,46,8160,8192,0,0,645,8192,5578,672,-5700,-106,47,18
1495219892,-5646,5900,-1450,120,-141,-51,-17562,0,-15537,0,8160,8192,6462,378,-4900,-97,16,22
1495269892,-5146,5498,-1366,77,-99,-37,0,0,-7,-1,-16559,0,5038,1116,-6746,-92,38,27
1495319892,-5946,6280,-2216,76,-139,50,-15557,0,-15537,0,8160,8192,5236,776,-6928,-98,5,23
1495369892,-6172,6486,-1756,130,-105,64,-16554,0,-15537,0,8160,8192,6608,990,-5824,-105,40,15
1495419892,-6656,6816,-1734,93,-69,-23,0,0,-7,-1,-15553,0,3164,-18,-7690,-92,17,30
1495469892,-4848,5578,-1108,46,-74,-68,-15551,0,-15537,0,8160,8192,4250,1246,-6580,-125,37,15
1495519892,-6358,6024,-1416,127,-133,34,8160,8192,3908,22819,645,8192,5766,126,-5544,-116,1,17
1495569892,-6052,5770,-1520,48,-153,-283,-15547,0,-15537,0,8160,8192,7258,1136,-5902,-122,20,20
1495619892,-6154,5744,-1170,157,-189,-76,0,0,-7,-1,-16545,0,6596,-222,-5588,-110,27,39
1495669892,-5926,5058,-728,115,-72,-42,0,0,-7,-1,-15543,0,5486,-120,-7338,-101,47,37
1495719892,-5662,5058,-520,151,-72,6,-15541,0,-15537,0,8160,8192,5894,146,-5606,-112,53,26
1495769893,-7258,5464,-704,206,-212,-197,8160,8192,-8236,22822,645,8192,4544,-464,-7194,-134,23,15
1495819892,-5948,4390,-168,11,30,191,0,0,-7,-1,-16534,0,8696,-432,-4774,-110,18,20
1495869892,-7092,4332,-256,105,-54,49,-16532,0,-15537,0,8160,8192,3956,-2124,-6710,-110,59,32
1495919892,-7750,5826,-1932,83,-148,85,-16530,0,-15537,0,8160,8192,1348,-1910,-16826,-107,0,18
1495969892,-6522,3852,-24,33,-132,-177,0,0,-7,-1,-16527,0,6614,-1766,-5658,-92,31,34
1496019892,-6846,3900,220,158,-221,-52,0,0,-7,-1,-16525,0,6522,-2436,-5660,-106,25,35
1496069892,-7766,3842,366,29,63,321,-17523,0,-15537,0,8160,8192,6116,-2820,-6038,-103,67,31
1496119892,-8190,4538,188,212,-77,215,8160,8192,0,0,645,8192,5406,-3366,-6188,-103,62,28
1496169892,-8882,3294,1708,64,250,1022,-17519,0,-15537,0,8160,8192,6068,-4920,-6432,-93,52,23
1496219892,-8534,3972,192,-165,299,793,0,0,-7,-1,-16517,0,2538,-4984,-8904,-96,79,26
1496269892,-9062,4844,-662,248,-114,341,8160,8192,0,0,645,8192,6236,-3698,-6068,-111,56,52
1496319892,-7230,6752,-44,-59,-107,203,8160,8192,0,0,645,8192,-46,-6238,-6758,-95,-33,54
1496369892,-5906,7106,-3260,-28,-216,-540,-18512,0,-15537,0,8160,8192,13234,3458,-5832,-139,8,45
1496419892,-7288,7160,-1178,61,179,790,8160,8192,-13596,22832,645,8192,1636,1312,-11026,-105,10,45
1496469892,-5748,5722,-1020,113,-144,-43,-16507,0,-15537,0,8160,8192,3456,-644,-5960,-103,45,60
1496519892,-3862,4810,-700,203,-127,104,-16505,0,-15537,0,8160,8192,4376,-24,-6192,-97,10,40
1496569892,-4884,6024,-2014,210,-134,108,-16504,0,-15537,0,8160,8192,5330,-438,-5774,-122,69,23
1496619892,-3414,4734,-644,176,-236,-207,-17503,0,-15537,0,8160,8192,5614,1274,-6336,-109,35,41
1496669892,-5364,8128,-2770,109,-211,7,0,0,-7,-1,-16501,0,6936,3136,-6828,-97,6,36
1496719892,-2892,7940,-3264,148,-326,-479,-16500,0,-15537,0,8160,8192,6182,4164,-6388,-113,18,20
1496769892,-5002,7174,-2214,305,-111,-72,0,0,-7,-1,-16497,0,7062,3032,-5580,-113,23,13
1496819892,-4062,6886,-2300,6,19,539,-16495,0,-15537,0,8160,8192,5284,2210,-6876,-122,-25,27
1496869892,-5522,6270,-1810,44,30,666,-18493,0,-15537,0,8160,8192,5360,528,-6526,-121,-12,28
1496919892,-5770,6352,-1678,92,-69,179,8160,8192,27652,22840,645,8192,5912,296,-5994,-108,23,21
1496969892,-4040,6996,-2432,156,-293,-505,8160,8192,12116,22841,645,8192,5980,2476,-6232,-111,32,37
1497019892,-5962,6706,-2566,62,188,724,-16488,0,-15537,0,8160,8192,5818,1292,-6170,-115,72,27
1497069892,-4746,6560,-1988,94,-176,-160,8160,8192,-18956,22842,645,8192,5416,990,-6104,-108,52,26
1497119892,-5652,6274,-1498,138,-84,145,-16486,0,-15537,0,8160,8192,6172,116,-5996,-111,44,29
1497169892,-5552,5958,-1484,85,-84,103,8160,8192,0,0,645,8192,5540,284,-6110,-101,34,34
1497219892,-5510,6044,-1462,92,-139,-62,0,0,-7,-1,-17482,0,5710,136,-6062,-104,52,28
1497269892,-6060,5786,-1208,110,-37,211,0,0,-7,-1,-17480,0,5844,-152,-5994,-97,35,23
1497319892,-5326,6398,-1674,56,-178,-88,-16478,0,-15537,0,8160,8192,5780,244,-6080,-95,17,33
1497369892,-5986,5878,-1398,114,-49,222,0,0,-7,-1,-16477,0,5752,-126,-6008,-106,31,34
1497419892,-5658,6016,-1362,105,-114,6,8160,8192,3364,22848,645,8192,5852,98,-5922,-103,44,28
1497469892,-5790,6024,-1378,96,-78,124,-16473,0,-15537,0,8160,8192,5830,114,-5924,-105,33,33
1497519892,-5442,6218,-1602,92,-129,-5,8160,8192,-27708,22849,645,8192,5664,354,-6042,-101,25,26
1497569892,-5658,6108,-1500,90,-74,155,-16468,0,-15537,0,8160,8192,5672,156,-6144,-100,18,28
1497619892,-5578,6242,-1532,105,-109,20,-16466,0,-15537,0,8160,8192,5730,338,-6194,-102,44,30
1497669892,-5648,6218,-1468,105,-80,92,0,0,-7,-1,-16464,0,5736,-18,-6032,-100,39,26
1497719892,-5742,5934,-1392,117,-95,94,0,0,-7,-1,-16463,0,5782,-10,-6086,-104,41,33
1497769892,-5756,6232,-1478,98,-106,44,0,0,-7,-1,-17461,0,5928,54,-6038,-102,38,32
1497819892,-5736,6040,-1354,109,-81,101,0,0,-7,-1,-17458,0,5734,60,-6172,-102,34,31
1497869892,-5770,5920,-1274,106,-102,94,0,0,-7,-1,-16456,0,5910,-138,-5938,-101,20,32
1497919892,-5758,6142,-1466,107,-117,55,-16454,0,-15537,0,8160,8192,5890,78,-5902,-110,25,35
1497969892,-5588,6212,-1678,88,-110,38,-16451,0,-15537,0,8160,8192,5726,300,-6090,-106,34,36
1498019892,-5536,6090,-1548,105,-98,61,-16449,0,-15537,0,8160,8192,5746,112,-6072,-110,41,33
1498069892,-5398,6358,-1726,94,-112,42,8160,8192,0,0,645,8192,5440,560,-6206,-109,35,37
1498119892,-5576,6278,-1636,93,-93,109,0,0,-7,-1,-16445,0,5672,422,-6064,-107,24,33
1498169892,-5576,6080,-1438,105,-95,111,8160,8192,0,0,645,8192,5612,126,-6208,-104,24,32
1498219892,-5764,6082,-1446,108,-101,78,-16440,0,-15537,0,8160,8192,5792,122,-6024,-107,33,34
1498269892,-5250,6276,-1706,85,-122,-16,0,0,-7,-1,-16437,0,5804,682,-5804,-99,35,29
1498319892,-5470,6194,-1620,113,-86,136,-16435,0,-15537,0,8160,8192,5756,308,-6050,-103,24,33
1498369892,-5648,6140,-1344,94,-102,87,-18432,0,-15537,0,8160,8192,5738,76,-6198,-103,28,34
1498419892,-5474,6222,-1700,87,-126,3,-16430,0,-15537,0,8160,8192,6046,344,-5974,-106,33,30
1498469892,-5038,6694,-2200,81,-150,-64,-16428,0,-15537,0,8160,8192,5612,1084,-6124,-107,40,33
1498519892,-5300,6510,-1758,97,-104,80,-16425,0,-15537,0,8160,8192,5880,952,-6094,-104,31,29
1498569892,-5412,6616,-1768,81,-159,-45,-16423,0,-15537,0,8160,8192,6120,608,-5752,-107,30,31
1498619892,-4818,6826,-2388,57,-195,-125,0,0,-7,-1,-16421,0,5730,1628,-5954,-101,25,36
1498669892,-5080,6328,-2142,104,-276,-497,-16420,0,-15537,0,8160,8192,5904,968,-6006,-102,56,27
1498719892,-5912,6652,-2292,42,-66,-64,-16419,0,-15537,0,8160,8192,5088,572,-6524,-99,89,28
1498769892,-5492,7066,-2322,82,-194,-167,8160,8192,0,0,645,8192,6192,1652,-5446,-101,33,36
1498819892,-5422,6266,-1608,130,-248,-116,8160,8192,0,0,645,8192,5510,1028,-5832,-107,-35,27
1498869892,-5318,5938,-1560,10,-124,86,-16412,0,-15537,0,8160,8192,6118,1190,-6064,-100,-10,31
1498919892,-5424,6312,-2136,101,-188,-102,-17412,0,-15537,0,8160,8192,6448,1362,-6180,-116,41,19
1498969892,-5944,6202,-1506,180,-236,-144,0,0,-7,-1,-17410,0,7930,788,-5550,-94,7,37
1499019892,-5622,6220,-1746,54,-135,37,-18409,0,-15537,0,8160,8192,4330,-518,-6302,-107,30,29
1499069892,-6032,6426,-2192,73,-132,213,8160,8192,14964,22873,645,8192,6366,1590,-5940,-96,30,33
1499119892,-5496,5398,-1316,111,-150,-102,0,0,-7,-1,-17404,0,5298,412,-6398,-98,41,21
1499169892,-5872,6374,-1656,106,-118,120,-16401,0,-15537,0,8160,8192,6072,1026,-6002,-108,44,22
1499219892,-5606,6066,-1118,91,-116,-46,-17399,0,-15537,0,8160,8192,7160,448,-5722,-91,13,27
1499269892,-6918,7578,-2534,93,-106,-159,0,0,-7,-1,-16397,0,5090,960,-6312,-112,60,8
1499319892,-6038,6270,-1812,109,-150,-20,-17394,0,-15537,0,8160,8192,6106,1190,-7138,-113,30,13
1499369892,-5474,5532,-1236,95,-166,-189,8160,8192,-12716,22877,645,8192,5520,70,-6048,-115,54,6
1499419892,-4898,4908,-662,156,-290,-430,8160,8192,-28252,22878,645,8192,5540,-136,-6278,-97,4,50
1499469892,-8266,7014,-1914,120,-32,55,-16388,0,-15537,0,8160,8192,3008,-1504,-7538,-96,50,32
1499519892,-7046,6682,-2194,186,-199,-46,0,0,-7,-1,-16385,0,8610,358,-4036,-119,22,18
1499569892,-5938,5030,-324,164,-213,-362,-16382,0,-15537,0,8160,8192,4834,-790,-6792,-141,-6,18
1499619892,-5944,4940,-186,76,-6,282,0,0,-7,-1,-16379,0,2974,-1406,-7658,-104,1,17
1499669892,-7052,4020,-54,34,15,328,-17376,0,-15537,0,8160,8192,5290,-1772,-6724,-106,39,35
1499719892,-7218,5572,-1642,109,-176,-54,-16375,0,-15537,0,8160,8192,6732,-1640,-5346,-109,30,12
1499769892,-6472,3826,-82,88,-183,-268,8160,8192,-5932,22883,645,8192,5110,-2270,-6592,-100,41,40
1499819892,-8004,4842,-540,55,-133,-21,-16372,0,-15537,0,8160,8192,5782,-2104,-6506,-109,43,37
1499869892,-6960,4750,-638,120,-146,-61,0,0,-7,-1,-16370,0,5776,-1286,-6164,-105,64,28
1499919892,-7598,4420,180,223,-101,155,8160,8192,12996,22886,645,8192,6048,-2164,-5896,-105,59,36
1499969892,-7686,3660,992,15,176,852,-16364,0,-15537,0,8160,8192,6410,-3346,-5578,-107,13,36
1500019892,-9050,3992,788,26,196,808,0,0,-7,-1,-17361,0,6604,-4858,-5410,-103,48,43
1500069892,-4180,-334,2704,-19,90,852,-16359,0,-15537,0,8160,8192,2694,-4790,-7360,-120,-30,14
1500119892,-8510,5178,-638,124,-34,245,0,0,-7,-1,-16357,0,5340,-120,-5192,-75,73,64
1500169892,-6460,6156,1198,-19,14,164,-16355,0,-15537,0,8160,8192,-1898,3762,-14672,-50,52,47
1500219892,-5078,6948,-3020,-109,-86,-182,-16352,0,-15537,0,8160,8192,9408,2486,-2434,-132,46,14
1500269892,-6652,5370,-494,127,210,700,-17351,0,-15537,0,8160,8192,920,-3618,-4820,-87,37,18
1500319892,-6892,7952,-1844,21,-96,93,0,0,-7,-1,-16348,0,5456,-2028,-6450,-119,19,31
1500369892,-4356,6904,-1526,18,-58,77,8160,8192,4244,22893,645,8192,5428,1388,-6940,-89,81,42
1500419892,-5464,5962,-1116,106,-176,37,-16344,0,-15537,0,8160,8192,7604,-1658,-3672,-98,-29,49
1500469892,-3480,6036,-2320,73,-177,9,0,0,-7,-1,-17342,0,4810,-988,-5336,-117,3,31
1500519892,-2948,7796,-3056,239,-376,-510,-16340,0,-15537,0,8160,8192,6696,3798,-5908,-119,76,12
1500569892,-4208,7662,-4140,149,-91,31,-16338,0,-15537,0,8160,8192,4902,3622,-6734,-115,64,28
1500619892,-3664,7550,-3230,304,-250,-297,-16337,0,-15537,0,8160,8192,5726,2938,-5506,-114,36,9
1500669892,-6438,5852,-620,6,324,1296,0,0,-7,-1,-17335,0,5754,-790,-6000,-112,36,17
1500719892,-7152,5844,-872,97,73,574,-18333,0,-15537,0,8160,8192,5878,440,-5716,-134,8,41
1500769892,-3792,8252,-3550,81,-396,-737,-18332,0,-15537,0,8160,8192,5078,3572,-6644,-110,57,33
1500819892,-4372,6842,-2028,239,-50,190,-16330,0,-15537,0,8160,8192,5726,2128,-6088,-111,87,34
1500869892,-5308,6672,-2296,52,127,484,0,0,-7,-1,-17330,0,5586,1800,-6326,-117,40,31
1500919892,-5318,6150,-1504,198,-185,-80,-17328,0,-15537,0,8160,8192,6024,370,-5950,-107,13,22
1500969892,-6114,5954,-1558,61,-2,360,-17326,0,-15537,0,8160,8192,5560,162,-5792,-107,8,32
1501019892,-6138,5832,-1034,124,-112,52,-16325,0,-15537,0,8160,8192,5868,-594,-6018,-95,34,22
1501069892,-5904,5870,-1172,79,-129,31,0,0,-7,-1,-16322,0,5866,-418,-5988,-110,23,23
1501119892,-5376,6406,-1858,56,-143,16,8160,8192,-32188,22904,645,8192,5772,926,-5970,-111,7,36
1501169892,-5240,5950,-1520,125,-100,189,8160,8192,17812,22905,645,8192,5948,-86,-6040,-106,35,35
1501219892,-5626,6092,-1510,99,-147,-59,8160,8192,2276,22906,645,8192,5724,164,-6008,-112,34,33
1501269892,-5648,6070,-1408,119,-101,100,8160,8192,-13260,22906,645,8192,5874,-60,-5980,-105,23,29
1501319892,-5724,6174,-1540,71,-112,81,-16309,0,-15537,0,8160,8192,5866,248,-5930,-109,17,34
1501369892,-5854,6022,-1242,113,-130,51,8160,8192,21204,22908,645,8192,5928,-246,-6068,-101,21,31
1501419892,-5618,6146,-1406,94,-98,64,-16304,0,-15537,0,8160,8192,5852,258,-5902,-107,34,28
1501469892,-5668,6026,-1478,118,-122,41,8160,8192,-9868,22909,645,8192,5824,98,-6040,-105,33,35
1501519892,-5660,6090,-1464,100,-80,104,0,0,-7,-1,-16300,0,5700,60,-6220,-110,38,36
1501569892,-5706,6032,-1372,110,-119,25,-16298,0,-15537,0,8160,8192,5852,24,-6048,-107,37,32
1501619892,-5654,6134,-1490,108,-82,78,-16296,0,-15537,0,8160,8192,5816,116,-5904,-109,44,33
1501669892,-5582,6114,-1576,115,-117,28,8160,8192,-6476,22912,645,8192,5904,248,-6054,-107,46,33
1501719892,-5744,6166,-1454,108,-94,103,-17291,0,-15537,0,8160,8192,5946,8,-5830,-108,27,31
1501769892,-5708,5964,-1386,120,-104,76,-16290,0,-15537,0,8160,8192,5766,4,-6138,-109,32,37
1501819892,-5486,6202,-1532,106,-121,24,-16287,0,-15537,0,8160,8192,5924,156,-5974,-106,40,31
1501869892,-5602,6024,-1570,112,-96,93,-16284,0,-15537,0,8160,8192,5860,112,-5914,-109,35,33
1501919892,-5560,6176,-1534,109,-118,50,-16282,0,-15537,0,8160,8192,5602,224,-6250,-112,30,33
1501969892,-5430,6284,-1618,99,-116,19,8160,8192,31380,22917,645,8192,5704,500,-6084,-105,42,30
1502019892,-5598,6002,-1472,120,-84,131,-18278,0,-15537,0,8160,8192,5560,116,-6206,-108,37,33
1502069892,-5424,6154,-1580,87,-122,31,-16275,0,-15537,0,8160,8192,5650,342,-6146,-105,23,30
1502119892,-5582,6142,-1576,88,-100,78,8160,8192,-15228,22919,645,8192,5446,320,-6262,-104,27,28
1502169892,-5300,6340,-1718,92,-121,25,-18271,0,-15537,0,8160,8192,5690,622,-6082,-106,29,31
1502219892,-5308,6328,-1744,98,-118,25,-17269,0,-15537,0,8160,8192,5994,330,-5866,-99,34,28
1502269892,-5180,6320,-1850,79,-170,-76,-18266,0,-15537,0,8160,8192,5528,532,-6214,-104,25,30
1502319892,-5536,5944,-1548,110,-113,84,-16263,0,-15537,0,8160,8192,5920,402,-5888,-104,22,33
1502369892,-5100,6788,-2126,27,-201,-106,-16261,0,-15537,0,8160,8192,5502,874,-6214,-94,-1,37
1502419892,-5126,6302,-1708,160,-267,-372,0,0,-7,-1,-16259,0,5958,992,-5880,-100,30,27
1502469892,-5194,6016,-1692,64,-133,14,-16256,0,-15537,0,8160,8192,5974,698,-5926,-100,30,28
1502519892,-5868,6618,-2290,57,-147,-108,-16254,0,-15537,0,8160,8192,6012,1066,-5566,-103,44,33
1502569892,-6160,6496,-1696,135,-121,-22,8160,8192,0,0,645,8192,6258,98,-5632,-99,41,26
1502619892,-5374,6436,-1386,16,-126,-252,8160,8192,26020,22927,645,8192,5108,406,-6146,-106,10,26
1502669892,-5380,6552,-2398,103,-216,-119,-16246,0,-15537,0,8160,8192,5696,812,-6022,-100,32,29
1502719892,-5268,6288,-1802,127,-216,-211,8160,8192,-5052,22928,645,8192,5658,776,-5862,-100,36,29
1502769892,-5780,6008,-1660,92,-132,15,-16243,0,-15537,0,8160,8192,4636,254,-6752,-112,26,20
1502819892,-5974,6308,-1484,113,-130,-10,-16242,0,-15537,0,8160,8192,6034,272,-5276,-94,33,31
1502869892,-6016,5900,-1594,130,-147,59,-18240,0,-15537,0,8160,8192,5692,-698,-6644,-103,55,27
1502919892,-6606,6998,-2502,161,-233,-107,8160,8192,0,0,645,8192,6400,698,-5738,-100,6,31
1502969892,-5538,5922,-1856,78,-166,-23,8160,8192,-17196,22932,645,8192,5222,132,-6616,-94,27,29
1503019892,-5574,5908,-1868,101,-155,-51,-16233,0,-15537,0,8160,8192,6260,1022,-6900,-105,15,27
1503069892,-5312,6016,-1788,106,-138,65,8160,8192,17268,22934,645,8192,5124,610,-6668,-112,53,21
1503119892,-4828,6036,-1530,102,-153,-37,-18230,0,-15537,0,8160,8192,6030,828,-6900,-103,7,41
1503169892,-5578,5972,-1826,75,-110,-29,-18228,0,-15537,0,8160,8192,5986,1728,-6028,-119,22,15
1503219892,-5316,5948,-1218,177,-213,-95,8160,8192,0,0,645,8192,5874,-900,-7268,-112,19,29
1503269892,-5626,5348,-1440,49,-147,-238,-18224,0,-15537,0,8160,8192,5142,162,-7472,-120,55,19
1503319892,-4844,4998,-1064,157,-265,-283,0,0,-7,-1,-16221,0,5562,-462,-6440,-96,18,49
1503369892,-4860,4856,-506,108,-69,-12,-16218,0,-15537,0,8160,8192,6630,58,-4866,-96,48,32
1503419892,-4946,4736,-400,109,-61,103,-16216,0,-15537,0,8160,8192,7678,-126,-3838,-109,37,28
1503469892,-6538,5002,-674,216,-224,-197,-16215,0,-15537,0,8160,8192,6198,-1430,-5362,-132,-1,20
1503519892,-8146,5760,-1344,29,2,170,-16213,0,-15537,0,8160,8192,6712,-1356,-5628,-106,25,16
1503569892,-6670,4438,66,95,-86,-56,8160,8192,-7020,22941,645,8192,5298,-970,-6710,-126,43,10
1503619892,-6750,4446,244,107,-15,282,-16209,0,-15537,0,8160,8192,6046,-1384,-5340,-102,50,36
1503669892,-5578,4140,-846,173,-289,-212,-17206,0,-15537,0,8160,8192,6930,-2646,-3910,-107,97,27
1503719892,-6880,4606,-658,61,-152,-136,0,0,-7,-1,-17204,0,6278,-1416,-5452,-105,45,35
1503769892,-7368,4230,-88,105,-45,100,0,0,-7,-1,-16201,0,6138,-1828,-5426,-102,68,32
1503819892,-7054,4422,424,223,-149,74,-18198,0,-15537,0,8160,8192,6108,-2448,-5706,-107,49,31
1503869892,-7212,3266,1682,68,157,793,0,0,-7,-1,-16196,0,7040,-3186,-5214,-102,19,38
1503919892,-9656,4452,522,11,214,875,-16194,0,-15537,0,8160,8192,6942,-3564,-6458,-113,39,18
1503969892,-7702,2956,1294,49,65,544,-16192,0,-15537,0,8160,8192,5372,-3052,-7438,-86,19,21
1504019892,-7356,2078,744,71,214,714,-18191,0,-15537,0,8160,8192,6852,-4486,-6048,-120,77,26
1504069892,-9306,7542,-984,-14,-262,110,0,0,-7,-1,-16189,0,12250,-4302,-2954,-75,-97,57
1504119892,-5238,8000,-2374,-6,-200,-193,-16186,0,-15537,0,8160,8192,2904,918,-9862,-109,40,28
1504169892,-6056,7730,-2354,221,-175,34,-16183,0,-15537,0,8160,8192,8330,1208,-5042,-95,4,57
1504219892,-5182,4372,-1110,187,97,605,8160,8192,-12380,22951,645,8192,4582,-1214,-5396,-119,36,43
1504269892,-5388,5626,-2446,2,-167,79,-18180,0,-15537,0,8160,8192,6790,1706,-5902,-90,-10,32
1504319892,-5278,6024,-1764,126,-206,74,-17178,0,-15537,0,8160,8192,7430,-1662,-7694,-115,9,42
1504369892,-5878,8250,-2986,22,-175,-82,-16175,0,-15537,0,8160,8192,4250,2048,-5344,-117,26,29
1504419892,-3430,7968,-3622,165,-363,-438,8160,8192,-8988,22954,645,8192,5456,2660,-6044,-132,38,23
1504469892,-3870,9000,-3910,203,-172,37,-16172,0,-15537,0,8160,8192,6146,5074,-6286,-109,41,24
1504519892,-2904,8510,-4332,202,-339,-511,-17169,0,-15537,0,8160,8192,4726,4282,-6364,-108,59,14
1504569892,-5312,6366,-1212,153,26,639,-18167,0,-15537,0,8160,8192,5012,-824,-6096,-122,-3,21
1504619892,-7868,4616,-558,-111,685,1720,-16166,0,-15537,0,8160,8192,5388,-1086,-6182,-121,-16,27
1504669892,-4878,6806,-2432,32,-403,-614,0,0,-7,-1,-17163,0,5578,1462,-6268,-114,53,24
1504719892,-2872,7038,-3008,224,-332,-594,-16160,0,-15537,0,8160,8192,5994,2358,-5626,-130,50,25
1504769892,-6838,6566,-2842,-59,350,1123,8160,8192,13332,22960,645,8192,5852,1306,-6644,-110,70,34
1504819892,-4526,6370,-1912,120,-218,-368,8160,8192,-2204,22960,645,8192,5804,872,-6046,-109,86,28
1504869892,-5626,6342,-1488,127,-15,257,-18153,0,-15537,0,8160,8192,6184,768,-5936,-111,52,29
1504919892,-5658,5892,-1374,126,-46,187,0,0,-7,-1,-16151,0,5956,-148,-5960,-102,47,29
1504969892,-5884,5838,-1270,101,-122,1,8160,8192,0,0,645,8192,5748,-384,-6070,-95,47,20
1505019892,-5640,6116,-1536,66,-120,66,8160,8192,1188,22964,645,8192,5726,300,-5960,-103,5,27
1505069892,-5334,6366,-1630,93,-119,58,8160,8192,0,0,645,8192,5766,488,-6038,-99,27,28
1505119892,-5678,6082,-1408,111,-88,129,-16142,0,-15537,0,8160,8192,5752,128,-6040,-105,31,29
1505169892,-5610,5944,-1372,93,-117,27,8160,8192,20116,22966,645,8192,5738,-110,-6050,-104,32,26
1505219892,-5544,6054,-1472,97,-107,57,-17140,0,-15537,0,8160,8192,5712,164,-6148,-110,43,27
1505269892,-5634,5970,-1388,95,-106,81,0,0,-7,-1,-16138,0,5766,-106,-6098,-105,22,30
1505319892,-5514,6214,-1648,77,-107,59,0,0,-7,-1,-16136,0,5758,256,-6196,-107,22,27
1505369892,-5592,6198,-1594,105,-101,72,-16135,0,-15537,0,8160,8192,5778,262,-6088,-105,30,30
1505419892,-5678,6030,-1406,105,-76,133,-16134,0,-15537,0,8160,8192,5740,112,-5964,-104,29,30
1505469892,-5290,6266,-1666,89,-144,-37,-16132,0,-15537,0,8160,8192,5828,374,-6156,-103,32,28
1505519892,-5788,6106,-1452,111,-66,153,-18130,0,-15537,0,8160,8192,5868,158,-5974,-108,34,32
1505569892,-5628,6048,-1480,102,-100,51,-16127,0,-15537,0,8160,8192,5642,-2,-6326,-99,41,27
1505619892,-5502,6052,-1542,98,-98,65,-16126,0,-15537,0,8160,8192,5780,114,-5968,-104,39,33
1505669892,-5618,6016,-1422,106,-91,95,-16123,0,-15537,0,8160,8192,5868,146,-5840,-101,31,26
1505719892,-5658,6066,-1412,100,-87,88,0,0,-7,-1,-16121,0,5840,86,-6052,-103,39,28
1505769892,-5500,6352,-1688,92,-108,29,-16119,0,-15537,0,8160,8192,5584,364,-6250,-102,39,30
1505819892,-5734,6100,-1386,113,-70,138,-16117,0,-15537,0,8160,8192,5646,-8,-6230,-103,35,31
1505869892,-5550,6250,-1646,93,-124,15,-16115,0,-15537,0,8160,8192,5726,248,-6090,-103,33,34
1505919892,-5498,6174,-1596,103,-99,63,-16113,0,-15537,0,8160,8192,5780,328,-6076,-102,37,27
1505969892,-5426,6170,-1568,105,-116,65,-16111,0,-15537,0,8160,8192,5980,276,-5866,-106,26,30
1506019892,-5476,6188,-1664,88,-113,64,-16109,0,-15537,0,8160,8192,5672,436,-6154,-108,25,35
1506069892,-5412,6272,-1588,96,-124,37,-16108,0,-15537,0,8160,8192,5684,458,-6016,-108,25,30
1506119892,-5162,6458,-1718,75,-155,-82,-16105,0,-15537,0,8160,8192,5968,636,-5872,-105,31,31
1506169892,-4964,6422,-2122,77,-122,10,-16104,0,-15537,0,8160,8192,5656,936,-6152,-101,37,34
1506219892,-5314,6718,-1720,81,-117,20,0,0,-7,-1,-16103,0,5790,740,-5924,-103,32,24
1506269892,-5098,6380,-2302,6,-229,-374,-16102,0,-15537,0,8160,8192,6212,650,-6074,-95,22,28
1506319892,-5392,6174,-1520,71,-124,-77,-16100,0,-15537,0,8160,8192,5524,520,-6174,-100,31,29
1506369892,-5504,6264,-1428,13,-39,80,0,0,-7,-1,-16097,0,5366,1494,-6080,-100,55,30
1506419892,-5192,5946,-1592,86,-120,-51,-16094,0,-15537,0,8160,8192,5596,674,-6310,-100,27,25
1506469892,-5540,6268,-1580,58,-113,-114,8160,8192,9396,22986,645,8192,5588,490,-6326,-102,21,30
1506519892,-6130,6644,-1900,66,-129,-100,8160,8192,-6140,22986,645,8192,5422,1130,-6434,-100,37,27
1506569892,-5376,6090,-1470,134,-225,-269,0,0,-7,-1,-16088,0,5556,520,-6220,-89,25,32
1506619892,-6230,6624,-2428,166,-266,-212,0,0,-7,-1,-17086,0,5576,436,-6506,-106,39,17
1506669892,-6028,6042,-1518,100,-123,136,-16084,0,-15537,0,8160,8192,5470,1522,-6332,-90,34,31
1506719892,-6150,6394,-1854,91,-180,-90,-18081,0,-15537,0,8160,8192,4612,68,-6286,-106,26,33
1506769892,-3356,4282,-438,157,-214,85,-17078,0,-15537,0,8160,8192,6804,724,-5976,-122,27,20
1506819892,-4814,5112,-1126,109,-180,93,8160,8192,31716,22991,645,8192,4870,-1048,-6692,-96,3,28
1506869892,-4770,5658,-1228,112,-210,-10,-18074,0,-15537,0,8160,8192,8034,2968,-4064,-111,-13,30
1506919892,-5392,6736,-2044,93,-160,-29,8160,8192,0,0,645,8192,6722,1858,-5652,-102,23,24
1506969892,-5686,6382,-1814,85,-135,-18,-16069,0,-15537,0,8160,8192,3588,190,-6750,-86,19,47
1507019892,-5664,6620,-2256,94,-179,-200,-16067,0,-15537,0,8160,8192,6018,1464,-6374,-114,18,30
1507069892,-4710,5354,-860,88,-103,83,8160,8192,0,0,645,8192,7614,620,-4436,-115,34,13
1507119892,-5758,5778,-1894,87,-283,-396,0,0,-7,-1,-16064,0,4694,1116,-6448,-113,17,17
1507169892,-5986,5788,-1342,149,-182,-171,-16064,0,-15537,0,8160,8192,5772,672,-6166,-105,39,36
1507219892,-6558,6278,-1864,95,-84,-126,0,0,-7,-1,-17062,0,6022,562,-5952,-106,18,35
1507269892,-5670,5142,-1256,161,-144,43,0,0,-7,-1,-16060,0,5396,888,-5456,-108,46,44
1507319892,-7076,4846,-172,41,-16,296,-18058,0,-15537,0,8160,8192,4784,-1402,-6420,-97,-3,46
1507369892,-8324,4786,-164,197,-81,-84,0,0,-7,-1,-16055,0,4242,-2672,-6024,-98,91,40
1507419892,-8910,5336,-590,140,-60,75,8160,8192,-23644,23000,645,8192,5918,-2342,-5830,-120,44,16
1507469892,-5768,2732,-652,-123,-63,122,-17051,0,-15537,0,8160,8192,7160,-1822,-3320,-92,48,38
1507519892,-6884,4558,-612,145,-327,-423,0,0,-7,-1,-16049,0,6206,-1974,-5548,-108,20,35
1507569892,-8174,4938,-822,8,-9,143,8160,8192,-4716,23002,645,8192,7140,-1684,-5268,-100,32,32
1507619892,-6952,4888,-358,194,-194,-1,-16045,0,-15537,0,8160,8192,5708,-1868,-6120,-105,26,36
1507669892,-8092,4962,-326,105,32,466,8160,8192,0,0,645,8192,5746,-2592,-5764,-100,40,28
1507719892,-7996,3902,936,96,133,692,8160,8192,14212,23005,645,8192,6582,-3602,-5684,-102,51,23
1507769892,-11074,6092,-1912,-40,170,754,-16038,0,-15537,0,8160,8192,7626,-3186,-5958,-76,64,36
1507819892,-6226,3366,898,192,-15,422,0,0,-7,-1,-16035,0,8550,-4732,-3598,-83,89,23
1507869892,-4942,3486,-460,-4,-71,-8,-18033,0,-15537,0,8160,8192,6376,-682,-5334,-95,28,66
1507919892,-5864,2742,-116,95,107,599,-17031,0,-15537,0,8160,8192,7924,-4592,-2264,-108,-23,41
1507969892,-5362,6712,-2584,-64,-157,-100,8160,8192,2068,23009,645,8192,6266,518,-6448,-130,14,26
1508019892,-5662,5708,-938,57,-13,370,0,0,-7,-1,-17026,0,1550,-1600,-6142,-106,-55,44
1508069892,-6768,5714,-1396,47,1,440,8160,8192,-29004,23010,645,8192,4790,-410,-6436,-117,-46,29
1508119892,-7762,8998,-2166,-31,-184,33,-16021,0,-15537,0,8160,8192,9112,1540,-4404,-92,-57,48
1508169892,-5716,6196,-1876,71,-133,246,-16019,0,-15537,0,8160,8192,2892,1430,-7312,-98,-49,34
1508219892,-2872,6702,-3186,10,-323,-214,-17018,0,-15537,0,8160,8192,1612,2288,-9332,-105,-10,22
1508269892,-2410,7158,-3868,208,-467,-470,-17017,0,-15537,0,8160,8192,6802,4926,-5420,-116,-1,28
1508319892,-5372,7890,-3126,302,-202,-153,8160,8192,24388,23014,645,8192,7610,1718,-5400,-113,43,24
1508369892,-6688,6502,-2174,145,350,847,8160,8192,0,0,645,8192,6586,1794,-5630,-123,140,33
1508419892,-5082,6644,-1664,217,-74,46,-16010,0,-15537,0,8160,8192,6104,1222,-6320,-127,154,26
1508469892,-4070,6046,-2274,50,-123,95,8160,8192,0,0,645,8192,5948,1726,-5770,-125,22,35
1508519892,-5366,6826,-1722,143,-8,306,0,0,-7,-1,-17005,0,5674,1602,-5986,-130,46,44
1508569892,-3360,7554,-3552,89,-309,-661,8160,8192,12244,23018,645,8192,5698,3218,-6042,-127,21,28
1508619892,-5310,6536,-1616,174,7,657,0,0,-7,-1,-16001,0,5738,472,-6012,-107,5,16
1508669892,-4754,6998,-2172,20,-215,-105,-15999,0,-15537,0,8160,8192,6166,904,-5764,-103,-10,23
1508719892,-6294,5764,-1092,144,-15,360,-15996,0,-15537,0,8160,8192,5986,-304,-6050,-106,18,30
1508769892,-5654,5872,-1212,88,-115,-12,-15994,0,-15537,0,8160,8192,5464,-866,-6162,-114,58,25
1508819892,-6164,5716,-1028,148,-114,8,0,0,-7,-1,-15992,0,5880,-678,-5978,-107,62,29
1508869892,-5706,6016,-1364,97,-132,42,8160,8192,-15436,23022,645,8192,5864,44,-5964,-109,22,31
1508919892,-5418,6248,-1512,86,-161,-11,8160,8192,-30972,23023,645,8192,5842,208,-6126,-108,18,31
1508969892,-5712,6056,-1488,125,-61,123,-15986,0,-15537,0,8160,8192,5684,238,-6108,-108,45,30
1509019892,-5520,6086,-1456,102,-107,35,-15985,0,-15537,0,8160,8192,5758,-26,-6090,-103,38,27
1509069892,-5452,6048,-1556,106,-115,62,-15983,0,-15537,0,8160,8192,5608,158,-6080,-110,35,35
1509119892,-5524,5972,-1530,109,-115,32,0,0,-7,-1,-15980,0,5742,168,-6086,-107,38,33
1509169892,-5600,6140,-1504,91,-103,68,0,0,-7,-1,-15978,0,5800,54,-6040,-105,28,34
1509219892,-5772,6098,-1402,96,-111,46,0,0,-7,-1,-16975,0,5840,212,-5872,-109,25,33
1509269892,-5618,6024,-1338,98,-109,85,-15973,0,-15537,0,8160,8192,5918,12,-6028,-109,21,33
1509319892,-5594,6132,-1584,87,-119,48,0,0,-7,-1,-16972,0,5816,278,-6078,-106,22,33
1509369892,-5422,6128,-1552,104,-121,39,-17969,0,-15537,0,8160,8192,5902,242,-5942,-110,32,33
1509419892,-5688,6190,-1514,103,-86,99,8160,8192,0,0,645,8192,5726,172,-6054,-107,37,29
1509469892,-5452,6118,-1586,105,-123,7,-17965,0,-15537,0,8160,8192,5632,212,-6134,-107,39,33
1509519892,-5614,5962,-1516,118,-83,109,8160,8192,0,0,645,8192,6018,118,-5930,-110,42,35
1509569892,-5558,5950,-1370,106,-107,27,0,0,-7,-1,-15959,0,5868,10,-5940,-104,40,28
1509619892,-5608,5992,-1432,102,-86,94,-15956,0,-15537,0,8160,8192,5854,68,-5974,-105,42,31
1509669892,-5456,6036,-1604,104,-105,47,8160,8192,-1868,23034,645,8192,5942,290,-5844,-104,43,33
1509719892,-5310,6306,-1832,73,-104,56,-15950,0,-15537,0,8160,8192,5928,724,-5902,-103,30,30
1509769892,-5524,6152,-1644,105,-81,131,8160,8192,0,0,645,8192,5990,264,-6004,-103,31,33
1509819892,-5570,6232,-1596,99,-93,86,-15945,0,-15537,0,8160,8192,5764,300,-6104,-101,35,29
1509869892,-5582,6214,-1460,104,-127,14,-16943,0,-15537,0,8160,8192,5614,154,-6092,-103,31,29
1509919892,-5436,6278,-1744,89,-114,50,-15941,0,-15537,0,8160,8192,5962,588,-5950,-109,26,32
1509969892,-5572,6242,-1536,105,-119,52,0,0,-7,-1,-16938,0,5672,366,-6132,-103,28,29
1510019892,-5390,6114,-1626,92,-147,-12,0,0,-7,-1,-16935,0,5904,354,-5854,-103,25,33
1510069892,-5708,6064,-1410,90,-123,45,0,0,-7,-1,-16933,0,5746,140,-5994,-107,20,35
1510119892,-5504,6138,-1566,92,-134,-16,8160,8192,0,0,645,8192,5828,262,-6078,-103,38,29
1510169892,-5326,6448,-1670,79,-185,-138,-15927,0,-15537,0,8160,8192,5766,1060,-5986,-104,32,32
1510219892,-5008,6318,-1936,142,-194,-92,-16925,0,-15537,0,8160,8192,5796,492,-6070,-104,26,30
1510269892,-5444,6226,-1626,75,-132,73,8160,8192,8308,23044,645,8192,5770,400,-5948,-104,37,28
1510319892,-5584,6208,-1994,105,-172,-163,-16920,0,-15537,0,8160,8192,6244,1280,-5814,-103,17,28
1510369892,-4942,6738,-2078,128,-201,-159,0,0,-7,-1,-16918,0,6178,778,-5544,-102,49,35
1510419892,-5536,6332,-1880,89,-187,-138,-17915,0,-15537,0,8160,8192,5728,876,-5916,-102,36,30
1510469892,-5610,6202,-1730,139,-162,7,0,0,-7,-1,-16913,0,5630,282,-6300,-105,48,25
1510519892,-5826,6632,-2206,88,-162,-164,-15911,0,-15537,0,8160,8192,5202,2136,-6042,-105,48,27
1510569892,-5500,6188,-1928,115,-180,-46,-15908,0,-15537,0,8160,8192,5610,588,-6094,-97,28,38
1510619892,-4812,6024,-1744,141,-212,-279,-15906,0,-15537,0,8160,8192,6276,1446,-5180,-105,56,19
1510669892,-4272,5536,-1186,135,-174,-5,-16904,0,-15537,0,8160,8192,5430,-978,-5688,-96,23,32
1510719892,-4624,5972,-1776,86,-183,50,0,0,-7,-1,-15902,0,6274,672,-5700,-108,22,20
1510769892,-4978,5798,-1368,64,-115,105,-15900,0,-15537,0,8160,8192,4972,654,-6330,-86,5,24
1510819892,-6058,6158,-1636,83,-113,91,8160,8192,0,0,645,8192,6070,1112,-7408,-101,-1,17
1510869892,-6958,7416,-3614,122,-172,-42,-17897,0,-15537,0,8160,8192,10678,1454,-3700,-96,44,15
1510919892,-5814,6312,-1302,114,-39,55,0,0,-7,-1,-15893,0,3786,870,-7198,-86,80,36
1510969892,-5934,5972,-1372,106,-156,-229,-15891,0,-15537,0,8160,8192,5860,-766,-7192,-108,33,57
1511019892,-5328,4794,-548,-7,-9,36,-15889,0,-15537,0,8160,8192,2716,782,-8564,-88,74,24
1511069892,-6216,5746,-1490,93,-266,-440,-15888,0,-15537,0,8160,8192,5990,-1746,-5756,-84,0,44
1511119892,-6834,6254,-1858,158,-226,-266,-16885,0,-15537,0,8160,8192,-758,-456,-10322,-104,39,24
1511169892,-6536,5894,-1064,52,-34,114,-15883,0,-15537,0,8160,8192,7778,1410,-5768,-116,10,24
1511219892,-6960,5770,-1040,123,-215,-352,8160,8192,-24732,23058,645,8192,4786,-1546,-5358,-150,-44,35
1511269892,-5458,4030,-182,75,-4,211,-16880,0,-15537,0,8160,8192,2974,-2804,-8688,-120,11,22
1511319892,-6992,4502,-188,70,-12,106,0,0,-7,-1,-15878,0,6798,-2324,-4898,-136,56,14
1511369892,-5690,2260,-586,134,-174,282,0,0,-7,-1,-16876,0,1570,-2434,-7622,-99,50,39
1511419892,-6324,4822,-788,121,-342,-477,-15874,0,-15537,0,8160,8192,6068,-760,-5456,-104,35,34
1511469892,-6266,3606,326,117,-156,25,-15872,0,-15537,0,8160,8192,6138,-1998,-6708,-106,30,35
1511519892,-7140,4592,-584,21,-56,69,-16869,0,-15537,0,8160,8192,5562,-1646,-6128,-98,44,29
1511569892,-7270,4398,66,218,-222,-83,0,0,-7,-1,-15867,0,6058,-2342,-5974,-104,14,37
1511619892,-8550,4444,168,22,208,838,-15865,0,-15537,0,8160,8192,5790,-2710,-6672,-100,62,28
1511669892,-8968,2986,1500,29,254,970,-15865,0,-15537,0,8160,8192,4672,-4470,-6796,-97,46,20
1511719892,-9842,3372,1830,-73,320,905,-15863,0,-15537,0,8160,8192,7160,-3984,-5906,-55,50,41
1511769892,-9124,4922,100,131,-18,276,0,0,-7,-1,-15861,0,2854,-4308,-7980,-118,92,38
1511819892,-5728,3658,-1698,19,-152,250,0,0,-7,-1,-15858,0,3020,-5550,-8306,-68,-76,47
1511869892,-4916,7554,-2972,-107,-231,-278,-15855,0,-15537,0,8160,8192,7638,2014,-5202,-128,0,48
1511919892,-5370,6396,-2422,107,72,471,-15854,0,-15537,0,8160,8192,4076,474,-9532,-91,34,48
1511969892,-5938,6458,-1948,79,-90,267,-15850,0,-15537,0,8160,8192,5416,-566,-5422,-123,-16,41
1512019892,-3954,6692,-1490,-4,-133,64,-17846,0,-15537,0,8160,8192,4058,4330,-9632,-113,32,65
1512069892,-4220,7732,-3042,121,-287,-92,8160,8192,0,0,645,8192,6588,1810,-5250,-103,41,34
1512119892,-5110,7990,-3502,44,-242,-25,-15839,0,-15537,0,8160,8192,9184,3358,-3506,-120,-47,30
1512169892,-3178,7892,-3052,153,-333,-72,8160,8192,7764,23073,645,8192,5632,3320,-6192,-123,10,29
1512219892,-3760,7722,-2334,250,-111,-265,0,0,-7,-1,-15834,0,4176,4178,-7918,-118,88,22
1512269892,-6828,6524,-1190,250,131,982,0,0,-7,-1,-15831,0,4992,68,-6054,-126,32,22
1512319892,-3972,7356,-3486,-90,-187,-179,8160,8192,26692,23075,645,8192,5090,4088,-5600,-119,42,19
1512369892,-5168,6732,-946,490,-297,-195,8160,8192,11156,23076,645,8192,6048,-208,-6742,-119,71,53
1512419892,-2688,7854,-4770,-241,-30,-282,0,0,-7,-1,-15824,0,5708,5386,-6092,-132,47,44
1512469892,-4220,6958,-2268,465,-226,134,0,0,-7,-1,-16823,0,5536,2122,-6226,-109,58,12
1512519892,-5472,5814,-1288,-96,155,635,8160,8192,30084,23078,645,8192,6362,-532,-5758,-101,39,13
1512569892,-6984,5428,-560,161,-13,385,-15820,0,-15537,0,8160,8192,6094,-706,-6410,-102,22,17
1512619892,-5452,6128,-1334,54,-219,-193,8160,8192,-988,23079,645,8192,5752,-394,-5814,-114,29,35
1512669892,-6228,5584,-1032,162,3,278,-15816,0,-15537,0,8160,8192,5982,-402,-5814,-115,58,30
1512719892,-5466,6138,-1568,89,-133,-96,5544,8192,-7,-1,-15916,0,5740,50,-6002,-108,49,26
1512769892,-5144,6440,-1862,98,-185,35,8160,8192,0,0,645,8192,5842,1098,-5878,-102,5,29
1512819892,-5372,6390,-1622,94,-84,161,-16811,0,-15537,0,8160,8192,5778,330,-6116,-102,9,25
1512869892,-5374,6324,-1660,100,-124,19,0,0,-7,-1,-16809,0,5622,580,-6042,-110,25,28
1512919892,-5652,6040,-1480,116,-106,76,8160,8192,0,0,645,8192,5784,152,-5966,-106,41,30
1512969892,-5688,5962,-1530,75,-118,40,-15803,0,-15537,0,8160,8192,5900,-70,-5908,-106,33,28
1513019892,-5822,5908,-1308,112,-124,32,-16800,0,-15537,0,8160,8192,5842,-282,-5992,-106,29,31
1513069892,-5666,5986,-1486,80,-114,47,-15798,0,-15537,0,8160,8192,5836,126,-6036,-110,28,33
1513119892,-5666,5970,-1324,106,-114,75,8160,8192,-25276,23087,645,8192,5672,-162,-6208,-107,27,31
1513169892,-5692,6126,-1498,95,-119,35,8160,8192,0,0,645,8192,6054,122,-5892,-110,29,37
1513219892,-5570,6242,-1544,112,-120,29,-17791,0,-15537,0,8160,8192,5802,316,-5972,-105,33,31
1513269892,-5488,6096,-1536,103,-95,82,-17788,0,-15537,0,8160,8192,5908,364,-5962,-108,42,33
1513319892,-5632,6092,-1500,110,-125,17,-16786,0,-15537,0,8160,8192,5688,110,-6042,-112,38,37
1513369892,-5720,6066,-1418,98,-87,87,-17784,0,-15537,0,8160,8192,5892,42,-5878,-109,34,29
1513419892,-5528,6122,-1576,106,-133,11,-15781,0,-15537,0,8160,8192,5758,200,-6210,-113,37,36
1513469892,-5800,5938,-1316,110,-72,127,0,0,-7,-1,-16779,0,5798,-198,-6172,-104,39,26
1513519892,-5424,6094,-1442,95,-140,-35,-15777,0,-15537,0,8160,8192,5904,278,-5962,-105,37,33
1513569892,-5544,6022,-1494,122,-71,135,8160,8192,0,0,645,8192,5850,96,-5974,-104,41,30
1513619892,-5630,6134,-1456,102,-102,69,8160,8192,15972,23095,645,8192,5840,184,-5942,-100,33,28
1513669892,-5426,6254,-1556,113,-110,44,-15771,0,-15537,0,8160,8192,5794,336,-5950,-105,42,32
1513719892,-5494,6238,-1664,91,-87,92,8160,8192,-15100,23096,645,8192,5776,374,-6102,-104,29,27
1513769892,-5502,6362,-1686,93,-115,40,-16764,0,-15537,0,8160,8192,5610,422,-6216,-103,34,29
1513819892,-5602,6098,-1546,97,-100,101,8160,8192,0,0,645,8192,5894,312,-6134,-101,19,30
1513869892,-5516,6270,-1608,83,-137,3,-15759,0,-15537,0,8160,8192,5930,390,-5936,-104,23,29
1513919892,-5360,6250,-1758,74,-115,30,-15757,0,-15537,0,8160,8192,5446,716,-6136,-106,34,30
1513969892,-5284,6434,-1790,94,-134,44,-15755,0,-15537,0,8160,8192,5814,514,-6008,-103,19,32
1514019892,-5510,6164,-1600,82,-124,51,-15750,0,-15537,0,8160,8192,5756,388,-6050,-103,21,29
1514069892,-5352,6132,-1796,22,-193,-209,0,0,-7,-1,-15748,0,5894,504,-6062,-109,9,34
1514119892,-5402,6484,-1866,77,-151,-145,0,0,-7,-1,-16747,0,5982,842,-6002,-102,26,28
1514169892,-5634,6430,-1914,99,-189,-111,-15746,0,-15537,0,8160,8192,6088,650,-5968,-100,23,25
1514219892,-5478,6122,-1358,97,-160,-140,-16744,0,-15537,0,8160,8192,5922,902,-6204,-102,17,24
1514269892,-5026,6050,-1534,91,-145,-121,8160,8192,10612,23105,645,8192,5440,280,-6066,-97,47,33
1514319892,-5384,6114,-1260,116,-123,33,-15738,0,-15537,0,8160,8192,6532,-372,-5632,-95,42,35
1514369892,-5428,6076,-1288,93,-119,25,-15736,0,-15537,0,8160,8192,5064,952,-6292,-99,33,24
1514419892,-4488,5656,-1322,107,-198,-210,8160,8192,0,0,645,8192,4492,376,-7414,-108,37,25
1514469892,-5544,6114,-1834,94,-165,14,-15729,0,-15537,0,8160,8192,6340,616,-5660,-91,20,33
1514519892,-5466,6340,-1976,89,-117,-82,0,0,-7,-1,-16726,0,4450,1092,-6316,-101,74,15
1514569892,-5652,6692,-2250,189,-249,-160,-16725,0,-15537,0,8160,8192,5368,516,-6678,-97,39,26
1514619892,-4554,5932,-1966,121,-270,-191,8160,8192,-32604,23110,645,8192,5940,1122,-5522,-99,16,21
1514669892,-5692,6628,-2284,81,-89,231,-15721,0,-15537,0,8160,8192,6024,878,-6214,-86,42,22
1514719892,-6670,7006,-2464,75,-112,29,-17719,0,-15537,0,8160,8192,7472,684,-5470,-105,13,25
1514769892,-2950,4072,-8,105,-151,119,-17715,0,-15537,0,8160,8192,6430,2624,-7952,-107,17,29
1514819892,-6348,6594,-1664,83,-88,-8,-15715,0,-15537,0,8160,8192,5512,1332,-6336,-88,30,43
1514869892,-5294,5778,-1662,102,-201,-284,0,0,-7,-1,-15712,0,6552,416,-5566,-108,4,44
1514919892,-6934,8442,-3408,34,-242,-211,-15709,0,-15537,0,8160,8192,98,1026,-8022,-86,44,43
1514969892,-5638,5968,-1002,112,-230,-352,0,0,-7,-1,-15706,0,4308,-2,-7174,-92,10,47
1515019892,-6304,4974,-566,191,-130,-136,-15704,0,-15537,0,8160,8192,9634,-30,-3682,-101,14,32
1515069892,-7116,5840,-1462,79,-28,242,8160,8192,0,0,645,8192,5922,-1626,-5182,-108,19,15
1515119892,-6372,4568,-84,197,-152,-148,0,0,-7,-1,-15701,0,3490,-1136,-8134,-134,30,33
1515169892,-7836,5728,-752,85,39,148,0,0,-7,-1,-15700,0,4992,-1216,-6356,-122,76,23
1515219892,-7594,4896,16,173,-146,-88,8160,8192,0,0,645,8192,6602,-2552,-5894,-119,34,15
1515269892,-8020,4086,138,-101,106,209,-16695,0,-15537,0,8160,8192,5730,-1942,-5762,-96,56,36
1515319892,-7048,4702,20,174,-329,-485,-15692,0,-15537,0,8160,8192,5178,-2130,-6348,-106,47,24
1515369892,-7980,4346,122,38,37,315,-15690,0,-15537,0,8160,8192,5386,-3272,-6338,-112,61,32
1515419892,-8022,4240,204,54,40,242,-15688,0,-15537,0,8160,8192,5142,-1960,-5842,-93,63,27
1515469892,-6306,3402,-108,184,-159,343,-15686,0,-15537,0,8160,8192,3896,-2982,-7276,-110,63,38
1515519892,-7242,2720,928,-69,259,956,-15684,0,-15537,0,8160,8192,5752,-3162,-5992,-92,33,23
1515569892,-8440,3536,580,19,168,766,-15682,0,-15537,0,8160,8192,4212,-4316,-6768,-88,55,24
1515619892,-9438,4986,210,-57,75,660,8160,8192,-15644,23125,645,8192,878,-5846,-8464,-111,-75,42
1515669892,-7482,4744,998,140,-63,252,-15676,0,-15537,0,8160,8192,5140,-2778,-6140,-86,38,50
1515719892,-7592,7914,-1366,-59,-69,78,8160,8192,18820,23127,645,8192,13096,7074,-7066,-85,17,26
1515769892,-2838,3752,-1514,29,-29,156,-17671,0,-15537,0,8160,8192,6068,2604,-6358,-95,22,45
1515819892,-5302,6280,-1322,144,115,606,8160,8192,-12252,23128,645,8192,5852,2342,-5980,-114,5,12
1515869892,-5594,7224,-2360,-12,-130,16,-15667,0,-15537,0,8160,8192,5842,-642,-4630,-109,20,53
1515919892,-5584,7266,-2426,178,-35,206,-15666,0,-15537,0,8160,8192,6484,606,-6208,-104,109,62
1515969892,-4948,6620,-2550,80,-125,-44,8160,8192,6676,23131,645,8192,2702,-882,-7420,-111,109,40
1516019892,-3538,7292,-2646,52,-274,-260,-16664,0,-15537,0,8160,8192,9646,4806,-5160,-106,30,36
1516069892,-3350,7708,-3450,200,-209,-230,0,0,-7,-1,-15659,0,5196,1388,-6476,-116,97,23
1516119892,-1660,6122,-1856,113,17,-63,0,0,-7,-1,-15658,0,5968,970,-7082,-114,153,11
1516169892,-4730,7114,-2424,166,-72,294,-15657,0,-15537,0,8160,8192,5972,1978,-5570,-124,-11,22
1516219892,-4688,6296,-1818,-10,48,596,-15654,0,-15537,0,8160,8192,5874,1632,-6362,-120,-16,27
1516269892,-6030,5744,-1004,160,-43,322,8160,8192,-21004,23135,645,8192,6000,-1138,-6294,-110,13,13
1516319892,-3726,6890,-2922,10,-337,-407,8160,8192,28996,23136,645,8192,5374,2712,-6160,-133,34,48
1516369892,-4100,6972,-2392,350,-220,-125,0,0,-7,-1,-15645,0,5472,920,-5860,-130,80,38
1516419892,-5700,6458,-1858,0,207,583,-15640,0,-15537,0,8160,8192,5820,1006,-5996,-104,47,14
1516469892,-5536,5932,-1472,165,-137,80,0,0,-7,-1,-15639,0,6260,-66,-5730,-117,17,27
1516519892,-5604,5998,-1652,53,-111,54,-15634,0,-15537,0,8160,8192,5916,340,-5894,-100,29,23
1516569892,-6270,5676,-856,142,-58,217,-17632,0,-15537,0,8160,8192,6158,-828,-5994,-111,28,32
1516619892,-5870,5882,-1094,106,-151,-83,-15630,0,-15537,0,8160,8192,5892,-426,-5988,-107,50,30
1516669892,-5452,6284,-1714,78,-140,-6,8160,8192,-14220,23141,645,8192,5812,612,-5962,-106,26,36
1516719892,-5512,6202,-1498,121,-94,173,-15626,0,-15537,0,8160,8192,5830,36,-5916,-107,18,36
1516769892,-5544,6096,-1598,97,-148,-27,-15624,0,-15537,0,8160,8192,5798,278,-6072,-108,31,32
1516819892,-5626,5992,-1416,117,-88,97,-17620,0,-15537,0,8160,8192,5772,24,-6044,-102,36,30
1516869892,-5616,6040,-1464,91,-116,64,8160,8192,0,0,645,8192,5874,12,-6074,-110,28,36
1516919892,-5826,6076,-1366,100,-125,55,-15615,0,-15537,0,8160,8192,6008,-188,-6010,-108,23,35
1516969892,-5594,6216,-1482,90,-108,40,8160,8192,23636,23146,645,8192,5802,256,-6038,-112,32,32
1517019892,-5408,6172,-1622,98,-132,23,-17611,0,-15537,0,8160,8192,5614,292,-6148,-109,22,32
1517069892,-5736,6118,-1566,95,-78,148,-15609,0,-15537,0,8160,8192,5942,136,-5834,-112,18,34
1517119892,-5470,6108,-1570,99,-135,-12,8160,8192,-22972,23148,645,8192,5610,176,-6276,-106,36,30
1517169892,-5532,6020,-1436,105,-94,90,8160,8192,0,0,645,8192,5630,96,-5982,-109,35,36
1517219892,-5928,6076,-1294,122,-93,93,-15599,0,-15537,0,8160,8192,5806,-152,-5880,-109,38,35
1517269892,-5356,6264,-1738,91,-134,-52,0,0,-7,-1,-15595,0,5482,400,-6360,-106,49,32
1517319892,-5630,6080,-1526,125,-86,111,8160,8192,0,0,645,8192,5628,102,-6202,-112,44,39
1517369892,-5662,6028,-1336,110,-88,94,-15593,0,-15537,0,8160,8192,5522,-30,-6278,-104,39,29
1517419892,-5404,6206,-1576,102,-127,3,-15591,0,-15537,0,8160,8192,5764,452,-6066,-108,38,36
1517469892,-5662,6086,-1434,124,-68,169,-15588,0,-15537,0,8160,8192,5722,-70,-6064,-104,32,34
1517519892,-5438,6180,-1714,80,-102,32,0,0,-7,-1,-16586,0,5536,336,-6128,-103,40,30
1517569892,-5524,6318,-1626,99,-105,56,-15581,0,-15537,0,8160,8192,5688,384,-6172,-104,30,27
1517619892,-5466,6216,-1576,104,-98,109,-15578,0,-15537,0,8160,8192,6064,328,-5770,-104,28,32
1517669892,-5312,6376,-1728,96,-142,-23,0,0,-7,-1,-15576,0,5538,620,-6168,-107,38,35
1517719892,-5246,6258,-1802,78,-127,-7,0,0,-7,-1,-15575,0,5946,512,-5896,-99,34,29
1517769892,-5338,6224,-1672,85,-135,25,-15573,0,-15537,0,8160,8192,5656,152,-6192,-106,15,31
1517819892,-5428,6214,-1538,79,-145,3,8160,8192,21668,23159,645,8192,5886,372,-6046,-106,20,33
1517869892,-5116,6518,-1994,47,-173,-123,-15569,0,-15537,0,8160,8192,5622,1240,-6106,-99,31,26
1517919892,-5258,6634,-2314,98,-295,-478,8160,8192,-9404,23160,645,8192,5572,1444,-6000,-105,22,37
1517969892,-5248,5862,-1540,40,-98,-14,-15559,0,-15537,0,8160,8192,5718,1012,-6048,-103,33,19
1518019892,-5130,6198,-1564,59,-104,-45,8160,8192,25060,23162,645,8192,5290,1054,-6030,-91,69,32
1518069892,-5326,6310,-1508,145,-175,-156,8160,8192,0,0,645,8192,6088,1758,-5266,-88,57,43
1518119892,-5410,6110,-1444,73,-109,32,-15553,0,-15537,0,8160,8192,6328,894,-5812,-97,19,24
1518169892,-5506,6174,-1742,67,-182,-182,-15551,0,-15537,0,8160,8192,5288,1288,-6642,-101,9,29
1518219892,-5318,5920,-1452,93,-157,-85,8160,8192,0,0,645,8192,5298,650,-6206,-106,31,10
1518269892,-5120,5498,-974,139,-166,-126,-15546,0,-15537,0,8160,8192,7770,556,-4648,-88,46,27
1518319892,-5572,6004,-1424,79,-136,14,-15544,0,-15537,0,8160,8192,6464,438,-5328,-96,25,28
1518369892,-5562,6278,-1786,169,-170,6,-16541,0,-15537,0,8160,8192,7424,1676,-4636,-112,55,10
1518419893,-4584,5830,-1482,37,-93,120,-15539,0,-15537,0,8160,8192,7020,466,-4486,-102,19,18
1518469895,-6220,6364,-2014,58,-94,99,-15537,0,-15537,0,8160,8192,3128,8,-7212,-105,46,20
1518519892,-7100,7560,-2458,166,-175,-140,-16534,0,-15537,0,8160,8192,5082,-224,-5958,-110,12,40
1518569892,-6690,7158,-2226,-3,-13,19,0,0,-7,-1,-16532,0,5122,868,-6278,-124,56,19
1518619892,-5942,5944,-1376,147,-155,-13,-16529,0,-15537,0,8160,8192,4340,588,-6962,-109,-5,10
1518669892,-5284,4884,-420,48,-139,-305,-16527,0,-15537,0,8160,8192,5966,916,-5842,-122,41,21
1518719892,-6020,5576,-1130,153,-230,-253,-16525,0,-15537,0,8160,8192,8096,-666,-5314,-106,23,34
1518769892,-4466,3588,152,123,-70,30,8160,8192,0,0,645,8192,6530,-2978,-6274,-123,43,32
1518819892,-7412,6294,-1774,86,-34,38,8160,8192,-26908,23174,645,8192,6520,276,-5622,-92,56,39
1518869892,-6178,5238,-378,214,-157,43,0,0,-7,-1,-17518,0,7916,-1912,-4996,-103,7,33
1518919892,-6314,3956,204,71,40,76,8160,8192,7556,23176,645,8192,7506,-2782,-5598,-107,111,25
1518969892,-10668,6712,-158,96,45,114,0,0,-7,-1,-17512,0,11304,-1244,-2250,-117,16,8
1519019892,-7234,4918,148,60,-70,6,-18510,0,-15537,0,8160,8192,7274,-1864,-4870,-106,26,28
1519069892,-7556,5022,-776,127,-205,-212,-16508,0,-15537,0,8160,8192,4624,-1918,-7476,-99,49,27
1519119892,-6722,4692,-332,101,-145,32,0,0,-7,-1,-16506,0,6008,-1760,-5842,-112,35,38
1519169892,-7102,4554,-428,88,-111,-53,-18504,0,-15537,0,8160,8192,6058,-1382,-5836,-99,49,32
1519219892,-7378,4342,318,190,-60,394,-18501,0,-15537,0,8160,8192,5512,-2784,-6276,-104,30,33
1519269892,-7602,2762,1452,38,216,959,0,0,-7,-1,-17498,0,6696,-4008,-5930,-111,22,30
1519319892,-9398,2716,1924,78,249,900,-16495,0,-15537,0,8160,8192,8026,-4986,-4960,-91,98,38
1519369892,-8286,1528,2612,-35,221,782,0,0,-7,-1,-16493,0,2602,-4048,-8276,-89,-16,48
1519419892,-8636,6894,-886,63,-243,-170,-18490,0,-15537,0,8160,8192,7430,-2978,-6762,-70,36,33
1519469892,-5316,2862,-1078,-76,38,345,-17488,0,-15537,0,8160,8192,3304,1412,-9940,-98,-6,57
1519519892,-6240,9978,-4474,-122,-249,-399,0,0,-7,-1,-16486,0,2766,6880,-10888,-107,39,58
1519569892,-5042,5336,-1442,113,44,410,8160,8192,2196,23186,645,8192,4334,-356,-4980,-108,-29,43
1519619892,-6352,7360,-1636,200,-132,489,-18483,0,-15537,0,8160,8192,4064,-2832,-3160,-81,-50,49
1519669892,-4856,8582,-3302,58,-455,-430,-16480,0,-15537,0,8160,8192,5778,5446,-4604,-123,-19,43
1519719892,-5188,8584,-3036,200,-154,101,-16477,0,-15537,0,8160,8192,5488,2652,-6970,-102,28,21
1519769892,-5930,6862,-2412,119,-51,271,-17476,0,-15537,0,8160,8192,2718,1486,-6662,-125,40,23
1519819892,-2338,7820,-3802,122,-426,-922,8160,8192,-9948,23189,645,8192,8940,4588,-4158,-118,32,33
1519869892,-2478,7424,-3268,351,-356,-409,8160,8192,-25484,23190,645,8192,5932,2546,-5214,-126,83,8
1519919892,-4800,6584,-2442,-100,272,1027,-16472,0,-15537,0,8160,8192,5696,1202,-6120,-117,23,25
1519969892,-5634,6394,-1938,5,91,582,-16469,0,-15537,0,8160,8192,5484,1142,-5752,-123,-12,17
1520019892,-5510,6192,-1760,120,-85,101,0,0,-7,-1,-17467,0,5702,1114,-6016,-107,60,17
1520069892,-4360,7506,-2844,108,-198,-175,8160,8192,0,0,645,8192,5746,2214,-6232,-110,47,29
1520119892,-4492,6724,-2370,172,-108,51,8160,8192,0,0,645,8192,5980,1798,-5682,-128,19,26
1520169892,-5976,5790,-1156,16,111,579,-18461,0,-15537,0,8160,8192,5470,-158,-6230,-94,-9,21
1520219892,-5570,6036,-1224,80,-190,-52,-16459,0,-15537,0,8160,8192,6288,-534,-5962,-101,6,26
1520269892,-6236,5994,-1072,107,-61,131,5544,8192,-7,-1,-16169,0,6398,-454,-5996,-99,53,25
1520319892,-5842,5618,-1042,147,-106,6,-17455,0,-15537,0,8160,8192,6058,-442,-5820,-116,59,35
1520369892,-5784,5968,-1120,122,-122,23,8160,8192,0,0,645,8192,5808,-302,-6098,-105,49,29
1520419892,-5490,6288,-1586,77,-104,31,-16451,0,-15537,0,8160,8192,5644,644,-6140,-103,34,34
1520469892,-5330,6360,-1608,136,-140,34,0,0,-7,-1,-16449,0,5790,262,-6054,-102,41,33
1520519892,-5534,6140,-1642,101,-102,42,0,0,-7,-1,-16446,0,5688,430,-6004,-106,38,33
1520569892,-5692,6002,-1218,123,-86,119,0,0,-7,-1,-17443,0,5696,-122,-6008,-106,35,33
1520619892,-5554,6080,-1496,81,-118,36,-16441,0,-15537,0,8160,8192,5734,72,-6088,-103,38,29
1520669892,-5706,5902,-1376,120,-84,102,-16439,0,-15537,0,8160,8192,5546,46,-6172,-105,35,31
1520719892,-5278,6224,-1642,80,-117,16,0,0,-7,-1,-17438,0,5742,314,-6146,-102,33,28
1520769892,-5854,6130,-1390,113,-74,142,0,0,-7,-1,-17436,0,5876,-18,-5938,-101,38,30
1520819892,-5494,6142,-1494,102,-106,35,0,0,-7,-1,-16436,0,5554,168,-6150,-107,42,35
1520869892,-5390,6154,-1622,94,-112,20,-16433,0,-15537,0,8160,8192,5756,348,-5986,-102,34,30
1520919892,-5634,6000,-1432,109,-57,145,-16431,0,-15537,0,8160,8192,5582,66,-6264,-100,43,32
1520969892,-5654,6148,-1584,88,-98,67,-16430,0,-15537,0,8160,8192,5820,402,-5832,-104,31,30
1521019892,-5640,6228,-1534,99,-96,91,-17428,0,-15537,0,8160,8192,5640,188,-6048,-98,24,28
1521069892,-5688,6234,-1418,104,-89,110,-16425,0,-15537,0,8160,8192,5564,76,-6182,-110,35,36
1521119892,-5516,6084,-1598,99,-104,40,0,0,-7,-1,-17424,0,5726,200,-6138,-102,43,27
1521169892,-5616,6216,-1472,114,-88,79,-17422,0,-15537,0,8160,8192,5882,162,-6064,-109,48,33
1521219892,-5542,6188,-1534,116,-108,38,-17420,0,-15537,0,8160,8192,5830,172,-6068,-102,47,29
1521269892,-5584,6004,-1496,106,-102,79,8160,8192,0,0,645,8192,5682,50,-6182,-106,37,34
1521319892,-5544,6284,-1630,87,-115,50,-16416,0,-15537,0,8160,8192,5682,506,-6110,-110,30,39
1521369892,-5336,6176,-1752,87,-114,65,-16415,0,-15537,0,8160,8192,5818,444,-5888,-105,14,30
1521419892,-5228,6388,-1758,72,-128,18,0,0,-7,-1,-17414,0,5806,656,-6132,-99,15,26
1521469892,-5356,6302,-1788,65,-138,33,0,0,-7,-1,-16412,0,5686,638,-6108,-107,3,33
1521519892,-5472,6232,-1508,83,-111,65,-16410,0,-15537,0,8160,8192,6036,254,-5998,-104,18,30
1521569892,-4978,6372,-1982,72,-184,-85,-16408,0,-15537,0,8160,8192,5718,918,-6052,-104,12,26
1521619892,-5224,6420,-1732,51,-106,98,-16405,0,-15537,0,8160,8192,5522,714,-6214,-97,-1,26
1521669892,-5026,6648,-2006,112,-276,-384,0,0,-7,-1,-16403,0,5624,842,-6086,-104,25,32
1521719892,-5080,6318,-1864,110,-159,-198,-16401,0,-15537,0,8160,8192,5476,1056,-6464,-102,76,26
1521769892,-5408,6600,-2348,111,-167,-309,8160,8192,0,0,645,8192,5378,802,-6718,-100,91,27
1521819892,-5890,6388,-1524,110,-83,15,8160,8192,0,0,645,8192,5448,720,-6176,-99,72,31
1521869892,-5624,6328,-1520,122,-146,-91,-16393,0,-15537,0,8160,8192,5290,550,-6474,-104,49,24
1521919892,-5472,6288,-2040,100,-173,-116,8160,8192,-7100,23221,645,8192,5480,452,-6160,-96,14,17
1521969892,-4806,5910,-1574,64,-133,10,0,0,-7,-1,-16390,0,7230,580,-5728,-102,24,15
1522019892,-4678,5686,-1274,141,-205,-193,8160,8192,0,0,645,8192,4318,-270,-6618,-95,38,26
1522069892,-5138,5470,-604,108,-126,15,8160,8192,11828,23224,645,8192,6638,1624,-5426,-99,19,32
1522119892,-5116,5520,-1194,136,-128,85,-16384,0,-15537,0,8160,8192,5684,674,-5730,-113,59,19
1522169892,-5646,6464,-2172,21,-69,47,8160,8192,0,0,645,8192,6350,-1050,-4786,-114,46,23
1522219892,-5772,6200,-1696,125,-133,-13,-18380,0,-15537,0,8160,8192,6866,-1322,-5128,-104,33,16
1522269892,-5192,5678,-862,59,-133,58,-16378,0,-15537,0,8160,8192,3902,-2,-7446,-102,-9,37
1522319892,-4850,6570,-2666,81,-279,-175,-16376,0,-15537,0,8160,8192,7740,1714,-4334,-110,8,26
1522369892,-6084,6360,-1740,121,-143,-7,-16374,0,-15537,0,8160,8192,5098,-1378,-8056,-120,8,4
1522419892,-5250,4704,-838,62,-173,-61,-18372,0,-15537,0,8160,8192,4966,1420,-6462,-112,0,23
1522469892,-5946,5354,-832,159,-172,-169,-18369,0,-15537,0,8160,8192,5472,636,-6876,-101,67,30
1522519892,-7884,6502,-1664,108,-103,-114,8160,8192,3076,23231,645,8192,4024,-162,-8102,-114,37,43
1522569892,-6630,5696,-1392,87,-27,91,-16365,0,-15537,0,8160,8192,6346,1130,-5614,-101,62,40
1522619892,-7286,4642,-606,128,-113,223,-17359,0,-15537,0,8160,8192,6520,-2416,-6182,-95,-15,46
1522669892,-6076,4154,28,72,-64,-108,0,0,-7,-1,-16362,0,5578,-1730,-6576,-109,81,22
1522719892,-6388,4152,204,142,-111,9,-16360,0,-15537,0,8160,8192,6626,-1206,-6710,-120,28,24
1522769892,-7566,4516,-420,100,-47,319,-18359,0,-15537,0,8160,8192,6556,-1976,-5842,-106,22,24
1522819892,-8290,5614,-756,173,-274,-275,8160,8192,0,0,645,8192,3968,-1658,-7890,-98,32,27
1522869892,-7592,4832,-460,98,-116,-133,8160,8192,25396,23236,645,8192,5782,-1580,-6078,-104,40,32
1522919892,-8318,4832,-48,39,70,406,8160,8192,9860,23237,645,8192,6294,-2480,-5958,-104,25,28
1522969892,-7856,4264,668,104,38,442,-18353,0,-15537,0,8160,8192,6150,-2666,-5986,-110,39,39
1523019892,-6770,1820,2164,59,168,735,8160,8192,-21212,23238,645,8192,5952,-3634,-6038,-85,28,50
1523069892,-8454,3926,1508,-6,145,885,-16350,0,-15537,0,8160,8192,4724,-4430,-6782,-104,-16,46
1523119892,-9602,4588,1498,184,10,427,0,0,-7,-1,-16350,0,5078,-4406,-6414,-78,62,60
1523169892,-6478,6870,-2702,-11,-233,106,8160,8192,-2284,23240,645,8192,9532,-1068,-6146,-85,-37,50
1523219892,-3378,4888,-2892,-51,-143,-151,-16348,0,-15537,0,8160,8192,4958,2972,-8546,-107,51,61
1523269892,-2500,4786,-1638,73,49,298,8160,8192,32180,23242,645,8192,6030,216,-6154,-123,32,19
1523319892,-6672,7894,-2296,122,-73,409,-16344,0,-15537,0,8160,8192,5410,1768,-7208,-102,-1,64
1523369892,-2848,6084,-2834,32,-200,-398,-16341,0,-15537,0,8160,8192,5582,3054,-6564,-110,101,22
1523419892,-3784,5812,-2394,229,-132,365,-16339,0,-15537,0,8160,8192,7644,862,-4852,-103,17,38
1523469892,-4202,6094,-1860,107,-137,-3,0,0,-7,-1,-17336,0,4636,832,-6404,-96,57,32
1523519892,-970,6112,-2094,192,-362,-595,-16333,0,-15537,0,8160,8192,6148,4408,-5520,-108,48,23
1523569892,-3924,7374,-4852,219,-293,-185,0,0,-7,-1,-16332,0,7316,870,-5558,-126,46,21
1523619892,-3196,6788,-2064,8,106,598,8160,8192,0,0,645,8192,6556,1794,-5956,-123,92,29
1523669892,-3888,6550,-2206,134,-155,-7,-16326,0,-15537,0,8160,8192,5696,1904,-5706,-134,19,21
1523719892,-5094,6018,-1540,76,-19,588,0,0,-7,-1,-17324,0,5650,858,-6052,-112,-29,27
1523769892,-5032,6750,-2590,18,-120,30,8160,8192,7892,23250,645,8192,5692,1930,-6294,-112,19,34
1523819892,-4458,6824,-1876,255,-210,-215,0,0,-7,-1,-16319,0,5372,342,-6094,-102,39,26
1523869892,-5594,6598,-1970,33,63,399,-16317,0,-15537,0,8160,8192,5980,1252,-6330,-123,16,33
1523919892,-5796,5872,-1340,116,-90,81,-18315,0,-15537,0,8160,8192,5748,70,-5968,-102,32,25
1523969892,-5704,5848,-1426,68,-63,174,0,0,-7,-1,-16312,0,5796,360,-5852,-101,37,27
1524019892,-6352,5754,-1076,108,-46,198,-16310,0,-15537,0,8160,8192,5840,-910,-6132,-97,32,17
1524069892,-5452,6116,-1360,92,-160,-107,8160,8192,-19788,23254,645,8192,5630,206,-6096,-110,52,30
1524119892,-5450,6304,-1750,90,-73,76,0,0,-7,-1,-17304,0,5792,696,-6064,-108,50,37
1524169892,-5432,6178,-1536,117,-84,68,8160,8192,14676,23256,645,8192,5674,90,-6130,-107,53,38
1524219892,-5568,6106,-1598,106,-121,-24,0,0,-7,-1,-16300,0,5784,400,-5890,-105,43,29
1524269892,-5790,5942,-1174,110,-75,142,-16298,0,-15537,0,8160,8192,5786,-308,-5980,-100,22,23
1524319892,-5576,6114,-1454,82,-137,31,0,0,-7,-1,-16295,0,5746,156,-6028,-106,17,32
1524369892,-5754,6028,-1346,107,-102,104,-18293,0,-15537,0,8160,8192,5810,-124,-5914,-103,25,31
1524419892,-5520,6202,-1556,91,-107,46,-18292,0,-15537,0,8160,8192,5624,238,-6250,-108,32,33
1524469892,-5456,6218,-1554,107,-113,43,-18289,0,-15537,0,8160,8192,5842,192,-6114,-101,34,30
1524519892,-5646,6082,-1404,93,-61,139,8160,8192,-28540,23261,645,8192,5884,166,-5868,-104,34,32
1524569892,-5458,6156,-1514,99,-121,1,8160,8192,21460,23262,645,8192,5476,342,-6190,-101,36,31
1524619892,-5584,6092,-1416,111,-75,145,8160,8192,5924,23263,645,8192,5788,220,-5808,-110,37,33
1524669892,-5662,6002,-1378,106,-88,88,-16282,0,-15537,0,8160,8192,5642,-36,-6196,-95,33,25
1524719892,-5416,6170,-1530,94,-112,22,-16280,0,-15537,0,8160,8192,5694,196,-6062,-110,42,35
1524769892,-5714,6042,-1368,121,-81,112,0,0,-7,-1,-16280,0,5790,-220,-5998,-99,36,28
1524819892,-5468,6176,-1476,116,-123,20,-17278,0,-15537,0,8160,8192,5888,110,-5808,-107,41,34
1524869892,-5696,6114,-1496,113,-91,76,-16276,0,-15537,0,8160,8192,5834,210,-5910,-103,47,28
1524919892,-5342,6248,-1762,98,-127,6,-17274,0,-15537,0,8160,8192,5958,474,-5930,-104,33,32
1524969892,-5620,6200,-1442,104,-94,119,-16272,0,-15537,0,8160,8192,6024,180,-5874,-109,24,38
1525019892,-5230,6404,-1774,89,-149,-31,-16270,0,-15537,0,8160,8192,6032,626,-5846,-105,23,29
1525069892,-5294,6378,-1806,101,-139,2,-16268,0,-15537,0,8160,8192,5556,506,-6184,-103,31,29
1525119892,-5344,6154,-1826,73,-129,21,-18266,0,-15537,0,8160,8192,5626,640,-6062,-103,21,27
1525169892,-5254,6392,-1858,67,-155,-17,0,0,-7,-1,-16263,0,6052,930,-5934,-95,12,29
1525219892,-5304,6222,-1884,82,-114,81,0,0,-7,-1,-16261,0,5700,624,-6150,-102,22,31
1525269892,-5322,6374,-2040,-9,-204,-415,0,0,-7,-1,-17260,0,5670,1282,-6004,-99,26,28
1525319892,-5218,6428,-1984,58,-125,-68,-17258,0,-15537,0,8160,8192,6104,508,-5712,-108,40,30
1525369892,-5318,6942,-2186,39,-120,-74,-16255,0,-15537,0,8160,8192,5746,846,-6222,-104,76,30
1525419892,-5764,6110,-1524,128,-113,-164,-16252,0,-15537,0,8160,8192,6048,1160,-5912,-99,67,32
1525469892,-5176,5722,-1086,58,-160,-210,8160,8192,3956,23276,645,8192,5896,-24,-6464,-107,18,29
1525519892,-5756,6360,-1844,46,-117,-20,0,0,-7,-1,-16247,0,5068,516,-6718,-96,37,33
1525569892,-5868,6042,-1522,101,-184,-174,-16245,0,-15537,0,8160,8192,6494,186,-5692,-92,5,26
1525619892,-5462,6646,-1960,136,-262,-263,-16243,0,-15537,0,8160,8192,6224,532,-5482,-110,22,15
1525669892,-5464,6038,-1730,169,-173,-84,8160,8192,7348,23279,645,8192,4666,2084,-7416,-86,52,23
1525719892,-4202,4772,196,-7,-24,15,8160,8192,-8188,23279,645,8192,5944,2240,-7206,-96,17,30
1525769892,-5012,5602,-982,120,-81,145,-16236,0,-15537,0,8160,8192,6488,1632,-5574,-107,33,14
1525819892,-6268,7534,-2946,36,-166,13,-18234,0,-15537,0,8160,8192,5748,2144,-5912,-91,22,22
1525869892,-5658,6112,-1770,113,-92,33,-17233,0,-15537,0,8160,8192,4606,418,-6128,-110,54,22
1525919892,-6284,6498,-2104,32,-71,49,-17230,0,-15537,0,8160,8192,12458,3116,-2766,-92,-21,32
1525969892,-5136,5486,-1106,48,-74,-34,-16228,0,-15537,0,8160,8192,4852,54,-5424,-116,29,16
1526019892,-6302,6314,-1602,151,-160,-54,8160,8192,0,0,645,8192,4008,-84,-6626,-117,-6,6
1526069892,-6442,6146,-1682,111,-182,-169,-16224,0,-15537,0,8160,8192,4884,-890,-4736,-107,17,14
1526119892,-6342,6010,-1514,136,-185,-174,8160,8192,0,0,645,8192,7764,1316,-5210,-103,20,32
1526169892,-8772,8004,-2432,171,-69,-132,-18220,0,-15537,0,8160,8192,2160,-858,-8274,-115,5,40
1526219892,-5356,5000,-1624,83,-92,75,8160,8192,-32476,23287,645,8192,5024,-178,-6088,-97,33,42
1526269892,-5682,4604,424,138,-183,148,0,0,-7,-1,-16214,0,6712,-2572,-5674,-107,-57,34
1526319892,-5790,3352,922,60,19,83,0,0,-7,-1,-16212,0,11080,-384,-2436,-102,54,48
1526369892,-6764,4298,920,234,-138,41,8160,8192,-13548,23289,645,8192,4688,-1890,-6814,-107,31,7
1526419892,-7598,3894,-174,-105,-15,-59,-18208,0,-15537,0,8160,8192,5678,-2754,-6116,-105,35,32
1526469892,-7100,4550,-40,147,-201,-162,-16206,0,-15537,0,8160,8192,5752,-1900,-6216,-103,45,28
1526519892,-7158,4710,-296,32,-67,-24,-17205,0,-15537,0,8160,8192,5798,-1780,-6206,-108,53,35
1526569892,-7324,4414,70,154,-108,43,0,0,-7,-1,-17204,0,5884,-2264,-5958,-104,40,33
1526619892,-7244,4160,252,104,5,475,-16201,0,-15537,0,8160,8192,5614,-2520,-6104,-106,41,36
1526669892,-7644,3954,1008,84,70,447,-16199,0,-15537,0,8160,8192,6412,-2938,-5514,-101,30,30
1526719892,-8414,4068,1046,-1,263,1058,8160,8192,8772,23295,645,8192,6288,-4260,-6374,-93,54,40
1526769892,-9338,5554,252,-119,146,598,-16194,0,-15537,0,8160,8192,3680,-4250,-5498,-102,-31,26
1526819892,-7742,4644,1082,243,57,484,-18193,0,-15537,0,8160,8192,5592,-3400,-6544,-79,101,56
1526869892,-6296,7872,-3278,67,-334,-358,-16191,0,-15537,0,8160,8192,4956,324,-7820,-94,41,41
1526919892,-4316,6296,-912,199,-36,295,-16188,0,-15537,0,8160,8192,2140,-392,-7460,-127,117,22
1526969892,-7464,6722,-432,208,171,790,8160,8192,0,0,645,8192,3370,-4532,-10654,-96,59,48
1527019892,-5682,6190,-1648,-82,-80,-22,0,0,-7,-1,-17184,0,10348,748,-7124,-108,1,36
1527069892,-5212,7116,-2886,62,-55,249,-16181,0,-15537,0,8160,8192,6166,2934,-3386,-98,3,38
1527119892,-3672,6936,-3092,-17,-270,-277,0,0,-7,-1,-17179,0,5006,3082,-6720,-98,36,36
1527169892,-4854,7820,-2490,87,-164,225,-16178,0,-15537,0,8160,8192,2482,2196,-9120,-100,-26,19
1527219892,-2176,5816,-3644,68,-302,-426,-18176,0,-15537,0,8160,8192,7070,2146,-5484,-99,95,22
1527269892,-4484,6446,-4014,307,-167,10,8160,8192,0,0,645,8192,5984,1786,-5894,-121,48,17
1527319892,-3650,7996,-3110,159,-108,243,-16173,0,-15537,0,8160,8192,4170,2760,-6750,-119,68,32
1527369892,-4480,6764,-2536,168,-177,68,8160,8192,3412,23305,645,8192,6282,940,-5692,-111,-9,18
1527419892,-6864,5356,-1400,-30,431,1094,-16168,0,-15537,0,8160,8192,7008,1224,-4958,-128,55,43
1527469892,-3570,7756,-4012,168,-594,-1771,8160,8192,0,0,645,8192,6046,3240,-5906,-115,23,21
1527519892,-4886,6960,-1716,125,102,954,0,0,-7,-1,-17163,0,5996,1198,-6124,-111,11,14
1527569892,-6462,5642,-1476,-176,376,727,-16162,0,-15537,0,8160,8192,6204,-198,-6104,-117,17,31
1527619892,-6336,5832,-918,147,-128,17,8160,8192,-8732,23308,645,8192,5314,-326,-6106,-95,62,27
1527669892,-5656,5878,-1318,68,-72,-58,8160,8192,-24268,23309,645,8192,6156,-162,-6038,-102,89,24
1527719892,-6122,5720,-1042,133,-51,183,-16155,0,-15537,0,8160,8192,5808,-466,-6102,-109,40,22
1527769892,-5184,6164,-1646,83,-189,-151,-16153,0,-15537,0,8160,8192,5708,282,-5916,-115,35,32
1527819892,-5334,6304,-1826,92,-124,73,-16150,0,-15537,0,8160,8192,5730,750,-6026,-108,25,29
1527869892,-5614,6296,-1662,105,-57,174,-17148,0,-15537,0,8160,8192,5874,314,-6128,-104,37,31
1527919892,-5306,6190,-1586,89,-143,-61,-18146,0,-15537,0,8160,8192,5794,438,-5950,-103,36,26
1527969892,-5976,5966,-1342,100,-77,192,8160,8192,13588,23314,645,8192,5850,-116,-6056,-110,5,35
1528019892,-5716,6046,-1426,80,-135,35,8160,8192,-1948,23314,645,8192,5874,-222,-6004,-104,18,28
1528069892,-5810,6076,-1324,111,-129,36,-16140,0,-15537,0,8160,8192,5758,-60,-6022,-112,30,34
1528119892,-5558,6172,-1548,109,-111,43,-16137,0,-15537,0,8160,8192,5834,98,-6024,-109,36,36
1528169892,-5746,5956,-1362,111,-93,95,-18135,0,-15537,0,8160,8192,5976,6,-5900,-114,33,34
1528219892,-5324,6294,-1626,96,-150,-53,0,0,-7,-1,-16134,0,5842,422,-6066,-109,37,34
1528269892,-5674,6050,-1450,123,-73,150,0,0,-7,-1,-16132,0,5800,12,-6024,-111,40,34
1528319892,-5588,6002,-1452,104,-113,37,0,0,-7,-1,-17129,0,5802,4,-6004,-103,37,31
1528369892,-5652,6118,-1468,102,-111,56,8160,8192,0,0,645,8192,5888,108,-6106,-113,33,40
1528419892,-5598,5970,-1360,103,-106,80,-16124,0,-15537,0,8160,8192,5744,24,-6160,-106,22,30
1528469892,-5354,6102,-1618,89,-141,-20,-17122,0,-15537,0,8160,8192,5826,498,-5882,-108,30,35
1528519892,-5650,6038,-1504,123,-78,138,0,0,-7,-1,-17120,0,5978,20,-5882,-108,33,31
1528569892,-5376,6082,-1606,93,-129,13,-16119,0,-15537,0,8160,8192,5586,292,-6272,-111,26,34
1528619892,-5426,6194,-1674,81,-111,71,0,0,-7,-1,-17117,0,5570,326,-6196,-103,20,32
1528669892,-5500,6192,-1632,95,-98,92,-16114,0,-15537,0,8160,8192,5494,326,-6190,-100,22,27
1528719892,-5464,6284,-1572,80,-124,49,8160,8192,0,0,645,8192,5590,430,-6014,-102,16,37
1528769892,-5488,6224,-1700,81,-105,66,-16110,0,-15537,0,8160,8192,6080,550,-5832,-107,27,33
1528819892,-5344,6278,-1728,91,-135,-34,8160,8192,0,0,645,8192,6074,428,-5926,-102,40,26
1528869892,-5132,6362,-1904,90,-141,-4,-18105,0,-15537,0,8160,8192,5754,812,-6156,-102,30,31
1528919892,-5064,6256,-1868,64,-166,-8,8160,8192,0,0,645,8192,5418,968,-6188,-105,-3,34
1528969892,-4784,6598,-1944,154,-320,-416,-18101,0,-15537,0,8160,8192,5888,1094,-5822,-100,20,35
1529019892,-5258,6666,-2042,112,-167,-181,8160,8192,15012,23330,645,8192,5682,1314,-6028,-103,62,23
1529069892,-4688,6642,-2162,100,-181,-207,8160,8192,-524,23330,645,8192,5572,288,-6722,-108,60,22
1529119892,-5726,6514,-1570,84,-104,-17,0,0,-7,-1,-16093,0,5362,834,-6090,-104,40,28
1529169892,-5512,6290,-1884,103,-162,-6,-16091,0,-15537,0,8160,8192,5272,1062,-6252,-103,28,27
1529219892,-5622,6410,-1796,70,-129,-138,-16088,0,-15537,0,8160,8192,5186,958,-6516,-99,33,17
1529269892,-4586,5666,-1362,121,-170,-124,0,0,-7,-1,-17086,0,5944,736,-5926,-109,48,14
1529319892,-3546,4338,-380,162,-220,-190,-16084,0,-15537,0,8160,8192,4696,10,-6508,-98,54,39
1529369892,-5064,6042,-1940,81,-148,121,8160,8192,-28204,23335,645,8192,5396,326,-5752,-103,18,32
1529419892,-5538,6290,-2040,98,-128,158,0,0,-7,-1,-16079,0,5260,1440,-6756,-90,43,25
1529469892,-5738,6092,-1596,103,-122,-9,0,0,-7,-1,-17078,0,8008,1052,-4716,-117,33,31
1529519892,-5042,5806,-684,68,27,241,8160,8192,0,0,645,8192,7502,-30,-4470,-113,45,28
1529569892,-5392,5536,-1194,84,-135,-19,0,0,-7,-1,-17075,0,6782,614,-6224,-104,21,51
1529619892,-6014,6052,-1346,86,-155,-192,-16074,0,-15537,0,8160,8192,4760,-1264,-7580,-104,17,49
1529669892,-3852,4568,56,77,-145,-257,0,0,-7,-1,-16072,0,3524,466,-7382,-92,54,39
1529719892,-5464,5048,-582,48,-181,-252,0,0,-7,-1,-16071,0,5462,-436,-6088,-97,11,48
1529769892,-6972,5970,-1574,134,-124,-113,0,0,-7,-1,-16069,0,2904,-1626,-7000,-102,54,26
1529819892,-6838,6068,-1016,158,-175,-82,-16068,0,-15537,0,8160,8192,3104,-64,-7498,-125,-7,28
1529869892,-7678,6270,-1006,111,-71,-228,0,0,-7,-1,-16066,0,5630,-28,-5498,-143,16,31
1529919892,-6768,5252,-708,127,-84,129,0,0,-7,-1,-16063,0,3528,-1944,-7176,-127,18,34
1529969892,-6958,3740,116,54,54,307,8160,8192,-18028,23344,645,8192,3844,-1600,-7432,-115,69,13
1530019892,-6306,4802,530,232,-204,-25,0,0,-7,-1,-16058,0,6250,-1454,-5440,-104,33,29
1530069892,-5758,3232,354,65,-176,-246,0,0,-7,-1,-17055,0,6056,-1628,-6234,-108,45,30
1530119892,-7020,4580,-154,46,-50,127,8160,8192,0,0,645,8192,5130,-1948,-6344,-99,51,25
1530169892,-7406,4066,100,81,-65,96,0,0,-7,-1,-16052,0,5778,-2192,-6120,-104,50,33
1530219892,-7122,4620,-200,139,-145,-71,-16051,0,-15537,0,8160,8192,6064,-1956,-5840,-105,50,36
1530269892,-7982,4410,398,115,86,572,-16049,0,-15537,0,8160,8192,5874,-3310,-5596,-114,62,39
1530319892,-7678,3266,1312,18,166,738,0,0,-7,-1,-16047,0,5566,-3298,-5990,-116,21,37
1530369892,-7658,2872,1374,119,117,722,-16044,0,-15537,0,8160,8192,6130,-4084,-5870,-106,70,63
1530419892,-8862,3690,2622,7,196,796,-15953,0,-15537,0,8160,8192,1080,-3728,-7652,-126,33,72
1530469892,-6798,3602,766,165,-270,-74,8160,8192,23220,23352,645,8192,7970,-2018,-4998,-110,-43,76
1530519892,-5016,6402,-84,89,-250,-49,-16038,0,-15537,0,8160,8192,8370,5234,-5120,-110,-67,83
1530569892,-6932,7308,-1264,252,-127,365,0,0,-7,-1,-16036,0,2500,-3876,-4182,-79,-40,47
1530619892,-5778,5572,-1494,98,68,324,-18034,0,-15537,0,8160,8192,5538,1708,-5524,-80,56,3
1530669892,-4334,5274,-1888,102,-142,57,-16032,0,-15537,0,8160,8192,10180,2454,-3216,-70,-2,18
1530719892,-5608,6326,-2086,117,-24,188,-16030,0,-15537,0,8160,8192,7476,1270,-5350,-97,63,6
1530769892,-5502,8244,-2368,82,-244,-122,-18028,0,-15537,0,8160,8192,6872,2866,-6644,-96,31,19
1530819892,-4804,7926,-2808,80,-203,53,-17027,0,-15537,0,8160,8192,3710,2538,-7770,-94,-18,40
1530869892,-2302,7406,-3648,139,-320,-416,8160,8192,30004,23358,645,8192,2936,5796,-8420,-112,94,31
1530919892,-4336,8288,-3384,343,-227,-203,-16023,0,-15537,0,8160,8192,6180,2878,-6042,-97,108,26
1530969892,-4896,6226,-1666,-2,178,794,-16021,0,-15537,0,8160,8192,6496,1532,-5720,-117,43,20
1531019892,-6126,6044,-1300,162,88,535,-16019,0,-15537,0,8160,8192,6106,-8,-6158,-121,58,25
1531069892,-5494,5550,-1526,86,-142,25,8160,8192,-32140,23361,645,8192,5940,-122,-5978,-122,2,31
1531119892,-3784,7280,-2932,74,-232,-172,-18017,0,-15537,0,8160,8192,5046,2462,-6774,-119,50,44
1531169892,-4282,7040,-2588,143,-116,9,-16014,0,-15537,0,8160,8192,5428,1528,-6508,-110,44,21
1531219892,-4196,7116,-2728,99,-126,-61,-18012,0,-15537,0,8160,8192,5246,2132,-6004,-109,61,23
1531269892,-4758,5800,-1644,179,-49,353,-16009,0,-15537,0,8160,8192,6638,448,-5866,-111,41,29
1531319892,-5800,6010,-1608,86,-71,141,-16007,0,-15537,0,8160,8192,6456,-160,-5918,-102,35,24
1531369892,-5768,5530,-992,119,-128,-64,8160,8192,0,0,645,8192,5536,-1076,-5980,-94,53,23
1531419892,-6394,5756,-1082,87,-24,279,-16002,0,-15537,0,8160,8192,5590,-356,-6044,-104,14,22
1531469892,-5146,6404,-1698,43,-209,-140,8160,8192,-25356,23367,645,8192,5888,286,-6050,-104,-7,30
1531519892,-5890,6070,-1328,113,-58,222,-15997,0,-15537,0,8160,8192,5780,6,-6046,-111,26,32
1531569892,-5456,6260,-1660,110,-152,-70,-15994,0,-15537,0,8160,8192,5932,300,-5992,-112,44,31
1531619892,-5580,6126,-1462,110,-87,104,-15992,0,-15537,0,8160,8192,5916,68,-5946,-108,39,31
1531669892,-5700,6148,-1558,90,-123,75,8160,8192,-21964,23370,645,8192,5810,180,-6016,-108,11,31
1531719892,-5490,6246,-1588,76,-141,36,-16988,0,-15537,0,8160,8192,5862,186,-5984,-106,3,27
1531769892,-5594,5986,-1504,94,-106,109,8160,8192,12500,23372,645,8192,5762,170,-5936,-108,14,30
1531819892,-5596,6128,-1344,93,-125,41,8160,8192,-3036,23372,645,8192,5778,98,-6054,-108,23,34
1531869892,-5862,6236,-1372,105,-100,88,-15981,0,-15537,0,8160,8192,6104,46,-5808,-109,28,34
1531919892,-5486,6200,-1618,101,-122,-3,8160,8192,0,0,645,8192,5616,114,-6274,-107,43,30
1531969892,-5676,6084,-1462,122,-87,100,0,0,-7,-1,-16976,0,5880,-16,-5944,-113,44,38
1532019892,-5500,5936,-1422,102,-118,22,-15973,0,-15537,0,8160,8192,5810,-56,-6168,-105,35,28
1532069892,-5426,6256,-1720,79,-126,13,0,0,-7,-1,-15970,0,5782,558,-6026,-110,27,39
1532119892,-5662,6130,-1406,107,-69,135,0,0,-7,-1,-15968,0,5944,162,-5916,-100,29,29
1532169892,-5414,6212,-1640,107,-113,17,0,0,-7,-1,-15966,0,5712,230,-5944,-108,51,37
1532219892,-5524,6014,-1484,116,-92,66,-15963,0,-15537,0,8160,8192,5966,108,-5968,-99,50,31
1532269892,-5578,6150,-1460,125,-78,85,-17961,0,-15537,0,8160,8192,5736,280,-5988,-105,57,31
1532319892,-5406,6166,-1566,95,-108,46,8160,8192,-27324,23380,645,8192,5980,398,-5780,-101,34,29
1532369892,-5476,6262,-1636,91,-95,106,-15956,0,-15537,0,8160,8192,5794,358,-6038,-102,21,29
1532419892,-5382,6488,-1764,78,-133,35,8160,8192,0,0,645,8192,5702,560,-6192,-99,15,28
1532469892,-5156,6442,-1910,80,-137,-11,0,0,-7,-1,-16951,0,5818,1024,-5834,-105,27,27
1532519892,-5370,6364,-1696,105,-110,71,8160,8192,-23932,23383,645,8192,5834,258,-6036,-104,37,37
1532569892,-5328,6396,-1676,91,-152,-62,-15945,0,-15537,0,8160,8192,5438,406,-6304,-108,50,40
1532619892,-5088,6670,-1800,64,-170,-115,8160,8192,10532,23385,645,8192,5922,1264,-5968,-103,29,31
1532669892,-4532,6466,-1978,181,-348,-402,-15940,0,-15537,0,8160,8192,5932,902,-5834,-104,11,27
1532719892,-5568,6284,-1456,66,-111,75,-15937,0,-15537,0,8160,8192,5932,364,-5852,-95,17,23
1532769892,-5080,5962,-1714,43,-108,-45,0,0,-7,-1,-16936,0,5142,1180,-6480,-99,50,26
1532819892,-3376,4866,-1544,158,-285,-363,-15933,0,-15537,0,8160,8192,3618,1356,-7584,-108,35,22
1532869892,-5342,6400,-1982,66,-135,51,-16931,0,-15537,0,8160,8192,5650,842,-6176,-99,31,30
1532919892,-5306,6608,-1992,69,-164,-117,-15928,0,-15537,0,8160,8192,6386,506,-5610,-97,37,25
1532969892,-6046,6650,-2164,141,-164,-122,-15923,0,-15537,0,8160,8192,6146,1162,-5428,-111,52,16
1533019892,-5526,6712,-2742,170,-239,-155,8160,8192,0,0,645,8192,7680,1614,-4034,-90,44,31
1533069892,-4906,6204,-2138,83,-198,1,-15919,0,-15537,0,8160,8192,6462,1746,-5790,-97,-1,23
1533119892,-4904,5556,-1504,87,-129,199,-17917,0,-15537,0,8160,8192,5604,1000,-5680,-93,13,23
1533169892,-6536,6756,-2368,46,-118,55,-15913,0,-15537,0,8160,8192,6648,536,-5918,-95,9,12
1533219892,-7502,8156,-4258,165,-224,-11,8160,8192,0,0,645,8192,4918,-926,-6300,-102,32,15
1533269892,-6024,6570,-1652,73,-48,26,-17909,0,-15537,0,8160,8192,4302,124,-6406,-85,42,40
1533319892,-6660,6738,-2066,89,-120,-113,-17907,0,-15537,0,8160,8192,5742,2710,-5474,-74,29,21
1533369892,-4256,4618,408,82,-81,-176,8160,8192,0,0,645,8192,894,676,-11198,-90,53,39
1533419892,-5510,4494,-76,57,-129,-118,-15902,0,-15537,0,8160,8192,6522,-886,-5888,-93,14,47
1533469892,-5592,5182,-824,118,-101,-92,-15898,0,-15537,0,8160,8192,7838,1190,-4612,-110,33,27
1533519892,-5790,5278,-192,211,-173,-118,-15895,0,-15537,0,8160,8192,7144,-22,-5208,-123,15,15
1533569892,-5906,5344,-808,59,-120,-208,-15892,0,-15537,0,8160,8192,4786,-1038,-6532,-123,-25,37
1533619892,-3220,4020,-204,100,-388,-97,-15888,0,-15537,0,8160,8192,9052,-740,-2618,-117,-31,32
1533669892,-7730,5152,-888,77,-63,180,0,0,-7,-1,-15886,0,4416,-1014,-6546,-110,32,30
1533719892,-6570,4522,32,123,-163,-134,-15884,0,-15537,0,8160,8192,4926,-1412,-6592,-110,45,33
1533769892,-8290,4284,-18,-35,60,79,0,0,-7,-1,-15882,0,4740,-1980,-6372,-102,85,22
1533819892,-6472,4550,-144,142,-283,-390,8160,8192,30884,23403,645,8192,6294,-1508,-5992,-106,24,36
1533869892,-7104,4440,-146,59,-7,250,0,0,-7,-1,-15878,0,6000,-2050,-5612,-103,66,29
1533919892,-6966,4438,-194,147,-150,-20,0,0,-7,-1,-15875,0,5884,-1470,-5960,-104,51,37
1533969892,-6558,3466,860,151,-33,499,-16872,0,-15537,0,8160,8192,6398,-2960,-5786,-103,11,32
1534019892,-8694,2546,1554,-10,343,1135,-15869,0,-15537,0,8160,8192,6642,-4666,-4762,-101,29,33
1534069892,-8534,3838,1068,6,148,740,-15868,0,-15537,0,8160,8192,4824,-3346,-6154,-117,47,43
1534119892,-6614,1714,1110,164,-160,298,0,0,-7,-1,-15866,0,12542,-2280,-496,-116,-96,49
1534169892,-8188,5038,808,239,67,535,8160,8192,0,0,645,8192,3696,-3778,-7996,-92,87,72
1534219892,-4458,7166,-2270,-11,-349,-358,0,0,-7,-1,-16861,0,4014,-1414,-6010,-109,6,67
1534269892,-4864,5548,-1376,274,-154,95,-15858,0,-15537,0,8160,8192,3442,188,-9658,-116,79,61
1534319892,-4802,5652,-888,202,159,799,8160,8192,6596,23411,645,8192,7168,5000,-5450,-125,59,24
1534369892,-4068,4536,-2692,5,-193,-180,8160,8192,0,0,645,8192,6640,2002,-5212,-88,21,36
1534419892,-5172,6924,-830,245,12,322,-15851,0,-15537,0,8160,8192,5540,2704,-7036,-61,94,6
1534469892,-6080,8958,-2426,83,-251,-148,8160,8192,25524,23413,645,8192,7186,3040,-10338,-99,27,27
1534519892,-4688,7600,-3276,111,-307,-158,-15846,0,-15537,0,8160,8192,4530,3052,-5646,-102,-7,54
1534569892,-3876,8382,-3502,53,-203,21,-15844,0,-15537,0,8160,8192,7242,4426,-4218,-101,-37,25
1534619892,-4492,7714,-2090,96,-140,-93,-17842,0,-15537,0,8160,8192,6922,2398,-5722,-144,-26,30
1534669892,-3818,7418,-3668,20,-77,146,0,0,-7,-1,-15838,0,6534,3270,-4870,-103,44,11
1534719892,-4320,7192,-2450,203,-255,-104,8160,8192,0,0,645,8192,5836,1434,-5910,-108,3,23
1534769892,-4830,6818,-2914,-94,225,775,-16836,0,-15537,0,8160,8192,5900,3016,-5892,-132,86,30
1534819892,-4560,6404,-1960,414,-351,-545,8160,8192,-17692,23418,645,8192,5670,760,-6374,-101,61,18
1534869892,-5134,6184,-1558,-41,112,655,0,0,-7,-1,-15833,0,5662,368,-5966,-99,33,28
1534919892,-6446,5186,-548,211,-26,316,-15831,0,-15537,0,8160,8192,6068,-1512,-6294,-90,47,4
1534969892,-5620,6124,-1388,54,-173,-119,8160,8192,0,0,645,8192,5436,72,-6460,-120,26,25
1535019892,-5526,6158,-1514,160,-71,152,0,0,-7,-1,-15829,0,5586,-120,-5908,-114,52,34
1535069892,-5368,6298,-1698,96,-120,-63,-15828,0,-15537,0,8160,8192,5478,726,-6252,-95,77,23
1535119892,-5348,6170,-1730,120,-72,148,-15825,0,-15537,0,8160,8192,5660,710,-6058,-107,37,31
1535169892,-4934,6488,-1974,38,-125,36,0,0,-7,-1,-16824,0,5750,742,-6098,-95,8,22
1535219892,-5868,6018,-1288,121,-69,235,-15822,0,-15537,0,8160,8192,5732,90,-6094,-104,9,32
1535269892,-5716,5998,-1360,75,-91,40,8160,8192,0,0,645,8192,5794,-120,-6076,-94,39,25
1535319892,-5536,6018,-1446,91,-120,6,-15815,0,-15537,0,8160,8192,5792,-44,-6088,-107,38,25
1535369892,-5894,5962,-1232,114,-64,175,-15814,0,-15537,0,8160,8192,5740,-82,-6140,-108,27,35
1535419892,-5288,6214,-1630,92,-146,-32,-15811,0,-15537,0,8160,8192,5612,396,-6106,-107,32,34
1535469892,-5536,6228,-1496,112,-80,109,0,0,-7,-1,-15809,0,5686,228,-6084,-100,35,29
1535519892,-5436,6064,-1636,89,-105,69,8160,8192,0,0,645,8192,5686,314,-5996,-105,25,32
1535569892,-5582,6196,-1384,101,-103,81,-15804,0,-15537,0,8160,8192,5720,86,-5962,-98,21,26
1535619892,-5592,6056,-1484,101,-99,84,-17802,0,-15537,0,8160,8192,5664,202,-6090,-109,32,34
1535669892,-5482,6070,-1430,105,-98,61,8160,8192,-19660,23431,645,8192,5604,72,-6244,-101,38,28
1535719892,-5726,6150,-1336,116,-84,69,-15799,0,-15537,0,8160,8192,5690,38,-6000,-106,56,33
1535769892,-5352,6102,-1642,92,-113,8,8160,8192,14804,23433,645,8192,5504,388,-6152,-105,41,32
1535819892,-5484,6234,-1598,104,-73,108,0,0,-7,-1,-15794,0,5566,366,-6086,-104,43,33
1535869892,-5456,6162,-1640,106,-88,70,0,0,-7,-1,-15791,0,5622,336,-6192,-102,47,25
1535919892,-5496,6072,-1536,97,-95,64,8160,8192,0,0,645,8192,5870,220,-6100,-97,39,26
1535969892,-5690,6276,-1464,102,-102,93,8160,8192,18196,23436,645,8192,6024,208,-5896,-107,24,34
1536019892,-5458,6188,-1598,91,-109,40,-15784,0,-15537,0,8160,8192,5958,282,-5854,-103,28,25
1536069892,-5452,6300,-1674,101,-108,35,-15781,0,-15537,0,8160,8192,5940,402,-5868,-103,46,30
1536119892,-5584,6104,-1484,122,-98,60,-17779,0,-15537,0,8160,8192,5780,292,-6004,-102,53,31
1536169892,-5570,6162,-1502,86,-117,51,-15777,0,-15537,0,8160,8192,6100,364,-5732,-109,26,30
1536219892,-5116,6402,-1958,69,-175,-79,-15776,0,-15537,0,8160,8192,6022,920,-5816,-108,24,37
1536269892,-4872,6620,-2114,57,-167,-31,-15774,0,-15537,0,8160,8192,5744,1110,-6042,-107,8,38
1536319892,-5240,6642,-2226,92,-247,-316,-15772,0,-15537,0,8160,8192,5452,1072,-6300,-93,29,24
1536369892,-4928,6512,-2210,104,-242,-352,-17769,0,-15537,0,8160,8192,6020,1210,-5884,-101,29,30
1536419892,-4652,6064,-1604,100,-195,-160,8160,8192,9444,23443,645,8192,5832,1588,-6470,-102,21,19
1536469892,-5910,6538,-1608,101,-86,39,8160,8192,-6092,23443,645,8192,5434,182,-6712,-93,31,20
1536519892,-4974,5908,-1362,78,-148,-173,0,0,-7,-1,-15762,0,5554,674,-6584,-98,46,25
1536569892,-7020,7342,-2588,50,-92,-26,-15759,0,-15537,0,8160,8192,3810,738,-6492,-104,55,27
1536619892,-5796,6712,-1774,109,-184,-73,-15757,0,-15537,0,8160,8192,4608,1060,-6756,-90,30,30
1536669892,-6280,6946,-2264,154,-170,-129,-15754,0,-15537,0,8160,8192,4102,-278,-7504,-98,61,23
1536719892,-3182,3504,-860,120,-169,76,-15751,0,-15537,0,8160,8192,11438,430,-2406,-100,11,13
1536769892,-5424,6350,-2616,123,-263,-129,8160,8192,0,0,645,8192,5974,3494,-3764,-100,22,7
1536819892,-4440,5776,-1868,112,-164,65,0,0,-7,-1,-15746,0,8014,1774,-5006,-78,15,12
1536869892,-5412,6598,-2302,56,-104,33,-15744,0,-15537,0,8160,8192,2064,-594,-7446,-97,55,6
1536919892,-6050,6514,-1840,84,-158,-150,-16741,0,-15537,0,8160,8192,5410,1784,-6892,-84,-32,26
1536969892,-5286,6496,-2332,36,-179,-167,-17738,0,-15537,0,8160,8192,5352,2016,-5368,-99,-31,44
1537019892,-4764,4918,-1346,99,-275,-115,-15736,0,-15537,0,8160,8192,4056,-1014,-6926,-96,30,44
1537069892,-5762,5480,-934,84,-260,-348,0,0,-7,-1,-16734,0,5834,648,-6586,-107,22,48
1537119892,-1150,2564,810,153,-423,-177,0,0,-7,-1,-15732,0,2368,-1582,-9856,-106,-22,32
1537169892,-5366,4692,-1276,125,-97,78,8160,8192,0,0,645,8192,4350,-2392,-6412,-107,32,46
1537219892,-4526,3880,-272,66,-171,409,-15729,0,-15537,0,8160,8192,5478,-2292,-6366,-103,-28,25
1537269892,-6542,4484,-860,48,-129,-181,8160,8192,7476,23456,645,8192,11752,454,-1996,-129,23,-1
1537319892,-7728,4632,268,92,12,191,-15725,0,-15537,0,8160,8192,7510,-1838,-5452,-91,36,36
1537369892,-7960,4728,-184,93,-249,-326,-15722,0,-15537,0,8160,8192,6558,-2518,-5684,-104,32,30
1537419892,-6988,4540,-34,32,-68,95,-15720,0,-15537,0,8160,8192,6770,-1774,-5234,-104,33,28
1537469892,-7496,4576,-296,79,-85,122,0,0,-7,-1,-15718,0,5664,-1988,-6046,-101,33,28
1537519892,-7030,4384,-88,140,-162,-31,0,0,-7,-1,-15716,0,5642,-1774,-6084,-103,30,31
1537569892,-6892,4532,52,138,-74,299,-15713,0,-15537,0,8160,8192,5434,-2014,-6188,-105,31,39
1537619892,-7240,3778,784,72,131,882,8160,8192,29796,23461,645,8192,7728,-2768,-4752,-94,18,35
1537669892,-6354,2066,2032,5,230,864,-16709,0,-15537,0,8160,8192,9786,-3120,-4204,-94,0,22
1537719892,-8596,3798,1086,41,141,744,-15708,0,-15537,0,8160,8192,6606,-5988,-2408,-80,43,26
1537769892,-5760,2012,-876,3,53,416,-15706,0,-15537,0,8160,8192,9000,-4064,-3566,-105,34,43
1537819892,-8384,4938,1386,116,-37,341,-17704,0,-15537,0,8160,8192,6796,1576,-8778,-83,-50,46
1537869892,-5712,8306,-2754,-148,-192,-219,8160,8192,0,0,645,8192,1266,1594,-9040,-131,28,67
1537919892,-2228,4674,-288,116,-198,-50,0,0,-7,-1,-15699,0,8370,1210,-8390,-98,21,55
1537969892,-6232,6330,-1458,154,25,493,8160,8192,-13420,23466,645,8192,7968,2988,-5506,-130,8,35
1538019892,-2822,6706,-1306,7,-131,-49,-15694,0,-15537,0,8160,8192,2234,224,-6466,-99,67,68
1538069892,-7332,8160,-2452,172,-127,176,-15692,0,-15537,0,8160,8192,6194,1732,-5688,-96,64,39
1538119892,-3700,6142,-4016,9,-263,-232,8160,8192,0,0,645,8192,6376,3134,-5276,-130,6,38
1538169892,-2356,7944,-3396,270,-389,-505,-15687,0,-15537,0,8160,8192,6878,5520,-5032,-117,80,39
1538219892,-4488,9644,-3678,129,-24,60,-15684,0,-15537,0,8160,8192,3396,2234,-10922,-113,129,17
1538269892,-5326,6898,-3094,167,-82,167,-17682,0,-15537,0,8160,8192,5402,1780,-6080,-133,2,21
1538319892,-4892,7076,-2714,-23,9,331,0,0,-7,-1,-16679,0,6018,2246,-5878,-118,17,21
1538369892,-6394,5100,-1552,-1,192,1050,-15677,0,-15537,0,8160,8192,5184,-768,-5934,-108,-52,12
1538419892,-4920,7064,-2576,9,-277,-291,-16675,0,-15537,0,8160,8192,5330,2896,-6228,-124,22,29
1538469892,-3896,7406,-2224,450,-466,-599,0,0,-7,-1,-15671,0,5724,728,-6068,-111,26,33
1538519892,-5560,5774,-2578,-138,437,1117,-15668,0,-15537,0,8160,8192,5734,1546,-6160,-115,74,23
1538569892,-5010,6396,-1764,148,-174,-177,-17666,0,-15537,0,8160,8192,5962,414,-5722,-103,68,32
1538619892,-5542,6162,-1720,70,-42,178,0,0,-7,-1,-16664,0,5820,448,-6010,-114,51,35
1538669892,-6214,5946,-968,149,-33,197,8160,8192,31220,23477,645,8192,6014,-666,-6090,-105,60,31
1538719892,-5568,5750,-1242,94,-151,-107,8160,8192,0,0,645,8192,5556,-264,-6012,-103,43,20
1538769892,-5478,6160,-1632,57,-117,94,0,0,-7,-1,-15657,0,5752,328,-5996,-95,-2,28
1538819892,-5524,6208,-1548,58,-123,109,-16654,0,-15537,0,8160,8192,5832,106,-6016,-106,-8,33
1538869892,-5514,6234,-1624,113,-126,9,0,0,-7,-1,-15649,0,5864,440,-6002,-105,35,28
1538919892,-5624,5896,-1314,109,-70,99,-15647,0,-15537,0,8160,8192,5660,-168,-6148,-101,49,21
1538969892,-5670,5960,-1396,87,-106,83,0,0,-7,-1,-15644,0,5728,76,-6006,-107,22,34
1539019892,-5468,6256,-1486,90,-123,36,8160,8192,-11996,23482,645,8192,5824,334,-6052,-99,20,30
1539069892,-5594,6074,-1470,97,-76,142,-16641,0,-15537,0,8160,8192,5804,132,-6054,-103,22,30
1539119892,-5376,6272,-1540,95,-139,-13,0,0,-7,-1,-15640,0,5576,330,-6050,-101,29,30
1539169892,-5476,6030,-1530,91,-94,90,-15639,0,-15537,0,8160,8192,5702,354,-5912,-103,22,35
1539219892,-5520,6078,-1512,99,-85,103,0,0,-7,-1,-15637,0,5674,144,-6226,-99,31,28
1539269892,-5626,6276,-1402,93,-84,73,-17633,0,-15537,0,8160,8192,5748,122,-6112,-102,38,30
1539319892,-5672,6102,-1474,100,-99,63,8160,8192,25860,23487,645,8192,5948,6,-5848,-106,39,36
1539369892,-5394,6032,-1654,95,-81,79,0,0,-7,-1,-15628,0,5642,494,-6216,-102,42,26
1539419892,-5608,6188,-1462,118,-83,85,-15625,0,-15537,0,8160,8192,5880,44,-5924,-102,48,32
1539469892,-5618,6130,-1530,98,-69,104,0,0,-7,-1,-15623,0,5736,220,-6102,-103,46,29
1539519892,-5424,6134,-1454,101,-101,64,-15622,0,-15537,0,8160,8192,5664,338,-6140,-98,36,26
1539569892,-5672,6124,-1418,99,-69,137,-15621,0,-15537,0,8160,8192,5830,100,-6028,-104,38,31
1539619892,-5618,6172,-1510,99,-103,47,-15618,0,-15537,0,8160,8192,5928,328,-5892,-101,35,28
1539669892,-5410,6246,-1610,106,-101,56,-15615,0,-15537,0,8160,8192,5994,270,-5836,-101,40,25
1539719892,-5472,6252,-1594,104,-119,54,-15613,0,-15537,0,8160,8192,6058,332,-5830,-110,26,36
1539769892,-5256,6380,-1864,91,-135,-2,-15611,0,-15537,0,8160,8192,6138,860,-5822,-105,33,29
1539819892,-5316,6344,-1770,105,-109,75,-17608,0,-15537,0,8160,8192,5722,564,-6050,-105,31,33
1539869892,-5292,6490,-1836,94,-153,-28,8160,8192,0,0,645,8192,5754,770,-5998,-108,28,36
1539919892,-5438,6190,-1662,99,-111,18,-15602,0,-15537,0,8160,8192,5634,248,-6084,-99,49,24
1539969892,-5396,6218,-1762,57,-163,-164,-15601,0,-15537,0,8160,8192,5704,1004,-5938,-105,47,36
1540019892,-5360,6446,-1490,151,-175,-74,0,0,-7,-1,-15599,0,5514,614,-6090,-98,44,35
1540069892,-5420,6244,-1724,60,-118,-39,0,0,-7,-1,-16596,0,5946,302,-6016,-101,44,25
1540119892,-5498,6312,-2090,108,-206,-283,8160,8192,-26108,23499,645,8192,5628,640,-6204,-104,36,28
1540169892,-5636,6746,-1868,90,-163,-47,-15592,0,-15537,0,8160,8192,5474,664,-6388,-105,7,34
1540219892,-5102,6094,-1684,24,-173,-143,-17590,0,-15537,0,8160,8192,6066,1086,-6014,-103,-18,28
1540269892,-5004,5902,-1682,95,-167,2,-15587,0,-15537,0,8160,8192,6150,428,-5982,-103,-4,32
1540319892,-5632,6244,-1932,107,-199,-115,-15587,0,-15537,0,8160,8192,5166,750,-6036,-95,24,32
1540369892,-5094,5968,-1712,71,-189,-147,0,0,-7,-1,-16585,0,5340,442,-6566,-109,20,17
1540419892,-5598,6788,-2504,213,-286,-330,-17583,0,-15537,0,8160,8192,5330,714,-6376,-99,62,23
1540469892,-3830,4308,-1304,122,-142,144,8160,8192,-3788,23504,645,8192,7732,744,-5190,-104,48,18
1540519892,-4160,5138,-912,74,-134,76,-15578,0,-15537,0,8160,8192,6536,1476,-5114,-91,18,31
1540569892,-5378,5586,-1168,115,-110,35,5544,8192,-7,-1,-15738,0,7046,664,-4894,-94,26,35
1540619892,-5230,5718,-1890,103,-165,105,-15575,0,-15537,0,8160,8192,5354,-342,-6766,-110,-2,16
1540669892,-5918,6238,-1394,76,-91,43,8160,8192,-396,23507,645,8192,3684,1388,-7774,-94,17,14
1540719892,-5770,6188,-1550,94,-107,-60,-15572,0,-15537,0,8160,8192,5616,802,-6184,-85,40,42
1540769892,-5812,6604,-1956,92,-183,-240,-16570,0,-15537,0,8160,8192,5918,2112,-4680,-82,18,31
1540819892,-6806,6962,-1378,19,-37,120,-15568,0,-15537,0,8160,8192,9836,1460,-1242,-79,9,38
1540869892,-6742,7250,-2168,124,-264,-391,0,0,-7,-1,-15565,0,4440,-242,-6854,-91,9,45
1540919892,-5792,5814,-1712,125,-166,-65,8160,8192,0,0,645,8192,5114,-320,-5072,-102,29,18
1540969892,-7648,6728,-1602,73,-56,59,0,0,-7,-1,-15560,0,7544,116,-7098,-116,-9,17
1541019892,-6016,5528,-1570,55,-133,-222,8160,8192,0,0,645,8192,6098,148,-5572,-127,-4,50
1541069892,-6792,4552,-470,138,-52,189,-15556,0,-15537,0,8160,8192,7418,-1298,-5702,-116,-4,29
1541119892,-6608,4718,-512,63,-47,96,0,0,-7,-1,-16554,0,4214,-1528,-7232,-112,68,46
1541169892,-8310,5438,-892,121,-75,15,-15552,0,-15537,0,8160,8192,6200,-2006,-5878,-102,46,8
1541219892,-8498,4640,-330,-24,-29,67,0,0,-7,-1,-15550,0,5510,-2706,-7084,-113,34,37
1541269892,-6236,4146,28,84,-204,-279,-16548,0,-15537,0,8160,8192,5968,-1410,-6134,-101,24,29
1541319892,-7196,4672,-324,98,-72,152,-16545,0,-15537,0,8160,8192,5552,-1988,-6158,-105,47,27
1541369892,-7812,3916,468,100,-20,252,-15543,0,-15537,0,8160,8192,5752,-3118,-6120,-100,40,33
1541419892,-9102,4196,578,68,122,692,-15540,0,-15537,0,8160,8192,4842,-4042,-6478,-105,46,31
1541469894,-7134,2286,1498,-6,171,719,-15538,0,-15537,0,8160,8192,6894,-3794,-5702,-111,21,11
1541519892,-8100,3112,1784,33,196,1005,0,0,-7,-1,-17535,0,5444,-4832,-5940,-81,45,38
1541569892,-7612,3886,794,122,66,277,-17535,0,-15537,0,8160,8192,5310,-4484,-6558,-103,107,35
1541619892,-6274,4812,-1016,-64,-32,72,-16533,0,-15537,0,8160,8192,9646,4532,-8344,-67,33,38
1541669892,-5538,7028,-2906,-84,-30,-78,-16530,0,-15537,0,8160,8192,8374,2388,-7798,-127,66,33
1541719892,-7144,8860,-1876,143,-31,494,0,0,-7,-1,-16529,0,7116,2332,-9224,-105,-10,58
1541769892,-5466,6750,-2228,65,-116,87,8160,8192,0,0,645,8192,4434,-478,-6768,-124,34,30
1541819892,-3158,5624,-1598,36,-133,82,8160,8192,-30044,23525,645,8192,4436,5900,-8320,-98,12,57
1541869892,-4166,6992,-2006,149,-160,8,-16523,0,-15537,0,8160,8192,2738,3092,-7274,-86,73,31
1541919892,-5092,7940,-2080,69,-229,-32,0,0,-7,-1,-16520,0,5102,2214,-6642,-107,-28,35
1541969892,-3752,7672,-3424,96,-250,-114,8160,8192,0,0,645,8192,5664,3436,-6604,-129,61,25
1542019892,-4276,8458,-3630,213,-277,-391,-18517,0,-15537,0,8160,8192,5798,3064,-6474,-116,18,28
1542069892,-3760,7540,-3530,300,-220,4,-18515,0,-15537,0,8160,8192,5744,2612,-5786,-119,36,18
1542119892,-5454,6324,-1632,32,214,965,-18514,0,-15537,0,8160,8192,5070,-310,-6434,-121,68,22
1542169892,-6000,6044,-1462,171,-10,305,-17512,0,-15537,0,8160,8192,5830,554,-6076,-126,47,39
1542219892,-3664,6952,-2694,139,-294,-491,-16507,0,-15537,0,8160,8192,5878,2204,-6392,-117,68,33
1542269892,-3718,7464,-3218,165,-147,-33,0,0,-7,-1,-16505,0,5694,3130,-6186,-131,20,31
1542319892,-4854,6414,-1912,19,110,703,-18504,0,-15537,0,8160,8192,5542,992,-5970,-97,35,12
1542369892,-5324,6408,-1516,98,-162,-24,-16502,0,-15537,0,8160,8192,5912,374,-5786,-107,24,23
1542419892,-5976,6034,-1288,116,-98,66,-16500,0,-15537,0,8160,8192,5776,-40,-6156,-107,48,38
1542469892,-5766,5970,-1264,104,-90,71,0,0,-7,-1,-17498,0,5970,-544,-6026,-107,40,30
1542519892,-6082,5552,-978,132,-108,72,0,0,-7,-1,-16496,0,5786,-654,-5978,-111,34,31
1542569892,-5562,6168,-1462,69,-150,-3,-18494,0,-15537,0,8160,8192,5924,218,-6018,-100,14,28
1542619892,-5634,6242,-1408,104,-124,131,8160,8192,-16476,23537,645,8192,5922,16,-6066,-111,-1,36
1542669892,-5540,6104,-1550,113,-135,-14,0,0,-7,-1,-17489,0,5894,134,-5894,-109,42,33
1542719892,-5540,6226,-1464,108,-107,48,8160,8192,0,0,645,8192,5818,76,-6108,-110,36,33
1542769892,-5588,6104,-1448,109,-111,74,-16486,0,-15537,0,8160,8192,5944,124,-6058,-109,30,33
1542819892,-5718,6130,-1396,99,-117,60,-16486,0,-15537,0,8160,8192,5952,58,-6044,-103,24,31
1542869892,-5564,6162,-1520,97,-124,40,-16483,0,-15537,0,8160,8192,5734,300,-5984,-110,24,34
1542919892,-5540,6058,-1508,100,-107,67,0,0,-7,-1,-16481,0,5784,128,-6040,-108,30,31
1542969892,-5650,6128,-1484,109,-105,82,-17478,0,-15537,0,8160,8192,6034,90,-6026,-112,27,34
1543019892,-5544,6218,-1542,91,-121,18,0,0,-7,-1,-16476,0,5868,258,-5988,-105,33,35
1543069892,-5658,6164,-1454,115,-97,94,-17474,0,-15537,0,8160,8192,5834,-28,-6050,-116,32,38
1543119892,-5478,6230,-1600,98,-126,0,0,0,-7,-1,-17472,0,5788,228,-6036,-107,39,30
1543169892,-5614,6142,-1440,111,-87,87,0,0,-7,-1,-17471,0,5860,176,-5804,-108,39,33
1543219892,-5610,6148,-1494,105,-99,70,-16468,0,-15537,0,8160,8192,5592,82,-6118,-110,39,34
1543269892,-5504,6292,-1580,97,-106,21,-16465,0,-15537,0,8160,8192,5644,280,-6196,-100,43,26
1543319892,-5674,6190,-1520,114,-87,105,8160,8192,28164,23548,645,8192,5506,102,-6216,-106,40,35
1543369892,-5318,6254,-1808,83,-115,17,8160,8192,12628,23549,645,8192,5540,530,-6158,-104,34,30
1543419892,-5636,6156,-1508,104,-80,126,8160,8192,0,0,645,8192,5456,140,-6264,-99,30,28
1543469892,-5736,6158,-1492,104,-80,111,0,0,-7,-1,-16459,0,5814,150,-5962,-106,38,31
1543519892,-5524,6202,-1452,94,-114,14,8160,8192,31556,23551,645,8192,5960,262,-5854,-98,38,23
1543569892,-5494,6178,-1564,102,-90,93,-16455,0,-15537,0,8160,8192,5802,262,-6046,-108,36,30
1543619892,-5362,6282,-1674,99,-123,29,-17455,0,-15537,0,8160,8192,5630,530,-6126,-107,34,37
1543669892,-5396,6182,-1602,97,-116,69,-16454,0,-15537,0,8160,8192,6040,420,-5916,-103,22,25
1543719892,-5280,6468,-1758,90,-133,24,-16452,0,-15537,0,8160,8192,5638,612,-6140,-106,17,34
1543769892,-5176,6292,-1780,98,-140,24,-16449,0,-15537,0,8160,8192,6062,402,-5816,-105,24,30
1543819892,-5208,6582,-1886,71,-156,-52,8160,8192,0,0,645,8192,5730,996,-6062,-101,28,29
1543869892,-5308,6434,-1950,64,-182,-223,-16445,0,-15537,0,8160,8192,5920,616,-6052,-101,43,30
1543919892,-5636,6456,-1890,51,-100,-7,-16443,0,-15537,0,8160,8192,5650,956,-6234,-102,35,28
1543969892,-4992,6392,-1988,104,-210,-195,-17442,0,-15537,0,8160,8192,5830,1562,-6100,-107,16,26
1544019892,-4488,6254,-1594,166,-228,-326,0,0,-7,-1,-17440,0,6040,982,-5464,-104,46,33
1544069892,-5242,6164,-1560,-2,-96,-14,-16437,0,-15537,0,8160,8192,5868,918,-6024,-105,-16,28
1544119892,-5824,6802,-2500,82,-179,21,-16436,0,-15537,0,8160,8192,5692,390,-6132,-99,17,32
1544169892,-5998,6318,-1736,142,-198,-149,0,0,-7,-1,-16434,0,4786,374,-6398,-99,30,33
1544219892,-5162,5662,-1358,99,-118,-76,-16431,0,-15537,0,8160,8192,5138,674,-6226,-115,65,14
1544269892,-5812,6310,-1710,167,-163,-119,-18429,0,-15537,0,8160,8192,5072,472,-6950,-96,67,28
1544319892,-5728,5730,-598,62,-69,21,-16428,0,-15537,0,8160,8192,6430,726,-5544,-100,-7,35
1544369892,-5962,6002,-1336,89,-62,168,-17427,0,-15537,0,8160,8192,3776,48,-7212,-124,29,16
1544419892,-4844,5826,-1570,93,-179,22,-16425,0,-15537,0,8160,8192,5444,886,-5576,-88,1,35
1544469892,-5044,5586,-1300,105,-121,70,-16425,0,-15537,0,8160,8192,6446,-524,-6354,-105,13,14
1544519892,-5358,6052,-1732,73,-106,-28,8160,8192,0,0,645,8192,7446,596,-6388,-112,38,16
1544569892,-5678,6152,-1712,82,-119,73,-16420,0,-15537,0,8160,8192,6240,-458,-4636,-104,23,40
1544619892,-5952,6240,-1436,128,-200,-269,-16419,0,-15537,0,8160,8192,5612,238,-6438,-102,-3,39
1544669892,-3966,4440,-640,88,-224,-225,8160,8192,0,0,645,8192,5584,1814,-7944,-91,30,45
1544719892,-5154,5348,-1064,135,-299,-246,8160,8192,-13628,23569,645,8192,8222,936,-6096,-94,4,52
1544769892,-7070,5740,-1232,120,-52,-57,0,0,-7,-1,-16413,0,4632,-250,-6146,-100,62,28
1544819892,-6318,5102,-756,198,-164,-49,0,0,-7,-1,-16411,0,5992,230,-6750,-131,33,31
1544869892,-7414,5980,-1034,91,-101,-84,-16408,0,-15537,0,8160,8192,5824,-2032,-7000,-133,-26,26
1544919892,-8900,6730,-2724,78,-123,119,-16406,0,-15537,0,8160,8192,6102,-992,-5042,-107,-17,19
1544969892,-7134,4714,-386,73,-97,-23,-17403,0,-15537,0,8160,8192,3378,-1858,-7396,-105,48,30
1545019892,-6478,5592,-674,132,-121,129,8160,8192,0,0,645,8192,5806,-1856,-6376,-115,32,23
1545069892,-7356,4024,-102,-26,-39,-104,0,0,-7,-1,-17400,0,5682,-1980,-6374,-104,51,33
1545119892,-7300,4714,0,135,-147,-38,0,0,-7,-1,-17397,0,5612,-2160,-6156,-103,49,20
1545169892,-7088,4538,-224,76,-116,-67,8160,8192,-22380,23576,645,8192,6266,-1500,-5812,-109,47,37
1545219892,-6634,4988,-624,159,-198,-195,-16392,0,-15537,0,8160,8192,6122,-1282,-5900,-108,52,36
1545269892,-7208,4240,392,141,42,557,-16390,0,-15537,0,8160,8192,5178,-3260,-6456,-106,56,37
1545319892,-9394,4204,570,-17,274,1047,-16387,0,-15537,0,8160,8192,7276,-2984,-5368,-108,20,34
1545369892,-8928,4034,1058,127,31,531,0,0,-7,-1,-17386,0,2602,-4798,-6916,-104,61,45
1545419892,-10390,5522,502,-105,261,1091,-17384,0,-15537,0,8160,8192,7232,-1184,-5628,-89,-24,60
1545469892,-5846,3144,-32,102,-153,-134,-16382,0,-15537,0,8160,8192,5102,-2830,-6778,-97,85,43
1545519892,-4010,5958,-580,-54,-224,-326,0,0,-7,-1,-16380,0,10336,4306,-3358,-108,-28,76
1545569892,-5002,4822,-2918,182,0,516,-16378,0,-15537,0,8160,8192,9330,2552,-6834,-99,58,60
1545619892,-6726,7344,-1632,186,0,460,8160,8192,-31132,23583,645,8192,4626,-1452,-4460,-125,60,31
1545669892,-3860,4526,-2232,51,-247,-256,-16375,0,-15537,0,8160,8192,4398,-2244,-5746,-105,8,71
1545719892,-5422,7298,-840,250,-17,354,-16372,0,-15537,0,8160,8192,4570,656,-6634,-100,88,10
1545769892,-3962,7182,-2730,61,-298,-328,8160,8192,-12204,23585,645,8192,3672,1114,-5446,-97,33,13
1545819892,-6296,6696,-2304,130,-23,432,0,0,-7,-1,-16367,0,4188,2728,-7652,-108,-11,55
1545869892,-4566,8006,-2564,94,-278,-231,-16365,0,-15537,0,8160,8192,7742,3936,-4834,-119,59,22
1545919892,-3802,8036,-3484,180,-250,-240,8160,8192,6724,23588,645,8192,4742,3778,-6494,-140,11,17
1545969892,-2710,7662,-3246,186,-319,-58,-16362,0,-15537,0,8160,8192,5420,3310,-5922,-127,-44,21
1546019892,-5774,6428,-1308,69,241,1031,0,0,-7,-1,-16360,0,5624,568,-6426,-110,74,32
1546069892,-2782,7820,-4810,-11,-376,-1216,8160,8192,0,0,645,8192,5768,5390,-6078,-123,77,31
1546119892,-3610,7524,-2438,447,-336,-12,0,0,-7,-1,-16355,0,5370,2074,-5824,-111,25,14
1546169892,-5214,7046,-1928,-188,295,1012,-17353,0,-15537,0,8160,8192,5542,1202,-6410,-106,8,29
1546219892,-7122,4958,-664,170,47,376,-18350,0,-15537,0,8160,8192,5802,-844,-6176,-92,62,28
1546269892,-6646,5186,-578,102,97,349,-16348,0,-15537,0,8160,8192,5952,-960,-6042,-80,73,10
1546319892,-6122,5646,-1064,84,-126,10,0,0,-7,-1,-16347,0,5826,-750,-5964,-114,28,25
1546369892,-5782,6058,-1216,80,-85,133,-16345,0,-15537,0,8160,8192,5814,-274,-6020,-112,12,38
1546419892,-4878,6478,-2178,46,-226,-153,8160,8192,-17564,23595,645,8192,5760,1142,-5998,-108,11,30
1546469892,-5172,6636,-1808,122,-129,44,8160,8192,32436,23596,645,8192,5752,822,-6016,-94,38,21
1546519892,-5610,6064,-1570,24,-34,149,8160,8192,16900,23597,645,8192,5950,232,-5814,-104,27,28
1546569892,-5924,6062,-1252,154,-168,91,8160,8192,0,0,645,8192,5918,-506,-6070,-100,15,31
1546619892,-5920,5914,-1156,107,-119,2,8160,8192,0,0,645,8192,5788,-450,-6082,-100,32,29
1546669892,-5942,5800,-1246,113,-124,63,-16335,0,-15537,0,8160,8192,5820,-268,-6148,-102,36,26
1546719892,-5872,6010,-1234,96,-81,88,-16333,0,-15537,0,8160,8192,5850,-100,-5990,-105,41,30
1546769892,-5586,6158,-1452,111,-70,112,-16331,0,-15537,0,8160,8192,5916,278,-5996,-109,44,29
1546819892,-5570,6196,-1582,113,-96,83,-16329,0,-15537,0,8160,8192,5858,274,-6144,-108,43,36
1546869892,-5432,6162,-1518,106,-117,30,-16328,0,-15537,0,8160,8192,5846,154,-5934,-103,37,28
1546919892,-5612,6264,-1492,104,-93,82,-16326,0,-15537,0,8160,8192,5956,246,-5950,-107,34,32
1546969892,-5618,6014,-1462,107,-84,106,0,0,-7,-1,-16324,0,5660,104,-6122,-106,37,32
1547019892,-5712,6054,-1380,105,-98,50,0,0,-7,-1,-16321,0,5856,-158,-6018,-103,46,32
1547069892,-5736,6044,-1500,96,-83,86,8160,8192,-22924,23605,645,8192,5928,260,-5966,-110,42,38
1547119892,-5730,6038,-1354,114,-110,30,-16318,0,-15537,0,8160,8192,6134,20,-5738,-101,41,32
1547169892,-5534,6196,-1510,115,-109,64,8160,8192,11540,23607,645,8192,5992,302,-5732,-109,35,37
1547219892,-5424,6196,-1634,106,-124,12,0,0,-7,-1,-17315,0,6006,542,-5826,-104,36,31
1547269892,-5388,6196,-1600,103,-80,111,8160,8192,-19532,23608,645,8192,5864,422,-5810,-102,35,28
1547319892,-5454,6180,-1608,94,-99,78,-16311,0,-15537,0,8160,8192,5836,320,-5960,-102,32,32
1547369892,-5714,6072,-1444,91,-104,92,-16309,0,-15537,0,8160,8192,5568,-6,-6220,-100,15,30
1547419892,-5582,6152,-1534,74,-131,47,-18307,0,-15537,0,8160,8192,5952,260,-5930,-106,1,32
1547469892,-5342,6432,-1846,85,-133,17,0,0,-7,-1,-16305,0,5810,702,-5938,-103,19,27
1547519892,-5088,6528,-1966,63,-169,-138,8160,8192,0,0,645,8192,5642,1282,-6014,-99,37,25
1547569892,-5322,6256,-1522,103,-160,-112,0,0,-7,-1,-16301,0,5514,606,-6134,-102,29,34
1547619892,-4984,6384,-2020,76,-197,-118,0,0,-7,-1,-16299,0,6098,990,-5714,-110,17,36
1547669892,-5172,6288,-1786,141,-203,-256,8160,8192,0,0,645,8192,5474,1070,-6246,-101,54,29
1547719892,-5096,5968,-1642,113,-180,-128,-18295,0,-15537,0,8160,8192,5942,-10,-6016,-103,38,26
1547769892,-5804,6736,-1992,63,-116,-21,0,0,-7,-1,-17293,0,5200,1208,-6104,-98,48,39
1547819892,-3702,4594,-1624,65,-185,17,-16291,0,-15537,0,8160,8192,5704,-34,-7228,-113,17,14
1547869892,-5578,5976,-1362,103,-152,35,-17289,0,-15537,0,8160,8192,5958,52,-6026,-103,18,28
1547919892,-6160,6790,-1810,75,-141,-136,0,0,-7,-1,-17287,0,5444,618,-5896,-99,20,30
1547969892,-5514,5780,-1288,136,-181,-50,0,0,-7,-1,-16284,0,5198,282,-6474,-92,23,33
1548019892,-5420,6130,-1582,119,-177,-82,0,0,-7,-1,-16283,0,6358,560,-5574,-112,63,19
1548069892,-5270,5606,-1198,209,-211,-232,8160,8192,-5964,23620,645,8192,4896,664,-6820,-101,64,31
1548119892,-6656,7340,-3918,101,-259,78,-15991,0,-15537,0,8160,8192,6418,1144,-6316,-105,11,28
1548169892,-5046,5418,-1288,97,-144,89,-16278,0,-15537,0,8160,8192,5648,1124,-6056,-98,19,31
1548219892,-5816,6150,-1766,125,-133,-34,-18275,0,-15537,0,8160,8192,5110,-142,-6190,-96,40,36
1548269892,-5808,5942,-1278,93,-98,171,0,0,-7,-1,-17273,0,6376,1028,-5160,-103,13,28
1548319892,-6188,5584,-964,148,-66,87,-17270,0,-15537,0,8160,8192,6250,2020,-5954,-111,54,26
1548369892,-4498,5174,-470,109,-146,-97,8160,8192,31892,23625,645,8192,7420,898,-5672,-100,2,35
1548419892,-6126,5874,-1582,75,-100,23,0,0,-7,-1,-16266,0,5302,456,-6802,-108,33,21
1548469892,-6106,6118,-1856,125,-227,-236,8160,8192,0,0,645,8192,5806,-498,-6394,-99,11,37
1548519892,-4778,5076,-1152,67,-203,-308,-16263,0,-15537,0,8160,8192,8678,2486,-5550,-103,-31,40
1548569892,-5512,5984,-1794,157,-182,-79,-17261,0,-15537,0,8160,8192,5816,1070,-5156,-114,16,18
1548619892,-5954,6072,-1672,90,-171,-201,8160,8192,0,0,645,8192,6402,866,-5466,-102,11,27
1548669892,-6068,5678,-536,153,-80,-36,8160,8192,4212,23630,645,8192,938,-336,-9296,-112,56,24
1548719892,-5822,5278,-1388,110,-97,67,-16254,0,-15537,0,8160,8192,7190,1228,-4860,-93,14,27
1548769892,-6264,4868,-454,175,-137,22,8160,8192,-26860,23631,645,8192,5724,-1926,-6120,-107,15,20
1548819892,-8452,5766,-408,71,13,105,-16248,0,-15537,0,8160,8192,7106,-510,-3660,-108,68,26
1548869892,-5030,3542,682,32,-19,80,-16246,0,-15537,0,8160,8192,7028,-1648,-3456,-110,52,11
1548919892,-6772,4358,146,121,-47,204,8160,8192,-7932,23633,645,8192,6534,-1802,-5572,-92,51,39
1548969892,-7800,4690,-280,52,-125,-196,0,0,-7,-1,-16242,0,6048,-1488,-5770,-102,47,27
1549019892,-7124,4036,542,136,-119,93,-18241,0,-15537,0,8160,8192,6076,-2252,-5982,-106,29,29
1549069892,-7320,4502,-102,25,-56,99,8160,8192,10996,23636,645,8192,5692,-1868,-6228,-103,31,36
1549119892,-7252,3898,1030,233,-58,425,-16236,0,-15537,0,8160,8192,6048,-2826,-6192,-104,39,33
1549169892,-9888,3810,1038,-18,305,1041,-17233,0,-15537,0,8160,8192,5154,-5252,-7622,-111,40,34
1549219892,-8168,2738,2372,-29,279,1053,8160,8192,29924,23638,645,8192,7290,-4178,-7116,-84,28,39
1549269892,-7346,3452,946,22,-64,147,0,0,-7,-1,-17229,0,12848,-7250,-1256,-72,-4,28
1549319892,-8950,6392,-1818,40,-44,93,0,0,-7,-1,-17227,0,3646,748,-6094,-82,37,16
1549369892,-8432,9424,-2382,-18,-46,294,-18225,0,-15537,0,8160,8192,13932,1906,-2254,-91,11,42
1549419892,-4882,5178,-2258,26,-109,104,-16222,0,-15537,0,8160,8192,3664,-1584,-6760,-99,-23,57
1549469892,-5448,5884,-1510,102,10,401,0,0,-7,-1,-16220,0,6666,3328,-5396,-115,-2,49
1549519892,-5226,6634,-1322,77,-217,5,-16218,0,-15537,0,8160,8192,790,-3196,-5956,-93,-43,39
1549569892,-5620,7642,-1832,126,-230,66,-16216,0,-15537,0,8160,8192,7516,1822,-3870,-125,-34,32
1549619892,-4036,7806,-3304,142,-246,8,0,0,-7,-1,-16214,0,3492,1248,-6072,-121,57,26
1549669892,-4762,8118,-3314,116,-258,-128,8160,8192,21172,23645,645,8192,6152,2584,-5326,-99,53,52
1549719892,-3418,8678,-4792,307,-510,-767,-16210,0,-15537,0,8160,8192,5432,6066,-6772,-129,61,31
1549769892,-3934,7994,-3366,326,-173,-26,8160,8192,-9900,23646,645,8192,6118,3660,-6144,-116,122,26
1549819892,-5788,5960,-710,8,383,1335,0,0,-7,-1,-16204,0,6106,-462,-5752,-127,92,30
1549869892,-6322,5542,-1106,101,82,451,8160,8192,0,0,645,8192,6106,388,-6436,-125,90,31
1549919892,-4872,6694,-2092,154,-370,-658,-16200,0,-15537,0,8160,8192,5346,1512,-6220,-112,-12,35
1549969892,-4754,6492,-1966,-6,47,494,-18198,0,-15537,0,8160,8192,5588,1708,-6048,-112,-21,33
1550019892,-4656,6754,-2302,119,-183,-44,8160,8192,-22044,23650,645,8192,5718,1040,-5674,-111,10,23
1550069892,-5146,6422,-1574,167,-107,73,-16193,0,-15537,0,8160,8192,5310,600,-6280,-103,47,21
1550119892,-5332,6202,-1736,139,-69,112,-16192,0,-15537,0,8160,8192,5798,702,-6014,-112,64,32
1550169892,-5310,6262,-1702,132,-118,20,0,0,-7,-1,-16189,0,5846,556,-6014,-111,57,39
1550219892,-5962,5922,-1212,115,-65,167,-16187,0,-15537,0,8160,8192,5988,-540,-5986,-115,40,36
1550269892,-5656,6022,-1542,74,-140,25,-16186,0,-15537,0,8160,8192,5812,364,-5922,-104,14,26
1550319892,-5502,6248,-1454,64,-123,61,-16183,0,-15537,0,8160,8192,5836,-68,-6098,-98,4,23
1550369892,-5830,6004,-1326,90,-95,106,0,0,-7,-1,-16181,0,5784,56,-6010,-113,21,34
1550419892,-5390,6258,-1564,123,-137,-38,0,0,-7,-1,-16178,0,5794,220,-6018,-109,50,35
1550469892,-5672,5926,-1308,132,-69,156,-16176,0,-15537,0,8160,8192,5838,-36,-5952,-111,47,39
1550519892,-5554,6126,-1424,111,-160,-44,-18174,0,-15537,0,8160,8192,5796,146,-6078,-108,32,36
1550569892,-5628,6214,-1502,83,-98,116,0,0,-7,-1,-17171,0,5912,166,-6010,-109,10,32
1550619892,-5586,6126,-1442,94,-134,49,8160,8192,-11868,23659,645,8192,5910,0,-6058,-106,12,29
1550669892,-5648,6220,-1510,84,-112,61,-16167,0,-15537,0,8160,8192,5902,94,-6012,-106,19,30
1550719892,-5592,6112,-1428,110,-121,48,0,0,-7,-1,-16166,0,5578,70,-6008,-113,29,36
1550769892,-5620,6174,-1514,104,-105,61,-16163,0,-15537,0,8160,8192,5936,168,-5890,-108,37,39
1550819892,-5448,6292,-1490,107,-110,13,-16161,0,-15537,0,8160,8192,5638,348,-6180,-111,46,34
1550869892,-5642,5954,-1368,115,-77,119,0,0,-7,-1,-17158,0,5904,-112,-6080,-107,41,32
1550919892,-5472,6018,-1478,92,-127,-6,8160,8192,25988,23664,645,8192,5780,106,-5852,-104,31,31
1550969892,-5630,6236,-1406,109,-90,91,0,0,-7,-1,-16152,0,5882,166,-5956,-106,36,36
1551019892,-5488,6032,-1566,107,-94,74,-16152,0,-15537,0,8160,8192,5974,218,-5802,-106,34,33
1551069892,-5430,6198,-1506,99,-104,58,8160,8192,-20620,23666,645,8192,5902,176,-5934,-101,33,29
1551119892,-5426,6270,-1742,104,-105,53,0,0,-7,-1,-16147,0,6006,500,-5886,-106,40,33
1551169892,-5604,6314,-1544,112,-68,130,-16146,0,-15537,0,8160,8192,5788,164,-6154,-100,40,23
1551219892,-5444,6260,-1566,91,-113,47,0,0,-7,-1,-16143,0,5440,214,-6214,-106,31,32
1551269892,-5560,6176,-1550,102,-121,39,8160,8192,-17228,23669,645,8192,5700,134,-6098,-108,32,35
1551319892,-5486,6308,-1636,96,-109,61,8160,8192,-32764,23670,645,8192,5648,306,-6278,-104,25,27
1551369892,-5288,6232,-1632,96,-135,11,-18136,0,-15537,0,8160,8192,5740,506,-5986,-109,28,36
1551419892,-5704,6106,-1464,105,-85,125,8160,8192,1700,23672,645,8192,5704,122,-6008,-101,27,31
1551469892,-5326,6328,-1636,87,-148,-58,8160,8192,-13836,23672,645,8192,5788,454,-6116,-99,38,29
1551519892,-5360,6256,-1654,100,-129,0,0,0,-7,-1,-16130,0,5844,414,-6042,-108,45,32
1551569892,-5486,6192,-1550,98,-122,41,-16127,0,-15537,0,8160,8192,5820,310,-5976,-103,31,31
1551619892,-4946,6680,-2108,42,-202,-218,8160,8192,0,0,645,8192,5988,964,-5822,-105,6,29
1551669892,-5300,6260,-1658,54,-160,-110,-16123,0,-15537,0,8160,8192,6008,954,-5968,-100,10,30
1551719892,-4812,6590,-2380,98,-231,-239,-16120,0,-15537,0,8160,8192,5364,1216,-6348,-104,24,27
1551769892,-5378,6458,-1586,121,-159,-137,-16118,0,-15537,0,8160,8192,5032,1810,-6930,-97,65,27
1551819892,-2798,4636,-1740,65,-239,-66,-16117,0,-15537,0,8160,8192,8024,772,-5354,-111,9,19
1551869892,-5470,6108,-1512,85,-136,11,0,0,-7,-1,-16115,0,6170,800,-6456,-100,24,22
1551919892,-5886,6724,-2132,103,-199,-301,-17113,0,-15537,0,8160,8192,4808,1044,-7056,-98,33,22
1551969892,-5612,6082,-1546,97,-136,43,-17112,0,-15537,0,8160,8192,6452,474,-5630,-104,11,15
1552019892,-5534,5858,-1526,83,-129,9,8160,8192,11876,23681,645,8192,5556,-228,-5592,-91,33,27
1552069892,-5588,6618,-2430,96,-218,134,0,0,-7,-1,-16107,0,7318,582,-4768,-91,5,20
1552119892,-5440,5532,-716,126,-162,8,8160,8192,0,0,645,8192,5258,-470,-6398,-95,26,27
1552169892,-5820,5922,-1608,99,-152,-39,-16105,0,-15537,0,8160,8192,5836,-396,-6122,-98,44,33
1552219892,-5444,5804,-1658,110,-166,-60,-16102,0,-15537,0,8160,8192,6322,588,-5946,-102,22,16
1552269892,-5034,6168,-1700,102,-154,-79,-16100,0,-15537,0,8160,8192,6284,-724,-5150,-108,43,20
1552319892,-4902,6060,-1538,165,-178,-160,-18098,0,-15537,0,8160,8192,5738,1278,-6450,-115,39,34
1552369892,-4844,5664,-1370,69,-106,45,-16097,0,-15537,0,8160,8192,6516,1332,-5054,-112,45,33
1552419892,-6958,6814,-2198,115,-157,-33,-16094,0,-15537,0,8160,8192,4252,-122,-5790,-108,3,43
1552469892,-6922,7036,-2590,151,-216,-256,0,0,-7,-1,-17093,0,7292,1494,-5170,-86,33,38
1552519892,-5178,5440,-1494,117,-343,-326,-17091,0,-15537,0,8160,8192,7582,1052,-6284,-88,-4,50
1552569892,-5340,5436,-1008,125,-124,-157,-17089,0,-15537,0,8160,8192,6640,506,-4662,-103,52,28
1552619892,-4804,4282,-356,196,-134,30,8160,8192,22052,23690,645,8192,3560,-478,-8750,-123,47,16
1552669892,-6410,5030,-84,97,-65,-58,-16085,0,-15537,0,8160,8192,5832,-2002,-5588,-139,-4,22
1552719892,-7104,5116,-222,71,28,178,0,0,-7,-1,-17083,0,9070,-1282,-3488,-121,13,27
1552769892,-6374,3696,-12,92,-73,-34,0,0,-7,-1,-16082,0,5704,-586,-5538,-114,63,22
1552819892,-6734,5092,260,176,-106,215,-16080,0,-15537,0,8160,8192,6932,-1800,-5364,-115,26,28
1552869892,-7386,4368,-192,57,-111,-166,-16078,0,-15537,0,8160,8192,5404,-2018,-6742,-103,63,29
1552919892,-6484,4752,-186,170,-195,-96,0,0,-7,-1,-16075,0,5296,-1898,-6290,-109,53,37
1552969892,-7532,4270,-20,32,-12,253,-17075,0,-15537,0,8160,8192,6110,-2142,-5904,-101,35,33
1553019892,-8052,4184,796,202,-59,370,0,0,-7,-1,-16073,0,5742,-3100,-6172,-102,53,36
1553069892,-9174,4168,626,0,226,903,-16071,0,-15537,0,8160,8192,4810,-3820,-7176,-124,41,40
1553119892,-7852,2908,896,11,123,786,8160,8192,-2236,23697,645,8192,10020,-3386,-3626,-76,-11,41
1553169892,-8806,4038,-614,85,-112,454,-16066,0,-15537,0,8160,8192,8250,-2798,-4000,-73,-34,36
1553219892,-7726,6180,-1124,22,-155,180,8160,8192,32228,23699,645,8192,3472,1584,-4920,-89,-39,20
1553269892,-7054,10640,-5032,-11,-322,-349,-16062,0,-15537,0,8160,8192,7188,138,-6178,-109,2,43
1553319892,-6028,5438,-2474,157,101,718,8160,8192,0,0,645,8192,3370,-2558,-4880,-99,59,52
1553369892,-6102,6448,-1402,175,-55,179,-17057,0,-15537,0,8160,8192,3634,116,-8192,-142,89,47
1553419892,-3982,4472,-1646,154,-148,-82,-16056,0,-15537,0,8160,8192,4890,22,-6956,-104,96,75
1553469892,-3716,5808,-1346,207,-28,120,8160,8192,20084,23703,645,8192,4796,1750,-7188,-101,114,30
1553519892,-4440,7196,-1950,141,-243,-87,-16052,0,-15537,0,8160,8192,5660,-2078,-4816,-116,53,54
1553569892,-5298,7984,-2254,90,-194,-4,8160,8192,0,0,645,8192,4590,2638,-5870,-105,-2,47
1553619892,-2638,7858,-4304,153,-509,-761,-17050,0,-15537,0,8160,8192,4354,4806,-7378,-112,-9,35
1553669892,-5336,8058,-3196,161,-139,60,-16048,0,-15537,0,8160,8192,478,1022,-9882,-126,41,16
1553719892,-5248,6796,-2090,-64,210,906,8160,8192,7940,23707,645,8192,5816,960,-5300,-121,-14,5
1553769892,-4882,6758,-2132,130,-104,276,-18045,0,-15537,0,8160,8192,4910,770,-6462,-123,41,23
1553819892,-6218,5950,-1252,118,29,450,0,0,-7,-1,-16044,0,5596,638,-6378,-119,-25,28
1553869892,-2724,7980,-3958,61,-416,-904,-16042,0,-15537,0,8160,8192,5324,3740,-6156,-120,34,30
1553919892,-4722,6798,-2042,109,93,662,0,0,-7,-1,-16040,0,5800,1364,-5968,-102,63,16
1553969892,-5096,6692,-2088,61,-31,144,-18038,0,-15537,0,8160,8192,5062,1450,-6232,-107,43,24
1554019892,-5610,5414,-764,194,-59,246,8160,8192,-19740,23711,645,8192,5876,-848,-5986,-112,50,37
1554069892,-5616,6030,-1474,85,-114,-64,8160,8192,30260,23712,645,8192,5986,-54,-6172,-95,74,24
1554119892,-5980,5694,-1168,133,-23,217,0,0,-7,-1,-16032,0,5704,-106,-5782,-104,52,25
1554169892,-5632,5974,-1328,95,-93,35,8160,8192,-812,23713,645,8192,5706,-100,-5990,-101,45,28
1554219892,-5036,6624,-1990,72,-215,-113,0,0,-7,-1,-17028,0,5844,1044,-5996,-102,12,35
1554269892,-5716,6178,-1534,127,-1,306,-16026,0,-15537,0,8160,8192,5828,138,-6048,-104,37,29
1554319892,-5522,6162,-1338,101,-132,-17,8160,8192,18116,23716,645,8192,5712,138,-6070,-102,32,28
1554369892,-5562,6028,-1254,85,-123,76,0,0,-7,-1,-17020,0,5750,-164,-5980,-101,6,23
1554419892,-5788,6180,-1440,83,-118,80,-18019,0,-15537,0,8160,8192,5784,134,-5954,-103,11,29
1554469892,-5602,6122,-1376,103,-107,73,0,0,-7,-1,-16017,0,5680,130,-5916,-103,31,31
1554519892,-5598,5996,-1450,90,-86,96,-18015,0,-15537,0,8160,8192,5720,76,-5998,-105,29,26
1554569892,-5528,6314,-1440,106,-126,18,-18013,0,-15537,0,8160,8192,5690,186,-6132,-104,33,35
1554619892,-5584,6116,-1574,89,-65,137,-16011,0,-15537,0,8160,8192,5782,244,-5926,-102,34,27
1554669892,-5540,6282,-1534,101,-116,29,-16009,0,-15537,0,8160,8192,5710,202,-6264,-103,35,30
1554719892,-5622,6058,-1406,113,-62,146,-16007,0,-15537,0,8160,8192,5922,148,-5976,-106,40,29
1554769892,-5602,6276,-1640,98,-109,23,8160,8192,9364,23723,645,8192,5736,330,-6062,-101,39,30
1554819892,-5624,6244,-1524,115,-87,99,0,0,-7,-1,-17001,0,5766,92,-6198,-105,48,34
1554869892,-5552,6182,-1474,118,-91,69,0,0,-7,-1,-15999,0,5694,290,-6100,-105,52,29
1554919892,-5378,6220,-1598,111,-124,10,-15997,0,-15537,0,8160,8192,5870,216,-6006,-109,43,35
1554969892,-5546,6136,-1500,114,-80,116,8160,8192,12756,23726,645,8192,5968,168,-5862,-107,42,32
1555019892,-5438,6250,-1520,104,-128,13,-15995,0,-15537,0,8160,8192,5810,136,-6062,-99,31,30
1555069892,-5480,6216,-1636,93,-106,75,0,0,-7,-1,-15994,0,5746,244,-6098,-110,24,33
1555119892,-5454,6266,-1624,89,-127,36,0,0,-7,-1,-16993,0,5694,346,-6016,-105,15,32
1555169892,-5602,6040,-1458,92,-94,100,8160,8192,0,0,645,8192,6006,98,-5944,-102,27,30
1555219892,-5284,6312,-1760,80,-141,-13,0,0,-7,-1,-16990,0,5770,560,-5980,-105,26,32
1555269892,-5282,6186,-1624,90,-123,29,-15988,0,-15537,0,8160,8192,5700,196,-6018,-105,31,29
1555319892,-5472,6178,-1544,102,-124,7,8160,8192,0,0,645,8192,5876,194,-5982,-103,43,27
1555369892,-4848,6544,-2182,68,-202,-160,-15984,0,-15537,0,8160,8192,5794,1108,-6090,-106,29,31
1555419892,-4922,6536,-2096,102,-156,135,0,0,-7,-1,-15982,0,5640,760,-5908,-105,6,33
1555469892,-5446,6376,-2064,29,-216,-329,-15980,0,-15537,0,8160,8192,5582,284,-6074,-102,26,32
1555519892,-5512,5882,-1378,47,-67,84,-15978,0,-15537,0,8160,8192,6006,-16,-5828,-104,47,28
1555569892,-5394,6508,-2204,38,-102,-55,8160,8192,22932,23735,645,8192,5732,1406,-6128,-101,65,36
1555619892,-5114,5494,-994,188,-214,-329,-17974,0,-15537,0,8160,8192,5702,532,-5956,-96,43,30
1555669892,-3804,4750,-1858,-41,-101,134,0,0,-7,-1,-15971,0,5342,308,-6810,-116,10,20
1555719892,-5774,6426,-2082,160,-244,-297,-17969,0,-15537,0,8160,8192,5352,522,-6166,-100,46,26
1555769892,-5268,6456,-2014,104,-227,-270,0,0,-7,-1,-16968,0,5442,796,-6762,-104,13,23
1555819892,-5660,6370,-1788,92,-184,-13,-15965,0,-15537,0,8160,8192,5390,708,-5978,-96,4,37
1555869892,-4598,5630,-1574,93,-149,1,0,0,-7,-1,-15962,0,5520,1230,-5952,-107,49,14
1555919892,-4114,4894,-938,126,-152,38,-15961,0,-15537,0,8160,8192,7082,440,-5304,-96,9,28
1555969892,-4654,5584,-1204,87,-165,40,-17959,0,-15537,0,8160,8192,6084,286,-5660,-96,22,25
1556019892,-5572,6618,-2116,99,-145,118,0,0,-7,-1,-16957,0,4848,522,-6026,-110,54,16
1556069892,-5732,6898,-2360,70,-131,12,-15953,0,-15537,0,8160,8192,6514,806,-6394,-96,22,20
1556119892,-5670,6430,-1958,43,-104,66,0,0,-7,-1,-15950,0,7232,930,-6062,-102,15,17
1556169892,-5130,5840,-1886,128,-168,-106,-15949,0,-15537,0,8160,8192,6072,-174,-5924,-105,37,12
1556219892,-4936,5838,-2202,75,-188,-230,-15946,0,-15537,0,8160,8192,4360,1150,-6692,-110,44,18
1556269892,-6504,7082,-2278,138,-161,-19,-17944,0,-15537,0,8160,8192,4276,-2234,-5468,-92,14,15
1556319892,-4986,5818,-1526,26,-237,-270,-16942,0,-15537,0,8160,8192,7598,1240,-4250,-110,2,15
1556369892,-5916,5456,-1366,155,-224,-170,-17939,0,-15537,0,8160,8192,5450,160,-7280,-95,28,25
1556419892,-5862,5164,-2044,100,-358,-167,8160,8192,20964,23748,645,8192,4340,-1232,-7312,-97,-26,14
1556469892,-5892,4920,-442,133,-26,273,-16933,0,-15537,0,8160,8192,6774,-336,-4402,-89,25,39
1556519892,-6138,4232,-290,65,-128,79,-15930,0,-15537,0,8160,8192,5820,-1912,-6026,-101,-44,45
1556569892,-6566,3942,826,162,-45,-28,8160,8192,0,0,645,8192,7214,-2006,-4090,-105,92,47
1556619892,-6262,4006,684,183,-138,-87,-15924,0,-15537,0,8160,8192,4874,-2860,-6656,-114,53,5
1556669892,-8500,4150,170,16,23,2,0,0,-7,-1,-15922,0,5222,-1978,-6850,-121,112,45
1556719892,-7720,3972,670,92,-30,118,8160,8192,0,0,645,8192,5756,-3092,-6440,-102,93,37
1556769892,-7872,3716,618,64,-85,144,8160,8192,-22252,23753,645,8192,5948,-3472,-5964,-113,-4,40
1556819892,-7756,3474,790,114,-55,439,-15915,0,-15537,0,8160,8192,6708,-3538,-5680,-110,-31,40
1556869892,-8248,3310,1398,-45,199,1005,0,0,-7,-1,-15913,0,5002,-4470,-6456,-116,-28,35
1556919892,-10228,4786,-34,9,94,535,8160,8192,-3324,23755,645,8192,-2748,-4036,-12388,-106,31,32
1556969892,-9916,5098,-50,140,126,548,-15907,0,-15537,0,8160,8192,7328,-1842,-3336,-101,70,68
1557019892,-5502,4902,-1244,-89,-89,-43,-15903,0,-15537,0,8160,8192,6174,-3588,-5298,-91,15,50
1557069892,-6018,7342,-3494,-18,-150,-314,0,0,-7,-1,-15901,0,2190,1168,-6058,-165,84,53
1557119892,-4556,4854,-1276,139,75,445,-15899,0,-15537,0,8160,8192,1342,-2282,-8500,-116,53,74
1557169892,-3786,5612,-646,150,-150,35,-15898,0,-15537,0,8160,8192,9660,684,-4502,-109,21,43
1557219892,-6720,5718,-1356,130,-89,173,-16896,0,-15537,0,8160,8192,8090,-282,-5426,-81,-28,23
1557269892,-4694,6256,-1870,124,-151,64,0,0,-7,-1,-15893,0,8294,1214,-3960,-104,11,10
1557319892,1408,722,-3216,111,-111,-9,-15891,0,-15537,0,8160,8192,-6004,4216,-11976,-104,130,-3
1557369892,-5498,8096,-2282,103,-249,23,-16889,0,-15537,0,8160,8192,5616,726,-5834,-99,-29,43
1557419892,-3390,7470,-3606,101,-260,-217,-15887,0,-15537,0,8160,8192,6350,4146,-6486,-126,61,44
1557469892,-2068,6184,-3342,231,-349,-627,8160,8192,22388,23764,645,8192,7134,4574,-4710,-110,66,10
1557519892,-4462,7504,-2284,177,-156,96,-17883,0,-15537,0,8160,8192,5058,2090,-6250,-126,-4,27
1557569892,-6050,5682,-1480,-156,381,1390,0,0,-7,-1,-15881,0,5932,-82,-5956,-114,13,23
1557619892,-6176,5746,-1082,111,-203,109,8160,8192,0,0,645,8192,6182,-436,-5858,-115,-35,25
1557669892,-3866,7692,-3044,121,-341,-678,0,0,-7,-1,-15877,0,6122,2262,-5654,-126,35,27
1557719892,-5104,6516,-1612,128,71,565,-17874,0,-15537,0,8160,8192,6346,544,-5964,-107,35,25
1557769892,-4896,6862,-2444,110,-79,31,8160,8192,-5292,23768,645,8192,5818,1768,-6160,-118,86,29
1557819892,-5558,6554,-1620,165,-64,147,8160,8192,0,0,645,8192,5460,486,-5974,-107,67,31
1557869892,-5316,6228,-1632,131,-97,42,8160,8192,29172,23770,645,8192,5672,216,-5826,-114,78,35
1557919892,-5932,5794,-1032,141,-98,55,8160,8192,13636,23771,645,8192,5906,-398,-6044,-100,53,30
1557969892,-5644,5954,-1388,72,-96,79,0,0,-7,-1,-16860,0,5734,-10,-6130,-104,22,25
1558019892,-5196,6420,-1812,54,-181,-64,0,0,-7,-1,-16859,0,5788,544,-6042,-106,7,30
1558069892,-5858,6064,-1340,124,-28,247,-15857,0,-15537,0,8160,8192,5884,-28,-5980,-109,35,38
1558119892,-5632,6148,-1410,103,-154,-29,-17855,0,-15537,0,8160,8192,5804,-118,-6048,-109,27,31
1558169892,-5482,6252,-1600,79,-134,37,0,0,-7,-1,-15852,0,5842,410,-5996,-114,10,35
1558219892,-5740,6148,-1376,103,-93,145,-17849,0,-15537,0,8160,8192,5938,-132,-5990,-103,10,28
1558269892,-5546,6210,-1568,86,-115,46,-15775,0,-15537,0,8160,8192,5844,278,-6058,-109,28,34
1558319892,-5320,6206,-1532,109,-148,-13,0,0,-7,-1,-15845,0,5830,142,-6054,-106,31,35
1558369892,-5680,6148,-1470,108,-65,168,-15842,0,-15537,0,8160,8192,5926,14,-6012,-112,27,35
1558419892,-5526,6200,-1490,106,-155,-43,-16839,0,-15537,0,8160,8192,6028,196,-5872,-108,34,38
1558469892,-5564,6190,-1342,99,-81,123,-17834,0,-15537,0,8160,8192,5950,50,-5914,-106,31,31
1558519892,-5382,6118,-1712,91,-133,2,8160,8192,23812,23780,645,8192,5742,398,-5966,-112,34,36
1558569892,-5522,6100,-1470,106,-85,114,-15830,0,-15537,0,8160,8192,5818,112,-5962,-107,29,31
1558619892,-5274,6240,-1688,95,-130,-6,-15828,0,-15537,0,8160,8192,5686,278,-6236,-109,38,35
1558669892,-5560,6112,-1454,114,-99,99,-15826,0,-15537,0,8160,8192,5800,12,-6056,-104,32,34
1558719892,-5326,6232,-1660,98,-102,40,8160,8192,27204,23783,645,8192,5964,414,-5910,-101,44,28
1558769892,-5410,6210,-1548,106,-99,88,8160,8192,0,0,645,8192,5514,110,-6220,-107,34,33
1558819892,-5582,6162,-1540,94,-79,125,8160,8192,-3868,23784,645,8192,5634,258,-6178,-102,24,25
1558869892,-5532,6278,-1466,91,-123,59,-15816,0,-15537,0,8160,8192,5600,4,-6212,-102,20,31
1558919892,-5772,6122,-1270,94,-67,177,-15814,0,-15537,0,8160,8192,5544,110,-6192,-105,19,28
1558969892,-5530,6254,-1434,100,-108,42,8160,8192,0,0,645,8192,5962,218,-5904,-103,31,25
1559019892,-5274,6340,-1720,94,-94,69,-16809,0,-15537,0,8160,8192,5900,444,-5964,-110,45,32
1559069892,-5212,6386,-1804,102,-142,-3,0,0,-7,-1,-15805,0,5528,594,-6136,-107,28,32
1559119892,-5306,6498,-1716,89,-114,58,8160,8192,-31548,23789,645,8192,6044,566,-5868,-104,25,34
1559169892,-5134,6518,-2082,102,-149,-55,0,0,-7,-1,-15801,0,5536,1160,-6048,-108,51,34
1559219892,-5142,6388,-1792,101,-130,13,-15799,0,-15537,0,8160,8192,5962,500,-5836,-103,45,31
1559269892,-5296,6576,-1624,74,-149,-72,0,0,-7,-1,-15797,0,5860,582,-5950,-100,41,33
1559319892,-4976,6878,-2062,70,-159,-127,-17795,0,-15537,0,8160,8192,5750,1442,-5922,-96,46,28
1559369892,-4466,6632,-2210,219,-365,-461,-17793,0,-15537,0,8160,8192,5944,832,-6058,-105,44,30
1559419892,-5476,6648,-2200,73,-172,-157,8160,8192,0,0,645,8192,6304,1126,-5478,-93,25,28
1559469892,-5142,5906,-1202,66,-71,158,0,0,-7,-1,-15790,0,5084,2650,-4962,-97,23,32
1559519892,-5606,6320,-1992,102,-186,-16,8160,8192,-24764,23795,645,8192,6778,566,-5642,-103,20,27
1559569892,-5630,6638,-2220,90,-182,-151,-17786,0,-15537,0,8160,8192,5664,1298,-6002,-104,25,23
1559619892,-5604,6584,-2092,91,-186,-65,0,0,-7,-1,-15784,0,5694,546,-5850,-93,40,26
1559669892,-4796,5760,-1712,131,-198,-212,-15780,0,-15537,0,8160,8192,7768,534,-5232,-97,57,23
1559719892,-5744,6248,-1456,126,-82,128,-16778,0,-15537,0,8160,8192,6256,1084,-5550,-91,65,34
1559769892,-5222,5446,-826,96,-129,2,-17776,0,-15537,0,8160,8192,7356,492,-5718,-96,3,29
1559819892,-5452,5932,-1286,66,-97,29,0,0,-7,-1,-16775,0,6330,774,-6316,-91,32,30
1559869892,-5782,5894,-1556,78,-132,13,0,0,-7,-1,-15774,0,5944,-380,-5094,-105,3,20
1559919892,-5464,5718,-866,104,-57,71,-15772,0,-15537,0,8160,8192,6308,20,-4700,-113,63,26
1559969892,-7342,7384,-2922,137,-150,-95,-15768,0,-15537,0,8160,8192,6320,1840,-5988,-98,34,31
1560019892,-4904,6096,-2000,95,-207,-210,-15762,0,-15537,0,8160,8192,7356,1336,-5524,-108,14,22
1560069892,-5548,5912,-1420,155,-148,-85,0,0,-7,-1,-16760,0,4828,726,-6518,-101,41,20
1560119892,-5432,5206,-1252,110,-143,-214,-17758,0,-15537,0,8160,8192,3818,412,-7976,-117,47,32
1560169892,-7486,6814,-1920,74,-181,-95,0,0,-7,-1,-15757,0,4356,282,-7556,-80,-8,43
1560219892,-7216,6910,-2620,74,-145,-224,-15754,0,-15537,0,8160,8192,4556,2132,-9766,-78,13,12
1560269892,-6406,5850,-866,218,-120,45,-16752,0,-15537,0,8160,8192,5362,-328,-5908,-103,33,13
1560319892,-8012,5906,-1048,121,-82,-54,-16750,0,-15537,0,8160,8192,6334,-1068,-5354,-108,3,0
1560369892,-7206,5666,-472,118,-20,114,-15748,0,-15537,0,8160,8192,3518,-3576,-6518,-120,74,29
1560419892,-5692,3922,378,48,-40,-17,8160,8192,23268,23809,645,8192,6948,-1480,-4586,-115,35,13
1560469892,-7414,4462,380,140,-27,412,8160,8192,0,0,645,8192,6486,-1648,-5700,-97,29,39
1560519892,-7110,4790,-352,77,-240,-369,-17741,0,-15537,0,8160,8192,6618,-2056,-5504,-98,29,28
1560569892,-7174,4670,32,166,-124,44,-17740,0,-15537,0,8160,8192,5964,-2014,-6178,-109,63,31
1560619892,-7094,4410,-432,29,-73,4,-16738,0,-15537,0,8160,8192,5646,-1594,-6030,-106,35,32
1560669892,-8420,4330,980,215,-92,419,0,0,-7,-1,-15736,0,5806,-3468,-6258,-100,-3,36
1560719892,-8656,4130,722,-85,202,840,-15735,0,-15537,0,8160,8192,5744,-3518,-6318,-97,-41,25
1560769892,-8710,3786,1428,75,181,1032,8160,8192,0,0,645,8192,6350,-4522,-6694,-96,14,14
1560819892,-8930,4904,-122,-35,177,437,-17732,0,-15537,0,8160,8192,4066,-3992,-5248,-92,111,31
1560869892,-8246,5066,988,241,38,278,0,0,-7,-1,-15730,0,10364,-264,-3278,-67,140,43
1560919892,-2814,768,-1614,24,55,57,-17727,0,-15537,0,8160,8192,-2922,352,-11888,-88,133,46
1560969892,-6600,7484,-2166,73,36,253,0,0,-7,-1,-15725,0,7022,-1012,-3740,-140,84,18
1561019892,-6134,5300,-1534,102,24,340,-15723,0,-15537,0,8160,8192,9732,5066,-6606,-104,54,43
1561069892,-5616,7092,-2352,23,-49,159,-15721,0,-15537,0,8160,8192,8642,3192,-5348,-127,44,38
1561119892,-5080,7998,-740,100,-51,137,-17718,0,-15537,0,8160,8192,3272,1522,-6324,-96,59,38
1561169892,-5198,6438,-1616,92,-194,117,-15715,0,-15537,0,8160,8192,7832,754,-5318,-112,0,70
1561219892,-1976,7536,-3240,67,-294,-391,0,0,-7,-1,-15712,0,820,5234,-9248,-113,95,17
1561269892,-3952,7614,-2872,260,-331,-98,-15709,0,-15537,0,8160,8192,6256,3100,-6562,-124,-7,38
1561319892,-4668,7152,-2576,-3,-55,117,-15707,0,-15537,0,8160,8192,5476,3024,-6642,-120,38,34
1561369892,-5008,7418,-3394,154,-115,-24,8160,8192,-9772,23823,645,8192,5892,3492,-5748,-112,-36,14
1561419892,-5046,6856,-1788,126,-69,485,8160,8192,-25308,23824,645,8192,5790,-212,-6088,-123,-31,44
1561469892,-6222,6006,-1374,5,7,668,0,0,-7,-1,-16697,0,6644,904,-6016,-118,-101,23
1561519892,-4422,6872,-2396,239,-211,-411,-17694,0,-15537,0,8160,8192,5398,3236,-6366,-133,137,34
1561569892,-4470,7624,-2296,293,-264,-376,-15691,0,-15537,0,8160,8192,5966,1392,-5926,-118,74,35
1561619892,-3652,4834,-2366,-44,252,691,8160,8192,-21916,23827,645,8192,5642,1160,-5924,-112,92,28
1561669892,-4966,6604,-1968,133,-238,-144,8160,8192,0,0,645,8192,5270,486,-6108,-112,38,37
1561719892,-5868,5938,-1474,68,-39,213,8160,8192,12548,23829,645,8192,5560,8,-5976,-98,29,29
1561769892,-5684,5846,-1448,91,-90,41,0,0,-7,-1,-16679,0,5444,20,-5896,-100,45,20
1561819892,-5718,5964,-1240,99,-127,44,-15677,0,-15537,0,8160,8192,5914,-462,-5994,-112,18,28
1561869892,-5660,6050,-1430,103,-113,66,-15674,0,-15537,0,8160,8192,5700,278,-6024,-112,28,34
1561919892,-5172,6310,-1738,116,-150,-80,-15671,0,-15537,0,8160,8192,5824,344,-6018,-106,47,36
1561969892,-5792,5988,-1436,127,-30,257,0,0,-7,-1,-15668,0,5728,162,-6030,-111,37,30
1562019892,-5276,6222,-1616,81,-163,-71,0,0,-7,-1,-15662,0,5660,198,-6062,-100,18,26
1562069892,-5688,6172,-1454,87,-70,181,-15660,0,-15537,0,8160,8192,5772,100,-6110,-109,13,31
1562119892,-5460,6222,-1568,94,-149,-1,-15656,0,-15537,0,8160,8192,5864,172,-6036,-106,18,31
1562169892,-5468,6186,-1566,88,-100,87,0,0,-7,-1,-15654,0,5672,172,-6082,-109,27,35
1562219892,-5590,6266,-1544,104,-111,43,-15651,0,-15537,0,8160,8192,5806,282,-6084,-104,36,35
1562269892,-5460,6078,-1506,103,-95,74,8160,8192,0,0,645,8192,5824,130,-5986,-105,40,28
1562319892,-5596,6162,-1458,106,-104,68,-15647,0,-15537,0,8160,8192,5878,104,-5934,-105,35,32
1562369892,-5522,6110,-1512,97,-86,77,-15643,0,-15537,0,8160,8192,5658,188,-6138,-102,37,30
1562419892,-5418,6220,-1536,97,-104,60,8160,8192,-8348,23839,645,8192,5606,242,-6316,-103,37,30
1562469892,-5632,6064,-1430,96,-75,111,-15639,0,-15537,0,8160,8192,5716,44,-6198,-103,42,31
1562519892,-5574,6206,-1504,100,-95,61,-16637,0,-15537,0,8160,8192,5702,234,-6170,-104,41,32
1562569892,-5488,6152,-1526,105,-102,65,8160,8192,10580,23842,645,8192,5782,110,-6032,-103,34,29
1562619892,-5714,6088,-1382,104,-75,130,8160,8192,-4956,23842,645,8192,5662,-54,-6076,-103,34,28
1562669892,-5418,6318,-1590,97,-149,-7,-15626,0,-15537,0,8160,8192,5534,148,-6252,-106,23,31
1562719892,-5702,6110,-1396,104,-78,160,-15624,0,-15537,0,8160,8192,5666,140,-6040,-104,23,32
1562769892,-5484,6112,-1564,103,-117,46,-15623,0,-15537,0,8160,8192,5938,146,-5932,-101,33,33
1562819892,-5358,6214,-1542,92,-122,35,0,0,-7,-1,-15620,0,5672,160,-6208,-109,28,36
1562869892,-5386,6300,-1654,105,-113,32,0,0,-7,-1,-15618,0,5994,514,-5974,-103,38,30
1562919892,-5546,6254,-1606,114,-70,134,-15614,0,-15537,0,8160,8192,5676,184,-6154,-104,42,31
1562969892,-5454,6202,-1558,105,-105,60,0,0,-7,-1,-16611,0,5934,282,-5898,-102,41,30
1563019892,-5382,6328,-1702,90,-123,11,0,0,-7,-1,-15609,0,5738,502,-6064,-98,33,26
1563069892,-5332,6510,-1706,88,-102,56,-16606,0,-15537,0,8160,8192,5714,722,-5982,-104,31,24
1563119892,-5192,6502,-1794,108,-157,11,8160,8192,0,0,645,8192,5814,504,-5998,-104,25,33
1563169892,-4960,6428,-1878,73,-163,-77,0,0,-7,-1,-15602,0,5732,1362,-5996,-106,29,28
1563219892,-4808,6590,-2132,67,-174,-105,8160,8192,5220,23852,645,8192,5480,1302,-6104,-107,34,36
1563269892,-5394,6310,-2024,33,-212,-328,8160,8192,-10316,23852,645,8192,5992,582,-5868,-98,31,25
1563319892,-4934,6410,-1928,69,-186,-161,0,0,-7,-1,-15593,0,5384,1020,-6512,-99,10,21
1563369892,-5126,6624,-1810,93,-172,-163,0,0,-7,-1,-16590,0,4754,854,-6898,-96,44,34
1563419892,-6520,5894,-598,14,27,158,-15588,0,-15537,0,8160,8192,4958,1794,-6142,-97,19,28
1563469892,-5452,6182,-1800,69,-152,-182,0,0,-7,-1,-16584,0,5332,708,-6204,-104,21,28
1563519892,-5060,5986,-1446,140,-241,-125,8160,8192,-22460,23856,645,8192,5556,-84,-5952,-101,3,32
1563569892,-6000,6166,-1472,64,-77,64,0,0,-7,-1,-16576,0,4772,-18,-6562,-102,48,15
1563619892,-6118,6016,-1494,168,-136,-110,-17574,0,-15537,0,8160,8192,5382,-242,-5934,-97,69,27
1563669892,-4972,5888,-1568,61,-174,-45,-15572,0,-15537,0,8160,8192,4728,32,-7138,-101,27,26
1563719892,-5798,6354,-1854,156,-205,-24,0,0,-7,-1,-15569,0,6266,-522,-5814,-97,13,29
1563769892,-5508,5848,-1476,79,-120,22,-15563,0,-15537,0,8160,8192,6044,502,-6000,-92,29,25
1563819892,-5690,6232,-1484,133,-157,-29,-16562,0,-15537,0,8160,8192,5380,1192,-5804,-102,18,20
1563869892,-5564,7458,-3148,119,-251,-100,0,0,-7,-1,-15559,0,5604,686,-6418,-102,7,24
1563919892,-5172,6478,-1774,99,-152,-18,-17556,0,-15537,0,8160,8192,5220,728,-7392,-91,14,41
1563969892,-5706,6952,-3144,110,-212,-188,-15554,0,-15537,0,8160,8192,3410,1488,-8296,-122,58,27
1564019892,-8090,8728,-4744,148,-290,-54,8160,8192,0,0,645,8192,7808,-414,-2832,-124,7,10
1564069892,-5082,5864,-2094,88,-367,-367,-15549,0,-15537,0,8160,8192,7054,1428,-5918,-94,-34,35
1564119892,-5596,6080,-1542,178,-273,-146,0,0,-7,-1,-16547,0,4482,-822,-6480,-111,29,30
1564169892,-6668,5878,-854,131,-96,-84,-15545,0,-15537,0,8160,8192,4178,-268,-7752,-123,25,16
1564219892,-6212,5560,-1128,64,-47,-82,8160,8192,22180,23867,645,8192,8148,-32,-4908,-143,-11,35
1564269892,-5914,4334,-546,151,-52,184,0,0,-7,-1,-15541,0,2616,-2598,-6744,-125,20,26
1564319894,-7914,5826,-852,62,-37,-134,0,0,-7,-1,-15538,0,4738,-2470,-7710,-131,82,10
1564369892,-7292,4006,646,110,31,325,-18536,0,-15537,0,8160,8192,4342,-3080,-6680,-97,74,43
1564419892,-7550,4312,152,122,-217,-380,-16535,0,-15537,0,8160,8192,5606,-2058,-6108,-102,77,37
1564469892,-6374,3688,52,94,-120,21,-18532,0,-15537,0,8160,8192,6922,-2164,-5912,-105,41,32
1564519892,-7480,3856,518,91,-13,271,-16530,0,-15537,0,8160,8192,5832,-2612,-6034,-103,44,30
1564569892,-7640,3044,1504,182,-73,299,-18530,0,-15537,0,8160,8192,5584,-3780,-6238,-105,22,45
1564619892,-8008,2538,2186,-9,350,1154,-16527,0,-15537,0,8160,8192,5192,-5462,-7662,-107,60,38
1564669892,-9002,3200,1622,21,148,819,-16524,0,-15537,0,8160,8192,5986,-4996,-5940,-113,27,31
1564719892,-8086,3900,1276,-30,12,337,0,0,-7,-1,-16519,0,14382,-3854,-3778,-89,-95,49
1564769892,-4192,2412,-688,82,-73,-9,-18517,0,-15537,0,8160,8192,6384,-2282,-4828,-90,71,60
1564819892,-3578,6244,-1046,-79,-144,-131,-18515,0,-15537,0,8160,8192,11890,-1274,-5296,-110,-29,57
1564869892,-4620,3354,-1024,194,71,471,8160,8192,16820,23877,645,8192,7130,-3466,-4176,-99,29,48
1564919892,-6528,7404,-1672,95,-10,335,8160,8192,0,0,645,8192,5958,598,-6914,-137,49,36
1564969892,-4702,5590,-2854,89,-251,-152,-16507,0,-15537,0,8160,8192,4946,-1494,-4896,-114,-1,58
1565019892,-5434,6692,-122,270,32,412,0,0,-7,-1,-16504,0,6192,716,-5826,-104,110,56
1565069892,-3792,6182,-2090,58,-260,-232,-18501,0,-15537,0,8160,8192,9946,3818,-6274,-109,20,27
1565119892,-3714,7672,-3954,70,-428,-416,8160,8192,4676,23881,645,8192,6688,2388,-5442,-84,-79,32
1565169892,-4248,9198,-4556,108,-299,12,8160,8192,0,0,645,8192,6310,4930,-5648,-108,-43,27
1565219892,-4508,7504,-3256,77,-137,-214,8160,8192,-26396,23882,645,8192,5142,4114,-6472,-120,-36,19
1565269892,-3862,7274,-1952,239,-99,339,-16493,0,-15537,0,8160,8192,5438,1392,-5826,-117,16,16
1565319892,-5854,5944,-1150,13,225,936,8160,8192,0,0,645,8192,5522,40,-6058,-114,78,27
1565369892,-5306,6794,-2168,71,-240,-185,-16489,0,-15537,0,8160,8192,6180,1596,-5484,-117,14,31
1565419892,-3990,7060,-2232,294,-331,-505,0,0,-7,-1,-16487,0,5604,962,-5804,-116,57,33
1565469892,-5860,6366,-2834,-71,253,846,-18486,0,-15537,0,8160,8192,5760,1484,-6080,-110,41,18
1565519892,-4542,6508,-2166,126,-171,-173,-16483,0,-15537,0,8160,8192,5170,1466,-6070,-107,62,17
1565569892,-6102,5950,-1308,58,53,401,-16481,0,-15537,0,8160,8192,5944,-268,-6236,-98,36,26
1565619892,-5414,6200,-1664,61,-172,-134,8160,8192,0,0,645,8192,5504,128,-6010,-103,36,29
1565669892,-6204,5784,-982,128,-11,278,-16476,0,-15537,0,8160,8192,5818,-376,-6026,-105,34,19
1565719892,-5462,5978,-1402,107,-116,3,-16475,0,-15537,0,8160,8192,5702,46,-5958,-108,43,28
1565769892,-4946,6586,-2034,57,-181,-69,8160,8192,-684,23890,645,8192,5796,1056,-5966,-107,22,32
1565819892,-5702,6110,-1578,124,-37,302,-16028,0,-15537,0,8160,8192,5962,196,-5908,-107,8,31
1565869892,-5130,6272,-1706,77,-177,-82,-18468,0,-15537,0,8160,8192,5802,442,-5926,-106,19,28
1565919892,-5728,5926,-1194,119,-83,171,-18467,0,-15537,0,8160,8192,5684,-238,-6172,-104,19,29
1565969892,-5548,6148,-1602,75,-124,38,8160,8192,2708,23894,645,8192,5832,202,-6062,-109,16,31
1566019892,-5584,6250,-1518,102,-136,23,-18462,0,-15537,0,8160,8192,5988,56,-5948,-108,28,33
1566069892,-5536,6164,-1590,100,-99,73,-16461,0,-15537,0,8160,8192,5702,322,-5962,-113,28,36
1566119892,-5616,6366,-1468,105,-110,52,-16458,0,-15537,0,8160,8192,5940,82,-5974,-107,32,32
1566169892,-5502,6002,-1528,92,-109,51,-18456,0,-15537,0,8160,8192,5724,196,-6122,-111,30,32
1566219892,-5458,6184,-1492,98,-122,19,-16453,0,-15537,0,8160,8192,5988,238,-5936,-103,31,31
1566269892,-5724,6046,-1412,110,-76,134,8160,8192,-24972,23898,645,8192,5710,-46,-6206,-107,37,34
1566319892,-5504,6166,-1466,101,-118,-11,8160,8192,0,0,645,8192,5542,220,-6312,-104,47,30
1566369892,-5420,6170,-1488,112,-96,62,-16446,0,-15537,0,8160,8192,5698,260,-6044,-106,48,35
1566419892,-5548,6138,-1554,96,-78,116,8160,8192,0,0,645,8192,5896,236,-5918,-105,34,31
1566469892,-5470,6236,-1592,95,-98,49,8160,8192,-21580,23901,645,8192,5662,392,-6054,-97,39,26
1566519892,-5550,6268,-1558,98,-88,116,-17440,0,-15537,0,8160,8192,5834,128,-6064,-105,31,30
1566569892,-5474,6198,-1610,99,-102,79,-16437,0,-15537,0,8160,8192,5598,100,-6218,-101,30,26
1566619892,-5434,6200,-1468,102,-126,38,-16435,0,-15537,0,8160,8192,5714,124,-6004,-107,27,32
1566669892,-5666,6048,-1390,105,-95,102,8160,8192,0,0,645,8192,6100,-72,-5870,-107,28,32
1566719892,-5682,6136,-1506,101,-110,42,-16430,0,-15537,0,8160,8192,5706,20,-6092,-106,37,32
1566769892,-5268,6340,-1856,89,-132,-18,0,0,-7,-1,-16427,0,5786,648,-5944,-109,34,33
1566819892,-5434,6244,-1574,117,-78,136,8160,8192,740,23907,645,8192,5882,252,-6032,-107,35,35
1566869892,-5246,6326,-1770,90,-132,-34,-16423,0,-15537,0,8160,8192,5750,552,-6104,-104,42,34
1566919892,-5130,6424,-1800,97,-140,-40,0,0,-7,-1,-17420,0,5612,526,-6184,-102,48,30
1566969892,-5392,6284,-1640,95,-86,105,-18417,0,-15537,0,8160,8192,5654,522,-6122,-102,35,30
1567019892,-5266,6492,-1832,64,-157,-54,-16414,0,-15537,0,8160,8192,5818,884,-6000,-104,30,30
1567069892,-4984,6560,-2092,87,-230,-301,-16412,0,-15537,0,8160,8192,5864,976,-6014,-100,43,29
1567119892,-4992,6604,-2166,83,-186,-181,-16410,0,-15537,0,8160,8192,5612,1434,-6204,-109,25,28
1567169892,-5266,6656,-1994,57,-197,-118,-18408,0,-15537,0,8160,8192,5386,1334,-6464,-113,-20,32
1567219892,-5398,6388,-1722,69,-90,16,-16406,0,-15537,0,8160,8192,6576,586,-5344,-96,35,26
1567269892,-5444,6900,-2154,75,-191,-135,-17404,0,-15537,0,8160,8192,5600,700,-6022,-105,10,28
1567319892,-4552,5554,-1292,65,-118,81,-16403,0,-15537,0,8160,8192,7614,1182,-4688,-95,26,34
1567369892,-5204,5882,-1304,120,-189,-206,8160,8192,26452,23915,645,8192,5170,1472,-6374,-98,41,36
1567419892,-5604,6346,-1790,147,-199,-223,-16400,0,-15537,0,8160,8192,6072,800,-5418,-110,48,21
1567469892,-5432,5608,-1278,152,-199,-86,-16397,0,-15537,0,8160,8192,5932,1514,-5594,-90,8,26
1567519892,-6434,6716,-1816,80,-141,24,0,0,-7,-1,-16395,0,5194,206,-6282,-98,-8,29
1567569892,-5446,6062,-1226,123,-100,104,8160,8192,29844,23918,645,8192,4876,200,-6700,-112,56,19
1567619892,-5000,5986,-1578,94,-171,41,-16391,0,-15537,0,8160,8192,4834,996,-6490,-84,-1,30
1567669892,-4414,5736,-1140,65,-98,114,-16390,0,-15537,0,8160,8192,8834,1070,-4164,-105,15,16
1567719892,-4614,5498,-1674,104,-167,-145,-16387,0,-15537,0,8160,8192,6012,1288,-5130,-117,29,12
1567769892,-4950,5512,-1648,67,-121,-26,-16385,0,-15537,0,8160,8192,6896,190,-5218,-105,32,17
1567819892,-7260,7528,-2834,146,-207,-77,8160,8192,17700,23922,645,8192,5330,-138,-6928,-107,12,21
1567869892,-5040,6022,-1760,79,-291,-460,0,0,-7,-1,-16381,0,7466,970,-5776,-116,18,9
1567919892,-5478,5420,-896,156,-253,-166,-17379,0,-15537,0,8160,8192,4610,346,-6992,-95,4,24
1567969892,-8146,7610,-2894,77,-125,-125,-16379,0,-15537,0,8160,8192,6412,1308,-6348,-89,-24,21
1568019892,-5268,4774,-1206,83,-101,146,0,0,-7,-1,-17376,0,6094,-2,-4842,-83,4,34
1568069892,-7120,5586,-246,19,-35,185,8160,8192,0,0,645,8192,8626,1608,54,-81,-24,28
1568119892,-7840,4892,-464,91,-45,-38,-16372,0,-15537,0,8160,8192,6192,-1198,-4912,-110,51,39
1568169892,-7326,4984,-214,138,-66,177,-16369,0,-15537,0,8160,8192,6576,-2376,-5318,-105,42,27
1568219892,-7864,4606,-690,12,-190,-475,-16367,0,-15537,0,8160,8192,5344,-1626,-6438,-111,54,38
1568269892,-7558,5242,-120,146,-177,-107,-16366,0,-15537,0,8160,8192,5226,-2142,-6636,-107,54,26
1568319892,-7268,4098,560,36,20,228,-16364,0,-15537,0,8160,8192,5570,-2014,-6122,-109,51,28
1568369892,-7826,4068,328,129,-155,-37,-18363,0,-15537,0,8160,8192,6084,-2840,-5892,-108,3,44
1568419892,-9848,4610,654,62,211,1012,0,0,-7,-1,-16360,0,5232,-4690,-6242,-96,34,25
1568469892,-9944,3606,1198,-4,252,894,8160,8192,12340,23932,645,8192,3942,-5608,-7542,-109,34,20
1568519892,-7790,2338,2608,37,187,1045,-18357,0,-15537,0,8160,8192,7336,-5044,-6430,-76,28,43
1568569892,-8696,5528,776,106,-129,71,-16355,0,-15537,0,8160,8192,8464,-442,-4758,-97,62,25
1568619892,-5778,6848,-1258,39,-109,61,0,0,-7,-1,-16353,0,3424,-1990,-6032,-72,71,51
1568669892,-5450,7050,-1638,70,117,305,8160,8192,15732,23935,645,8192,1016,332,-8166,-123,96,16
1568719892,-6436,8620,-1760,181,-67,338,-18349,0,-15537,0,8160,8192,3644,-4728,-5970,-109,33,49
1568769892,-5562,7144,-2740,27,-69,107,-16347,0,-15537,0,8160,8192,4934,2180,-4872,-133,45,39
1568819892,-4590,7036,-306,160,-25,221,-16346,0,-15537,0,8160,8192,3734,-1130,-6094,-74,73,53
1568869892,-3674,4526,-2808,83,-172,88,-16344,0,-15537,0,8160,8192,4378,96,-6398,-128,27,44
1568919892,-3980,7204,-4002,-48,-318,-281,-16341,0,-15537,0,8160,8192,5866,3052,-5720,-109,-36,31
1568969892,-5080,9848,-4296,241,-292,-167,0,0,-7,-1,-16338,0,3136,2138,-7988,-116,96,36
1569019892,-4274,7702,-3972,105,-17,54,-17336,0,-15537,0,8160,8192,5884,7688,-2862,-97,132,29
1569069892,-4308,7524,-2494,359,-267,-237,8160,8192,0,0,645,8192,6348,2324,-6008,-120,5,16
1569119892,-5328,6658,-2006,-10,67,698,-16332,0,-15537,0,8160,8192,4458,676,-6452,-122,-46,33
1569169892,-7140,6288,-1406,126,198,831,8160,8192,-8556,23942,645,8192,6508,-316,-6142,-122,22,31
1569219892,-3760,7188,-3118,83,-468,-1463,-16330,0,-15537,0,8160,8192,6260,3052,-5624,-109,59,33
1569269892,-4542,6798,-2062,152,100,804,-18328,0,-15537,0,8160,8192,5674,1530,-5950,-117,32,25
1569319892,-5044,6344,-2096,-2,52,359,-18326,0,-15537,0,8160,8192,5406,984,-6198,-113,4,39
1569369892,-5290,6214,-1480,184,-191,-20,0,0,-7,-1,-17325,0,5502,158,-6274,-120,43,36
1569419892,-5542,6230,-1604,95,-84,57,-16323,0,-15537,0,8160,8192,6226,-104,-5958,-99,61,27
1569469892,-6140,5756,-918,136,-65,137,8160,8192,0,0,645,8192,5810,-672,-6174,-102,49,28
1569519892,-5808,5884,-1116,99,-138,-58,-16318,0,-15537,0,8160,8192,5890,-664,-6068,-109,40,31
1569569892,-5400,6036,-1676,86,-154,-20,8160,8192,-1772,23948,645,8192,5616,330,-5988,-110,25,38
1569619892,-5224,6284,-1702,104,-105,94,0,0,-7,-1,-16315,0,5674,508,-6152,-106,32,31
1569669892,-5560,6158,-1622,91,-80,70,-16313,0,-15537,0,8160,8192,5674,382,-6206,-104,39,26
1569719892,-5504,5998,-1320,127,-95,91,8160,8192,17156,23951,645,8192,5642,-178,-6130,-104,33,30
1569769892,-5406,6204,-1570,72,-140,-5,0,0,-7,-1,-16308,0,5850,320,-6026,-102,23,31
1569819892,-5642,6178,-1394,121,-93,120,-16306,0,-15537,0,8160,8192,5836,78,-5942,-106,29,32
1569869892,-5414,6160,-1538,80,-104,52,-16304,0,-15537,0,8160,8192,5560,252,-6110,-106,30,30
1569919892,-5516,6252,-1474,114,-111,42,0,0,-7,-1,-16302,0,5840,176,-6062,-104,41,28
1569969892,-5518,6114,-1446,102,-86,100,-16300,0,-15537,0,8160,8192,5740,100,-6102,-103,33,32
1570019892,-5562,6286,-1572,104,-114,32,-17298,0,-15537,0,8160,8192,5840,278,-5938,-104,37,28
1570069892,-5618,6064,-1302,107,-69,111,0,0,-7,-1,-17296,0,5594,80,-6082,-101,48,32
1570119892,-5510,6140,-1590,99,-116,10,-16294,0,-15537,0,8160,8192,5714,180,-5982,-104,43,32
1570169892,-5618,6066,-1446,107,-81,114,8160,8192,8404,23958,645,8192,5814,62,-5908,-104,39,31
1570219892,-5436,6170,-1544,96,-121,23,-16290,0,-15537,0,8160,8192,5738,326,-5954,-105,33,33
1570269892,-5664,6096,-1428,105,-89,115,-16288,0,-15537,0,8160,8192,5688,44,-6092,-101,27,29
1570319892,-5616,6100,-1452,88,-112,62,-18286,0,-15537,0,8160,8192,5830,148,-6010,-101,19,27
1570369892,-5536,6186,-1492,91,-121,65,8160,8192,11796,23961,645,8192,5958,144,-5896,-108,12,33
1570419892,-5584,6072,-1440,101,-103,101,0,0,-7,-1,-16281,0,6102,-42,-5722,-108,22,32
1570469892,-5470,6290,-1526,93,-132,4,0,0,-7,-1,-16279,0,5728,146,-6150,-107,36,34
1570519892,-5512,6214,-1690,106,-94,74,-17276,0,-15537,0,8160,8192,5668,258,-6080,-110,42,40
1570569892,-5156,6468,-1804,97,-129,-3,8160,8192,0,0,645,8192,5816,642,-5874,-106,36,36
1570619892,-5640,6232,-1520,112,-69,152,-16272,0,-15537,0,8160,8192,5588,98,-6172,-103,39,32
1570669892,-5640,6032,-1434,86,-101,84,0,0,-7,-1,-17271,0,6016,32,-5996,-102,19,26
1570719892,-5336,6194,-1686,79,-119,24,0,0,-7,-1,-17270,0,5710,444,-6068,-98,24,26
1570769892,-5150,6452,-1782,87,-141,1,8160,8192,18580,23967,645,8192,5754,714,-6054,-107,28,34
1570819892,-5354,6046,-1506,100,-108,59,-16266,0,-15537,0,8160,8192,5690,94,-6062,-110,29,36
1570869892,-5246,6360,-1872,79,-159,-88,0,0,-7,-1,-17264,0,5796,734,-6046,-105,45,34
1570919892,-5250,6462,-2226,100,-149,-52,8160,8192,0,0,645,8192,5762,1242,-5946,-103,38,28
1570969892,-4784,6648,-1892,130,-216,-153,0,0,-7,-1,-16258,0,5880,918,-5990,-94,32,29
1571019892,-5120,6944,-2748,105,-244,-257,0,0,-7,-1,-16256,0,5998,1080,-5932,-102,32,22
1571069892,-5054,6442,-1782,119,-171,-202,-18254,0,-15537,0,8160,8192,4840,998,-6546,-100,52,25
1571119892,-5650,6502,-1770,34,-14,241,0,0,-7,-1,-17253,0,5070,374,-6704,-95,40,29
1571169892,-5532,6150,-1398,120,-149,-118,0,0,-7,-1,-16251,0,5862,890,-5768,-99,28,27
1571219892,-5336,6276,-2364,91,-280,-246,0,0,-7,-1,-16249,0,6184,1370,-5588,-102,-14,19
1571269892,-4416,5810,-1534,101,-224,-126,8160,8192,-5708,23974,645,8192,4496,870,-6842,-99,11,25
1571319892,-5532,6548,-2354,161,-241,-213,8160,8192,-21244,23975,645,8192,6666,698,-5154,-96,51,29
1571369892,-5426,6080,-1512,74,-107,98,-16243,0,-15537,0,8160,8192,4276,1256,-7166,-98,28,31
1571419892,-5052,6016,-1282,158,-163,-95,8160,8192,13220,23977,645,8192,4768,216,-6676,-111,43,13
1571469892,-6516,7670,-2772,67,-108,62,0,0,-7,-1,-16238,0,7558,686,-5452,-96,36,16
1571519892,-5326,4788,-1308,110,-29,52,8160,8192,-17852,23978,645,8192,7234,94,-6534,-122,74,19
1571569892,-5588,6116,-1274,79,-115,48,0,0,-7,-1,-17234,0,5268,602,-6116,-96,-11,47
1571619892,-5998,6962,-2400,74,-166,-224,-16234,0,-15537,0,8160,8192,8600,1390,-4102,-102,12,43
1571669892,-4002,4914,-818,83,-219,-298,0,0,-7,-1,-16232,0,2798,420,-9992,-78,28,39
1571719892,-7040,7680,-2708,123,-346,-414,-18231,0,-15537,0,8160,8192,4730,86,-6514,-84,4,42
1571769892,-7660,7576,-1778,126,-104,-98,-16228,0,-15537,0,8160,8192,1396,1310,-3352,-95,50,37
1571819892,-6114,5440,-982,120,-94,110,0,0,-7,-1,-16226,0,6628,-622,-5632,-101,30,49
1571869892,-6394,4728,46,146,-127,88,-16223,0,-15537,0,8160,8192,8048,-1724,-5198,-109,-14,42
1571919892,-6330,3918,338,213,-104,-75,-16220,0,-15537,0,8160,8192,4482,-1270,-7272,-117,59,27
1571969892,-7894,4992,322,154,50,775,0,0,-7,-1,-16219,0,6308,-2826,-6378,-88,32,40
1572019892,-8056,4750,-352,35,-348,-849,-16217,0,-15537,0,8160,8192,5292,-3120,-5898,-107,39,29
1572069892,-7940,5394,-324,174,-187,-36,8160,8192,7860,23987,645,8192,5858,-1272,-6436,-108,43,27
1572119892,-7340,4226,74,-101,124,385,-16212,0,-15537,0,8160,8192,5622,-2496,-6272,-100,42,39
1572169892,-7744,3920,438,160,-183,-279,-16209,0,-15537,0,8160,8192,6136,-2558,-5910,-104,39,29
1572219892,-8806,4782,236,110,97,740,8160,8192,26788,23989,645,8192,5772,-1984,-6400,-113,19,29
1572269892,-8094,4266,162,142,-29,374,8160,8192,0,0,645,8192,5662,-3290,-6362,-97,35,39
1572319892,-9596,4416,342,70,260,1043,-16203,0,-15537,0,8160,8192,5552,-3160,-6402,-97,67,33
1572369892,-6856,3910,580,72,34,248,8160,8192,-19820,23991,645,8192,4770,-1492,-7398,-86,110,55
1572419892,-7236,5420,970,27,121,621,-16197,0,-15537,0,8160,8192,10544,-884,-922,-83,48,73
1572469892,-8040,4856,214,87,-31,129,-16194,0,-15537,0,8160,8192,7908,-2784,-4580,-98,4,39
1572519892,-8714,8890,-1096,-26,-63,145,8160,8192,-892,23993,645,8192,5068,910,-7410,-102,-2,58
1572569892,-4580,6816,-2706,68,-154,-126,0,0,-7,-1,-16190,0,6494,2722,-5600,-113,51,67
1572619892,-8256,7348,-588,265,113,661,-18188,0,-15537,0,8160,8192,10462,-4836,-2854,-144,49,31
1572669892,-2312,3206,-798,96,-70,147,-16185,0,-15537,0,8160,8192,5910,3122,-5356,-113,51,49
1572719892,-5124,5900,-3300,84,-126,54,-18183,0,-15537,0,8160,8192,2266,-54,-7082,-107,47,21
1572769892,-3328,5720,-3138,37,-193,14,8160,8192,-13036,23997,645,8192,7764,4468,-4642,-89,-10,30
1572819892,-4268,6970,-2684,10,-197,158,-16179,0,-15537,0,8160,8192,9822,1628,-5524,-99,-81,36
1572869892,-2758,7688,-4116,-1,-407,-465,-16177,0,-15537,0,8160,8192,5402,6208,-7122,-99,13,19
1572919892,-3578,8976,-4318,354,-345,-510,8160,8192,5892,24000,645,8192,7780,7020,-2610,-93,49,22
1572969892,-4114,6242,-1388,138,-126,149,8160,8192,0,0,645,8192,6874,1078,-5600,-128,-12,17
1573019892,-6024,5804,-1544,-210,483,1491,-18169,0,-15537,0,8160,8192,5778,90,-6160,-110,52,21
1573069892,-5280,6780,-1988,113,-229,-190,-17167,0,-15537,0,8160,8192,5798,914,-6134,-124,42,40
1573119892,-3690,7086,-2394,169,-305,-689,-17164,0,-15537,0,8160,8192,5522,2560,-6074,-125,61,36
1573169892,-4354,7124,-2602,13,58,376,-16162,0,-15537,0,8160,8192,5352,1534,-6110,-106,25,19
1573219892,-5572,5982,-1934,7,70,387,8160,8192,-21788,24004,645,8192,5408,704,-6278,-98,39,12
1573269892,-5622,6324,-1576,97,-118,4,-16158,0,-15537,0,8160,8192,5466,42,-5812,-105,43,24
1573319892,-5802,6020,-1442,116,-57,95,-16156,0,-15537,0,8160,8192,6178,-378,-6054,-103,74,29
1573369892,-6068,5664,-898,149,-63,76,-16154,0,-15537,0,8160,8192,5830,-512,-6116,-90,69,21
1573419892,-5968,5834,-1162,98,-95,109,-16151,0,-15537,0,8160,8192,5954,-466,-5918,-114,23,33
1573469892,-5348,6420,-1826,61,-161,-38,8160,8192,31604,24008,645,8192,5894,578,-5956,-96,23,25
1573519892,-5630,6318,-1544,112,-89,164,0,0,-7,-1,-16148,0,5918,160,-5982,-108,20,34
1573569892,-5580,6126,-1516,93,-119,27,-16146,0,-15537,0,8160,8192,5850,134,-6002,-105,27,32
1573619892,-5380,6162,-1588,102,-139,9,8160,8192,-15004,24010,645,8192,5896,182,-6020,-102,26,31
1573669892,-5756,6192,-1510,77,-75,163,-16142,0,-15537,0,8160,8192,5760,28,-6124,-102,10,29
1573719892,-5492,6276,-1578,91,-146,3,8160,8192,19460,24012,645,8192,5808,158,-6014,-105,17,30
1573769892,-5758,6188,-1334,96,-83,141,-16137,0,-15537,0,8160,8192,5896,68,-5850,-105,23,29
1573819892,-5458,6054,-1542,88,-134,18,8160,8192,-11612,24013,645,8192,5852,230,-6044,-103,22,29
1573869892,-5806,6184,-1316,114,-69,147,8160,8192,-27148,24014,645,8192,6030,-124,-5970,-103,30,31
1573919892,-5410,6208,-1688,79,-127,-11,-16131,0,-15537,0,8160,8192,5596,306,-6126,-105,38,33
1573969892,-5606,6188,-1570,112,-88,86,-16130,0,-15537,0,8160,8192,5874,118,-6040,-105,44,31
1574019892,-5478,6116,-1508,115,-88,96,-16130,0,-15537,0,8160,8192,5784,146,-6202,-106,44,34
1574069892,-5452,6034,-1516,112,-114,46,-16128,0,-15537,0,8160,8192,5980,122,-5980,-108,41,33
1574119892,-5572,6062,-1398,112,-108,69,0,0,-7,-1,-16126,0,6102,142,-5920,-109,32,36
1574169892,-5508,6202,-1450,111,-104,59,8160,8192,10708,24019,645,8192,5838,170,-5886,-108,35,36
1574219892,-5400,6242,-1568,95,-134,17,0,0,-7,-1,-17121,0,5888,140,-5836,-106,28,31
1574269892,-5576,6002,-1402,116,-71,136,-16119,0,-15537,0,8160,8192,5800,-10,-5912,-106,37,32
1574319892,-5364,6146,-1584,103,-130,9,8160,8192,29636,24021,645,8192,5836,142,-6004,-105,35,31
1574369892,-5378,6250,-1704,94,-98,57,8160,8192,0,0,645,8192,5560,420,-6166,-103,38,31
1574419892,-5648,6112,-1490,119,-71,147,8160,8192,0,0,645,8192,5622,126,-6148,-104,33,30
1574469892,-5192,6374,-1752,82,-130,-23,-18111,0,-15537,0,8160,8192,5852,488,-5862,-103,35,30
1574519892,-5262,6454,-1796,91,-111,32,-16109,0,-15537,0,8160,8192,5754,872,-6086,-100,37,27
1574569892,-5574,6182,-1578,106,-54,193,0,0,-7,-1,-16106,0,5840,256,-6056,-107,30,32
1574619892,-5090,6544,-1922,63,-198,-154,-16105,0,-15537,0,8160,8192,5708,652,-6110,-103,28,28
1574669892,-5252,6430,-1710,132,-132,72,-16104,0,-15537,0,8160,8192,6020,576,-5798,-106,31,36
1574719892,-5760,6210,-1892,64,-140,-52,8160,8192,-29116,24027,645,8192,5718,702,-6118,-99,31,31
1574769892,-4280,5862,-1852,162,-234,-150,-18098,0,-15537,0,8160,8192,5808,294,-6196,-110,30,24
1574819892,-5300,6508,-1836,92,-142,13,0,0,-7,-1,-16097,0,5434,550,-6410,-100,40,30
1574869892,-5622,6286,-1558,94,-143,-70,-16095,0,-15537,0,8160,8192,5498,154,-6262,-101,25,32
1574919892,-5450,6308,-1598,36,-104,15,-16093,0,-15537,0,8160,8192,5998,-348,-5858,-100,12,30
1574969892,-5318,6842,-2186,136,-313,-338,0,0,-7,-1,-16091,0,6118,1192,-5770,-101,-8,30
1575019892,-5944,6344,-1602,79,-77,73,-16088,0,-15537,0,8160,8192,5276,916,-6340,-100,39,26
1575069892,-5236,6224,-1724,76,-161,-143,0,0,-7,-1,-17086,0,5868,850,-6058,-104,21,26
1575119892,-5258,6190,-1760,116,-190,-165,8160,8192,0,0,645,8192,5690,624,-6088,-94,29,31
1575169892,-5752,6860,-2226,116,-178,-155,8160,8192,27668,24034,645,8192,6072,1620,-5492,-102,38,19
1575219892,-5642,6448,-1492,109,-171,-16,-16079,0,-15537,0,8160,8192,5742,-88,-5436,-99,10,23
1575269892,-5238,5870,-1310,99,-141,-42,8160,8192,0,0,645,8192,5258,662,-6332,-100,18,24
1575319892,-5752,6644,-1900,79,-99,149,0,0,-7,-1,-16074,0,5932,614,-5652,-84,37,21
1575369892,-5582,5646,-1426,70,-121,-6,-17073,0,-15537,0,8160,8192,6422,-656,-5612,-100,16,16
1575419892,-5728,4710,-1270,141,-49,106,-16071,0,-15537,0,8160,8192,3500,-316,-7814,-110,54,8
1575469892,-5550,6442,-1856,76,-153,-15,-16068,0,-15537,0,8160,8192,6356,218,-5538,-91,-12,27
1575519892,-6512,7528,-2680,43,-121,-111,-18065,0,-15537,0,8160,8192,6254,588,-5716,-118,25,14
1575569892,-4716,5550,-1358,126,-189,-52,0,0,-7,-1,-16063,0,8418,1050,-5528,-106,15,17
1575619892,-5538,5754,-2132,191,-341,-471,8160,8192,18916,24041,645,8192,4140,580,-7268,-135,40,28
1575669892,-5526,5956,-2064,150,-313,-305,0,0,-7,-1,-17059,0,4874,450,-7660,-107,16,36
1575719892,-2560,4104,-972,97,-494,-165,-16057,0,-15537,0,8160,8192,1764,-2,-9482,-98,-31,19
1575769892,-5726,5122,-572,114,-88,69,-16054,0,-15537,0,8160,8192,4880,-428,-6372,-99,24,51
1575819892,-8102,5444,-814,24,-5,388,8160,8192,22308,24044,645,8192,6064,-1628,-7156,-109,-29,40
1575869892,-7578,5254,-728,154,-72,-103,0,0,-7,-1,-17051,0,8214,798,-4942,-112,82,33
1575919892,-6996,4340,10,185,-192,-111,-16049,0,-15537,0,8160,8192,4154,-3316,-6496,-103,42,41
1575969892,-7148,3078,438,-138,69,33,8160,8192,-24300,24046,645,8192,6074,-1648,-5860,-97,46,24
1576019892,-7332,5526,-520,161,-282,-345,-16044,0,-15537,0,8160,8192,5438,-1926,-6410,-109,57,22
1576069892,-6734,3776,410,52,15,245,-16041,0,-15537,0,8160,8192,6590,-1406,-5844,-99,54,34
1576119892,-7072,4554,-2,96,-182,-167,8160,8192,0,0,645,8192,5790,-2368,-6144,-102,-14,36
1576169892,-10726,3020,2182,117,320,1536,0,0,-7,-1,-17037,0,6364,-5748,-6194,-109,15,33
1576219892,-12270,5556,-272,-114,271,594,8160,8192,29092,24050,645,8192,6534,-5322,-5314,-96,57,16
1576269892,-3720,-754,4500,356,39,881,0,0,-7,-1,-17033,0,5390,-7008,-4948,-87,76,-34
1576319892,-8760,6146,964,16,86,501,0,0,-7,-1,-17030,0,11944,-4266,-6118,-82,21,40
1576369892,-6566,6364,4,132,-223,-110,-18028,0,-15537,0,8160,8192,-2208,-222,-11122,-74,58,65
1576419892,-3830,8060,-3814,-62,-294,-548,-16026,0,-15537,0,8160,8192,5958,2244,-8042,-129,-18,46
1576469892,-5202,3166,-260,284,531,1596,8160,8192,16948,24054,645,8192,16072,-1362,-2258,-100,79,53
1576519892,-4498,8050,-2778,-49,-392,-498,-16023,0,-15537,0,8160,8192,6490,3776,-6138,-126,-31,41
1576569892,-3186,5114,-1404,72,-54,67,-16022,0,-15537,0,8160,8192,3782,5394,-7862,-99,96,42
1576619892,-7016,7182,-1426,135,-12,394,8160,8192,-29660,24056,645,8192,4178,1518,-4716,-104,17,39
1576669892,-4826,8206,-2708,7,-357,-314,-17017,0,-15537,0,8160,8192,7476,2454,-6700,-116,-45,37
1576719892,-3086,8194,-3872,147,-375,-310,0,0,-7,-1,-16014,0,6458,4118,-5710,-120,34,26
1576769892,-2638,6706,-2868,112,-13,155,-16012,0,-15537,0,8160,8192,4962,5556,-4092,-126,68,8
1576819892,-3584,7224,-3398,53,-275,-231,-16010,0,-15537,0,8160,8192,5818,3748,-5872,-119,-26,19
1576869892,-4628,7330,-2368,190,-148,257,8160,8192,0,0,645,8192,5346,1354,-6268,-113,-15,21
1576919892,-6778,5586,-2120,-71,481,1280,8160,8192,0,0,645,8192,5058,1384,-6400,-129,72,29
1576969892,-3410,7820,-3470,336,-602,-1536,0,0,-7,-1,-16001,0,6506,2740,-6246,-101,70,15
1577019892,-4364,6808,-2050,95,53,581,-16998,0,-15537,0,8160,8192,6104,1164,-5876,-118,32,30
1577069892,-5974,4824,-1952,-186,385,901,-15996,0,-15537,0,8160,8192,6034,46,-6042,-110,11,32
1577119892,-6024,5814,-950,135,-141,23,-15993,0,-15537,0,8160,8192,5650,-746,-5888,-99,51,30
1577169892,-6070,5724,-1082,103,-46,30,-17990,0,-15537,0,8160,8192,5864,-976,-6034,-97,86,22
1577219892,-5870,6112,-1138,108,-125,13,-15988,0,-15537,0,8160,8192,5904,-372,-6084,-107,40,22
1577269892,-5678,6026,-1256,127,-74,154,8160,8192,30516,24066,645,8192,5700,-168,-5910,-116,34,39
1577319892,-4974,6578,-1990,55,-201,-190,-17983,0,-15537,0,8160,8192,5806,1026,-5860,-105,50,36
1577369892,-5342,6314,-1630,129,-74,245,-16981,0,-15537,0,8160,8192,5890,410,-6018,-101,43,35
1577419892,-5584,6106,-1540,78,-76,103,-15979,0,-15537,0,8160,8192,5730,262,-6102,-99,26,24
1577469892,-5434,6098,-1432,100,-131,22,8160,8192,0,0,645,8192,5694,10,-6036,-99,25,28
1577519892,-5658,5986,-1426,73,-76,162,-15975,0,-15537,0,8160,8192,5750,30,-5966,-103,10,27
1577569892,-5396,6144,-1536,95,-133,5,-17973,0,-15537,0,8160,8192,5652,160,-6214,-100,29,27
1577619892,-5486,6176,-1522,100,-70,132,-15972,0,-15537,0,8160,8192,5746,172,-6172,-108,39,28
1577669892,-5566,6258,-1560,108,-118,21,-15969,0,-15537,0,8160,8192,5896,228,-6126,-104,43,32
1577719892,-5608,6050,-1442,102,-69,126,8160,8192,21764,24073,645,8192,5794,210,-5870,-102,36,29
1577769892,-5506,6274,-1522,90,-117,24,-15964,0,-15537,0,8160,8192,5548,208,-6204,-101,29,26
1577819892,-5614,5960,-1414,94,-69,145,0,0,-7,-1,-15963,0,5884,88,-5806,-97,29,25
1577869892,-5522,6266,-1464,94,-116,21,8160,8192,0,0,645,8192,5680,216,-6168,-104,37,29
1577919892,-5598,6098,-1410,98,-85,102,-16958,0,-15537,0,8160,8192,5958,120,-5896,-102,34,31
1577969892,-5764,6184,-1420,114,-88,98,0,0,-7,-1,-16953,0,6082,-12,-5868,-103,41,32
1578019892,-5368,6298,-1614,93,-138,-20,8160,8192,-5916,24077,645,8192,5854,238,-5938,-102,34,28
1578069892,-5644,6178,-1474,115,-76,136,0,0,-7,-1,-15948,0,5700,6,-6158,-105,29,34
1578119892,-5566,6146,-1516,103,-112,58,0,0,-7,-1,-16946,0,5776,48,-6142,-106,31,31
1578169892,-5376,6298,-1654,95,-122,32,-15944,0,-15537,0,8160,8192,5548,370,-6176,-105,24,30
1578219892,-5538,6202,-1566,110,-96,117,8160,8192,0,0,645,8192,5638,222,-6142,-105,28,33
1578269892,-5412,6340,-1628,91,-137,-6,-15941,0,-15537,0,8160,8192,5794,450,-5998,-105,24,30
1578319892,-5224,6356,-1732,87,-135,-29,-15937,0,-15537,0,8160,8192,5954,472,-5948,-101,33,31
1578369892,-5518,6172,-1588,107,-83,98,-15935,0,-15537,0,8160,8192,5728,374,-6066,-104,42,32
1578419892,-5552,6186,-1518,103,-139,-31,-17932,0,-15537,0,8160,8192,5686,576,-6142,-100,38,28
1578469892,-5374,6024,-1468,85,-99,105,8160,8192,-14668,24084,645,8192,5976,382,-5850,-104,24,33
1578519892,-5454,6244,-1624,80,-174,-229,0,0,-7,-1,-16925,0,5662,554,-6120,-100,26,31
1578569892,-5386,6244,-1774,88,-161,-118,0,0,-7,-1,-15924,0,5852,446,-5982,-102,40,29
1578619892,-5316,6256,-1622,81,-135,-86,-15922,0,-15537,0,8160,8192,5490,562,-6150,-106,48,30
1578669892,-5240,6272,-1538,139,-186,-170,-16920,0,-15537,0,8160,8192,5536,1088,-6168,-108,44,29
1578719892,-5066,5970,-1474,99,-113,-9,-17918,0,-15537,0,8160,8192,5902,956,-5874,-99,45,30
1578769892,-6030,6374,-1456,96,-110,24,-17915,0,-15537,0,8160,8192,5998,578,-5950,-103,35,29
1578819892,-4706,6450,-1762,52,-173,-144,8160,8192,7652,24090,645,8192,5668,1780,-6084,-97,10,29
1578869892,-5574,6560,-1706,173,-215,-142,8160,8192,0,0,645,8192,5828,414,-6002,-101,37,30
1578919892,-5352,6236,-1632,83,-160,-143,-16907,0,-15537,0,8160,8192,5796,1068,-6036,-102,34,28
1578969892,-5296,6124,-2044,98,-191,-100,8160,8192,26580,24092,645,8192,6742,898,-5600,-103,22,24
1579019892,-3916,5704,-1618,149,-225,-135,-15901,0,-15537,0,8160,8192,6522,918,-5408,-100,30,23
1579069892,-7056,8402,-4944,107,-287,49,8160,8192,0,0,645,8192,4166,974,-7546,-105,8,27
1579119892,-5536,6154,-1760,128,-150,122,0,0,-7,-1,-15896,0,5578,344,-7620,-99,27,32
1579169892,-4746,5236,-948,87,-133,80,-16892,0,-15537,0,8160,8192,8626,566,-4272,-94,2,25
1579219892,-6412,7204,-2388,105,-150,95,-17890,0,-15537,0,8160,8192,7442,2040,-5372,-109,-10,19
1579269892,-4914,6020,-1740,77,-146,-52,-15887,0,-15537,0,8160,8192,7300,1626,-4132,-116,32,2
1579319892,-4522,5030,-1366,76,-123,-4,-17883,0,-15537,0,8160,8192,5552,2084,-6524,-104,33,20
1579369892,-5876,6748,-2088,113,-264,-141,0,0,-7,-1,-15880,0,5798,502,-5344,-103,-15,25
1579419892,-4872,6262,-1804,88,-298,-433,-16878,0,-15537,0,8160,8192,7468,910,-4854,-117,18,19
1579469892,-5944,5654,-1524,214,-305,-264,0,0,-7,-1,-16876,0,4642,-800,-6318,-116,24,43
1579519892,-5936,5346,-1672,119,-324,-289,0,0,-7,-1,-16874,0,9940,-2554,-2532,-106,-23,29
1579569892,-5684,5040,-1152,133,-83,155,-15873,0,-15537,0,8160,8192,5430,1706,-5938,-99,21,48
1579619892,-7618,5632,-520,47,-3,314,-15872,0,-15537,0,8160,8192,8186,1010,-942,-92,-15,43
1579669892,-8098,5258,-652,113,-46,1,8160,8192,5684,24103,645,8192,4712,-1444,-6920,-116,63,35
1579719892,-6924,4634,614,238,-29,399,8160,8192,-9852,24103,645,8192,6292,-2170,-5596,-98,54,30
1579769892,-7726,4460,-276,67,-248,-497,-15863,0,-15537,0,8160,8192,6076,-1946,-5558,-111,59,26
1579819892,-7090,4428,-80,154,-247,-268,0,0,-7,-1,-15861,0,7422,-1900,-5514,-106,44,23
1579869892,-6930,4332,28,38,-36,140,-16858,0,-15537,0,8160,8192,5816,-1418,-6082,-104,44,29
1579919892,-7240,4370,-126,128,-117,-24,-15854,0,-15537,0,8160,8192,5766,-1972,-6008,-104,51,31
1579969892,-7956,3726,1174,178,12,494,-15854,0,-15537,0,8160,8192,5866,-4104,-6152,-103,65,34
1580019892,-12032,4290,910,-25,387,1249,0,0,-7,-1,-15851,0,6088,-4820,-7242,-103,14,36
1580069892,-8958,2606,2198,23,278,1081,8160,8192,12468,24109,645,8192,3796,-5490,-6208,-109,42,7
1580119892,-9856,4114,872,49,127,574,-15847,0,-15537,0,8160,8192,1222,-600,-7906,-75,37,30
1580169892,-5502,4256,-146,57,-99,-143,-15845,0,-15537,0,8160,8192,3062,-1904,-5562,-87,80,51
1580219892,-6766,8840,-3286,-114,-176,-72,8160,8192,31396,24111,645,8192,2354,694,-6782,-97,-76,74
1580269892,-5816,7364,-2438,99,-43,183,-17842,0,-15537,0,8160,8192,8686,2050,-4274,-93,-31,45
1580319892,-6792,6362,-1526,196,42,554,0,0,-7,-1,-16839,0,7358,-992,-3252,-114,8,64
1580369892,-7088,7960,-1758,139,-164,263,-15835,0,-15537,0,8160,8192,9134,5222,1666,-99,-17,55
1580419892,-3980,5704,-2788,143,-251,-296,8160,8192,0,0,645,8192,2810,1060,-6956,-125,106,19
1580469892,-5500,9066,-3338,214,-276,143,0,0,-7,-1,-16830,0,7252,6250,-9166,-120,-9,30
1580519892,-4986,6794,-2904,133,-107,165,8160,8192,0,0,645,8192,5258,-352,-7170,-129,75,23
1580569892,-2512,8230,-5286,111,-511,-722,-16824,0,-15537,0,8160,8192,6396,6280,-5844,-119,15,21
1580619892,-2098,9422,-5258,487,-703,-1188,0,0,-7,-1,-15820,0,5754,7160,-5898,-108,9,19
1580669892,-4124,7152,-1732,171,-110,159,0,0,-7,-1,-15817,0,5926,458,-6000,-127,35,27
1580719892,-5298,7046,-2934,-344,705,1814,-15814,0,-15537,0,8160,8192,5234,2850,-6316,-105,108,19
1580769892,-5006,6512,-2400,253,-204,-467,-16811,0,-15537,0,8160,8192,5590,1390,-6186,-111,23,16
1580819892,-5122,6554,-1518,93,-136,227,0,0,-7,-1,-15807,0,5480,624,-6362,-114,-40,34
1580869892,-6876,5106,-1348,-209,408,907,-16805,0,-15537,0,8160,8192,5374,-266,-5994,-89,16,16
1580919892,-5642,6194,-1034,302,-297,-391,-15803,0,-15537,0,8160,8192,5726,-678,-5884,-98,67,16
1580969892,-5674,5864,-1282,50,-32,172,8160,8192,-5036,24122,645,8192,5512,-100,-6216,-113,78,35
1581019892,-6070,5568,-1262,88,-22,163,0,0,-7,-1,-15798,0,5764,-314,-6030,-107,56,39
1581069892,-5592,6154,-1400,137,-106,73,-15796,0,-15537,0,8160,8192,5840,-26,-6026,-111,46,37
1581119892,-5038,6482,-1938,80,-134,23,0,0,-7,-1,-16794,0,5776,906,-5884,-99,36,24
1581169892,-5436,6308,-1536,150,-161,0,-16792,0,-15537,0,8160,8192,5820,390,-5986,-96,12,27
1581219892,-5328,6190,-1624,17,-48,229,8160,8192,0,0,645,8192,5778,442,-6082,-106,11,30
1581269892,-5620,6086,-1554,115,-140,-10,-15786,0,-15537,0,8160,8192,5696,248,-6126,-100,31,27
1581319892,-5744,5990,-1316,112,-84,101,-15785,0,-15537,0,8160,8192,5802,-108,-6018,-104,45,28
1581369892,-5450,6056,-1588,115,-129,61,-15784,0,-15537,0,8160,8192,5844,214,-6014,-106,35,26
1581419892,-5572,6092,-1444,100,-114,77,-15781,0,-15537,0,8160,8192,5776,242,-6004,-103,21,31
1581469892,-5542,6058,-1518,87,-83,143,-15781,0,-15537,0,8160,8192,5798,122,-5948,-103,32,31
1581519892,-5522,6226,-1624,96,-85,92,0,0,-7,-1,-16778,0,5590,252,-6202,-101,29,29
1581569892,-5452,6172,-1574,101,-87,95,8160,8192,5140,24132,645,8192,5818,282,-5998,-102,37,30
1581619892,-5496,6066,-1588,121,-95,75,-15775,0,-15537,0,8160,8192,5608,88,-6112,-104,42,30
1581669892,-5514,6088,-1420,110,-86,82,-15773,0,-15537,0,8160,8192,5746,130,-6052,-104,43,29
1581719892,-5612,6192,-1504,107,-94,80,-17770,0,-15537,0,8160,8192,5864,116,-5902,-104,39,33
1581769892,-5418,6102,-1598,95,-96,68,-15768,0,-15537,0,8160,8192,5646,376,-6120,-101,35,30
1581819892,-5454,6068,-1594,99,-93,91,8160,8192,0,0,645,8192,5904,204,-6096,-106,36,32
1581869892,-5620,6184,-1556,96,-90,123,8160,8192,0,0,645,8192,6000,156,-5962,-101,21,28
1581919892,-5578,6188,-1420,107,-100,78,-16762,0,-15537,0,8160,8192,6024,32,-5856,-103,34,31
1581969892,-5546,6076,-1494,104,-105,61,8160,8192,11924,24138,645,8192,5996,132,-5940,-108,35,36
1582019892,-5474,6268,-1508,112,-117,30,-15758,0,-15537,0,8160,8192,5896,36,-5968,-104,39,32
1582069892,-5564,6294,-1586,108,-105,76,0,0,-7,-1,-16756,0,5820,310,-6024,-112,36,35
1582119892,-5096,6386,-1836,91,-141,-36,8160,8192,0,0,645,8192,5622,690,-6062,-107,37,33
1582169892,-4894,6448,-2042,88,-131,-19,-15753,0,-15537,0,8160,8192,5936,1094,-5936,-99,43,26
1582219892,-5130,6538,-1908,81,-121,69,8160,8192,-220,24141,645,8192,5644,850,-6102,-104,22,33
1582269892,-5774,6280,-1930,38,-185,-149,-15749,0,-15537,0,8160,8192,5802,650,-6012,-102,27,32
1582319892,-5254,6570,-2122,87,-183,-218,-15747,0,-15537,0,8160,8192,5896,964,-6000,-99,33,28
1582369892,-5168,6474,-1708,99,-155,-78,-15744,0,-15537,0,8160,8192,6016,836,-5938,-98,48,36
1582419892,-5622,6110,-1914,50,-114,-45,-15741,0,-15537,0,8160,8192,5712,428,-6152,-107,25,30
1582469892,-5650,6762,-2188,75,-191,-108,0,0,-7,-1,-16740,0,6166,972,-6204,-108,-1,27
1582519892,-5380,6250,-1914,99,-197,-228,-16737,0,-15537,0,8160,8192,6266,276,-5692,-99,16,33
1582569892,-6392,5792,-1048,99,-125,-123,0,0,-7,-1,-15735,0,4918,1452,-6808,-98,14,34
1582619892,-5186,6134,-1902,83,-161,-33,-15734,0,-15537,0,8160,8192,6010,144,-5644,-108,47,21
1582669892,-5558,6680,-2114,142,-202,-154,8160,8192,-8972,24148,645,8192,5270,838,-6376,-104,47,25
1582719892,-5388,5748,-1242,81,-128,125,-15728,0,-15537,0,8160,8192,6778,898,-5408,-100,6,39
1582769892,-5818,5980,-1604,79,-137,44,-15726,0,-15537,0,8160,8192,5468,680,-6388,-104,12,19
1582819892,-5814,6196,-1592,107,-160,39,0,0,-7,-1,-15723,0,6916,488,-5260,-95,9,31
1582869892,-5546,6120,-1910,127,-255,-76,0,0,-7,-1,-15722,0,4772,1208,-6880,-101,22,30
1582919892,-5666,6410,-1748,127,-137,31,8160,8192,-21116,24152,645,8192,6918,1178,-5108,-115,40,18
1582969892,-5418,6404,-1784,125,-149,-44,-15712,0,-15537,0,8160,8192,4154,1608,-6968,-99,33,31
1583019892,-5984,6460,-2020,120,-104,125,-16708,0,-15537,0,8160,8192,5604,-120,-5412,-110,22,22
1583069892,-5694,6186,-2008,55,-101,74,0,0,-7,-1,-16705,0,6774,564,-5390,-101,19,23
1583119892,-5870,6208,-1542,79,-103,21,0,0,-7,-1,-15703,0,6112,26,-6082,-78,3,36
1583169892,-4724,5820,-1712,70,-192,-234,-15701,0,-15537,0,8160,8192,6112,1010,-6440,-98,33,21
1583219892,-7834,7974,-3724,96,-394,-330,0,0,-7,-1,-15699,0,10138,766,-2294,-117,-19,2
1583269892,-5156,5812,-1580,155,-261,-196,-15697,0,-15537,0,8160,8192,5818,516,-5914,-114,-3,19
1583319892,-6708,5926,-1616,172,-109,38,-15694,0,-15537,0,8160,8192,1590,-78,-8174,-105,75,34
1583369892,-6532,5978,-860,83,-87,-160,-15692,0,-15537,0,8160,8192,3962,1726,-8070,-107,2,36
1583419892,-5804,5382,-1826,126,-118,-58,8160,8192,20132,24160,645,8192,4976,-136,-6618,-106,46,45
1583469892,-8170,5352,-890,34,-1,408,0,0,-7,-1,-15686,0,3664,-2684,-7708,-99,-23,27
1583519892,-6488,4392,136,100,-55,18,-15684,0,-15537,0,8160,8192,8650,-1452,-3882,-93,66,39
1583569892,-7198,5118,-780,115,-177,-81,8160,8192,0,0,645,8192,6306,-1522,-5830,-105,6,14
1583619892,-7062,4100,-204,-72,63,137,-15681,0,-15537,0,8160,8192,6664,-2000,-6008,-108,52,30
1583669892,-7602,5384,-396,186,-295,-413,-15679,0,-15537,0,8160,8192,5696,-2532,-5660,-107,56,24
1583719892,-7388,4328,-124,42,16,311,0,0,-7,-1,-16677,0,5604,-2240,-6134,-105,52,29
1583769892,-7622,4460,-94,104,-139,22,-15674,0,-15537,0,8160,8192,6146,-1922,-5898,-99,20,39
1583819892,-8382,3734,1340,167,89,728,-17672,0,-15537,0,8160,8192,7156,-4190,-5544,-105,44,35
1583869892,-10016,3162,1570,-103,447,1336,0,0,-7,-1,-16669,0,8652,-4926,-5848,-107,47,30
1583919892,-9718,2380,2206,48,192,784,0,0,-7,-1,-16667,0,5098,-3204,-7838,-78,13,49
1583969892,-5948,2890,1452,208,6,222,-17664,0,-15537,0,8160,8192,5054,-2872,-5184,-122,144,34
1584019892,-6380,5532,1420,73,-60,-89,-15662,0,-15537,0,8160,8192,12306,7900,1662,-64,115,62
1584069892,-5274,7318,-2610,72,-92,-218,-15659,0,-15537,0,8160,8192,5336,768,-7454,-129,123,47
1584119892,-4936,5306,-1280,208,183,806,0,0,-7,-1,-16656,0,5378,2944,-5218,-136,55,36
1584169892,-4150,2798,-1480,124,-174,6,-15655,0,-15537,0,8160,8192,4174,1552,-8088,-95,20,63
1584219892,-4956,8610,-2740,51,-177,-149,0,0,-7,-1,-15653,0,6994,32,-3890,-118,35,26
1584269892,-3090,7066,-3018,128,-227,-23,8160,8192,0,0,645,8192,6740,9770,2180,-85,36,46
1584319892,-4466,6516,-3266,59,-93,252,-15645,0,-15537,0,8160,8192,5622,4058,-5348,-105,-7,56
1584369892,-3180,7826,-4232,78,-473,-472,-15643,0,-15537,0,8160,8192,8978,3996,-3104,-112,-10,12
1584419892,-3480,7394,-3910,141,-306,-244,0,0,-7,-1,-15640,0,6474,2606,-5108,-117,-15,7
1584469892,-3322,7410,-2448,65,-46,262,0,0,-7,-1,-15635,0,6458,2576,-5136,-104,58,6
1584519892,-6898,5876,-668,42,236,1189,-15633,0,-15537,0,8160,8192,5684,-1020,-6772,-122,-12,42
1584569892,-4246,7584,-3776,-22,-329,-356,-15631,0,-15537,0,8160,8192,5614,4274,-5420,-117,7,38
1584619892,-4204,7550,-2250,620,-564,-632,0,0,-7,-1,-15628,0,6068,1452,-5840,-116,61,27
1584669892,-4858,6976,-2344,-119,207,659,-15626,0,-15537,0,8160,8192,6014,1420,-6022,-105,43,23
1584719892,-6476,5676,-1240,125,191,730,8160,8192,0,0,645,8192,6144,-438,-5660,-106,14,23
1584769892,-5446,6170,-1480,52,-248,-239,-15622,0,-15537,0,8160,8192,6170,-106,-6032,-101,31,27
1584819892,-6302,5790,-846,152,41,332,-15619,0,-15537,0,8160,8192,5422,-890,-6244,-100,53,21
1584869892,-5634,6046,-1328,85,-154,-67,0,0,-7,-1,-15616,0,5820,-170,-6032,-111,41,26
1584919892,-5738,6006,-1368,117,-85,112,0,0,-7,-1,-15613,0,5738,280,-6096,-112,30,39
1584969892,-5126,6648,-1982,57,-142,-42,8160,8192,0,0,645,8192,5796,698,-6146,-104,38,30
1585019892,-5452,6278,-1566,128,-78,175,0,0,-7,-1,-16608,0,5822,334,-6094,-105,25,31
1585069892,-5480,6204,-1538,106,-119,61,0,0,-7,-1,-16605,0,5826,178,-5988,-107,18,29
1585119892,-5782,6032,-1222,105,-101,94,-15603,0,-15537,0,8160,8192,5786,-212,-6052,-106,26,35
1585169892,-5512,6214,-1538,89,-141,6,-17600,0,-15537,0,8160,8192,5810,212,-6024,-108,24,33
1585219892,-5710,6130,-1440,99,-82,130,0,0,-7,-1,-15600,0,5822,36,-6120,-107,29,33
1585269892,-5618,6260,-1442,101,-130,9,8160,8192,-30412,24188,645,8192,5886,116,-5954,-109,28,34
1585319892,-5546,6082,-1382,100,-113,78,8160,8192,0,0,645,8192,5716,82,-6128,-107,19,31
1585369892,-5506,6114,-1504,111,-108,71,-15593,0,-15537,0,8160,8192,5944,126,-6010,-112,32,35
1585419892,-5386,6144,-1526,103,-121,24,-16592,0,-15537,0,8160,8192,5684,254,-6118,-104,36,34
1585469892,-5648,6186,-1444,117,-93,108,0,0,-7,-1,-15589,0,5908,38,-5828,-110,32,32
1585519892,-5334,6222,-1604,96,-137,6,8160,8192,22980,24192,645,8192,5656,210,-6160,-108,30,37
1585569892,-5444,6176,-1506,110,-102,82,8160,8192,7444,24193,645,8192,5766,100,-6046,-105,33,31
1585619892,-5606,6184,-1514,106,-97,79,-16584,0,-15537,0,8160,8192,6026,172,-5816,-106,36,32
1585669892,-5512,6206,-1510,102,-111,42,0,0,-7,-1,-15582,0,5898,230,-5876,-105,34,31
1585719892,-5462,6230,-1474,104,-89,88,-15580,0,-15537,0,8160,8192,5768,266,-5914,-103,35,29
1585769892,-5384,6228,-1630,99,-105,45,0,0,-7,-1,-16579,0,5774,378,-5996,-103,38,28
1585819892,-5384,6174,-1578,106,-99,80,-15576,0,-15537,0,8160,8192,5914,338,-5764,-101,34,31
1585869892,-5568,6264,-1468,100,-89,93,-15574,0,-15537,0,8160,8192,6082,102,-6014,-101,38,28
1585919892,-5546,6204,-1556,96,-111,30,-15571,0,-15537,0,8160,8192,5820,204,-6162,-104,41,30
1585969892,-5180,6364,-1770,82,-128,6,-17568,0,-15537,0,8160,8192,5682,614,-6128,-99,33,29
1586019892,-5366,6412,-1604,105,-126,31,-15566,0,-15537,0,8160,8192,5946,248,-5934,-105,33,32
1586069892,-5510,6278,-1628,105,-113,60,0,0,-7,-1,-16563,0,5676,490,-6118,-110,33,34
1586119892,-4716,6628,-2110,66,-211,-150,-15560,0,-15537,0,8160,8192,5842,966,-6058,-105,21,32
1586169892,-5316,6210,-1332,61,-116,16,0,0,-7,-1,-16557,0,5708,576,-5952,-100,14,30
1586219892,-5240,6124,-1578,79,-146,-64,8160,8192,0,0,645,8192,5814,630,-5932,-100,24,30
1586269892,-5248,6256,-1956,71,-134,-77,0,0,-7,-1,-15554,0,5862,790,-6000,-101,50,24
1586319892,-5336,6066,-1684,96,-142,-89,-16552,0,-15537,0,8160,8192,5424,572,-6502,-105,43,31
1586369892,-4912,6162,-1972,57,-136,-78,8160,8192,21012,24205,645,8192,6156,588,-6074,-101,43,25
1586419892,-5140,6546,-1836,181,-255,-248,0,0,-7,-1,-16544,0,6130,-224,-6000,-99,49,33
1586469892,-5904,7442,-2266,51,-144,-155,0,0,-7,-1,-15542,0,5196,780,-6328,-100,33,27
1586519892,-4818,6036,-1904,117,-180,-86,8160,8192,-25596,24207,645,8192,3882,214,-7644,-101,44,26
1586569894,-5482,6062,-1608,93,-143,0,-17537,0,-15537,0,8160,8192,5406,6,-6300,-93,31,34
1586619892,-5224,6216,-1842,122,-188,-92,0,0,-7,-1,-16534,0,6390,994,-5762,-114,49,19
1586669892,-5248,5468,-1268,194,-212,-141,8160,8192,-6668,24209,645,8192,7148,-20,-4850,-95,29,25
1586719892,-6318,6264,-1494,88,-135,-74,0,0,-7,-1,-16528,0,6892,-580,-6150,-93,1,27
1586769892,-5652,6052,-1438,95,-113,162,-16525,0,-15537,0,8160,8192,6402,948,-5794,-111,19,24
1586819892,-5274,6102,-1698,92,-160,-38,-16523,0,-15537,0,8160,8192,6778,1466,-5306,-91,4,28
1586869892,-5332,6360,-1680,128,-171,12,8160,8192,-3276,24212,645,8192,4190,344,-6938,-110,-15,16
1586919892,-4966,6182,-1758,105,-139,-160,0,0,-7,-1,-16518,0,5762,282,-5332,-109,49,11
1586969892,-5206,6192,-2100,68,-128,81,-17516,0,-15537,0,8160,8192,4872,1156,-6352,-98,37,23
1587019892,-6754,7166,-2478,157,-244,-306,8160,8192,0,0,645,8192,4476,1300,-6336,-102,13,18
1587069892,-4792,5532,-1496,133,-228,-218,0,0,-7,-1,-16511,0,7112,2000,-5170,-113,33,0
1587119892,-6046,5664,-1044,114,-189,-226,8160,8192,-15420,24216,645,8192,9462,-22,-5118,-97,14,25
1587169892,-5562,4494,2,50,-58,-155,-16508,0,-15537,0,8160,8192,8428,1398,-4846,-101,-42,25
1587219892,-6694,5506,-1260,80,-32,89,0,0,-7,-1,-17506,0,3616,-890,-7310,-112,-7,44
1587269892,-8022,6736,-2410,71,-85,95,-17505,0,-15537,0,8160,8192,3706,-920,-7248,-127,31,25
1587319892,-7080,4428,118,140,-80,-121,0,0,-7,-1,-16503,0,5434,-696,-7718,-123,34,8
1587369892,-7616,4154,566,81,55,482,-16501,0,-15537,0,8160,8192,7994,-3190,-5232,-99,47,41
1587419892,-7858,4868,-734,124,-355,-575,8160,8192,0,0,645,8192,7234,-2188,-5338,-96,21,25
1587469892,-7538,5232,-304,91,-94,144,-16497,0,-15537,0,8160,8192,5506,-2358,-6234,-111,45,22
1587519892,-7024,4462,-386,49,-67,87,8160,8192,0,0,645,8192,5332,-1442,-6310,-99,39,24
1587569892,-7086,4816,-232,188,-208,-150,-16493,0,-15537,0,8160,8192,5888,-1676,-6030,-107,49,35
1587619892,-7200,4742,-158,92,29,467,-16490,0,-15537,0,8160,8192,6710,-1830,-5786,-105,43,32
1587669892,-7806,3454,1124,132,107,775,8160,8192,10292,24225,645,8192,5312,-4054,-6570,-108,22,37
1587719892,-9324,3490,978,-20,385,1228,-17485,0,-15537,0,8160,8192,8126,-3434,-5092,-111,54,16
1587769892,-8790,3804,734,42,62,384,-16483,0,-15537,0,8160,8192,3238,-5906,-5752,-90,29,27
1587819892,-7316,3126,98,105,119,530,-18481,0,-15537,0,8160,8192,4422,-2478,-7986,-96,54,49
1587869892,-7878,7940,200,76,-126,7,-17478,0,-15537,0,8160,8192,86,3060,-6040,-59,75,17
1587919892,-4556,6730,-2648,8,-103,-393,0,0,-7,-1,-16476,0,4922,1114,-5044,-150,84,20
1587969892,-7038,6496,-550,173,404,1097,-17474,0,-15537,0,8160,8192,8470,356,-3600,-91,78,39
1588019892,-7060,7634,-1900,40,-94,66,-16472,0,-15537,0,8160,8192,5616,-1302,-5748,-107,76,39
1588069892,-5378,9084,-1038,-2,-260,-237,-16469,0,-15537,0,8160,8192,2954,5176,-9908,-123,-20,78
1588119892,-3314,6258,-2200,226,-81,262,8160,8192,1540,24232,645,8192,6388,2170,-5084,-111,96,22
1588169892,-5086,8112,-2948,64,-255,-35,-16464,0,-15537,0,8160,8192,5998,3712,-5574,-109,-25,29
1588219892,-4172,7650,-3234,120,-324,-164,0,0,-7,-1,-17461,0,5726,3562,-5758,-128,-2,23
1588269892,-2852,8160,-4264,76,-223,-109,0,0,-7,-1,-16458,0,8026,8112,-1740,-101,13,26
1588319892,-3642,7900,-4136,369,-610,-1164,-17457,0,-15537,0,8160,8192,6664,4368,-5196,-108,-26,18
1588369892,-5902,6236,-1088,52,224,1171,-18455,0,-15537,0,8160,8192,5944,-776,-6128,-98,-16,10
1588419892,-7258,5610,-1012,-164,753,1528,-16454,0,-15537,0,8160,8192,5578,200,-6232,-139,41,45
1588469892,-4066,7334,-3392,181,-578,-1322,0,0,-7,-1,-16452,0,5850,2594,-6362,-131,69,40
1588519892,-4156,7096,-2140,184,-91,86,0,0,-7,-1,-16450,0,5480,832,-6006,-118,92,31
1588569892,-6520,5900,-1980,-150,414,869,0,0,-7,-1,-17448,0,5438,968,-5966,-115,59,29
1588619892,-5392,6116,-1660,163,-214,-208,0,0,-7,-1,-16446,0,6228,314,-5732,-103,32,23
1588669892,-5462,6280,-1730,14,-24,174,-16443,0,-15537,0,8160,8192,5790,276,-6228,-109,66,32
1588719892,-6052,5918,-1270,125,-38,212,8160,8192,11716,24241,645,8192,5972,-298,-6064,-101,38,27
1588769892,-5666,5902,-1236,121,-131,39,8160,8192,-3820,24241,645,8192,5788,-300,-5968,-116,23,37
1588819892,-5476,6218,-1620,48,-161,1,-18440,0,-15537,0,8160,8192,5900,184,-5908,-104,-1,30
1588869892,-5536,6136,-1462,102,-115,99,-16437,0,-15537,0,8160,8192,5860,-48,-6000,-102,14,34
1588919892,-5744,6030,-1440,113,-108,86,8160,8192,15108,24244,645,8192,5882,-88,-6056,-109,29,35
1588969892,-5318,6238,-1576,110,-162,-94,0,0,-7,-1,-16433,0,5756,244,-6072,-110,47,36
1589019892,-5668,6086,-1384,119,-63,173,8160,8192,0,0,645,8192,5896,-14,-6114,-106,37,36
1589069892,-5558,6296,-1488,99,-150,3,8160,8192,0,0,645,8192,5900,150,-5998,-109,26,36
1589119892,-5606,6150,-1564,93,-109,77,-16427,0,-15537,0,8160,8192,5876,6,-5926,-105,23,31
1589169892,-5476,6222,-1430,104,-112,63,-16424,0,-15537,0,8160,8192,5780,264,-6092,-108,20,29
1589219892,-5586,6146,-1376,104,-114,66,0,0,-7,-1,-16422,0,5778,-64,-5944,-110,26,31
1589269892,-5346,6186,-1632,93,-136,10,8160,8192,-28108,24249,645,8192,5794,356,-6070,-110,29,33
1589319892,-5346,6176,-1592,110,-107,71,-18418,0,-15537,0,8160,8192,5788,254,-5872,-109,36,31
1589369892,-5614,6188,-1596,110,-95,79,-16415,0,-15537,0,8160,8192,5618,136,-6104,-108,43,37
1589419892,-5334,6202,-1578,106,-124,20,-17413,0,-15537,0,8160,8192,5736,212,-6212,-103,37,28
1589469892,-5506,6106,-1428,113,-86,104,8160,8192,0,0,645,8192,5950,58,-6006,-104,37,32
1589519892,-5488,6098,-1550,102,-114,40,8160,8192,25284,24253,645,8192,5968,254,-6014,-107,41,34
1589569892,-5418,6146,-1468,98,-90,89,-17407,0,-15537,0,8160,8192,5828,234,-6144,-97,34,27
1589619892,-5518,6192,-1442,106,-96,87,0,0,-7,-1,-17407,0,5770,86,-6032,-103,35,31
1589669892,-5558,6136,-1622,102,-90,91,8160,8192,-21324,24255,645,8192,5802,174,-6032,-105,40,31
1589719892,-5514,6152,-1512,94,-99,59,8160,8192,28676,24256,645,8192,5706,-82,-6150,-101,33,28
1589769892,-5422,6344,-1716,98,-100,52,-16402,0,-15537,0,8160,8192,6000,414,-5918,-105,44,32
1589819892,-5096,6544,-1932,99,-141,-16,-16400,0,-15537,0,8160,8192,5826,674,-5966,-107,29,34
1589869892,-5108,6232,-1808,91,-111,53,8160,8192,-17932,24258,645,8192,5832,672,-6004,-101,34,34
1589919892,-5304,6338,-1718,100,-124,39,0,0,-7,-1,-17398,0,5742,482,-6116,-105,29,29
1589969892,-5366,6372,-1654,88,-132,9,-16396,0,-15537,0,8160,8192,5716,396,-6118,-102,26,34
1590019892,-5420,6090,-1442,116,-128,56,-16395,0,-15537,0,8160,8192,5626,120,-6012,-102,27,31
1590069892,-5312,6152,-1618,69,-144,-16,-16393,0,-15537,0,8160,8192,5690,408,-6100,-102,22,29
1590119892,-5238,6122,-1840,54,-181,-212,-16391,0,-15537,0,8160,8192,5924,382,-6038,-100,32,22
1590169892,-5478,6146,-1606,44,-104,36,0,0,-7,-1,-17389,0,5960,472,-5890,-106,24,32
1590219892,-5286,6240,-1650,46,-131,-141,-17386,0,-15537,0,8160,8192,5616,1070,-6074,-104,45,29
1590269892,-5216,6574,-2280,103,-234,-239,0,0,-7,-1,-17383,0,5892,506,-5870,-108,22,27
1590319892,-4824,6184,-1944,45,-143,-145,-17381,0,-15537,0,8160,8192,6120,1074,-5848,-99,43,28
1590369892,-5822,6956,-2066,148,-200,-189,8160,8192,0,0,645,8192,4678,2518,-5876,-95,48,29
1590419892,-5434,6174,-1576,91,-162,-53,0,0,-7,-1,-17376,0,5566,374,-6286,-99,19,29
1590469892,-6206,6988,-2090,45,-144,-40,8160,8192,-7756,24267,645,8192,6374,1404,-5312,-99,4,32
1590519892,-5466,6208,-1460,115,-167,-30,0,0,-7,-1,-17372,0,6222,-8,-5738,-91,16,34
1590569892,-5250,6130,-1890,114,-150,-94,-16370,0,-15537,0,8160,8192,5362,600,-6064,-107,74,15
1590619892,-5426,5578,-1192,145,-126,65,8160,8192,0,0,645,8192,5390,218,-6304,-93,55,27
1590669892,-5094,6056,-1666,103,-199,-204,-16365,0,-15537,0,8160,8192,6446,494,-5356,-97,38,22
1590719892,-5002,6390,-1922,172,-207,-96,-16364,0,-15537,0,8160,8192,5408,1316,-6580,-110,46,15
1590769892,-3794,5898,-1968,82,-256,-199,-18361,0,-15537,0,8160,8192,6042,2070,-6074,-86,-6,31
1590819892,-4632,6806,-2068,83,-112,133,-16358,0,-15537,0,8160,8192,7372,-184,-4012,-111,26,16
1590869892,-5040,5880,-1464,43,-44,97,-16356,0,-15537,0,8160,8192,7914,690,-4690,-100,-30,34
1590919892,-4932,6210,-2346,68,-186,-38,-16354,0,-15537,0,8160,8192,4712,904,-5052,-123,18,36
1590969892,-3432,4546,162,-5,-116,-22,0,0,-7,-1,-16354,0,-1628,1598,-12128,-73,5,35
1591019892,-4742,4582,-544,103,-312,-449,0,0,-7,-1,-16352,0,6472,464,-6298,-84,-40,51
1591069892,-6730,5556,-966,91,-120,-96,-16318,0,-15537,0,8160,8192,5868,-1754,-5206,-101,4,24
1591119892,-6862,5156,-958,116,-93,40,-17349,0,-15537,0,8160,8192,7020,-18,-5448,-97,-7,36
1591169892,-6650,5136,-158,196,-163,131,-16346,0,-15537,0,8160,8192,6332,-2674,-6032,-96,-47,51
1591219892,-6478,3692,690,165,0,64,8160,8192,21348,24279,645,8192,5900,-2084,-4764,-114,98,42
1591269892,-7476,5290,-704,191,-209,-140,-18343,0,-15537,0,8160,8192,5276,-3156,-5922,-110,37,17
1591319892,-8096,3878,-14,-179,153,199,8160,8192,-9724,24280,645,8192,5408,-2230,-6246,-101,49,27
1591369892,-7352,5086,-302,183,-335,-500,-17339,0,-15537,0,8160,8192,6808,-2016,-5342,-115,62,29
1591419892,-7708,4646,-182,22,25,192,-18338,0,-15537,0,8160,8192,5738,-2488,-5930,-113,46,24
1591469892,-7866,4094,200,124,-68,118,0,0,-7,-1,-16335,0,5936,-2574,-6078,-104,59,35
1591519892,-8810,4676,742,152,23,473,-16332,0,-15537,0,8160,8192,4412,-4898,-6184,-110,70,25
1591569892,-8580,2964,1212,-34,277,839,0,0,-7,-1,-16329,0,5052,-4024,-6940,-105,35,33
1591619892,-8106,4496,528,74,37,334,-16327,0,-15537,0,8160,8192,7148,-3180,-5176,-98,47,21
1591669892,-7186,3496,1360,33,116,798,8160,8192,0,0,645,8192,6678,-1920,-4712,-73,-30,39
1591719892,-8186,4208,764,144,299,891,8160,8192,0,0,645,8192,4932,-3478,-7572,-77,82,49
1591769892,-772,1914,474,33,-251,-749,-17320,0,-15537,0,8160,8192,-1200,624,-8874,-113,101,60
1591819892,-6096,6496,-1344,85,118,737,8160,8192,31524,24288,645,8192,-256,-1800,-8696,-135,53,29
1591869892,-5246,5146,-604,188,9,424,0,0,-7,-1,-16314,0,2730,-2224,-7086,-91,38,32
1591919892,-4862,6244,-1060,91,-138,66,0,0,-7,-1,-16311,0,2442,1510,-6086,-125,26,51
1591969892,-6616,4342,-2102,143,182,510,-16309,0,-15537,0,8160,8192,2508,204,-8474,-82,156,18
1592019892,-8958,11094,-1994,68,-252,-308,-17307,0,-15537,0,8160,8192,7156,2620,-6604,-113,84,55
1592069892,-5326,8092,-2876,81,-103,106,8160,8192,19380,24292,645,8192,5750,3138,-4744,-136,36,18
1592119892,-2646,9752,-7186,-55,-507,-817,8160,8192,3844,24293,645,8192,7130,6530,-4996,-113,14,16
1592169892,-2078,9754,-5598,566,-664,-1003,-16301,0,-15537,0,8160,8192,5738,6884,-5548,-134,-15,23
1592219892,-3596,8052,-3760,279,-438,-615,0,0,-7,-1,-16298,0,6152,3626,-5840,-101,-24,14
1592269892,-5632,6850,-1558,-56,601,1875,0,0,-7,-1,-16297,0,5628,1302,-6206,-112,91,28
1592319892,-4686,6398,-2970,-128,283,451,0,0,-7,-1,-16296,0,6042,2198,-5722,-109,82,10
1592369892,-6290,5952,-292,272,49,855,-17294,0,-15537,0,8160,8192,5930,-1170,-6332,-107,7,34
1592419892,-6174,5906,-1242,3,-9,183,-16291,0,-15537,0,8160,8192,5814,-240,-6092,-111,31,21
1592469892,-5430,6054,-1548,171,-232,-244,-16289,0,-15537,0,8160,8192,5418,92,-6172,-97,13,9
1592519892,-5332,6340,-1650,103,-114,101,-16286,0,-15537,0,8160,8192,5678,486,-6200,-111,38,31
1592569892,-5826,6222,-1574,84,-32,315,-16284,0,-15537,0,8160,8192,5978,148,-5626,-96,39,21
1592619892,-5622,6244,-1512,199,-151,-66,-16282,0,-15537,0,8160,8192,5654,48,-6138,-115,55,32
1592669892,-5538,6188,-1604,54,-53,103,-18280,0,-15537,0,8160,8192,5752,236,-6064,-103,61,26
1592719892,-5388,6182,-1662,131,-167,-94,8160,8192,0,0,645,8192,5844,364,-6100,-100,26,31
1592769892,-5326,6216,-1582,68,-128,50,0,0,-7,-1,-16275,0,5764,108,-5940,-106,5,32
1592819892,-5690,6022,-1468,104,-143,-16,8160,8192,-17052,24303,645,8192,5934,-30,-5952,-114,15,37
1592869892,-5930,5852,-1302,60,-75,124,0,0,-7,-1,-16272,0,5766,-240,-6080,-102,23,28
1592919892,-5658,6146,-1494,106,-143,-60,-16269,0,-15537,0,8160,8192,5826,58,-6010,-105,30,31
1592969892,-5490,6150,-1470,114,-130,43,8160,8192,1876,24306,645,8192,5876,-32,-6030,-109,36,32
1593019892,-5668,6012,-1516,85,-87,98,8160,8192,-13660,24306,645,8192,5862,174,-6044,-110,35,36
1593069892,-5780,6238,-1356,122,-98,69,-16264,0,-15537,0,8160,8192,5978,-122,-6032,-110,41,33
1593119892,-5522,6130,-1602,100,-84,79,8160,8192,0,0,645,8192,5730,254,-6034,-108,49,31
1593169892,-5696,6214,-1500,115,-104,82,-16259,0,-15537,0,8160,8192,5668,78,-6144,-109,32,34
1593219892,-5610,6094,-1400,80,-70,138,-16256,0,-15537,0,8160,8192,6032,76,-5918,-111,29,36
1593269892,-5470,6168,-1564,117,-134,-5,-16253,0,-15537,0,8160,8192,5708,212,-6160,-106,29,30
1593319892,-5404,6094,-1576,99,-116,37,8160,8192,24196,24311,645,8192,5954,220,-5902,-114,32,35
1593369892,-5422,6026,-1478,94,-90,84,-16250,0,-15537,0,8160,8192,5560,112,-6336,-106,36,31
1593419892,-5600,6182,-1536,124,-102,94,-16248,0,-15537,0,8160,8192,5722,90,-6200,-106,40,31
1593469892,-5504,6132,-1490,98,-116,48,8160,8192,-22412,24313,645,8192,5834,72,-5958,-105,30,32
1593519892,-5622,6130,-1494,110,-73,132,-18244,0,-15537,0,8160,8192,5644,96,-6208,-106,36,27
1593569892,-5194,6240,-1616,99,-133,2,0,0,-7,-1,-16242,0,5526,198,-6222,-106,37,33
1593619892,-5632,6194,-1552,102,-63,162,-16240,0,-15537,0,8160,8192,5682,250,-6120,-108,32,30
1593669892,-5650,6240,-1428,100,-98,70,8160,8192,-19020,24316,645,8192,5644,-30,-6174,-106,33,34
1593719892,-5418,6272,-1664,112,-106,45,-16238,0,-15537,0,8160,8192,5728,292,-6094,-107,43,30
1593769892,-5116,6452,-1900,98,-145,-16,-16236,0,-15537,0,8160,8192,5908,696,-5958,-103,31,28
1593819892,-5140,6430,-1832,84,-110,77,-17234,0,-15537,0,8160,8192,5538,788,-6148,-104,21,32
1593869892,-5008,6384,-1992,98,-141,0,0,0,-7,-1,-17232,0,5756,842,-5984,-104,31,30
1593919892,-5958,5952,-1612,86,-106,7,-18231,0,-15537,0,8160,8192,5670,428,-6078,-99,26,27
1593969892,-5290,6380,-1768,80,-185,-215,-18229,0,-15537,0,8160,8192,5626,834,-6074,-105,11,32
1594019892,-5338,6506,-1658,129,-212,-160,-18227,0,-15537,0,8160,8192,5644,694,-6122,-104,16,33
1594069892,-5324,6168,-1800,82,-162,-124,8160,8192,-12236,24322,645,8192,5882,994,-6156,-101,33,28
1594119892,-5418,6266,-1600,175,-229,-239,-16223,0,-15537,0,8160,8192,6212,546,-5718,-106,33,22
1594169892,-5730,7302,-2616,115,-228,-274,0,0,-7,-1,-16221,0,6438,1218,-5320,-100,54,28
1594219892,-3350,4766,-2020,99,-246,30,8160,8192,0,0,645,8192,8168,82,-4428,-111,-18,17
1594269892,-5452,6316,-2012,91,-186,-24,8160,8192,0,0,645,8192,5620,1042,-6228,-106,8,26
1594319892,-5538,6236,-1518,107,-133,-54,8160,8192,0,0,645,8192,5462,452,-5922,-108,26,26
1594369892,-5762,5888,-1616,69,-100,140,-16212,0,-15537,0,8160,8192,6150,760,-5898,-91,18,30
1594419892,-5426,6300,-1908,96,-157,-18,0,0,-7,-1,-16210,0,6508,416,-5660,-106,44,22
1594469892,-5654,5950,-1570,132,-169,41,8160,8192,0,0,645,8192,6536,682,-5688,-96,18,31
1594519892,-5468,6504,-2124,86,-220,31,-17204,0,-15537,0,8160,8192,7794,1116,-4654,-100,28,27
1594569892,-5640,6044,-1114,134,-96,52,8160,8192,0,0,645,8192,5462,216,-6348,-113,33,21
1594619892,-5656,6448,-2060,94,-151,59,8160,8192,13476,24331,645,8192,6346,740,-5624,-91,19,27
1594669892,-6196,6062,-1940,116,-89,128,8160,8192,-2060,24331,645,8192,5710,136,-6666,-106,23,19
1594719892,-6320,7248,-2612,62,-72,-117,-18194,0,-15537,0,8160,8192,5628,1918,-6910,-108,50,30
1594769892,-5966,6566,-1832,144,-150,-95,-16192,0,-15537,0,8160,8192,6022,1016,-6202,-97,17,47
1594819892,-5184,6390,-2232,58,-218,-178,8160,8192,16868,24334,645,8192,6930,918,-5546,-110,-7,41
1594869892,-6294,7774,-2896,107,-305,-265,0,0,-7,-1,-16187,0,3248,1826,-6626,-114,-5,12
1594919892,-4676,5744,-1926,162,-326,-253,-16185,0,-15537,0,8160,8192,6778,710,-5148,-105,-22,29
1594969892,-5368,5872,-1584,157,-199,-134,-17184,0,-15537,0,8160,8192,6688,348,-5264,-97,23,32
1595019892,-6932,6984,-1944,166,-157,-10,-16183,0,-15537,0,8160,8192,6194,384,-7812,-121,0,26
1595069892,-6300,4920,-548,68,31,116,-16182,0,-15537,0,8160,8192,6232,68,-6226,-142,20,41
1595119892,-6140,4566,250,116,-77,47,8160,8192,-10812,24338,645,8192,7188,-3070,-5190,-120,6,24
1595169892,-8150,4820,-12,10,66,233,-16177,0,-15537,0,8160,8192,6458,-1400,-7222,-116,43,15
1595219892,-7122,5134,182,165,-139,36,-16175,0,-15537,0,8160,8192,5638,-1928,-6270,-97,36,37
1595269892,-7254,4024,22,92,-165,-225,8160,8192,0,0,645,8192,6062,-2144,-5782,-107,59,27
1595319892,-7358,4720,-160,101,-123,39,8160,8192,0,0,645,8192,6052,-1764,-5906,-104,37,28
1595369892,-7236,4584,-394,81,-129,-26,0,0,-7,-1,-16171,0,6238,-1516,-5668,-110,40,37
1595419892,-6904,4730,-80,200,-193,-179,0,0,-7,-1,-16169,0,6006,-1718,-6060,-101,47,35
1595469892,-8506,3838,978,97,222,1109,0,0,-7,-1,-16168,0,6806,-3982,-5476,-111,28,36
1595519892,-11104,4152,738,-86,407,1278,0,0,-7,-1,-17167,0,7676,-5276,-5542,-109,25,31
1595569892,-8888,3960,842,77,-15,513,0,0,-7,-1,-16165,0,12186,-3042,-2270,-88,8,50
1595619892,-6882,3616,2560,138,137,395,-16162,0,-15537,0,8160,8192,-3256,-4286,-7474,-102,158,14
1595669892,-2976,3732,-290,14,-90,-26,0,0,-7,-1,-16160,0,-540,-5252,-7940,-66,62,30
1595719892,-5934,6500,-1412,14,49,-61,-18158,0,-15537,0,8160,8192,5956,1052,-7392,-125,84,3
1595769892,-6656,6664,-2162,110,216,789,0,0,-7,-1,-16156,0,3768,-744,-5842,-90,43,33
1595819892,-4814,5542,-1452,4,-102,-60,-16154,0,-15537,0,8160,8192,4648,3732,-6076,-106,54,19
1595869892,-6962,7560,-1812,118,-35,315,-18151,0,-15537,0,8160,8192,722,-5350,-6762,-94,42,48
1595919892,-3962,7080,-3186,47,-226,-186,0,0,-7,-1,-17150,0,6736,6850,-6476,-105,62,23
1595969892,-3772,8092,-3796,-21,-406,-299,-18148,0,-15537,0,8160,8192,6510,5972,-6354,-111,-58,48
1596019892,-3740,7724,-3012,257,-234,-22,8160,8192,0,0,645,8192,5754,3294,-4604,-119,43,31
1596069892,-4960,7580,-2916,-7,-14,177,-16144,0,-15537,0,8160,8192,3738,2254,-7904,-123,110,13
1596119892,-2736,8298,-4266,298,-376,-551,-16141,0,-15537,0,8160,8192,6400,4890,-5486,-112,58,10
1596169892,-5930,6088,-442,184,22,1064,8160,8192,-9388,24354,645,8192,6334,-1300,-6298,-118,-95,32
1596219892,-5132,8094,-3124,-54,161,449,8160,8192,0,0,645,8192,4842,4384,-6594,-132,85,43
1596269892,-2348,7510,-3750,691,-1052,-2341,0,0,-7,-1,-16134,0,5312,2462,-5966,-106,81,28
1596319892,-4984,7166,-1368,-86,480,1811,-18131,0,-15537,0,8160,8192,6560,540,-5924,-103,44,25
1596369892,-5764,5930,-2008,-153,241,428,-16129,0,-15537,0,8160,8192,6090,366,-5760,-108,9,22
1596419892,-5934,6324,-856,297,-272,196,-16127,0,-15537,0,8160,8192,5472,-730,-5966,-101,-24,20
1596469892,-5802,6280,-1732,-67,-51,43,-16125,0,-15537,0,8160,8192,5066,-96,-6534,-104,11,24
1596519892,-5706,6044,-1460,169,-106,138,-16123,0,-15537,0,8160,8192,5776,-186,-5944,-99,39,21
1596569892,-5244,6402,-1652,126,-154,-63,-18122,0,-15537,0,8160,8192,6028,216,-5878,-113,36,37
1596619892,-5510,6208,-1538,117,-119,94,-16119,0,-15537,0,8160,8192,5822,368,-6098,-100,54,30
1596669892,-5578,6212,-1758,90,-125,-106,-16118,0,-15537,0,8160,8192,5704,-50,-6100,-102,33,32
1596719892,-5466,6132,-1602,41,-67,171,-16116,0,-15537,0,8160,8192,5788,318,-6018,-101,39,28
1596769892,-5834,5950,-1270,158,-139,-17,8160,8192,788,24364,645,8192,5772,-344,-6088,-101,49,33
1596819892,-5700,6102,-1330,70,-81,101,8160,8192,0,0,645,8192,5714,-56,-6064,-103,34,30
1596869892,-5700,6300,-1434,126,-122,86,-16110,0,-15537,0,8160,8192,5824,64,-6056,-104,33,28
1596919892,-5552,6122,-1536,90,-66,120,0,0,-7,-1,-17108,0,5772,164,-6006,-103,45,29
1596969892,-5334,6150,-1594,97,-93,130,-16107,0,-15537,0,8160,8192,5770,302,-5938,-107,39,33
1597019892,-5684,6162,-1434,112,-105,66,8160,8192,-11356,24367,645,8192,5764,-92,-6154,-104,31,31
1597069892,-5612,6248,-1418,117,-94,86,8160,8192,-26892,24368,645,8192,5896,346,-5892,-102,41,30
1597119892,-5442,6224,-1586,112,-130,16,-16100,0,-15537,0,8160,8192,5848,204,-6092,-110,23,34
1597169892,-5610,6080,-1496,108,-61,165,8160,8192,7572,24370,645,8192,5698,42,-6248,-103,33,28
1597219892,-5390,6356,-1608,104,-148,-18,-18098,0,-15537,0,8160,8192,5982,228,-5982,-110,31,33
1597269892,-5712,6166,-1482,114,-75,147,0,0,-7,-1,-16096,0,6034,54,-5880,-106,31,31
1597319892,-5502,6184,-1590,94,-129,8,0,0,-7,-1,-16093,0,5914,140,-5974,-104,26,30
1597369892,-5482,6158,-1592,115,-103,68,-16091,0,-15537,0,8160,8192,5756,208,-5902,-114,37,37
1597419892,-5434,6182,-1636,103,-111,39,0,0,-7,-1,-16089,0,5740,286,-6062,-106,35,31
1597469892,-5472,6078,-1516,106,-97,87,-16088,0,-15537,0,8160,8192,5890,182,-5940,-105,33,31
1597519892,-5454,6144,-1582,101,-112,50,8160,8192,29892,24375,645,8192,6000,128,-5862,-103,35,33
1597569892,-5522,6128,-1552,105,-82,107,8160,8192,14356,24376,645,8192,5794,138,-5992,-102,32,27
1597619892,-5222,6346,-1686,88,-130,3,-16081,0,-15537,0,8160,8192,5538,438,-6132,-105,31,30
1597669892,-5514,6210,-1546,107,-88,116,-16080,0,-15537,0,8160,8192,5900,118,-5958,-104,27,35
1597719892,-5408,6382,-1674,93,-129,-2,0,0,-7,-1,-16077,0,5656,402,-6108,-102,33,27
1597769892,-5326,6160,-1594,106,-101,67,-16075,0,-15537,0,8160,8192,5982,252,-5862,-107,40,33
1597819892,-5496,6240,-1592,98,-119,30,-16073,0,-15537,0,8160,8192,5714,248,-6012,-102,31,32
1597869892,-5378,6276,-1624,96,-140,19,-16072,0,-15537,0,8160,8192,5802,278,-5960,-108,15,31
1597919892,-5294,6354,-1636,79,-170,-63,8160,8192,0,0,645,8192,5754,456,-6062,-109,23,32
1597969892,-4914,6532,-2022,102,-202,-156,-17067,0,-15537,0,8160,8192,5720,1140,-5972,-100,18,29
1598019892,-5118,6566,-1714,109,-189,-133,-16065,0,-15537,0,8160,8192,5558,648,-6260,-105,15,30
1598069892,-5550,6106,-1538,84,-118,-27,8160,8192,-9932,24383,645,8192,5842,490,-5844,-106,35,33
1598119892,-5484,6900,-1982,130,-202,-218,-16062,0,-15537,0,8160,8192,5578,1026,-6194,-101,47,27
1598169892,-5362,6136,-1570,154,-187,-122,-18059,0,-15537,0,8160,8192,6154,558,-5856,-102,31,33
1598219892,-5500,5688,-1028,29,-61,-22,-16058,0,-15537,0,8160,8192,5624,-438,-6512,-98,18,28
1598269892,-5574,5744,-1262,124,-106,69,8160,8192,-6540,24386,645,8192,5772,550,-6120,-108,42,30
1598319892,-5480,6178,-1796,84,-171,-133,0,0,-7,-1,-16054,0,6500,944,-5730,-100,33,25
1598369892,-5788,6382,-1628,136,-160,-16,-16051,0,-15537,0,8160,8192,5834,290,-6070,-99,27,36
1598419892,-5434,6030,-1568,135,-199,-240,8160,8192,12388,24389,645,8192,5526,1682,-6618,-110,53,21
1598469892,-5666,6484,-1930,176,-199,-99,0,0,-7,-1,-16047,0,5194,626,-6066,-98,45,28
1598519892,-5056,5304,-1546,98,-115,12,-18045,0,-15537,0,8160,8192,3404,1280,-8082,-117,52,17
1598569892,-5802,6906,-2388,127,-197,-55,0,0,-7,-1,-16043,0,4708,1416,-6456,-102,22,26
1598619892,-5286,6370,-2094,75,-160,36,-16040,0,-15537,0,8160,8192,5252,280,-5452,-96,20,21
1598669892,-5088,5884,-1634,52,-138,30,-18038,0,-15537,0,8160,8192,5056,58,-6526,-112,16,25
1598719892,-5660,5674,-916,69,-33,165,-16036,0,-15537,0,8160,8192,5140,3036,-3882,-106,39,32
1598769892,-6234,5896,-1792,72,-93,46,8160,8192,0,0,645,8192,4694,542,-7888,-95,11,27
1598819892,-6210,6406,-1940,124,-153,-83,-17032,0,-15537,0,8160,8192,4596,238,-6692,-106,29,18
1598869892,-5312,5808,-1442,76,-171,-159,-16030,0,-15537,0,8160,8192,4986,860,-6136,-97,18,33
1598919892,-4176,5706,-1204,81,-254,-446,0,0,-7,-1,-17028,0,6038,728,-5526,-86,22,36
1598969892,-6148,6590,-1532,86,-164,-144,0,0,-7,-1,-16026,0,5068,-270,-5606,-86,20,37
1599019892,-6042,6168,-2202,50,-137,-17,-16025,0,-15537,0,8160,8192,7166,1092,-4792,-107,29,30
1599069892,-5864,6650,-1758,210,-300,-342,0,0,-7,-1,-17023,0,6158,-174,-5416,-122,-20,30
1599119892,-6484,5576,-1688,102,-58,-4,-16020,0,-15537,0,8160,8192,6334,-706,-6406,-118,12,41
1599169892,-8766,4756,-728,92,98,548,-16019,0,-15537,0,8160,8192,-734,-1928,-10358,-112,37,22
1599219892,-7124,4420,-442,94,-53,-103,8160,8192,0,0,645,8192,5370,-2270,-6026,-112,114,46
1599269892,-7572,5110,-534,151,-201,-186,0,0,-7,-1,-17014,0,5976,-2270,-6032,-111,7,13
1599319892,-7390,4232,-362,-118,46,49,-18012,0,-15537,0,8160,8192,5998,-1522,-5708,-97,41,32
1599369892,-6812,4064,410,133,-175,-94,0,0,-7,-1,-16010,0,6192,-2010,-5862,-104,50,33
1599419892,-8154,4064,506,72,57,497,0,0,-7,-1,-16007,0,5818,-2878,-6276,-102,42,37
1599469892,-8608,3716,1020,234,-100,191,0,0,-7,-1,-16005,0,6472,-3830,-5888,-105,15,28
1599519892,-8872,4348,1022,-30,295,1026,8160,8192,-1724,24405,645,8192,6450,-3682,-5974,-107,19,10
1599569892,-7764,2630,2052,-4,192,843,0,0,-7,-1,-15999,0,6570,-3864,-5662,-74,11,33
1599619892,-7254,4246,282,-75,105,355,8160,8192,32740,24407,645,8192,2404,-3224,-8640,-107,81,17
1599669892,-6322,3718,470,139,-160,394,-15994,0,-15537,0,8160,8192,5512,-1766,-6380,-84,-48,42
1599719892,-5952,7072,-2940,-164,-198,-542,-15992,0,-15537,0,8160,8192,6550,238,-3696,-113,5,59
1599769892,-5690,7036,-1650,210,-87,335,-15989,0,-15537,0,8160,8192,4272,1546,-6006,-119,19,38
1599819892,-4888,5062,-1340,132,10,304,-15987,0,-15537,0,8160,8192,5810,-1082,-5828,-101,47,59
1599869892,-5194,7820,-2456,122,-310,-69,0,0,-7,-1,-15985,0,6664,4654,-6656,-101,-32,49
1599919892,-5904,7490,-1362,208,-50,341,-15982,0,-15537,0,8160,8192,5948,-202,-5462,-118,38,24
1599969892,-4524,6726,-2140,111,-223,-146,0,0,-7,-1,-15979,0,6696,582,-4876,-96,45,25
1600019892,-4348,8056,-2362,134,-243,-108,0,0,-7,-1,-15976,0,4686,1038,-5952,-108,41,40
1600069892,-2842,5194,-2950,125,-109,129,-15975,0,-15537,0,8160,8192,4212,5948,-6500,-121,57,36
1600119892,-3452,7818,-3802,110,-305,-390,-17973,0,-15537,0,8160,8192,5654,4672,-6484,-122,13,24
1600169892,-4854,7178,-1928,193,-91,122,8160,8192,-7084,24415,645,8192,5392,1546,-6186,-117,-43,8
1600219892,-5200,6226,-1714,-30,204,886,-15970,0,-15537,0,8160,8192,5840,340,-6286,-110,45,23
1600269892,-4234,6774,-3072,84,-293,-213,-16969,0,-15537,0,8160,8192,6238,2794,-6238,-117,11,31
1600319892,-3978,7760,-2716,245,-256,-298,-16967,0,-15537,0,8160,8192,5394,2204,-6292,-119,42,28
1600369892,-5098,6236,-1652,48,157,671,8160,8192,-3692,24418,645,8192,5944,510,-5714,-96,41,13
1600419892,-5446,6460,-1554,145,-87,124,-15962,0,-15537,0,8160,8192,5236,434,-6112,-110,48,22
1600469892,-5488,6220,-1556,138,-93,46,-16959,0,-15537,0,8160,8192,5736,216,-6168,-101,68,28
1600519892,-5618,6052,-1376,147,-44,40,-17956,0,-15537,0,8160,8192,5746,-176,-6106,-95,119,21
1600569892,-5780,5982,-1478,116,-65,59,-17954,0,-15537,0,8160,8192,5790,-32,-5980,-103,79,33
1600619892,-5380,5982,-1518,105,-112,26,-15953,0,-15537,0,8160,8192,5706,142,-5896,-108,53,27
1600669892,-5282,6444,-1776,55,-134,47,8160,8192,-31372,24423,645,8192,5820,632,-5948,-97,3,23
1600719892,-5666,6060,-1490,107,-62,195,-16950,0,-15537,0,8160,8192,5888,-70,-5954,-100,16,25
1600769892,-5412,6236,-1662,70,-142,-36,0,0,-7,-1,-16949,0,5710,508,-6096,-102,24,25
1600819892,-5622,6126,-1274,123,-95,193,8160,8192,0,0,645,8192,5770,-234,-5988,-102,24,31
1600869892,-5460,6268,-1648,80,-119,15,8160,8192,-27980,24426,645,8192,5730,386,-5986,-107,32,30
1600919892,-5602,6126,-1486,106,-100,130,0,0,-7,-1,-16942,0,5834,114,-6072,-97,13,28
1600969892,-5504,6176,-1490,77,-88,113,8160,8192,0,0,645,8192,5774,258,-6108,-105,19,28
1601019892,-5578,6282,-1478,107,-128,34,8160,8192,-9052,24428,645,8192,5774,52,-5998,-104,24,30
1601069892,-5592,6140,-1508,83,-74,139,8160,8192,0,0,645,8192,5906,112,-5914,-101,17,28
1601119892,-5496,6308,-1536,106,-137,18,0,0,-7,-1,-16929,0,5784,130,-6024,-105,29,34
1601169892,-5618,6096,-1386,104,-60,137,8160,8192,9876,24431,645,8192,5658,114,-6042,-103,47,28
1601219892,-5580,6226,-1452,112,-120,-2,0,0,-7,-1,-15925,0,5876,-30,-5926,-101,43,28
1601269892,-5594,6186,-1456,117,-102,104,-15923,0,-15537,0,8160,8192,5804,72,-6162,-111,24,37
1601319892,-5534,6228,-1506,109,-120,53,-16920,0,-15537,0,8160,8192,5732,32,-6054,-106,25,29
1601369892,-5172,6372,-1796,87,-134,2,8160,8192,13268,24434,645,8192,5618,480,-6116,-106,30,31
1601419892,-5552,6186,-1532,115,-79,139,-17917,0,-15537,0,8160,8192,5756,92,-6184,-107,28,38
1601469892,-5346,6240,-1674,94,-123,8,-15914,0,-15537,0,8160,8192,5786,162,-6168,-101,34,29
1601519892,-5462,6328,-1612,110,-100,59,8160,8192,0,0,645,8192,5588,270,-6278,-108,44,31
1601569892,-5514,6184,-1656,108,-84,95,-15910,0,-15537,0,8160,8192,5648,192,-6036,-105,42,32
1601619892,-5354,6278,-1676,92,-116,7,-16907,0,-15537,0,8160,8192,5832,474,-5888,-102,39,27
1601669892,-5000,6546,-2080,87,-144,-28,-17904,0,-15537,0,8160,8192,5822,1056,-5966,-108,32,36
1601719892,-5150,6456,-1864,85,-84,114,8160,8192,0,0,645,8192,5854,664,-5976,-97,29,27
1601769892,-5696,6228,-1728,77,-108,57,-15898,0,-15537,0,8160,8192,5698,214,-6156,-100,31,30
1601819892,-5144,6424,-1790,65,-147,-86,8160,8192,0,0,645,8192,5848,426,-5936,-105,35,31
1601869892,-5518,6280,-1668,117,-160,-117,-17894,0,-15537,0,8160,8192,5666,270,-6154,-105,38,29
1601919892,-5602,6128,-1398,70,-109,-18,-15891,0,-15537,0,8160,8192,5970,230,-5906,-104,26,32
1601969892,-5532,6242,-1526,112,-186,-135,-15889,0,-15537,0,8160,8192,5632,518,-6076,-107,28,31
1602019892,-5258,5710,-1208,109,-169,-221,-15887,0,-15537,0,8160,8192,5412,348,-6602,-97,38,30
1602069892,-5738,6376,-1572,86,-117,9,8160,8192,0,0,645,8192,5964,518,-5992,-101,19,29
1602119892,-4968,6738,-2372,39,-198,-58,0,0,-7,-1,-15882,0,6498,82,-5744,-112,-2,18
1602169892,-5630,6460,-1696,57,-105,20,-15880,0,-15537,0,8160,8192,5660,192,-6164,-103,25,28
1602219892,-5474,5950,-1340,86,-133,-104,-15878,0,-15537,0,8160,8192,5844,1246,-5632,-103,35,33
1602269892,-5958,6998,-2676,127,-213,-160,8160,8192,-4236,24447,645,8192,5608,282,-6354,-105,32,23
1602319892,-5128,6092,-1526,79,-149,45,0,0,-7,-1,-15873,0,6120,900,-5624,-96,26,39
1602369892,-5308,6468,-1882,146,-204,-149,-17872,0,-15537,0,8160,8192,5216,1300,-6112,-112,64,19
1602419892,-5586,6152,-1462,163,-171,-114,-15869,0,-15537,0,8160,8192,5122,6,-6982,-98,51,28
1602469892,-6408,8286,-4132,100,-331,-30,0,0,-7,-1,-15866,0,6502,790,-4870,-101,4,21
1602519892,-5264,5764,-1594,111,-150,36,-15864,0,-15537,0,8160,8192,6544,556,-6164,-100,37,31
1602569892,-5770,6752,-1962,93,-112,19,0,0,-7,-1,-16862,0,4496,-166,-7032,-101,55,32
1602619892,-5130,5620,-1422,53,-120,63,8160,8192,18084,24453,645,8192,5908,792,-5572,-107,-4,23
1602669892,-6098,6526,-1826,37,-80,110,-15858,0,-15537,0,8160,8192,6692,618,-5540,-115,28,20
1602719892,-5716,5680,-1416,133,-87,-21,8160,8192,-12988,24454,645,8192,6244,-524,-5706,-105,45,15
1602769892,-5124,5758,-1390,59,-131,42,-17854,0,-15537,0,8160,8192,5996,106,-6026,-89,33,32
1602819892,-4764,5506,-1114,89,-186,-273,-15852,0,-15537,0,8160,8192,6502,-74,-4680,-101,3,39
1602869892,-6112,7380,-2916,73,-208,-150,0,0,-7,-1,-16846,0,6930,-120,-2450,-122,3,8
1602919892,-4334,5440,-1070,153,-266,-139,8160,8192,0,0,645,8192,3824,398,-6862,-120,28,23
1602969892,-5138,5406,-1126,145,-235,-294,-15843,0,-15537,0,8160,8192,5472,222,-6648,-113,18,34
1603019892,-5978,5892,-2292,143,-325,-126,8160,8192,24868,24459,645,8192,6664,836,-6134,-107,-19,29
1603069892,-7026,5854,-1498,144,-78,191,-15835,0,-15537,0,8160,8192,7186,-508,-5506,-97,3,37
1603119892,-6374,4880,24,183,-132,195,-15831,0,-15537,0,8160,8192,6398,-2098,-5442,-98,-18,30
1603169892,-8824,5872,-268,56,78,123,0,0,-7,-1,-15829,0,5318,-296,-5440,-113,91,26
1603219892,-7098,5062,-774,152,-150,-190,0,0,-7,-1,-15826,0,7018,-1328,-5822,-120,57,22
1603269892,-7072,4788,84,95,-20,233,-17824,0,-15537,0,8160,8192,5878,-1488,-6212,-114,24,24
1603319892,-6848,4352,-202,75,-157,-228,-15821,0,-15537,0,8160,8192,5484,-1700,-6390,-96,40,40
1603369892,-7562,4360,488,126,-72,214,8160,8192,-18348,24464,645,8192,6246,-2620,-6018,-99,45,25
1603419892,-8264,3366,1188,92,71,450,-15816,0,-15537,0,8160,8192,5902,-4516,-6224,-105,43,32
1603469892,-9468,2588,2556,30,375,1269,-17814,0,-15537,0,8160,8192,6386,-6544,-5862,-120,59,33
1603519892,-11886,5632,-322,-109,250,857,-15811,0,-15537,0,8160,8192,4178,-5848,-3604,-114,62,50
1603569892,-5904,2726,974,291,-231,-86,0,0,-7,-1,-16808,0,5934,-4586,-8056,-108,105,34
1603619892,-5722,5216,90,116,-108,73,-15805,0,-15537,0,8160,8192,7850,-1010,-9300,-71,56,57
1603669892,-4734,5450,-1592,118,-74,120,-17803,0,-15537,0,8160,8192,2754,1644,-7646,-116,72,13
1603719892,-3346,2952,-994,92,38,404,8160,8192,3972,24470,645,8192,1368,-286,-12070,-117,25,41
1603769892,-5428,5832,-1570,93,-57,292,-15798,0,-15537,0,8160,8192,3754,1732,-4260,-112,27,58
1603819892,-4536,5854,-2884,-6,-37,-130,-15796,0,-15537,0,8160,8192,2618,-368,-7604,-105,128,21
1603869892,-3598,7120,-3018,159,-195,112,-15792,0,-15537,0,8160,8192,10224,2368,-3974,-108,39,27
1603919892,-3928,6966,-3674,26,-201,-14,-15791,0,-15537,0,8160,8192,5194,3426,-7536,-103,6,41
1603969892,-2984,8254,-4132,127,-372,-495,-15789,0,-15537,0,8160,8192,6184,4414,-5726,-103,-6,16
1604019892,-3034,7350,-2470,238,-234,-277,-15785,0,-15537,0,8160,8192,5584,3530,-5836,-118,11,12
1604069892,-4402,7586,-2962,111,-12,379,8160,8192,26292,24475,645,8192,6022,2910,-5932,-113,-4,20
1604119892,-4972,6544,-1822,47,118,731,-17780,0,-15537,0,8160,8192,5624,650,-5904,-123,18,24
1604169892,-5980,6528,-1748,100,213,583,-16778,0,-15537,0,8160,8192,5020,1410,-6198,-119,87,26
1604219892,-4170,6868,-2318,250,-392,-678,8160,8192,-20316,24477,645,8192,5436,1288,-6140,-112,48,33
1604269892,-4964,6782,-2172,6,108,436,-15773,0,-15537,0,8160,8192,5616,1126,-6002,-107,37,15
1604319892,-5336,6558,-1714,98,18,306,0,0,-7,-1,-16771,0,5232,738,-6232,-93,53,14
1604369892,-5602,6040,-1406,121,-99,49,0,0,-7,-1,-16769,0,5662,130,-6390,-105,55,26
1604419892,-6134,5988,-1432,78,-64,41,-15767,0,-15537,0,8160,8192,5638,-30,-6154,-98,58,26
1604469892,-5906,5952,-1084,146,-75,159,0,0,-7,-1,-15765,0,5904,-498,-6034,-89,57,21
1604519892,-5604,5870,-1380,70,-104,124,0,0,-7,-1,-15762,0,5712,-156,-6070,-104,3,28
1604569892,-5200,6384,-1820,79,-184,-6,0,0,-7,-1,-15758,0,5664,630,-6064,-99,11,23
1604619892,-5546,5850,-1288,89,-66,254,-15755,0,-15537,0,8160,8192,5814,-16,-5974,-106,29,28
1604669892,-5366,6108,-1522,94,-107,14,-15751,0,-15537,0,8160,8192,5730,262,-5984,-100,37,28
1604719892,-4964,6066,-1504,108,-133,109,8160,8192,20932,24485,645,8192,5854,324,-5898,-106,25,32
1604769892,-5528,6152,-1598,88,-113,70,-16746,0,-15537,0,8160,8192,5696,290,-5856,-104,16,30
1604819892,-5658,6146,-1404,84,-59,150,-17745,0,-15537,0,8160,8192,5818,104,-5902,-99,25,26
1604869892,-5474,6130,-1518,96,-96,64,-17743,0,-15537,0,8160,8192,5676,282,-6006,-100,32,29
1604919892,-5590,6182,-1396,110,-75,113,0,0,-7,-1,-15742,0,5824,74,-6076,-103,41,31
1604969892,-5646,6086,-1438,88,-86,62,-15739,0,-15537,0,8160,8192,5818,14,-5970,-104,40,30
1605019892,-5454,6240,-1516,100,-93,45,0,0,-7,-1,-15736,0,5622,316,-6148,-109,47,32
1605069892,-5434,6280,-1652,96,-70,101,0,0,-7,-1,-15731,0,5670,316,-6106,-103,44,31
1605119892,-5482,6144,-1576,102,-93,61,-15729,0,-15537,0,8160,8192,5742,182,-6168,-106,47,31
1605169892,-5588,6088,-1486,113,-84,101,8160,8192,0,0,645,8192,6016,14,-5882,-107,39,33
1605219892,-5338,6314,-1716,89,-124,9,-17725,0,-15537,0,8160,8192,5760,294,-6152,-102,28,30
1605269892,-5370,6320,-1780,99,-118,56,-15723,0,-15537,0,8160,8192,5642,364,-6342,-110,30,39
1605319892,-5596,6260,-1510,106,-76,128,-15721,0,-15537,0,8160,8192,5720,110,-6078,-100,31,26
1605369892,-5326,6306,-1614,103,-136,10,-15719,0,-15537,0,8160,8192,5610,246,-6254,-106,30,33
1605419892,-5416,6270,-1572,101,-120,71,0,0,-7,-1,-16716,0,5532,228,-6244,-109,19,34
1605469892,-5434,6364,-1620,95,-113,42,0,0,-7,-1,-16714,0,5502,410,-6038,-108,27,30
1605519892,-5586,6024,-1452,112,-97,101,8160,8192,0,0,645,8192,5834,-22,-5900,-106,28,36
1605569892,-5522,6202,-1564,79,-134,4,-17708,0,-15537,0,8160,8192,5826,28,-5954,-101,21,32
1605619892,-5392,6404,-1672,97,-118,0,-15706,0,-15537,0,8160,8192,5512,532,-6312,-106,47,33
1605669892,-4798,6710,-2154,72,-162,-67,-17701,0,-15537,0,8160,8192,5688,1170,-6046,-107,35,32
1605719892,-4976,6762,-2238,112,-249,-266,8160,8192,-27644,24500,645,8192,5784,672,-6034,-97,21,30
1605769892,-5262,6342,-1796,35,-106,32,8160,8192,22356,24501,645,8192,5838,826,-6076,-104,23,33
1605819892,-5278,6482,-2136,100,-179,-130,-15694,0,-15537,0,8160,8192,5854,914,-6070,-104,36,30
1605869892,-4806,6210,-1992,104,-213,-229,-15692,0,-15537,0,8160,8192,5924,238,-6286,-107,31,24
1605919892,-5246,6448,-1890,131,-152,-118,0,0,-7,-1,-15688,0,5910,1000,-5754,-103,52,35
1605969892,-4464,5718,-1958,41,-142,12,-15686,0,-15537,0,8160,8192,6908,1856,-5086,-101,-7,25
1606019892,-5592,5884,-1372,107,-116,57,8160,8192,10212,24505,645,8192,5856,-408,-6332,-98,34,30
1606069892,-5408,6146,-1748,76,-153,-49,0,0,-7,-1,-16682,0,5532,-366,-6150,-100,34,29
1606119892,-5560,5706,-1682,112,-179,-42,-15680,0,-15537,0,8160,8192,5842,742,-6318,-102,21,22
1606169892,-5450,6084,-1448,151,-192,-135,-15678,0,-15537,0,8160,8192,6332,454,-6104,-98,48,30
1606219892,-6024,6138,-1364,95,-125,39,0,0,-7,-1,-15674,0,5800,-96,-6518,-91,45,30
1606269892,-5994,6806,-1874,125,-172,-66,-17671,0,-15537,0,8160,8192,6344,838,-5256,-97,29,25
1606319892,-5064,6250,-1628,75,-107,99,-15670,0,-15537,0,8160,8192,4528,540,-7104,-114,56,18
1606369892,-5792,6628,-2318,93,-147,118,8160,8192,0,0,645,8192,4912,840,-6020,-93,28,32
1606419892,-4634,5670,-1130,93,-174,-4,-15666,0,-15537,0,8160,8192,7848,1428,-5142,-110,-4,21
1606469892,-5382,6624,-2078,93,-102,-82,8160,8192,1460,24512,645,8192,7480,792,-5092,-109,51,24
1606519892,-4130,5376,-918,38,-58,13,0,0,-7,-1,-16661,0,5356,-192,-6718,-98,27,44
1606569892,-4512,6250,-2390,91,-248,-217,-15659,0,-15537,0,8160,8192,4812,2112,-5522,-115,15,40
1606619892,-5962,6720,-1646,86,-85,-140,0,0,-7,-1,-15656,0,1458,710,-9904,-101,31,22
1606669892,-7572,7226,-2718,129,-272,-315,-15653,0,-15537,0,8160,8192,6788,622,-5170,-87,-46,35
1606719892,-4686,4936,-676,146,-194,-195,8160,8192,-10684,24515,645,8192,6172,740,-6448,-105,21,26
1606769892,-5160,5012,-216,212,-128,135,0,0,-7,-1,-15647,0,9742,-880,-3954,-119,17,18
1606819892,-7062,4556,340,106,14,80,8160,8192,23780,24517,645,8192,6852,-1900,-4556,-135,-2,19
1606869892,-6848,4326,-38,109,10,42,-16642,0,-15537,0,8160,8192,5612,-2796,-6618,-122,70,16
1606919892,-7440,4496,-166,135,-81,-32,8160,8192,-7292,24518,645,8192,7140,-3054,-5022,-111,58,16
1606969892,-7642,3736,422,-104,173,358,8160,8192,-22828,24519,645,8192,5030,-2438,-6384,-102,52,39
1607019892,-7990,5480,-624,181,-323,-485,0,0,-7,-1,-15635,0,5570,-2146,-6552,-101,53,22
1607069892,-7046,4650,-414,57,-52,235,-16633,0,-15537,0,8160,8192,5508,-1864,-6216,-109,26,34
1607119892,-7200,4476,-344,116,-152,-141,-15629,0,-15537,0,8160,8192,6032,-1724,-5938,-104,32,29
1607169892,-6658,4798,-140,200,-199,14,8160,8192,-19436,24522,645,8192,5996,-1450,-5980,-102,26,33
1607219892,-8204,4238,764,54,243,941,-15624,0,-15537,0,8160,8192,5626,-3862,-5900,-105,52,32
1607269892,-9504,3492,1562,44,265,1101,0,0,-7,-1,-15620,0,5770,-6004,-6316,-105,25,30
1607319892,-9398,3856,1006,2,212,826,0,0,-7,-1,-15615,0,6842,-4706,-6346,-78,68,45
1607369892,-10382,7140,-568,184,-27,439,-15612,0,-15537,0,8160,8192,7802,-6162,-5114,-101,45,29
1607419892,-9194,7998,-2056,11,-179,336,-16610,0,-15537,0,8160,8192,8048,-3154,-5468,-80,-53,66
1607469892,-6732,10678,-4552,-137,-314,-622,-15608,0,-15537,0,8160,8192,18322,3496,1102,-151,-3,33
1607519892,-5402,8174,-1798,184,53,519,0,0,-7,-1,-15606,0,4530,7912,-6498,-117,24,51
1607569892,-4544,5090,-1880,116,-30,340,-15602,0,-15537,0,8160,8192,6884,-774,-5332,-129,65,56
1607619892,-2106,4074,-3662,-54,-154,-207,-16600,0,-15537,0,8160,8192,6232,2326,-6780,-105,57,56
1607669892,-4260,7092,-2150,197,-167,81,8160,8192,21812,24530,645,8192,7398,1744,-5654,-114,35,28
1607719892,-3734,7894,-2454,64,-223,-95,-15596,0,-15537,0,8160,8192,4998,3474,-6358,-103,-3,54
1607769892,-4170,7358,-2908,92,-221,9,-17594,0,-15537,0,8160,8192,5628,5624,-4510,-107,-14,41
1607819892,-142,3696,-666,112,-202,-340,-15592,0,-15537,0,8160,8192,7232,1300,-4050,-130,43,19
1607869892,-2848,7878,-3194,420,-392,-523,8160,8192,25204,24533,645,8192,5406,3384,-6298,-125,77,27
1607919892,-4746,6080,-1196,117,138,650,0,0,-7,-1,-15585,0,7276,-76,-4888,-126,115,40
1607969892,-6934,6422,-1800,-5,427,1145,8160,8192,-5868,24534,645,8192,6162,2598,-6202,-127,21,31
1608019892,-4016,7294,-2840,289,-632,-1505,-16580,0,-15537,0,8160,8192,6500,1242,-5910,-101,38,29
1608069892,-5210,6576,-2188,-183,339,1067,8160,8192,28596,24536,645,8192,6028,1258,-5920,-116,19,24
1608119892,-5248,6352,-1780,107,-87,208,-15576,0,-15537,0,8160,8192,5808,722,-6346,-105,-8,14
1608169892,-5582,6184,-1338,92,-118,81,8160,8192,-2476,24537,645,8192,5800,68,-5866,-109,12,25
1608219892,-5638,6444,-1722,132,-53,86,-15569,0,-15537,0,8160,8192,6124,248,-5936,-115,94,35
1608269892,-5464,6086,-1604,159,-81,-108,-16566,0,-15537,0,8160,8192,5860,202,-6178,-94,157,49
1608319892,-5668,5964,-1470,148,-57,84,-17563,0,-15537,0,8160,8192,5866,-288,-5990,-97,78,27
1608369892,-5470,6258,-1582,84,-143,-12,-15562,0,-15537,0,8160,8192,5910,282,-6008,-106,23,23
1608419892,-5272,6134,-1568,78,-122,114,0,0,-7,-1,-15559,0,5664,130,-6036,-105,-12,25
1608469892,-5744,6152,-1648,33,-122,155,-15556,0,-15537,0,8160,8192,5882,252,-5980,-109,-44,30
1608519892,-5614,6152,-1440,106,-115,88,-15554,0,-15537,0,8160,8192,5854,-138,-6018,-102,13,25
1608569892,-5568,6198,-1538,86,-138,47,8160,8192,4308,24544,645,8192,5788,54,-5994,-112,17,31
1608619892,-5444,6142,-1546,98,-136,37,-15548,0,-15537,0,8160,8192,5794,18,-6024,-104,14,33
1608669892,-5710,5996,-1378,101,-75,155,0,0,-7,-1,-16545,0,5888,-94,-5956,-109,20,31
1608719892,-5554,6316,-1512,105,-150,-10,-17544,0,-15537,0,8160,8192,5818,150,-6202,-107,24,35
1608769892,-5798,6098,-1266,117,-61,166,-16355,0,-15537,0,8160,8192,5808,-156,-5934,-109,35,33
1608819892,-5244,6298,-1628,109,-152,-47,-15541,0,-15537,0,8160,8192,5750,314,-5974,-108,46,37
1608869893,-5756,6318,-1506,112,-62,169,8160,8192,0,0,645,8192,5992,160,-6022,-111,28,36
1608919892,-5312,6254,-1714,88,-139,-34,8160,8192,26628,24549,645,8192,5800,126,-5984,-109,35,30
1608969892,-5370,6298,-1648,88,-97,63,-18533,0,-15537,0,8160,8192,5882,304,-5916,-105,35,34
1609019892,-5670,6316,-1544,111,-81,139,8160,8192,-4444,24550,645,8192,5778,280,-5908,-106,27,27
1609069892,-5254,6430,-1690,94,-143,5,-16528,0,-15537,0,8160,8192,5714,294,-6232,-111,24,36
1609119892,-5594,6136,-1532,111,-66,140,0,0,-7,-1,-17525,0,5648,114,-6278,-102,40,30
1609169892,-5372,6316,-1666,119,-103,54,0,0,-7,-1,-16523,0,5630,372,-6112,-107,46,33
1609219892,-5088,6550,-1816,79,-117,27,0,0,-7,-1,-17521,0,5512,632,-6312,-100,27,31
1609269892,-5302,6386,-1802,89,-110,71,8160,8192,-16588,24554,645,8192,5468,612,-6106,-106,25,36
1609319892,-5366,6316,-1716,77,-106,51,-16516,0,-15537,0,8160,8192,5794,256,-6006,-95,24,24
1609369892,-5360,6474,-1752,95,-128,37,0,0,-7,-1,-16514,0,6092,494,-5912,-106,25,30
1609419892,-5158,6438,-1834,86,-155,7,-16512,0,-15537,0,8160,8192,5694,720,-6184,-106,18,29
1609469892,-5352,6336,-1716,51,-138,14,0,0,-7,-1,-16509,0,5708,584,-5954,-100,5,26
1609519892,-5296,6258,-1850,46,-172,-150,8160,8192,-28732,24558,645,8192,5652,644,-6082,-112,36,30
1609569892,-5344,6264,-1674,112,-126,72,-18506,0,-15537,0,8160,8192,5892,508,-6086,-105,39,33
1609619892,-4800,6780,-2320,119,-254,-280,0,0,-7,-1,-16503,0,5862,1240,-6140,-104,33,26
1609669892,-5430,6306,-1684,143,-216,-237,0,0,-7,-1,-16501,0,5236,1086,-6204,-109,5,28
1609719892,-5466,6790,-1784,75,-176,-146,8160,8192,0,0,645,8192,5406,658,-6264,-99,29,35
1609769892,-5248,6710,-2048,-5,-67,-4,8160,8192,0,0,645,8192,5622,652,-5668,-104,27,22
1609819892,-5396,5998,-1480,180,-212,-145,-16493,0,-15537,0,8160,8192,5702,768,-6274,-104,42,27
1609869892,-4776,6256,-1826,57,-150,-58,-16490,0,-15537,0,8160,8192,5358,922,-6434,-101,16,21
1609919892,-5056,5990,-1854,55,-105,61,-16488,0,-15537,0,8160,8192,4896,700,-6514,-98,44,32
1609969892,-4170,5444,-1236,134,-219,-201,-16486,0,-15537,0,8160,8192,6776,1086,-4928,-94,38,24
1610019892,-3434,4734,-1428,117,-236,138,0,0,-7,-1,-16485,0,5970,1116,-6830,-105,14,23
1610069892,-6146,6220,-1998,116,-142,32,8160,8192,-3020,24566,645,8192,5718,-10,-7350,-106,44,33
1610119892,-6088,6394,-2140,110,-142,-21,8160,8192,0,0,645,8192,3682,368,-7392,-93,65,28
1610169892,-5024,5694,-1312,145,-143,-26,8160,8192,31444,24568,645,8192,7242,258,-3954,-103,16,21
1610219892,-5994,6300,-1682,98,-133,20,0,0,-7,-1,-17475,0,4468,1262,-7364,-101,15,19
1610269892,-5970,6426,-1694,89,-96,-28,8160,8192,0,0,645,8192,4150,-222,-7336,-83,18,38
1610319892,-4380,5954,-2172,57,-255,-327,8160,8192,-15164,24570,645,8192,7212,882,-5398,-95,39,30
1610369892,-5020,6170,-1704,34,-110,-124,-16470,0,-15537,0,8160,8192,-2026,1814,-10890,-104,8,15
1610419892,-6316,6844,-2110,91,-268,-257,8160,8192,0,0,645,8192,9738,734,-4292,-83,-16,26
1610469892,-6798,6314,-2042,87,-75,-21,0,0,-7,-1,-16466,0,1308,1728,-9474,-100,92,20
1610519892,-6590,5662,-390,134,-109,-35,-16464,0,-15537,0,8160,8192,7006,-1172,-4390,-100,-40,11
1610569892,-5290,4650,306,41,-98,-90,-17462,0,-15537,0,8160,8192,6984,40,-6208,-125,-57,38
1610619892,-7320,5834,-1468,71,-89,68,-18461,0,-15537,0,8160,8192,4000,-1202,-6560,-118,4,17
1610669892,-6518,3912,366,112,-24,154,-18459,0,-15537,0,8160,8192,4672,-1862,-7684,-119,61,20
1610719892,-6746,4704,-306,88,-80,80,0,0,-7,-1,-16457,0,4804,-2592,-6436,-110,62,35
1610769892,-7526,4362,-284,54,-130,-264,-17455,0,-15537,0,8160,8192,5808,-1952,-6200,-106,64,28
1610819892,-7420,5470,-598,132,-199,-57,0,0,-7,-1,-17453,0,5370,-2136,-6278,-107,32,37
1610869892,-7058,4354,-256,40,-55,124,-17452,0,-15537,0,8160,8192,6004,-1698,-5968,-104,33,30
1610919892,-6818,4850,-142,254,-236,-200,-16451,0,-15537,0,8160,8192,5794,-1558,-6176,-103,53,31
1610969892,-8278,4994,-422,99,126,697,-16449,0,-15537,0,8160,8192,5822,-2744,-5774,-107,61,36
1611019892,-8066,4232,422,58,165,700,-18447,0,-15537,0,8160,8192,4714,-3320,-6362,-104,52,29
1611069892,-8918,3530,1196,106,161,815,-17445,0,-15537,0,8160,8192,6978,-6610,-5702,-94,52,47
1611119892,-10548,6154,-762,-149,231,1030,-16443,0,-15537,0,8160,8192,12962,-6598,-4270,-91,-43,47
1611169892,-7534,4142,928,179,-293,-118,-16441,0,-15537,0,8160,8192,8658,-3128,-5788,-92,-33,51
1611219892,-6014,6620,-16,19,-186,-31,-17438,0,-15537,0,8160,8192,10936,2602,-2240,-96,-60,62
1611269892,-5472,7900,-2262,162,-209,-43,-18437,0,-15537,0,8160,8192,2042,-1346,-8880,-95,19,57
1611319892,-6414,5400,-1186,228,136,566,8160,8192,0,0,645,8192,1556,-1224,-8280,-109,91,34
1611369892,-5906,8122,-2260,108,-162,129,5544,8192,-7,-1,-15886,0,12252,3152,-7204,-96,31,31
1611419892,-4372,5404,-2562,70,-160,-132,-16430,0,-15537,0,8160,8192,842,-778,-7756,-130,72,28
1611469892,-5654,9238,-2240,210,-84,240,-16428,0,-15537,0,8160,8192,5972,7732,-6800,-106,88,43
1611519892,-4164,7122,-3084,80,-246,-44,8160,8192,5188,24589,645,8192,1802,2992,-8190,-109,16,46
1611569892,-2740,8216,-4646,89,-389,-547,8160,8192,-10348,24589,645,8192,5520,5956,-6440,-103,22,15
1611619892,-4488,7390,-1372,350,-229,-88,0,0,-7,-1,-16420,0,4092,682,-7202,-135,-20,13
1611669892,-4820,6294,-1902,-173,262,1263,-16418,0,-15537,0,8160,8192,6188,990,-4956,-117,-42,19
1611719892,-3086,7858,-3900,-1,-425,-866,-18416,0,-15537,0,8160,8192,5852,3494,-6328,-112,-52,23
1611769892,-3944,7286,-2586,199,-88,119,-16414,0,-15537,0,8160,8192,5942,2328,-6222,-120,83,29
1611819892,-3958,7018,-2992,41,-37,-98,-16412,0,-15537,0,8160,8192,5670,2172,-6292,-102,70,1
1611869892,-5020,6432,-1598,86,25,514,0,0,-7,-1,-16411,0,5356,242,-6628,-110,11,20
1611919892,-5616,5866,-924,60,-45,281,0,0,-7,-1,-17409,0,5840,-584,-6192,-104,13,22
1611969892,-6526,5976,-800,78,-19,453,-17407,0,-15537,0,8160,8192,6134,-952,-6386,-92,47,25
1612019892,-6730,5288,-470,137,13,186,8160,8192,-19100,24596,645,8192,6014,-1578,-6076,-105,61,21
1612069892,-5562,6116,-1410,77,-132,-36,0,0,-7,-1,-16402,0,5732,-290,-5970,-112,44,26
1612119892,-5618,6420,-1576,96,-136,23,0,0,-7,-1,-17400,0,5768,412,-6150,-111,34,34
1612169892,-4846,6750,-2434,39,-144,-55,-16399,0,-15537,0,8160,8192,5680,1384,-6012,-101,18,31
1612219892,-4896,6506,-1820,116,-93,122,-16398,0,-15537,0,8160,8192,5726,730,-6076,-102,41,32
1612269892,-5322,6220,-1708,61,-83,75,8160,8192,0,0,645,8192,5820,424,-6004,-104,28,26
1612319892,-5440,6264,-1520,88,-99,93,0,0,-7,-1,-16393,0,5678,336,-6024,-99,29,28
1612369892,-5894,5974,-1290,92,-77,85,-16391,0,-15537,0,8160,8192,5776,-134,-6050,-98,44,29
1612419892,-5548,6098,-1462,98,-95,42,-16388,0,-15537,0,8160,8192,5670,236,-6030,-105,43,26
1612469892,-5768,5934,-1238,117,-39,197,8160,8192,-27852,24603,645,8192,5642,-228,-6054,-102,38,29
1612519892,-5672,6186,-1464,110,-110,43,0,0,-7,-1,-17382,0,5592,56,-6094,-105,34,34
1612569892,-5470,6362,-1558,99,-91,64,-16380,0,-15537,0,8160,8192,5656,504,-6132,-96,37,28
1612619892,-5640,6230,-1388,119,-65,152,-16378,0,-15537,0,8160,8192,5910,32,-5934,-106,35,33
1612669892,-5228,6330,-1662,78,-136,-20,0,0,-7,-1,-16376,0,5844,364,-6190,-99,27,28
1612719892,-5784,6220,-1352,126,-54,178,-18374,0,-15537,0,8160,8192,5852,-70,-5928,-105,43,35
1612769892,-5562,6104,-1470,106,-91,45,-16372,0,-15537,0,8160,8192,5738,-68,-6142,-106,52,31
1612819892,-5406,6162,-1462,116,-117,-12,-16371,0,-15537,0,8160,8192,5830,36,-6008,-101,55,28
1612869892,-5734,6192,-1550,116,-69,136,0,0,-7,-1,-16368,0,5852,162,-5912,-107,45,34
1612919892,-5274,6316,-1692,98,-135,-10,-16367,0,-15537,0,8160,8192,5586,342,-6230,-102,34,23
1612969892,-5350,6372,-1484,110,-123,95,-16366,0,-15537,0,8160,8192,5654,136,-6214,-108,27,32
1613019892,-5522,6386,-1592,108,-138,-14,-16365,0,-15537,0,8160,8192,5810,292,-6178,-104,37,30
1613069892,-5348,6356,-1726,85,-102,72,0,0,-7,-1,-17364,0,5722,372,-6156,-104,26,35
1613119892,-5438,6234,-1612,104,-150,8,8160,8192,32324,24613,645,8192,5650,184,-6224,-109,23,37
1613169892,-5204,6372,-1880,73,-134,-7,-16361,0,-15537,0,8160,8192,5598,706,-6202,-107,19,31
1613219892,-5000,6552,-1826,87,-154,-27,-16359,0,-15537,0,8160,8192,5610,738,-6096,-103,19,33
1613269892,-5230,6350,-2086,50,-204,-211,-16356,0,-15537,0,8160,8192,5826,1056,-5972,-112,19,29
1613319892,-5144,6474,-1988,80,-170,-41,-16354,0,-15537,0,8160,8192,5668,778,-6092,-98,7,30
1613369892,-5168,6770,-1846,68,-179,-92,-16352,0,-15537,0,8160,8192,6548,838,-5586,-102,6,28
1613419892,-5202,6240,-1904,67,-198,-243,-17350,0,-15537,0,8160,8192,6224,900,-6042,-103,2,25
1613469892,-5082,6220,-1552,135,-157,-131,-16348,0,-15537,0,8160,8192,5400,-38,-6428,-99,51,30
1613519892,-4798,6164,-2134,54,-203,-10,-17346,0,-15537,0,8160,8192,5336,574,-5894,-100,10,21
1613569892,-5898,6770,-2206,103,-143,-31,-16344,0,-15537,0,8160,8192,6052,1408,-5890,-102,48,33
1613619892,-5246,6380,-1682,161,-236,-251,-16342,0,-15537,0,8160,8192,5976,906,-5978,-97,46,33
1613669892,-4728,5774,-1302,95,-150,-79,0,0,-7,-1,-17341,0,6412,784,-5994,-108,45,16
1613719892,-5030,6164,-1884,179,-200,-115,8160,8192,0,0,645,8192,4246,1068,-7128,-102,65,29
1613769892,-6626,7268,-2886,82,-148,24,8160,8192,0,0,645,8192,6160,200,-5916,-102,30,31
1613819892,-5808,6602,-2284,130,-141,123,-16335,0,-15537,0,8160,8192,5796,-64,-5416,-105,42,12
1613869892,-5244,6196,-1810,81,-191,8,0,0,-7,-1,-16333,0,6746,664,-5550,-93,-18,34
1613919892,-5012,6034,-1332,55,-76,207,-18330,0,-15537,0,8160,8192,7440,-678,-5536,-107,23,14
1613969892,-4918,5128,-616,93,-97,-34,8160,8192,0,0,645,8192,6430,84,-4996,-105,10,30
1614019892,-5580,5940,-1634,121,-170,-149,8160,8192,0,0,645,8192,6608,-224,-5074,-121,35,27
1614069892,-6502,6712,-1836,108,-182,-58,-17322,0,-15537,0,8160,8192,3804,990,-8496,-112,33,25
1614119892,-4436,5094,-1064,56,-216,-243,-16320,0,-15537,0,8160,8192,5658,894,-7494,-105,38,32
1614169892,-5758,6288,-2242,78,-236,-223,-18318,0,-15537,0,8160,8192,6710,-104,-4794,-89,13,50
1614219892,-4760,4628,-312,123,-108,-118,-17316,0,-15537,0,8160,8192,5574,1292,-6190,-101,35,28
1614269892,-5610,5526,-1350,141,-149,-34,-16314,0,-15537,0,8160,8192,7004,-640,-5348,-124,28,25
1614319892,-6704,5318,-914,66,-73,-145,-16312,0,-15537,0,8160,8192,7204,-1848,-4600,-133,3,23
1614369892,-7224,6404,-2096,51,-172,-78,8160,8192,0,0,645,8192,-132,-684,-8658,-120,8,29
1614419892,-6904,4654,-450,113,-20,229,-16307,0,-15537,0,8160,8192,4934,-2298,-7044,-113,44,17
1614469892,-6774,4814,-156,127,-150,0,-16306,0,-15537,0,8160,8192,6760,-1704,-5510,-102,26,32
1614519892,-7442,4024,-40,22,-64,-129,8160,8192,0,0,645,8192,6310,-2542,-5494,-111,56,30
1614569892,-7656,4726,400,97,-107,57,0,0,-7,-1,-16304,0,5792,-2382,-6048,-100,31,24
1614619892,-7332,4344,-184,60,-70,64,0,0,-7,-1,-16301,0,5610,-1686,-6134,-108,43,37
1614669892,-6790,4798,-382,171,-216,-94,0,0,-7,-1,-16299,0,5710,-1418,-6186,-101,16,28
1614719892,-6758,4742,-242,98,-31,367,0,0,-7,-1,-17298,0,6370,-1650,-6012,-107,5,33
1614769892,-8042,4440,546,97,166,865,8160,8192,-21612,24638,645,8192,4864,-3518,-6640,-96,27,28
1614819892,-9934,4054,1304,52,303,1114,-16295,0,-15537,0,8160,8192,5482,-5396,-7036,-108,40,18
1614869892,-10294,3912,834,-82,268,863,-16293,0,-15537,0,8160,8192,16520,-4180,-480,-83,-42,7
1614919892,-7844,4182,174,155,-73,175,0,0,-7,-1,-16290,0,6398,-2848,-6314,-75,107,53
1614969892,-8970,6610,1224,-58,-21,-106,-16287,0,-15537,0,8160,8192,17196,-358,234,-87,-60,47
1615019892,-6018,6594,-1248,83,-77,33,-16285,0,-15537,0,8160,8192,5832,3962,-4276,-104,36,63
1615069892,-2958,5626,-2336,93,-2,273,-16283,0,-15537,0,8160,8192,4906,128,-6964,-131,76,24
1615119892,-4326,5930,-2176,167,-177,44,-16280,0,-15537,0,8160,8192,4710,-808,-5850,-111,24,56
1615169892,-4938,7578,-1864,127,-57,192,-16278,0,-15537,0,8160,8192,6150,616,-5338,-109,70,28
1615219892,-3726,6546,-2428,111,-247,-151,8160,8192,0,0,645,8192,6858,1976,-6162,-121,48,41
1615269892,-4432,7030,-1708,164,-101,222,8160,8192,19636,24646,645,8192,5448,-314,-5968,-115,42,63
1615319892,-2822,7758,-3232,46,-428,-437,-18271,0,-15537,0,8160,8192,5490,5574,-3544,-109,29,34
1615369892,-4594,9640,-4126,413,-389,-904,8160,8192,-11436,24647,645,8192,2738,3730,-6774,-123,123,31
1615419892,-4900,6632,-2100,130,7,386,-16269,0,-15537,0,8160,8192,5972,1928,-5782,-118,28,25
1615469892,-5430,6340,-1646,-206,414,1255,8160,8192,23028,24649,645,8192,5750,756,-6048,-119,25,24
1615519892,-5452,6220,-1500,182,-136,90,-16263,0,-15537,0,8160,8192,5444,-26,-6392,-106,54,22
1615569892,-4742,6684,-2716,47,-165,-173,8160,8192,0,0,645,8192,5190,2124,-6270,-121,4,31
1615619892,-4004,7604,-2596,243,-237,-205,-16259,0,-15537,0,8160,8192,5046,1848,-6044,-115,18,22
1615669892,-5166,6540,-1792,-48,92,650,0,0,-7,-1,-17256,0,5672,868,-5988,-105,4,22
1615719892,-5464,6190,-1408,137,-167,-42,0,0,-7,-1,-17255,0,6020,-276,-5932,-113,47,33
1615769892,-5578,5980,-1342,123,-46,90,0,0,-7,-1,-16253,0,6156,40,-5850,-102,85,31
1615819892,-5472,6038,-1650,112,-99,14,0,0,-7,-1,-16252,0,5504,148,-6016,-110,60,37
1615869892,-5878,5898,-1116,113,-131,9,-16249,0,-15537,0,8160,8192,5762,-810,-6168,-104,17,34
1615919892,-5618,6126,-1446,71,-120,101,-18246,0,-15537,0,8160,8192,5680,244,-6012,-97,0,25
1615969892,-5216,6414,-1596,126,-176,30,0,0,-7,-1,-17245,0,5762,192,-6058,-102,-8,30
1616019892,-5540,6012,-1468,64,-89,125,-18243,0,-15537,0,8160,8192,5658,76,-6006,-107,13,31
1616069892,-5518,6274,-1570,100,-122,4,-17240,0,-15537,0,8160,8192,5640,188,-6212,-104,41,27
1616119892,-5240,5966,-1700,75,-76,114,8160,8192,17668,24659,645,8192,5612,254,-6138,-103,44,32
1616169892,-5552,6022,-1512,98,-94,79,-16236,0,-15537,0,8160,8192,5884,48,-5946,-108,40,30
1616219892,-5410,6130,-1584,93,-85,57,-18235,0,-15537,0,8160,8192,5778,236,-6036,-103,45,28
1616269892,-5508,6268,-1532,100,-101,70,8160,8192,-28940,24661,645,8192,5682,242,-6164,-103,33,30
1616319892,-5508,6150,-1410,102,-80,110,8160,8192,21060,24662,645,8192,5732,172,-5962,-99,34,24
1616369892,-5464,6276,-1514,93,-110,50,0,0,-7,-1,-16230,0,5780,190,-5944,-107,30,35
1616419892,-5562,6162,-1492,99,-89,74,-17228,0,-15537,0,8160,8192,5582,60,-6248,-100,33,27
1616469892,-5546,6162,-1550,103,-87,70,8160,8192,-25548,24664,645,8192,5738,66,-6078,-107,48,29
1616519892,-5690,5996,-1406,125,-67,118,-16223,0,-15537,0,8160,8192,5896,-216,-5864,-104,51,30
1616569892,-5322,6314,-1758,83,-147,-34,-16221,0,-15537,0,8160,8192,6016,332,-5804,-106,32,33
1616619892,-5400,6364,-1642,122,-103,63,-18219,0,-15537,0,8160,8192,6066,484,-5798,-106,43,35
1616669892,-5548,6128,-1536,122,-79,112,-18217,0,-15537,0,8160,8192,6394,46,-5734,-103,49,34
1616719892,-5456,6094,-1606,109,-109,17,-16215,0,-15537,0,8160,8192,5910,188,-5850,-101,54,27
1616769892,-5276,6260,-1742,114,-136,-8,8160,8192,12308,24669,645,8192,5758,226,-6054,-114,40,42
1616819892,-5298,6468,-1710,91,-110,50,0,0,-7,-1,-16211,0,5534,488,-6186,-107,30,34
1616869892,-5120,6396,-1946,97,-140,-38,0,0,-7,-1,-16208,0,5792,856,-5928,-108,49,36
1616919892,-5176,6462,-1832,76,-125,-22,-16206,0,-15537,0,8160,8192,5674,328,-6250,-97,45,32
1616969892,-4938,6416,-2146,16,-209,-292,8160,8192,15700,24672,645,8192,5726,1070,-6156,-102,32,33
1617019892,-5272,6384,-1998,85,-168,-187,0,0,-7,-1,-16201,0,6058,988,-5694,-104,20,28
1617069892,-5210,6360,-1430,61,-137,-9,-16199,0,-15537,0,8160,8192,5586,732,-6300,-106,9,24
1617119892,-5476,6594,-2284,81,-204,-232,8160,8192,-30908,24674,645,8192,5680,866,-5740,-106,29,34
1617169892,-4580,5812,-2428,100,-239,-89,-16195,0,-15537,0,8160,8192,5702,184,-5970,-115,8,21
1617219892,-5434,6084,-1274,75,-134,-85,8160,8192,3556,24676,645,8192,5718,188,-5972,-106,27,35
1617269892,-5324,5690,-1080,38,-87,4,-17190,0,-15537,0,8160,8192,5186,362,-6458,-104,18,34
1617319892,-5688,5982,-1514,122,-200,-130,-16188,0,-15537,0,8160,8192,6232,250,-5798,-96,11,34
1617369892,-6046,6408,-1656,101,-170,-116,-18186,0,-15537,0,8160,8192,5710,324,-6248,-114,23,29
1617419892,-5566,6468,-1978,141,-207,-165,0,0,-7,-1,-17184,0,5934,672,-5774,-96,42,23
1617469892,-5814,5618,-1166,130,-77,107,8160,8192,-8588,24679,645,8192,3100,164,-8450,-112,64,27
1617519892,-4938,6046,-1848,98,-199,-83,-16181,0,-15537,0,8160,8192,6038,0,-5498,-103,15,27
1617569892,-5594,6604,-2338,85,-144,90,0,0,-7,-1,-16178,0,5330,1312,-6058,-105,39,19
1617619892,-5332,6772,-2360,41,-164,17,8160,8192,10340,24682,645,8192,4908,172,-6770,-97,6,13
1617669892,-4952,6198,-1718,27,-114,114,-17175,0,-15537,0,8160,8192,6662,484,-5788,-109,8,15
1617719892,-5482,6210,-2064,125,-126,-140,0,0,-7,-1,-16172,0,2104,1022,-7210,-110,66,20
1617769892,-5268,6200,-2140,73,-143,-114,8160,8192,0,0,645,8192,3624,778,-7162,-99,58,11
1617819892,-4416,6162,-1690,111,-227,-188,-16171,0,-15537,0,8160,8192,5254,1910,-5582,-102,5,19
1617869892,-5568,6136,-2208,153,-251,-352,8160,8192,-1804,24685,645,8192,7800,1790,-4818,-114,61,6
1617919892,-5750,5442,-1106,117,-139,-161,-16165,0,-15537,0,8160,8192,5096,876,-5216,-99,63,32
1617969892,-7498,5536,-1516,160,-152,-209,8160,8192,0,0,645,8192,7448,-1582,-5068,-110,2,45
1618019892,-6474,5656,-1788,39,-49,-12,-16160,0,-15537,0,8160,8192,4282,736,-6950,-100,-24,14
1618069892,-6618,5862,-1690,101,-173,186,-16157,0,-15537,0,8160,8192,5434,-1166,-5950,-110,-78,8
1618119892,-7146,4906,-766,19,-43,96,-17156,0,-15537,0,8160,8192,3958,-3380,-7988,-120,8,3
1618169892,-6810,5136,206,144,-116,121,0,0,-7,-1,-16153,0,6406,-488,-5240,-98,31,53
1618219892,-7658,4880,-264,64,-233,-513,-17150,0,-15537,0,8160,8192,4220,-1918,-6726,-111,73,23
1618269892,-7396,4616,-54,129,-73,183,-16148,0,-15537,0,8160,8192,5674,-2904,-6142,-108,53,34
1618319892,-7250,3358,1048,-1,42,132,-16147,0,-15537,0,8160,8192,5506,-2624,-6438,-104,59,30
1618369892,-6844,4806,-130,229,-276,-229,-16145,0,-15537,0,8160,8192,5488,-1236,-6300,-107,27,32
1618419892,-7482,4410,278,146,-16,385,-16143,0,-15537,0,8160,8192,6354,-1750,-6016,-96,19,33
1618469892,-7648,4216,164,57,133,763,0,0,-7,-1,-17141,0,6576,-2344,-6016,-100,26,30
1618519892,-7726,3766,978,73,157,838,-16138,0,-15537,0,8160,8192,5212,-3000,-7574,-96,39,26
1618569892,-8268,3686,1010,54,157,677,-16136,0,-15537,0,8160,8192,5622,-4620,-5676,-102,35,18
1618619892,-11508,7236,-1166,-81,169,799,0,0,-7,-1,-16134,0,152,-626,-8570,-97,-53,51
1618669892,-7388,5662,-330,115,-149,97,0,0,-7,-1,-19132,0,4234,-4004,-6856,-92,36,48
1618719892,-7238,9102,-3314,7,-152,7,-18131,0,-15537,0,8160,8192,-7306,-5170,-10100,-119,19,59
1618769892,-5922,5986,-1370,316,15,344,-16128,0,-15537,0,8160,8192,7934,1400,-6234,-97,90,46
1618819892,-4362,6198,-2100,115,-86,168,-16126,0,-15537,0,8160,8192,3150,1232,-10514,-131,69,31
1618869892,-3622,5350,-2114,98,-146,-66,8160,8192,15156,24701,645,8192,5784,786,-4238,-97,43,45
1618919892,-4566,5446,-1758,137,-24,415,0,0,-7,-1,-16122,0,3784,772,-7076,-99,1,49
1618969892,-3640,6672,-2196,88,-277,-281,8160,8192,0,0,645,8192,6830,1472,-5644,-113,32,29
1619019892,-4028,7802,-2492,80,-268,-51,-16118,0,-15537,0,8160,8192,4684,1630,-7090,-102,-21,35
1619069892,-2396,6980,-4364,59,-260,-285,-16116,0,-15537,0,8160,8192,2944,5454,-8824,-119,99,32
1619119892,-3708,7852,-4484,305,-387,-611,8160,8192,3012,24705,645,8192,4192,2544,-7006,-107,37,19
1619169892,-4748,7222,-2350,193,-31,541,-16112,0,-15537,0,8160,8192,6040,676,-5794,-123,23,21
1619219892,-5402,5974,-1274,-104,381,1067,0,0,-7,-1,-17110,0,5672,150,-6176,-107,142,24
1619269892,-5378,6026,-1514,135,-188,7,0,0,-7,-1,-16108,0,6346,-120,-5686,-114,7,34
1619319892,-4708,7796,-3110,22,-203,-69,-16106,0,-15537,0,8160,8192,5886,2636,-6018,-135,15,25
1619369892,-4224,6922,-2520,242,-110,69,8160,8192,-9132,24708,645,8192,5358,2312,-6306,-110,61,20
1619419892,-4990,6754,-1842,82,-13,253,-18103,0,-15537,0,8160,8192,5706,872,-6144,-106,53,22
1619469892,-5028,6646,-2012,98,-105,-15,-16101,0,-15537,0,8160,8192,5694,1400,-5860,-104,55,18
1619519892,-5742,6208,-1726,110,-57,321,-18100,0,-15537,0,8160,8192,5896,386,-6336,-107,16,26
1619569892,-5264,6288,-1806,84,-118,24,0,0,-7,-1,-16097,0,5792,422,-6068,-104,37,21
1619619892,-5868,5720,-1132,82,-103,150,-17095,0,-15537,0,8160,8192,5720,-496,-6002,-109,-13,31
1619669892,-5232,6504,-1862,23,-182,-23,-16092,0,-15537,0,8160,8192,5880,720,-5960,-96,-7,20
1619719892,-6042,6174,-1016,120,-86,249,-17089,0,-15537,0,8160,8192,5758,-598,-6176,-107,0,34
1619769892,-5580,6214,-1398,85,-107,63,-16088,0,-15537,0,8160,8192,5708,120,-6070,-115,30,27
1619819892,-5380,6290,-1494,131,-146,68,-16086,0,-15537,0,8160,8192,5844,46,-5900,-110,22,28
1619869892,-5422,6154,-1572,73,-103,92,8160,8192,32116,24716,645,8192,5640,166,-6126,-105,20,31
1619919892,-5510,6218,-1410,115,-103,77,-18081,0,-15537,0,8160,8192,5712,88,-6160,-112,32,37
1619969892,-5414,6382,-1558,107,-118,19,-16079,0,-15537,0,8160,8192,5842,238,-5902,-107,37,32
1620019892,-5546,6052,-1420,132,-80,79,0,0,-7,-1,-17077,0,5610,-104,-6220,-109,57,40
1620069892,-5564,6376,-1422,117,-100,22,-16075,0,-15537,0,8160,8192,5898,70,-6054,-104,52,32
1620119892,-5544,6188,-1334,116,-81,78,-18073,0,-15537,0,8160,8192,5630,2,-6302,-105,46,31
1620169892,-5526,5916,-1284,119,-70,124,8160,8192,4436,24721,645,8192,5804,-296,-5976,-109,41,36
1620219892,-5208,6340,-1702,108,-123,-43,0,0,-7,-1,-16069,0,5846,348,-5802,-106,58,30
1620269892,-5302,6340,-1706,122,-81,53,8160,8192,-26636,24722,645,8192,5652,570,-6160,-102,63,27
1620319892,-5186,6462,-1774,116,-93,48,8160,8192,0,0,645,8192,5604,348,-6230,-102,56,37
1620369892,-5328,6412,-1728,98,-102,45,0,0,-7,-1,-17064,0,5702,654,-6152,-94,46,26
1620419892,-5190,6482,-1826,107,-120,15,-18061,0,-15537,0,8160,8192,5600,740,-6090,-107,44,33
1620469892,-5090,6520,-2030,92,-116,35,-16059,0,-15537,0,8160,8192,5768,988,-6018,-94,33,26
1620519892,-5488,6152,-1738,87,-81,123,-16057,0,-15537,0,8160,8192,5638,544,-5892,-105,32,39
1620569892,-5708,6352,-1988,56,-151,-91,8160,8192,0,0,645,8192,5958,1082,-5768,-103,34,32
1620619892,-5180,6754,-1974,149,-212,-203,-17052,0,-15537,0,8160,8192,5540,770,-6300,-99,32,31
1620669892,-5490,6268,-1680,70,-139,23,8160,8192,-19852,24728,645,8192,6250,462,-5928,-104,10,32
1620719892,-5416,6464,-2222,25,-110,-87,8160,8192,0,0,645,8192,5740,670,-6182,-107,43,31
1620769892,-5352,5996,-1650,130,-189,-211,8160,8192,14612,24730,645,8192,5350,720,-6484,-102,42,32
1620819892,-4116,5996,-2572,69,-300,-135,-18044,0,-15537,0,8160,8192,6608,1174,-5524,-102,-27,26
1620869892,-5948,6570,-1588,75,-113,146,0,0,-7,-1,-17043,0,5996,404,-5790,-100,3,33
1620919892,-5364,6160,-1516,102,-196,-231,-18040,0,-15537,0,8160,8192,5550,426,-6174,-109,7,29
1620969892,-5998,6832,-2266,116,-158,16,-16040,0,-15537,0,8160,8192,5270,488,-6504,-96,32,37
1621019892,-5602,6208,-1864,98,-147,-121,-16038,0,-15537,0,8160,8192,5436,1088,-6378,-105,59,19
1621069892,-5120,5770,-1604,179,-205,-17,-16036,0,-15537,0,8160,8192,6710,1136,-5454,-98,28,34
1621119892,-4880,5848,-1592,140,-232,-42,8160,8192,0,0,645,8192,5474,154,-6098,-103,48,34
1621169892,-5648,6278,-1798,129,-135,108,0,0,-7,-1,-17032,0,6414,1046,-5826,-113,39,17
1621219892,-5462,5774,-1258,100,-114,118,-16032,0,-15537,0,8160,8192,5872,116,-5936,-97,14,32
1621269892,-6052,6344,-1758,106,-131,90,0,0,-7,-1,-16030,0,5800,570,-5840,-107,18,20
1621319892,-5668,6150,-1454,128,-154,52,8160,8192,0,0,645,8192,5460,176,-6336,-109,-7,23
1621369892,-5082,5938,-1388,26,-135,-9,-18026,0,-15537,0,8160,8192,4858,-268,-6462,-102,-13,34
1621419892,-7154,7608,-2988,94,-169,-235,0,0,-7,-1,-17024,0,4374,886,-7358,-113,-5,4
1621469892,-5700,6498,-1784,139,-198,-40,8160,8192,0,0,645,8192,5268,950,-6988,-91,-13,8
1621519892,-6532,6292,-1750,53,-157,-216,-15671,0,-15537,0,8160,8192,3042,1336,-8226,-112,36,26
1621569892,-5362,5704,-1194,164,-281,-357,-16017,0,-15537,0,8160,8192,7494,1026,-3978,-90,-2,43
1621619892,-7008,6924,-2132,104,-94,-105,-17014,0,-15537,0,8160,8192,5926,440,-4582,-104,40,32
1621669892,-6268,5514,-1108,191,-109,64,-18012,0,-15537,0,8160,8192,3506,-1116,-7582,-116,52,27
1621719892,-7930,5942,-1414,140,-84,0,8160,8192,-18428,24744,645,8192,5322,-596,-6012,-118,46,12
1621769892,-2468,1956,1346,131,-101,-52,8160,8192,0,0,645,8192,8726,-1124,-5150,-124,57,16
1621819892,-6408,4154,-292,62,-3,48,-16004,0,-15537,0,8160,8192,4946,-1932,-5844,-128,77,15
1621869892,-7554,4836,-338,74,0,339,-16002,0,-15537,0,8160,8192,4602,-2142,-7318,-95,43,45
1621919892,-7786,4850,-40,154,-245,-379,-18000,0,-15537,0,8160,8192,4396,-2418,-6468,-109,51,27
1621969892,-6748,4704,210,102,-106,121,0,0,-7,-1,-15997,0,5816,-1860,-6332,-104,29,30
1622019892,-7592,4222,158,118,-77,-5,-17994,0,-15537,0,8160,8192,5820,-2236,-6112,-107,54,29
1622069892,-7264,4284,494,175,-119,104,0,0,-7,-1,-15992,0,5736,-2670,-6022,-97,26,29
1622119892,-8242,4192,476,61,142,808,-15991,0,-15537,0,8160,8192,5148,-3204,-6734,-102,22,33
1622169892,-6826,2872,1218,-10,175,861,-16989,0,-15537,0,8160,8192,6596,-4104,-4958,-105,-7,14
1622219892,-8382,4232,628,64,95,630,-16987,0,-15537,0,8160,8192,8076,-4206,-5638,-74,31,41
1622269892,-10246,6286,-638,-67,199,899,-15984,0,-15537,0,8160,8192,-548,-5650,-6962,-101,16,34
1622319892,-7414,6132,-366,62,-238,-4,8160,8192,-8252,24753,645,8192,8952,-1056,-5848,-87,-35,38
1622369892,-4932,6742,-1380,37,-183,-154,8160,8192,0,0,645,8192,4468,1546,-6670,-105,29,49
1622419892,-3898,6326,-2116,168,-47,418,8160,8192,0,0,645,8192,8590,-846,-8926,-107,49,41
1622469892,-4630,6382,-2028,146,-85,56,-16976,0,-15537,0,8160,8192,2570,412,-7106,-122,85,37
1622519892,-6554,8712,-3436,218,-188,76,0,0,-7,-1,-15974,0,16686,2624,-330,-83,39,33
1622569892,-4876,7462,-2086,165,-190,108,8160,8192,0,0,645,8192,6240,-1526,-6892,-111,17,41
1622619892,-3970,8186,-3680,115,-256,-117,-15968,0,-15537,0,8160,8192,8586,5572,-5424,-116,37,25
1622669892,-3416,8138,-3622,141,-390,-248,0,0,-7,-1,-15965,0,8026,4960,-5790,-114,16,18
1622719892,-4102,7512,-4158,153,-169,-4,-17962,0,-15537,0,8160,8192,4892,3136,-6514,-111,45,32
1622769892,-4058,8316,-3476,305,-168,-143,8160,8192,0,0,645,8192,3094,2972,-7018,-107,123,38
1622819892,-4910,6728,-1960,48,5,383,-16956,0,-15537,0,8160,8192,5064,468,-6848,-114,1,9
1622869892,-7726,4848,-56,-26,615,1408,-16954,0,-15537,0,8160,8192,5822,-860,-5768,-122,26,45
1622919892,-4724,6756,-2856,-35,-413,-818,-15952,0,-15537,0,8160,8192,5322,1944,-6302,-98,26,25
1622969892,-4796,7052,-1816,113,-49,274,-16948,0,-15537,0,8160,8192,5370,1316,-6070,-121,1,27
1623019892,-4660,6736,-2392,51,-82,51,8160,8192,-29148,24764,645,8192,5862,1108,-5850,-109,30,23
1623069892,-5538,6496,-1710,158,-12,230,-15945,0,-15537,0,8160,8192,5944,650,-5816,-101,68,22
1623119892,-5748,5968,-1230,155,-16,136,-15943,0,-15537,0,8160,8192,5770,-32,-6104,-114,94,31
1623169892,-5220,6438,-1840,125,-158,-149,8160,8192,-10220,24766,645,8192,5810,804,-5764,-111,97,30
1623219892,-6382,5822,-868,167,-13,321,-16938,0,-15537,0,8160,8192,6258,-954,-5862,-102,30,29
1623269892,-5724,6172,-1568,70,-159,-91,-15937,0,-15537,0,8160,8192,5834,172,-5996,-104,51,28
1623319892,-5262,6140,-1778,89,-124,3,0,0,-7,-1,-15936,0,5724,458,-6414,-98,14,26
1623369892,-5002,6536,-1744,51,-159,79,8160,8192,-6828,24769,645,8192,5758,368,-6164,-100,-42,24
1623419892,-6044,5968,-1226,107,-55,283,8160,8192,-22364,24770,645,8192,5766,-114,-6198,-99,0,27
1623469892,-5654,6516,-1328,91,-150,-48,8160,8192,27636,24771,645,8192,5872,66,-5940,-105,21,30
1623519892,-5392,6196,-1488,85,-132,7,-15927,0,-15537,0,8160,8192,5580,-90,-6276,-102,33,26
1623569892,-5670,6150,-1472,97,-85,107,-16925,0,-15537,0,8160,8192,5578,-12,-5882,-107,30,36
1623619892,-5566,6156,-1514,105,-84,84,-15922,0,-15537,0,8160,8192,5428,148,-6158,-105,45,28
1623669892,-5558,6008,-1466,95,-94,65,0,0,-7,-1,-15920,0,5812,38,-5916,-102,31,30
1623719892,-5882,5968,-1336,119,-75,138,-16916,0,-15537,0,8160,8192,5926,-292,-5824,-106,31,34
1623769892,-5428,6308,-1418,91,-112,37,0,0,-7,-1,-16915,0,5800,-8,-6150,-100,28,24
1623819892,-5284,6366,-1780,96,-121,33,0,0,-7,-1,-16912,0,5562,602,-6104,-112,33,38
1623869892,-5890,5922,-1088,145,-17,252,-16860,0,-15537,0,8160,8192,5722,-466,-6120,-108,45,27
1623919892,-5190,6484,-1778,96,-169,-96,-15907,0,-15537,0,8160,8192,6044,568,-6044,-109,41,39
1623969892,-5316,6110,-1446,139,-65,173,0,0,-7,-1,-15904,0,5920,-148,-6124,-102,37,30
1624019892,-5440,6302,-1572,102,-110,84,-15901,0,-15537,0,8160,8192,5722,368,-6186,-113,23,39
1624069892,-5382,6228,-1522,105,-112,40,-15900,0,-15537,0,8160,8192,5576,106,-6148,-100,30,25
1624119892,-5526,6040,-1514,100,-73,156,8160,8192,22276,24781,645,8192,5848,164,-6024,-108,24,36
1624169892,-5376,6196,-1530,100,-123,36,0,0,-7,-1,-16895,0,5816,100,-6052,-101,23,29
1624219892,-5528,6240,-1426,106,-86,125,-15893,0,-15537,0,8160,8192,5660,48,-6260,-108,29,36
1624269892,-5134,6556,-1992,82,-135,-43,-16892,0,-15537,0,8160,8192,5778,946,-6026,-106,36,33
1624319892,-5118,6376,-1802,92,-81,105,-15891,0,-15537,0,8160,8192,5630,766,-6062,-102,30,30
1624369892,-5024,6674,-1892,87,-150,-17,0,0,-7,-1,-15888,0,5728,830,-6094,-102,21,29
1624419892,-5004,6676,-1944,100,-182,-53,0,0,-7,-1,-15886,0,5734,1024,-6108,-106,22,31
1624469892,-5254,6262,-1744,65,-162,-50,-15885,0,-15537,0,8160,8192,5468,464,-6326,-98,15,30
1624519892,-5508,6468,-2068,11,-244,-408,-15883,0,-15537,0,8160,8192,5844,1104,-5898,-104,14,33
1624569892,-5086,6230,-1706,72,-130,-39,0,0,-7,-1,-15881,0,5772,682,-6104,-103,36,27
1624619892,-4738,6414,-1900,55,-125,-76,8160,8192,0,0,645,8192,5574,1140,-6092,-102,62,25
1624669892,-5822,6422,-1738,140,-103,-82,-15877,0,-15537,0,8160,8192,5088,1424,-5814,-90,89,35
1624719892,-5062,6578,-2084,55,-184,-327,0,0,-7,-1,-16876,0,5916,374,-6112,-105,40,25
1624769892,-4926,5912,-1328,87,-139,-117,-15874,0,-15537,0,8160,8192,5764,812,-6412,-97,32,26
1624819892,-5286,5992,-1384,85,-147,-91,0,0,-7,-1,-16873,0,5310,1310,-6140,-84,14,31
1624869892,-5446,6384,-1996,171,-239,-141,0,0,-7,-1,-16872,0,5804,1364,-6260,-107,28,18
1624919892,-5994,6538,-1382,72,-91,183,-15869,0,-15537,0,8160,8192,5854,-1130,-6112,-94,25,31
1624969892,-5034,5574,-1124,98,-146,-69,0,0,-7,-1,-15867,0,6818,270,-5228,-94,14,27
1625019892,-5818,6440,-1918,104,-130,64,-15865,0,-15537,0,8160,8192,5300,-10,-6582,-100,40,31
1625069892,-5564,6032,-1402,43,-104,73,-15861,0,-15537,0,8160,8192,7438,-298,-5030,-110,12,22
1625119892,-6556,6470,-1432,93,-39,7,-15854,0,-15537,0,8160,8192,3278,232,-8138,-114,59,18
1625169892,-5204,5780,-1700,103,-133,78,-16852,0,-15537,0,8160,8192,6936,104,-4862,-105,15,40
1625219892,-5806,6990,-2710,95,-211,-165,-17848,0,-15537,0,8160,8192,4368,734,-6902,-112,42,33
1625269892,-6294,6664,-1292,192,-187,-105,-15846,0,-15537,0,8160,8192,3594,172,-8998,-100,26,31
1625319892,-5596,4964,-504,59,-119,-77,-15844,0,-15537,0,8160,8192,5162,-186,-6314,-81,30,47
1625369892,-6700,7122,-1996,144,-282,-467,-15842,0,-15537,0,8160,8192,3646,418,-6858,-94,6,49
1625419892,-6322,6454,-2090,98,-131,-28,-16839,0,-15537,0,8160,8192,7654,370,-4882,-109,22,23
1625469892,-6704,5936,-1464,118,-120,-18,0,0,-7,-1,-15837,0,6166,-920,-6978,-114,-6,22
1625519892,-5900,5212,-1394,97,-119,-60,-16835,0,-15537,0,8160,8192,6128,-246,-5458,-115,51,59
1625569892,-6652,4984,-750,84,-144,114,8160,8192,30484,24803,645,8192,7882,-1066,-5072,-102,-33,43
1625619892,-7674,5744,-802,147,-140,-145,8160,8192,14948,24804,645,8192,3910,-940,-7568,-104,69,35
1625669892,-6238,4704,-514,135,-123,-110,-15831,0,-15537,0,8160,8192,6844,-2002,-5622,-124,61,30
1625719892,-7122,4620,-64,84,31,358,0,0,-7,-1,-16828,0,5752,-1836,-6144,-98,72,39
1625769892,-7130,4350,44,120,-195,-243,8160,8192,0,0,645,8192,6098,-1926,-5950,-109,62,33
1625819892,-7140,4936,-404,55,-111,-123,-15824,0,-15537,0,8160,8192,5578,-1728,-6262,-103,55,28
1625869892,-7060,4846,-424,94,-113,-15,8160,8192,0,0,645,8192,5728,-1094,-6244,-108,48,31
1625919892,-6888,4540,-216,138,-56,205,-16819,0,-15537,0,8160,8192,6002,-1808,-5792,-108,45,31
1625969892,-8242,3982,1110,130,195,902,8160,8192,0,0,645,8192,6060,-3750,-6296,-103,49,33
1626019892,-7948,3368,1660,-8,234,848,-15814,0,-15537,0,8160,8192,6890,-3876,-5502,-117,39,24
1626069892,-8076,2678,1846,25,219,753,-15812,0,-15537,0,8160,8192,10578,-3928,-5154,-94,48,26
1626119892,-8210,2684,956,60,302,678,8160,8192,-9340,24811,645,8192,3370,-4034,-6548,-102,141,25
1626169892,-6338,5940,-1538,-80,-158,-25,-15807,0,-15537,0,8160,8192,5660,-1596,-7684,-79,19,39
1626219892,-4492,7452,-3078,-84,-102,-210,0,0,-7,-1,-15805,0,8092,1206,-4806,-127,75,19
1626269892,-5280,5006,-1140,176,32,335,-15803,0,-15537,0,8160,8192,-3496,698,-8600,-121,43,61
1626319892,-6658,7328,-1876,70,-43,375,-15800,0,-15537,0,8160,8192,8296,604,-5590,-118,-1,43
1626369892,-4372,6208,252,59,-82,101,-15798,0,-15537,0,8160,8192,3968,2392,-8698,-91,-5,44
1626419892,-4642,6426,-2020,129,-192,104,-16796,0,-15537,0,8160,8192,6662,3748,-7064,-109,18,33
1626469892,-4398,7660,-3746,-55,-285,-294,-15794,0,-15537,0,8160,8192,4174,1448,-7178,-102,21,29
1626519892,-3088,7958,-3346,235,-377,-376,8160,8192,0,0,645,8192,7132,3856,-4224,-112,28,24
1626569892,-2754,7540,-5028,88,-225,-54,8160,8192,0,0,645,8192,6128,4534,-6282,-123,29,15
1626619892,-2706,8940,-4960,308,-508,-854,0,0,-7,-1,-15788,0,6158,5676,-6194,-127,14,26
1626669892,-4176,6550,-1564,156,47,627,8160,8192,16372,24820,645,8192,6080,138,-5824,-110,57,26
1626719892,-2780,1524,-2446,-439,736,1731,8160,8192,836,24821,645,8192,5218,612,-6268,-110,42,32
1626769892,-4108,6814,-2956,217,-520,-1236,-15783,0,-15537,0,8160,8192,6050,2136,-5914,-130,12,26
1626819892,-4674,6878,-1372,118,-24,621,-15781,0,-15537,0,8160,8192,5982,418,-5902,-92,-13,11
1626869892,-6296,5878,-1940,-199,210,411,8160,8192,19764,24823,645,8192,6272,1044,-5754,-105,-32,14
1626919892,-6038,6210,-748,297,-290,11,-16775,0,-15537,0,8160,8192,6058,-426,-6158,-103,-38,43
1626969892,-5772,6086,-1096,-10,98,444,8160,8192,-11308,24824,645,8192,5806,-38,-6088,-99,82,19
1627019892,-5572,5992,-1348,187,-180,-103,-16767,0,-15537,0,8160,8192,5908,-318,-6266,-110,95,27
1627069892,-5222,6126,-1614,92,-75,44,0,0,-7,-1,-15764,0,5754,288,-6012,-120,78,40
1627119892,-5622,5936,-1576,122,-17,207,-16763,0,-15537,0,8160,8192,5658,322,-6034,-107,60,30
1627169892,-4694,6766,-2172,98,-245,-336,-17760,0,-15537,0,8160,8192,5718,1054,-6114,-94,10,25
1627219892,-5570,6350,-1700,4,-13,353,-15757,0,-15537,0,8160,8192,5692,436,-6090,-95,8,21
1627269892,-5490,6072,-1564,60,-104,9,-17756,0,-15537,0,8160,8192,5700,104,-6012,-98,6,25
1627319892,-5600,6176,-1236,102,-105,141,0,0,-7,-1,-16753,0,5808,-196,-5880,-102,31,33
1627369892,-5798,6030,-1346,111,-110,-21,8160,8192,-4524,24830,645,8192,5500,-210,-6216,-102,59,29
1627419892,-5576,6222,-1498,115,-99,22,0,0,-7,-1,-15747,0,5758,130,-6038,-100,56,27
1627469892,-5680,6104,-1364,80,-63,171,8160,8192,29940,24832,645,8192,5876,-104,-6066,-108,39,32
1627519892,-5682,6058,-1442,108,-66,105,0,0,-7,-1,-15741,0,5732,-64,-6042,-103,45,29
1627569892,-5526,6202,-1398,121,-133,-8,0,0,-7,-1,-16738,0,5778,-46,-6138,-105,43,35
1627619892,-5248,6488,-1908,82,-97,49,-15735,0,-15537,0,8160,8192,5814,664,-6060,-104,35,30
1627669892,-5640,6178,-1484,116,-51,153,-15732,0,-15537,0,8160,8192,5950,-82,-5864,-107,48,34
1627719892,-5378,6188,-1646,109,-124,-4,8160,8192,17796,24836,645,8192,6056,248,-5818,-110,48,33
1627769892,-5330,6368,-1636,110,-112,26,-17727,0,-15537,0,8160,8192,5880,344,-6012,-102,42,35
1627819892,-5434,6266,-1604,112,-104,85,-15724,0,-15537,0,8160,8192,5872,236,-5948,-105,34,34
1627869892,-5394,6172,-1546,109,-107,50,0,0,-7,-1,-16720,0,5812,154,-5982,-101,39,28
1627919892,-5448,6128,-1518,104,-117,63,0,0,-7,-1,-16718,0,5976,142,-5906,-109,22,33
1627969892,-5300,6218,-1560,93,-108,78,-15712,0,-15537,0,8160,8192,5856,362,-6024,-108,17,31
1628019892,-5406,6152,-1590,99,-115,85,-15707,0,-15537,0,8160,8192,5524,154,-6218,-105,16,32
1628069892,-5496,6294,-1600,79,-115,69,-15704,0,-15537,0,8160,8192,5870,312,-5930,-108,12,32
1628119892,-5158,6458,-1904,82,-136,-23,-15701,0,-15537,0,8160,8192,5562,712,-6120,-101,29,27
1628169892,-5252,6470,-1798,96,-106,77,-17699,0,-15537,0,8160,8192,5996,498,-5860,-105,31,31
1628219892,-5408,6502,-1804,97,-165,-101,-15695,0,-15537,0,8160,8192,5914,984,-6006,-104,43,32
1628269892,-4710,6548,-2020,121,-207,-219,-15692,0,-15537,0,8160,8192,5838,800,-5918,-98,49,31
1628319892,-4862,6352,-1786,85,-182,-213,-15690,0,-15537,0,8160,8192,5742,586,-6182,-100,50,35
1628369892,-5552,6576,-2104,110,-188,-214,8160,8192,12436,24846,645,8192,5648,1214,-6020,-101,40,30
1628419892,-4560,6420,-2030,71,-205,-170,-15686,0,-15537,0,8160,8192,6370,1366,-5608,-102,21,27
1628469892,-6304,6918,-2164,143,-182,-63,-15684,0,-15537,0,8160,8192,5232,1242,-5788,-94,28,32
1628519892,-5684,6458,-1776,-30,-69,121,-17682,0,-15537,0,8160,8192,5170,-40,-6336,-101,-1,30
1628569892,-5864,6364,-1800,60,-122,-8,-15680,0,-15537,0,8160,8192,6004,330,-5984,-104,24,32
1628619892,-5588,6096,-1564,130,-175,-70,-15678,0,-15537,0,8160,8192,6028,-260,-5772,-98,27,30
1628669892,-5750,6076,-1508,74,-128,33,0,0,-7,-1,-16676,0,5246,256,-6128,-110,33,21
1628719892,-5586,6106,-1568,161,-163,-110,8160,8192,-30780,24851,645,8192,6238,1226,-5824,-100,57,32
1628769892,-3518,4714,-1254,99,-217,-103,0,0,-7,-1,-15670,0,5782,-38,-5924,-109,22,16
1628819892,-5494,6858,-2394,159,-270,-101,0,0,-7,-1,-15665,0,5464,642,-5956,-98,13,29
1628869892,-4632,5936,-1718,41,-132,57,0,0,-7,-1,-15662,0,5800,1394,-5818,-101,20,21
1628919892,-4920,6158,-1846,72,-152,-85,-15660,0,-15537,0,8160,8192,5412,1686,-6284,-104,14,15
1628969892,-1582,3280,36,75,-200,24,-15657,0,-15537,0,8160,8192,6332,674,-5066,-105,-24,14
1629019892,-7400,7552,-2798,62,-84,41,-15655,0,-15537,0,8160,8192,4004,586,-7292,-92,-6,27
1629069892,-4566,5542,-1828,63,-158,-102,5544,8192,-7,-1,-15923,0,3988,740,-6008,-125,32,18
1629119892,-6220,7224,-2170,131,-161,-94,0,0,-7,-1,-16649,0,7162,860,-4810,-119,-3,13
1629169892,-4300,5470,-1678,103,-333,-291,-15643,0,-15537,0,8160,8192,5370,430,-6956,-102,5,28
1629219892,-6604,6020,-1440,185,-146,37,-16640,0,-15537,0,8160,8192,9744,-4038,-1070,-101,49,20
1629269892,-7104,5622,-878,73,-63,-49,0,0,-7,-1,-16638,0,7308,266,-6128,-120,19,31
1629319892,-7082,6068,-1356,85,-68,-123,8160,8192,-20604,24860,645,8192,6216,-1196,-5858,-116,7,47
1629369892,-1322,1806,1122,106,-201,29,8160,8192,29396,24861,645,8192,9294,300,-3058,-108,-46,24
1629419892,-7728,4226,-124,127,-16,260,-15632,0,-15537,0,8160,8192,7014,-2390,-4482,-105,59,27
1629469892,-7668,5280,-294,117,-112,44,-17629,0,-15537,0,8160,8192,5950,-2606,-6024,-114,41,21
1629519892,-7068,4170,-190,11,-116,-317,0,0,-7,-1,-15626,0,5222,-1896,-6558,-110,67,39
1629569892,-6750,4690,28,148,-159,-59,-15625,0,-15537,0,8160,8192,5282,-1434,-6254,-107,48,22
1629619892,-7274,4594,-304,39,-43,176,8160,8192,0,0,645,8192,6062,-1784,-5892,-107,33,29
1629669892,-6858,4870,-366,147,-196,-165,8160,8192,0,0,645,8192,5642,-1650,-6228,-105,37,33
1629719892,-7262,4044,852,124,57,608,8160,8192,-13820,24866,645,8192,5780,-3150,-6200,-104,42,39
1629769892,-8098,3738,684,2,207,734,-15618,0,-15537,0,8160,8192,7116,-2834,-5532,-102,23,25
1629819892,-8590,3552,1442,182,90,764,-15614,0,-15537,0,8160,8192,5598,-5552,-6824,-99,58,35
1629869892,-9674,5856,98,-137,211,755,-15612,0,-15537,0,8160,8192,1346,-1006,-7948,-111,-11,35
1629919892,-6160,3312,524,130,40,347,8160,8192,0,0,645,8192,8924,660,-5790,-91,65,54
1629969892,-5564,-1134,390,41,127,279,-16609,0,-15537,0,8160,8192,20982,3558,-312,-83,-51,40
1630019892,-5012,6650,-1610,-22,-129,-414,0,0,-7,-1,-15606,0,3730,3062,-7268,-111,103,51
1630069892,-6230,7224,-1448,146,61,531,-15604,0,-15537,0,8160,8192,2644,-3880,-6410,-139,51,43
1630119892,-4426,4568,-2614,111,-102,26,-15602,0,-15537,0,8160,8192,-1372,-1994,-8412,-110,103,49
1630169892,-2628,3430,-3146,23,-146,-72,-15601,0,-15537,0,8160,8192,6288,3436,-5894,-102,32,74
1630219892,-5984,7264,-1474,201,51,438,0,0,-7,-1,-15599,0,4364,-618,-6346,-103,99,20
1630269892,-3710,7142,-3270,-85,-409,-475,8160,8192,11892,24875,645,8192,22,2660,-9182,-97,-45,37
1630319892,-1360,6964,-2660,264,-465,-462,-17594,0,-15537,0,8160,8192,6890,2340,-3700,-107,2,20
1630369892,-4012,8516,-4278,67,-83,-236,-16592,0,-15537,0,8160,8192,5796,4538,-5784,-107,92,8
1630419892,-3782,7774,-2702,372,-223,72,-15588,0,-15537,0,8160,8192,5798,1454,-6276,-119,19,15
1630469892,-5138,6820,-2016,-70,280,1155,-15586,0,-15537,0,8160,8192,5444,366,-5562,-122,66,35
1630519892,-5686,5986,-1378,197,-2,386,-15584,0,-15537,0,8160,8192,5560,-76,-5948,-132,46,50
1630569892,-4836,6196,-1732,76,-193,-157,-15581,0,-15537,0,8160,8192,6438,1058,-6002,-119,17,34
1630619892,-4798,6650,-2064,158,-121,-203,-15575,0,-15537,0,8160,8192,5900,1164,-6206,-105,18,12
1630669892,-5116,6670,-1868,39,1,394,-17573,0,-15537,0,8160,8192,5744,778,-6024,-109,10,22
1630719892,-4972,6562,-1910,149,-128,7,0,0,-7,-1,-15571,0,6028,786,-5900,-119,66,33
1630769892,-5712,6066,-1362,137,-32,136,-15568,0,-15537,0,8160,8192,6668,276,-5822,-106,79,33
1630819892,-5466,6410,-1522,119,-126,-38,-15566,0,-15537,0,8160,8192,5900,202,-6226,-99,66,35
1630869892,-5850,5882,-1272,139,-57,143,-15564,0,-15537,0,8160,8192,5764,-188,-6016,-102,54,31
1630919892,-5676,5888,-1296,95,-101,101,-15562,0,-15537,0,8160,8192,5664,-276,-6062,-106,16,25
1630969892,-5082,6478,-1852,30,-193,-41,8160,8192,-9004,24885,645,8192,5878,568,-5922,-101,-22,23
1631019892,-5614,6218,-1474,85,-81,248,-15558,0,-15537,0,8160,8192,5808,192,-6062,-105,-28,25
1631069892,-5390,6204,-1542,89,-127,40,0,0,-7,-1,-15556,0,5714,100,-6114,-101,16,26
1631119892,-5414,6212,-1510,98,-117,51,-15553,0,-15537,0,8160,8192,5700,128,-6132,-105,30,28
1631169892,-5522,6164,-1474,118,-79,118,-15552,0,-15537,0,8160,8192,5768,202,-6006,-106,38,32
1631219892,-5400,6162,-1488,103,-102,57,-17550,0,-15537,0,8160,8192,5610,120,-6226,-107,43,36
1631269892,-5396,6156,-1602,100,-109,36,8160,8192,28852,24890,645,8192,5836,132,-5986,-103,39,31
1631319892,-5578,6352,-1488,100,-77,96,-15546,0,-15537,0,8160,8192,5746,126,-6096,-101,40,29
1631369892,-5640,6162,-1346,117,-87,73,-16544,0,-15537,0,8160,8192,5762,-20,-6166,-104,45,31
1631419892,-5408,6200,-1540,99,-99,28,0,0,-7,-1,-16543,0,5698,8,-6094,-103,49,28
1631469892,-5524,6252,-1540,106,-80,76,0,0,-7,-1,-15542,0,5838,200,-6000,-100,50,33
1631519892,-5568,6038,-1354,143,-84,100,8160,8192,16708,24894,645,8192,5942,-100,-5870,-108,50,34
1631569893,-5400,6320,-1454,104,-93,33,8160,8192,1172,24895,645,8192,5852,136,-6102,-103,54,27
1631619894,-5404,6392,-1710,100,-109,53,-17537,0,-15537,0,8160,8192,5952,332,-5948,-110,37,39
1631669892,-5490,6252,-1584,91,-81,107,-17534,0,-15537,0,8160,8192,5548,-16,-6188,-102,29,28
1631719892,-5404,6328,-1614,97,-133,30,0,0,-7,-1,-16533,0,5640,80,-5938,-109,25,36
1631769892,-5426,6268,-1572,112,-121,73,-16531,0,-15537,0,8160,8192,6064,150,-5822,-113,18,27
1631819892,-5468,6202,-1526,107,-105,96,-16528,0,-15537,0,8160,8192,5632,212,-6122,-107,24,32
1631869892,-5420,6222,-1484,95,-122,58,-17526,0,-15537,0,8160,8192,5810,82,-5912,-103,15,30
1631919892,-5426,6354,-1642,90,-126,35,8160,8192,0,0,645,8192,5616,210,-6220,-100,21,29
1631969892,-5296,6440,-1756,92,-121,37,8160,8192,0,0,645,8192,5896,550,-6014,-107,26,32
1632019892,-5114,6474,-1814,98,-116,27,8160,8192,0,0,645,8192,5750,642,-6130,-102,38,30
1632069892,-4944,6472,-1986,82,-127,-4,-18518,0,-15537,0,8160,8192,5664,962,-6022,-106,38,29
1632119892,-5198,6844,-1916,99,-142,6,-16515,0,-15537,0,8160,8192,6010,914,-5888,-104,29,34
1632169892,-5302,6314,-1864,91,-108,93,0,0,-7,-1,-16512,0,5618,854,-6042,-107,20,30
1632219892,-4782,6148,-2014,61,-190,-237,-17509,0,-15537,0,8160,8192,4872,1374,-6202,-97,34,30
1632269892,-4932,6744,-2260,108,-218,-247,-16507,0,-15537,0,8160,8192,5724,1102,-6084,-100,39,25
1632319892,-5210,6596,-2068,103,-196,-146,0,0,-7,-1,-16505,0,5774,366,-6138,-104,29,25
1632369892,-5534,7020,-2530,84,-175,-143,-16503,0,-15537,0,8160,8192,6390,-102,-5774,-98,44,31
1632419892,-5642,6926,-2730,88,-256,-88,8160,8192,-796,24907,645,8192,6706,1004,-4984,-98,-18,22
1632469892,-5078,6688,-2472,107,-226,-108,8160,8192,-16332,24908,645,8192,7338,1558,-5176,-105,11,35
1632519892,-5136,6054,-1672,133,-214,-189,8160,8192,0,0,645,8192,6352,920,-6070,-88,31,30
1632569892,-5024,6200,-1806,133,-207,-139,8160,8192,0,0,645,8192,5630,1122,-6724,-106,58,17
1632619892,-6818,7650,-2500,134,-184,39,-16490,0,-15537,0,8160,8192,5356,-52,-6250,-89,32,36
1632669892,-4696,5874,-1726,80,-183,-89,-16488,0,-15537,0,8160,8192,5896,2228,-5548,-94,8,25
1632719892,-5108,6388,-1768,97,-135,103,-16486,0,-15537,0,8160,8192,6152,1130,-6000,-84,7,22
1632769892,-5818,6030,-1708,98,-91,71,-16485,0,-15537,0,8160,8192,5104,924,-5242,-100,36,18
1632819892,-6174,6564,-1904,77,-50,54,-16484,0,-15537,0,8160,8192,5004,-12,-6984,-97,38,18
1632869892,-5278,5988,-1288,88,-115,-38,0,0,-7,-1,-16482,0,3034,1142,-7098,-86,41,38
1632919892,-6300,6630,-2030,98,-138,-216,8160,8192,-25084,24915,645,8192,5562,-338,-6326,-89,9,30
1632969892,-5256,5324,-978,145,-230,-144,-17476,0,-15537,0,8160,8192,8852,-598,-3986,-94,38,53
1633019892,-6766,7128,-2866,66,-254,-267,-18474,0,-15537,0,8160,8192,480,-922,-9930,-88,53,50
1633069892,-5370,5022,-684,184,-166,-177,0,0,-7,-1,-16471,0,8516,16,-6228,-98,29,33
1633119892,-5152,4734,-126,130,-62,110,8160,8192,-21692,24918,645,8192,6906,-1650,-5654,-122,34,23
1633169892,-6560,4904,-252,119,-54,-51,8160,8192,0,0,645,8192,3528,-1276,-8406,-141,38,20
1633219892,-5628,4454,108,100,-51,10,-16463,0,-15537,0,8160,8192,4562,-1988,-6342,-125,29,24
1633269892,-7494,4754,2,112,-43,149,-16461,0,-15537,0,8160,8192,4866,-1046,-6796,-111,43,33
1633319892,-7354,6080,-1476,98,-202,10,-16458,0,-15537,0,8160,8192,5166,-1966,-6418,-114,-11,21
1633369892,-7910,4336,120,9,-52,-4,8160,8192,31700,24922,645,8192,5504,-1340,-6492,-94,19,34
1633419892,-6772,4968,-198,124,-212,-155,-16454,0,-15537,0,8160,8192,6066,-1468,-5910,-105,24,34
1633469892,-7060,4732,-496,62,-117,-40,8160,8192,628,24924,645,8192,5752,-1578,-6094,-108,13,33
1633519892,-7248,4634,174,162,-101,163,0,0,-7,-1,-17452,0,5894,-2110,-6188,-104,18,32
1633569892,-7704,4736,82,94,113,637,8160,8192,-30444,24925,645,8192,5594,-3292,-5774,-107,66,21
1633619892,-8300,3410,1408,78,220,874,0,0,-7,-1,-16447,0,6152,-4166,-6418,-110,53,26
1633669892,-8598,3502,972,-27,253,839,8160,8192,4020,24927,645,8192,4698,-5200,-6566,-107,52,25
1633719892,-7664,3686,1692,67,149,551,8160,8192,0,0,645,8192,380,-7280,-7022,-101,105,9
1633769892,-8412,5822,-658,-36,-68,359,0,0,-7,-1,-16442,0,6234,-2318,-8024,-57,-76,44
1633819892,-5268,8374,-3156,-182,-190,-404,0,0,-7,-1,-16440,0,7508,4396,-5642,-115,45,30
1633869892,-1024,2228,1382,141,80,513,0,0,-7,-1,-16438,0,4828,1178,-6754,-92,125,33
1633919892,-6618,7328,-1514,59,88,451,8160,8192,0,0,645,8192,7900,-2012,-3628,-125,47,20
1633969892,-3876,5676,-918,10,-131,-109,8160,8192,-23660,24931,645,8192,3350,-176,-5764,-103,26,65
1634019892,-3314,7550,-3382,140,-316,-159,5544,8192,-7,-1,-16645,0,4794,1678,-5984,-118,52,38
1634069892,-4690,8438,-3276,94,-189,224,-16427,0,-15537,0,8160,8192,8210,1772,-4488,-110,-17,39
1634119892,-1860,7998,-4800,65,-553,-741,-16426,0,-15537,0,8160,8192,5768,5534,-5938,-114,26,29
1634169892,-2286,9610,-5752,687,-723,-1357,-16423,0,-15537,0,8160,8192,3078,6650,-7670,-119,93,6
1634219892,-4132,6740,-1838,519,-177,-49,0,0,-7,-1,-17421,0,5966,480,-5768,-106,125,4
1634269892,-6678,5412,-772,-542,1089,2856,-16419,0,-15537,0,8160,8192,5480,-1794,-5676,-107,21,43
1634319892,-7618,5406,-452,234,-48,527,-16419,0,-15537,0,8160,8192,6046,-944,-5900,-134,-19,35
1634369892,-4014,7408,-3378,66,-460,-1106,0,0,-7,-1,-16417,0,5322,3498,-6006,-106,54,26
1634419892,-4074,6900,-2198,298,-183,191,-16415,0,-15537,0,8160,8192,5402,1152,-6364,-114,34,26
1634469892,-5078,6720,-2504,-186,167,642,-18413,0,-15537,0,8160,8192,5988,2040,-6018,-106,20,21
1634519892,-4980,6412,-1706,357,-308,-278,-16412,0,-15537,0,8160,8192,5538,514,-6140,-106,30,29
1634569892,-5120,6450,-1656,17,-46,224,-17412,0,-15537,0,8160,8192,5224,120,-5872,-101,50,24
1634619892,-5488,6222,-1784,95,-26,118,-16410,0,-15537,0,8160,8192,5778,268,-5856,-101,72,24
1634669892,-5834,6138,-1264,108,-64,82,8160,8192,0,0,645,8192,5538,-202,-6164,-105,77,33
1634719892,-5944,5684,-1108,100,-87,110,0,0,-7,-1,-17408,0,5660,-442,-6232,-101,44,29
1634769892,-5164,6290,-1794,102,-177,-85,-17407,0,-15537,0,8160,8192,5740,502,-6126,-96,14,20
1634819892,-5414,6300,-1610,80,-121,108,8160,8192,-25628,24944,645,8192,5736,292,-6034,-101,2,22
1634869892,-5668,5960,-1396,58,-90,130,-17404,0,-15537,0,8160,8192,5826,-56,-5892,-101,-10,25
1634919892,-5010,6350,-1916,102,-168,-92,-16402,0,-15537,0,8160,8192,5622,742,-6094,-101,19,24
1634969892,-5192,6250,-1710,134,-168,-48,8160,8192,-6700,24946,645,8192,5646,88,-6198,-96,23,23
1635019892,-5532,6032,-1550,9,-21,283,8160,8192,-22236,24947,645,8192,5828,244,-5878,-100,20,25
1635069892,-5458,6218,-1690,99,-150,-34,8160,8192,0,0,645,8192,5660,378,-6234,-99,6,24
1635119892,-5566,6214,-1496,99,-139,49,-16393,0,-15537,0,8160,8192,5600,-10,-6084,-94,14,20
1635169892,-5480,5776,-1030,79,-62,170,-16391,0,-15537,0,8160,8192,6396,-254,-5612,-97,62,26
1635219892,-5824,6152,-1340,140,-91,-28,-18389,0,-15537,0,8160,8192,5840,-136,-6194,-104,94,33
1635269892,-6086,5832,-954,145,7,266,-16387,0,-15537,0,8160,8192,5716,-790,-6236,-104,113,34
1635319892,-5728,5860,-1388,48,-3,208,8160,8192,15620,24952,645,8192,5562,154,-6198,-112,48,37
1635369892,-5390,6282,-1760,176,-174,-119,-16383,0,-15537,0,8160,8192,5980,96,-6118,-107,54,28
1635419892,-4944,6622,-2546,-40,-112,136,-16381,0,-15537,0,8160,8192,5492,1634,-6464,-115,-40,26
1635469892,-5562,6938,-1270,249,-151,-79,-16378,0,-15537,0,8160,8192,5912,0,-5920,-108,47,25
1635519892,-5890,6150,-2298,-2,89,306,-16376,0,-15537,0,8160,8192,5926,562,-5944,-111,109,39
1635569892,-4938,6582,-2272,134,-193,-365,-18373,0,-15537,0,8160,8192,5474,1116,-6430,-102,93,42
1635619892,-5332,6286,-1610,55,-42,79,-16372,0,-15537,0,8160,8192,5934,314,-5836,-110,81,43
1635669892,-5516,5950,-1590,83,-104,35,8160,8192,0,0,645,8192,5754,-64,-6066,-101,43,30
1635719892,-6030,5702,-1062,78,-107,131,-16367,0,-15537,0,8160,8192,5806,-506,-6044,-103,4,27
1635769892,-5696,6154,-1568,22,-137,4,-18365,0,-15537,0,8160,8192,5988,186,-6128,-107,-15,27
1635819892,-5546,6298,-1562,99,-165,4,-16363,0,-15537,0,8160,8192,5926,112,-6042,-105,3,30
1635869892,-5638,6132,-1550,35,-67,144,-17361,0,-15537,0,8160,8192,5628,70,-6172,-104,34,30
1635919892,-5294,6122,-1640,113,-168,-43,-17359,0,-15537,0,8160,8192,5798,354,-5766,-115,25,46
1635969892,-5044,6422,-1922,75,-152,-92,0,0,-7,-1,-17356,0,5610,856,-6048,-110,30,35
1636019892,-5658,5894,-1382,163,-101,36,-16354,0,-15537,0,8160,8192,5690,-26,-6210,-107,85,41
1636069892,-6150,5804,-882,115,10,184,-16352,0,-15537,0,8160,8192,5686,-756,-6146,-103,133,35
1636119892,-5342,5958,-1642,144,-189,-251,-16350,0,-15537,0,8160,8192,5754,54,-5944,-100,23,26
1636169892,-6158,6342,-1284,11,-141,233,0,0,-7,-1,-16347,0,5978,-384,-6080,-116,-81,28
1636219892,-5854,6012,-1522,-1,-60,164,-17345,0,-15537,0,8160,8192,5792,374,-6064,-114,-11,36
1636269892,-5268,6306,-1550,155,-178,-42,0,0,-7,-1,-16343,0,5812,172,-6134,-107,1,28
1636319892,-5386,6542,-1910,20,-70,144,0,0,-7,-1,-16341,0,5600,740,-6330,-106,10,36
1636369892,-5422,6288,-1614,180,-193,-140,-16339,0,-15537,0,8160,8192,5562,54,-6120,-102,34,30
1636419892,-5952,6388,-1790,75,-95,-5,8160,8192,1508,24969,645,8192,5914,442,-5960,-109,57,32
1636469892,-5426,6026,-1540,162,-140,-80,-16336,0,-15537,0,8160,8192,5610,122,-6180,-109,71,31
1636519892,-5916,6094,-1480,108,-77,25,8160,8192,-29564,24970,645,8192,5834,-120,-6028,-107,79,36
1636569892,-5424,6208,-1686,85,-61,28,8160,8192,20436,24971,645,8192,5844,482,-5882,-100,84,33
1636619892,-5640,6132,-1784,79,-108,-9,8160,8192,0,0,645,8192,5530,432,-6110,-106,62,34
1636669892,-5936,6074,-1636,137,-118,28,-16330,0,-15537,0,8160,8192,5768,-84,-5944,-107,51,33
1636719892,-5090,6286,-1700,141,-180,-55,-16328,0,-15537,0,8160,8192,5918,452,-5924,-111,31,33
1636769892,-5234,5780,-1176,110,-131,63,-16325,0,-15537,0,8160,8192,5582,126,-6072,-108,8,31
1636819892,-5838,5972,-1414,32,-56,281,0,0,-7,-1,-16323,0,5684,-42,-6042,-108,-26,32
1636869892,-5608,6160,-1536,130,-142,218,0,0,-7,-1,-16321,0,5764,204,-5960,-113,-3,40
1636919892,-5586,6276,-1936,41,-132,17,-16319,0,-15537,0,8160,8192,5728,790,-5976,-120,0,42
1636969892,-5838,6160,-1444,155,-177,-39,8160,8192,27220,24977,645,8192,5636,-16,-6192,-118,11,44
1637019892,-6352,5920,-1150,70,-51,237,-16315,0,-15537,0,8160,8192,5808,-656,-6088,-111,42,38
1637069892,-5914,6168,-1950,104,-153,-55,0,0,-7,-1,-16312,0,6894,390,-5110,-108,26,27
1637119892,-4632,5714,-492,135,-150,-34,-16309,0,-15537,0,8160,8192,6428,254,-5630,-103,19,31
1637169892,-5034,5870,-762,22,-23,195,-17307,0,-15537,0,8160,8192,5712,476,-7084,-98,22,33
1637219892,-6034,6512,-1636,121,-113,40,-16305,0,-15537,0,8160,8192,6288,208,-6248,-99,25,34
1637269892,-5508,5244,-464,74,-21,135,-16303,0,-15537,0,8160,8192,4568,-278,-6742,-98,55,26
1637319892,-6064,6190,-920,94,-33,136,-16301,0,-15537,0,8160,8192,6394,458,-5300,-102,47,27
1637369892,-5466,6410,-2082,118,-144,-69,-16300,0,-15537,0,8160,8192,5932,632,-6000,-109,35,33
1637419892,-5512,6258,-1616,113,-116,91,8160,8192,18468,24984,645,8192,5738,386,-5966,-104,22,29
1637469892,-5750,5824,-1292,55,-50,239,-17295,0,-15537,0,8160,8192,5834,-48,-6096,-101,35,24
1637519892,-5842,6032,-1482,131,-131,-16,0,0,-7,-1,-16292,0,5624,94,-6160,-105,43,30
1637569892,-5550,6272,-1688,80,-109,64,-18290,0,-15537,0,8160,8192,5730,312,-6040,-102,24,28
1637619892,-5560,5900,-1322,103,-94,135,-18289,0,-15537,0,8160,8192,5828,108,-5992,-108,17,31
1637669892,-5756,6026,-1490,68,-87,113,-16287,0,-15537,0,8160,8192,5650,-14,-6110,-101,16,28
1637719892,-5522,6146,-1584,88,-122,53,8160,8192,-9212,24988,645,8192,5840,106,-5994,-101,13,24
1637769892,-5308,6074,-1598,70,-125,29,-16282,0,-15537,0,8160,8192,5840,418,-5876,-105,-4,30
1637819892,-5618,5948,-1404,53,-86,194,0,0,-7,-1,-17279,0,5754,180,-6032,-103,-3,27
1637869892,-5362,6274,-1712,93,-143,-64,0,0,-7,-1,-16277,0,5570,426,-6076,-101,18,27
1637919892,-5428,6302,-1718,98,-143,2,0,0,-7,-1,-16275,0,5736,168,-6066,-103,20,30
1637969892,-5878,6054,-1480,60,-95,34,8160,8192,-21356,24992,645,8192,5948,-210,-5976,-105,37,33
1638019892,-5790,5926,-1418,105,-123,15,-16271,0,-15537,0,8160,8192,6548,102,-6000,-104,44,24
1638069892,-9940,6612,-582,86,22,90,-18268,0,-15537,0,8160,8192,4902,-112,-6006,-85,-2,25
1638119892,-8248,5082,236,-1118,762,39,-16265,0,-15537,0,8160,8192,7380,1086,-6050,-108,-21,38
1638169892,-5464,5920,-1968,105,-250,-102,-17263,0,-15537,0,8160,8192,5710,1054,-6100,-113,22,33
1638219892,-4524,8388,-1650,748,-469,-525,0,0,-7,-1,-16261,0,5774,1582,-6036,-104,41,33
1638269892,-5410,5968,-1380,64,-180,-78,0,0,-7,-1,-16260,0,5994,-46,-6048,-103,42,27
1638319892,-6464,5336,-970,28,68,457,0,0,-7,-1,-16257,0,5730,-702,-6030,-102,42,25
1638369892,-5982,5464,-1438,1,-10,-131,-18255,0,-15537,0,8160,8192,5776,-16,-6014,-102,48,27
1638419892,-6144,5654,-938,129,-148,196,8160,8192,0,0,645,8192,5920,-492,-5986,-103,29,26
1638469892,-6008,5646,-1290,-70,30,60,-16251,0,-15537,0,8160,8192,5758,-368,-6076,-98,20,23
1638519892,-5542,6100,-1478,182,-207,-82,0,0,-7,-1,-16249,0,5612,160,-6026,-103,50,25
1638569892,-6396,5844,-754,142,-70,250,0,0,-7,-1,-16248,0,5964,-982,-5970,-98,46,29
1638619892,-5722,6178,-1732,-18,41,103,-16247,0,-15537,0,8160,8192,5826,766,-5948,-101,73,22
1638669892,-5774,6200,-1174,244,-161,0,-16244,0,-15537,0,8160,8192,5810,-236,-6132,-99,26,22
1638719892,-5156,6326,-2050,-80,-16,102,-16243,0,-15537,0,8160,8192,5734,650,-6060,-99,27,22
1638769892,-5582,6210,-1614,114,-97,28,0,0,-7,-1,-16240,0,5820,334,-6168,-93,25,20
1638819892,-6642,5306,-794,42,129,473,-16237,0,-15537,0,8160,8192,5740,-668,-6188,-100,28,25
1638869892,-5826,5612,-1008,125,-67,75,8160,8192,26676,25006,645,8192,5874,-490,-6108,-96,52,17
1638919892,-5976,5692,-1274,68,-7,183,-16232,0,-15537,0,8160,8192,6392,-750,-5750,-87,50,15
1638969892,-5922,6076,-1230,153,-133,-16,0,0,-7,-1,-16229,0,5486,-60,-6400,-91,61,10
1639019892,-5534,5742,-2072,99,-8,136,-16227,0,-15537,0,8160,8192,4890,156,-6550,-91,101,9
1639069892,-4684,6454,-1886,140,-190,-185,-18225,0,-15537,0,8160,8192,5850,966,-6118,-88,61,21
1639119892,-5896,5530,-896,219,74,398,-16223,0,-15537,0,8160,8192,5790,-138,-6238,-90,106,43
1639169892,-6662,6204,-1254,250,123,224,-16221,0,-15537,0,8160,8192,6770,-780,-5678,-107,270,26
1639219892,-4742,6520,-2038,138,-123,-238,8160,8192,-16540,25011,645,8192,5794,620,-6078,-116,235,36
1639269892,-5396,6382,-2076,179,23,190,8160,8192,-32076,25012,645,8192,6280,232,-5340,-118,206,31
1639319892,-5218,6148,-2034,85,-81,58,-18212,0,-15537,0,8160,8192,5948,-108,-5646,-104,43,31
1639369892,-4476,6568,-2360,45,-197,-7,-16209,0,-15537,0,8160,8192,5904,1276,-5680,-93,-117,25
1639419892,-5462,6204,-1652,74,-95,325,8160,8192,0,0,645,8192,5896,666,-5856,-87,-171,25
1639469892,-5520,7446,-2102,-53,-251,110,-16204,0,-15537,0,8160,8192,5930,790,-6168,-106,-184,32
1639519892,-5352,6226,-1722,63,-115,253,-17201,0,-15537,0,8160,8192,5832,582,-5888,-114,-76,29
1639569892,-5406,6302,-1530,67,-128,197,-16199,0,-15537,0,8160,8192,5920,104,-5974,-110,-52,29
1639619892,-5930,6134,-1112,124,-106,173,8160,8192,-9756,25017,645,8192,5978,-466,-6104,-117,8,34
1639669892,-5600,6048,-1404,104,-100,177,-16195,0,-15537,0,8160,8192,5916,54,-6014,-109,-3,24
1639719892,-5366,6402,-1456,156,-123,51,-16193,0,-15537,0,8160,8192,6096,152,-6032,-105,86,36
1639769892,-4450,6830,-2434,29,-236,-256,0,0,-7,-1,-16191,0,5838,1102,-6014,-107,4,32
1639819892,-5154,6424,-1832,97,-56,277,0,0,-7,-1,-16190,0,5688,394,-6078,-107,4,34
1639869892,-5442,6208,-1594,103,-139,40,-16188,0,-15537,0,8160,8192,5806,74,-5976,-112,20,38
1639919892,-6030,5478,-834,95,-127,265,0,0,-7,-1,-17185,0,5820,-1414,-5970,-113,-54,36
1639969892,-6104,6426,-1456,162,-99,243,-16183,0,-15537,0,8160,8192,5976,134,-6102,-134,51,50
1640019892,-5260,6314,-1582,195,-127,-261,-16180,0,-15537,0,8160,8192,5904,-174,-6136,-128,79,52
1640069892,-6378,5902,-1096,312,197,409,0,0,-7,-1,-16179,0,5868,-734,-5986,-62,257,36
1640119892,-4738,7246,-3888,226,-541,-850,-16177,0,-15537,0,8160,8192,9766,1966,-3520,-133,33,46
1640169892,-6614,9558,-4684,-54,-89,421,-16175,0,-15537,0,8160,8192,2134,1978,-5204,-89,-103,27
1640219892,-5148,6052,-1042,152,-139,78,-16173,0,-15537,0,8160,8192,6040,688,-5926,-111,0,34
1640269892,-4854,5936,-1806,74,-114,57,-16171,0,-15537,0,8160,8192,5380,676,-6154,-103,9,28
1640319892,-5240,6910,-2108,25,-179,2,-16169,0,-15537,0,8160,8192,5596,438,-6350,-116,-44,17
1640369892,-5374,6738,-1602,141,-99,42,8160,8192,19348,25029,645,8192,5822,472,-5982,-110,77,46
1640419892,-5686,6934,-1128,-26,-63,139,-16165,0,-15537,0,8160,8192,5866,300,-6568,-112,-29,23
1640469892,-5122,6258,-1872,104,-135,-75,8160,8192,-11724,25030,645,8192,5764,436,-6266,-107,83,42
1640519892,-5390,5934,-1918,24,-73,-8,8160,8192,0,0,645,8192,5802,204,-5938,-103,53,31
1640569892,-5826,6736,-1796,92,-133,-38,0,0,-7,-1,-17158,0,5414,-88,-5640,-109,38,27
1640619892,-5758,6820,-2394,105,-238,-220,-18156,0,-15537,0,8160,8192,5968,-16,-5876,-110,31,31
1640669892,-3684,8910,-1614,-142,133,250,0,0,-7,-1,-16154,0,5876,512,-5642,-102,28,34
1640719892,-7060,5076,-3420,-2093,2329,1248,8160,8192,-23868,25034,645,8192,5932,206,-6074,-106,9,28
1640769892,-4738,7240,-622,153,-89,341,0,0,-7,-1,-16149,0,5636,178,-6184,-103,16,30
1640819892,-5734,6114,-2404,-108,153,193,-16146,0,-15537,0,8160,8192,6260,-254,-5598,-110,8,20
1640869892,-5630,5618,-1814,386,-351,-16,-18144,0,-15537,0,8160,8192,7010,912,-5206,-105,27,40
1640919892,-4886,6268,-1912,-37,-66,-265,-16141,0,-15537,0,8160,8192,5442,112,-6362,-104,24,27
1640969892,-5732,6718,-2168,148,-195,-95,-16139,0,-15537,0,8160,8192,5568,72,-6254,-109,39,32
1641019892,-4838,5526,-1082,160,-186,-411,-17138,0,-15537,0,8160,8192,5216,-386,-6146,-111,65,30
1641069892,-6594,7226,-1440,51,-81,-81,-18136,0,-15537,0,8160,8192,5866,148,-6138,-107,42,27
1641119892,-5482,5914,-1888,256,-314,-285,8160,8192,-17084,25040,645,8192,6302,-122,-6290,-103,12,28
1641169892,-5258,6460,-1936,179,-327,-165,-18132,0,-15537,0,8160,8192,6370,-186,-5958,-109,-44,15
1641219892,-3718,2264,-1748,286,-283,-113,8160,8192,0,0,645,8192,2804,-118,-5970,-115,66,26
1641269892,11152,-9616,12924,609,-4706,-313,-16129,0,-15537,0,8160,8192,364,30,-29024,-232,-833,7
1641319892,-7208,6694,-11032,-119,796,-940,0,0,-7,-1,-17126,0,-14292,-448,-21396,-72,-521,-59
1641369892,-6332,8846,-3870,354,152,309,-18124,0,-15537,0,8160,8192,8396,8,-5438,-133,680,16
1641419892,-8810,9460,-1248,56,-571,-48,-16122,0,-15537,0,8160,8192,2544,-1818,-8954,-65,-630,39
1641469892,-4046,2830,-2502,286,-252,-183,8160,8192,0,0,645,8192,694,244,-8054,-97,86,33
1641519892,2934,-330,3054,-7,-83,275,-16117,0,-15537,0,8160,8192,3492,892,-8228,-167,91,60
1641569892,-11272,8534,-5562,-375,-229,-331,-16897,0,-15537,0,8160,8192,7358,178,-3932,-59,-373,39
1641619892,-4274,4502,130,145,-250,-284,-17112,0,-15537,0,8160,8192,5818,472,-6934,-78,-163,56
1641669892,-6290,8312,-1802,73,-204,206,-16110,0,-15537,0,8160,8192,6794,420,-6172,-103,-45,42
1641719892,-5226,6988,-1424,261,-147,-17,0,0,-7,-1,-17108,0,-32768,1864,-8504,-78,16,-25
1641769892,2050,2142,-1192,-404,-914,-291,0,0,-7,-1,-16106,0,6094,3258,11822,-89,-139,-54
1641819892,-9936,5326,674,-740,955,-91,-16104,0,-15537,0,8160,8192,2736,-222,-6750,-89,1,35
1641869892,-7064,6870,-608,266,6,-125,-16102,0,-15537,0,8160,8192,6250,390,-5012,-107,116,12
1641919892,-7096,6474,-2984,128,-255,4,0,0,-7,-1,-16101,0,5686,150,-5722,-101,1,15
1641969892,-4628,4826,-2324,76,-308,64,8160,8192,0,0,645,8192,6274,-52,-5988,-118,-31,28
1642019892,-6666,6910,-2334,77,-77,-35,-16097,0,-15537,0,8160,8192,6724,454,-5790,-104,7,33
1642069892,-4204,4798,-624,190,-241,35,-16095,0,-15537,0,8160,8192,6358,322,-5536,-111,42,29
1642119892,-5964,5848,-1808,98,-91,100,-17093,0,-15537,0,8160,8192,4890,256,-5878,-108,64,33
1642169892,-7262,6890,-2312,119,-83,50,0,0,-7,-1,-17092,0,6270,478,-5186,-108,44,31
1642219892,-7026,7142,-3634,-193,-540,-208,8160,8192,-31196,25057,645,8192,6378,574,-5980,-94,-476,31
1642269892,-6194,6238,-1986,222,-167,867,-17089,0,-15537,0,8160,8192,6188,-1706,-5160,-93,169,7
1642319892,-6788,5020,2406,-252,463,411,-16087,0,-15537,0,8160,8192,5010,-880,-6362,-73,21,-9
1642369892,-6218,6242,-72,311,-147,-432,0,0,-7,-1,-17085,0,5112,-460,-6510,-110,63,31
1642419892,-5866,6192,-1358,55,-124,170,-16082,0,-15537,0,8160,8192,5760,-126,-6186,-105,29,31
1642469892,-5564,5640,-1502,146,-209,62,8160,8192,22196,25061,645,8192,5786,162,-6056,-103,30,30
1642519892,-5852,6272,-1290,129,-43,35,-16078,0,-15537,0,8160,8192,5746,58,-6230,-102,86,29
1642569892,-5900,6196,-1674,217,13,5,-18076,0,-15537,0,8160,8192,5740,328,-6018,-133,257,44
1642619892,-4906,4172,-274,387,56,-126,8160,8192,-24412,25063,645,8192,5330,-608,-4560,-136,405,69
1642669892,-5314,4674,-1774,-103,-160,68,-18073,0,-15537,0,8160,8192,6044,596,-6338,-103,-15,30
1642719892,-5944,6332,-1642,123,-61,76,0,0,-7,-1,-17071,0,5634,420,-6018,-103,57,28
1642769892,-5702,6118,-1662,58,-91,34,-16069,0,-15537,0,8160,8192,5854,386,-6172,-106,17,29
1642819892,-5508,5888,-1656,110,-131,94,8160,8192,-21020,25066,645,8192,5672,330,-5994,-109,39,31
1642869892,-5716,6116,-1522,94,-116,34,-16065,0,-15537,0,8160,8192,5902,228,-5934,-106,32,30
1642919892,-5680,6016,-1492,103,-109,17,-16062,0,-15537,0,8160,8192,5918,292,-5976,-103,31,34
1642969892,-5632,6004,-1498,113,-116,53,-17060,0,-15537,0,8160,8192,5726,262,-6014,-108,38,31
1643019892,-5728,6124,-1602,92,-128,35,-16058,0,-15537,0,8160,8192,5764,286,-6230,-103,20,32
1643069892,-5718,6100,-1606,110,-120,32,-16055,0,-15537,0,8160,8192,5886,294,-5928,-106,26,29
1643119892,-32768,32767,-32768,-1786,2339,159,-16052,0,-15537,0,8160,8192,-24888,-7020,-32768,-245,-415,224
1643169892,-7410,9568,102,239,1280,699,-16050,0,-15537,0,8160,8192,7392,1106,-9366,-181,631,94
1643219892,-1640,1418,-902,-173,-354,-630,-17047,0,-15537,0,8160,8192,2658,-586,-6414,-99,-314,12
1643269892,-5632,7494,-3132,569,-101,437,0,0,-7,-1,-16046,0,7004,1956,-4544,-86,681,89
1643319892,-7002,9296,-2078,0,-310,105,0,0,-7,-1,-16044,0,5602,658,-6122,-98,-36,27
1643369892,9020,15848,752,2231,-1002,9,-16042,0,-15537,0,8160,8192,-2914,-4954,-3922,-75,611,-103
1643419892,-5554,6414,2554,83,121,-109,-18039,0,-15537,0,8160,8192,13084,-1300,-1102,-116,-477,-24
1643469892,-2868,2892,-2102,76,-866,243,-16038,0,-15537,0,8160,8192,5668,486,-6288,-105,-81,37
1643519892,-7048,5464,-1764,-121,278,-151,-16036,0,-15537,0,8160,8192,5758,242,-5858,-108,55,38
1643569892,4088,-19620,5616,497,-4111,-1828,0,0,-7,-1,-16034,0,32767,11344,4974,16,-2781,-22
1643619892,-17248,-2844,-3964,-251,2189,1251,-16032,0,-15537,0,8160,8192,10026,-8744,-4038,76,-135,-118
1643669892,-4092,5942,-1580,-252,-376,-483,0,0,-7,-1,-16031,0,4832,512,-6800,-112,47,33
1643719892,-5258,7366,-844,664,-177,-371,-16028,0,-15537,0,8160,8192,4826,-42,-5582,-167,426,51
1643769892,-3710,2182,-850,-183,-109,-99,8160,8192,0,0,645,8192,3974,154,-4172,-98,-68,17
1643819892,-8572,7634,-1478,151,457,393,-17025,0,-15537,0,8160,8192,8274,1572,-5574,-80,557,90
1643869892,-7564,9702,-2302,64,-130,49,0,0,-7,-1,-16023,0,8110,616,-5396,-113,94,26
1643919892,-5856,8478,148,169,-12,9,0,0,-7,-1,-16020,0,7234,386,-5714,-109,-130,17
1643969892,-6626,7696,-1494,121,-45,-41,-17018,0,-15537,0,8160,8192,7012,418,-5606,-120,-170,13
1644019892,-5354,6100,-1208,240,-117,63,-16016,0,-15537,0,8160,8192,5362,388,-6376,-105,6,22
1644069892,-5280,5646,-1496,157,-143,15,-16014,0,-15537,0,8160,8192,5860,392,-5792,-105,62,35
1644119892,-5288,5440,-1526,107,-203,86,0,0,-7,-1,-17012,0,5896,296,-5850,-111,-11,25
1644169892,-6828,6780,-1286,149,54,99,-16010,0,-15537,0,8160,8192,5166,-948,-5306,-103,65,35
1644219892,-6044,6206,-1596,30,-87,-21,8160,8192,2724,25088,645,8192,6080,-108,-6070,-118,-61,16
1644269892,-5376,5522,-1324,180,-197,129,8160,8192,-12812,25088,645,8192,5368,114,-6262,-96,92,38
1644319892,-5736,6644,-1332,101,-147,-22,-16005,0,-15537,0,8160,8192,5858,408,-6258,-107,19,32
1644369892,-5844,6196,-1402,124,-46,113,0,0,-7,-1,-16003,0,5638,306,-6062,-103,47,30
1644419892,-5446,5796,-1394,84,-136,64,-16001,0,-15537,0,8160,8192,5626,288,-6070,-105,28,30
1644469892,-5722,6110,-1560,70,-115,27,-15999,0,-15537,0,8160,8192,5986,338,-5900,-106,22,29
1644519892,-5738,5942,-1302,88,-88,43,0,0,-7,-1,-16997,0,5748,268,-6024,-102,42,26
1644569892,-5504,5798,-1520,107,-130,26,0,0,-7,-1,-16995,0,5652,360,-6070,-105,50,37
1644619892,-5690,5758,-1698,65,-126,55,-15993,0,-15537,0,8160,8192,5746,288,-6030,-102,17,26
1644669892,-5664,6224,-1528,105,-122,-11,-15990,0,-15537,0,8160,8192,5872,254,-6050,-105,52,38
1644719892,-6014,6630,-1540,78,-89,26,-17987,0,-15537,0,8160,8192,5824,296,-6114,-103,11,28
1644769892,-5284,5530,-1498,140,-175,38,-15985,0,-15537,0,8160,8192,5606,306,-6012,-107,41,29
1644819892,-5628,5988,-1408,112,-136,53,8160,8192,12900,25097,645,8192,5690,254,-5952,-108,48,33
1644869892,-6026,6106,-1696,65,-113,52,-15980,0,-15537,0,8160,8192,5996,320,-5890,-103,-4,30
1644919892,-5502,6208,-1232,120,-111,-30,8160,8192,-18172,25098,645,8192,5668,302,-6130,-110,43,34
1644969892,-5508,5782,-1366,113,-121,64,-15977,0,-15537,0,8160,8192,5826,260,-5992,-104,55,34
1645019892,-5748,5926,-1432,84,-106,7,0,0,-7,-1,-15975,0,6272,310,-6152,-104,12,30
1645069892,-5920,6486,-1258,100,-66,27,0,0,-7,-1,-15973,0,5584,314,-6212,-107,59,35
1645119892,-5366,5584,-1154,88,-138,35,-15969,0,-15537,0,8160,8192,5984,100,-6208,-109,-7,22
1645169892,-5650,5936,-1318,114,-108,-12,0,0,-7,-1,-16967,0,5712,162,-6128,-112,57,37
1645219892,-5798,5836,-1426,88,-110,38,-16964,0,-15537,0,8160,8192,5588,374,-6364,-104,28,32
1645269892,-5870,6234,-1482,106,-111,8,0,0,-7,-1,-16962,0,5490,544,-6166,-107,48,35
1645319892,-5434,5550,-1298,108,-150,-11,8160,8192,0,0,645,8192,5658,572,-6222,-105,16,32
1645369892,-5374,5666,-1126,77,-117,5,-15953,0,-15537,0,8160,8192,5742,480,-6114,-107,18,31
1645419892,-5500,6184,-1618,108,-163,-18,0,0,-7,-1,-15952,0,4854,392,-6166,-111,63,41
1645469892,-5782,6112,-1248,67,-100,49,-15950,0,-15537,0,8160,8192,6082,128,-5948,-102,-5,26
1645519892,-5800,5950,-1050,84,-85,21,-17947,0,-15537,0,8160,8192,5076,854,-5772,-104,22,36
1645569892,-4070,4674,-1106,98,-119,48,8160,8192,-23532,25108,645,8192,5376,-390,-6118,-110,47,29
1645619892,-6316,6502,-1938,110,-135,17,0,0,-7,-1,-15942,0,7250,816,-5794,-100,23,43
1645669892,-5826,6174,-1676,78,-185,-49,8160,8192,10932,25110,645,8192,5750,228,-6382,-110,-60,20
1645719892,-6208,6162,-1754,105,-143,50,-15937,0,-15537,0,8160,8192,5924,972,-5708,-100,-23,34
1645769892,-5018,5000,-1270,106,-180,-20,-16935,0,-15537,0,8160,8192,5466,300,-6278,-102,22,33
1645819892,-9480,7562,-5054,-140,262,1199,8160,8192,29860,25112,645,8192,9158,-5580,-2716,-35,113,-49
1645869892,-6872,3342,-66,-197,140,281,0,0,-7,-1,-15931,0,5666,-1714,-6228,-109,22,32
1645919892,-6172,7472,-2524,335,-507,-725,-16928,0,-15537,0,8160,8192,5870,690,-5738,-116,-19,29
1645969892,-4706,6046,-1092,24,-105,194,8160,8192,0,0,645,8192,6166,586,-6298,-104,-9,30
1646019892,-6246,6208,-2184,-70,-26,286,-15922,0,-15537,0,8160,8192,5194,1158,-6128,-113,-67,24
1646069892,-4926,5276,-1644,99,-126,-11,8160,8192,17716,25116,645,8192,5232,502,-6272,-109,37,31
1646119892,-5778,6026,-1680,46,-35,173,8160,8192,2180,25117,645,8192,5782,764,-5650,-108,44,32
1646169892,-5598,6022,-1854,64,-81,124,-15915,0,-15537,0,8160,8192,5546,490,-6160,-109,59,31
1646219892,-5182,5818,-1630,108,-157,57,-15911,0,-15537,0,8160,8192,5530,556,-5944,-106,47,33
1646269892,-5510,6066,-1630,65,-79,105,-17910,0,-15537,0,8160,8192,5716,492,-5972,-103,31,29
1646319892,-5626,6300,-1634,93,-78,74,-17908,0,-15537,0,8160,8192,5876,582,-6102,-98,48,33
1646369892,-5406,5976,-1552,113,-116,51,8160,8192,-9964,25120,645,8192,5556,490,-6008,-109,40,32
1646419892,-5814,6098,-1520,82,-78,146,8160,8192,0,0,645,8192,5818,240,-6032,-105,30,30
1646469892,-5716,6090,-1420,101,-106,48,8160,8192,0,0,645,8192,5820,300,-6126,-104,31,28
1646519892,-5518,5848,-1498,102,-133,64,-16899,0,-15537,0,8160,8192,5634,290,-5924,-109,23,27
1646569892,-5692,5960,-1498,73,-104,56,0,0,-7,-1,-16897,0,5822,224,-5980,-106,21,30
1646619892,-5732,6156,-1378,102,-108,4,8160,8192,-22108,25124,645,8192,5802,240,-6228,-101,24,29
1646669892,-5754,6102,-1442,100,-101,46,-15890,0,-15537,0,8160,8192,5794,262,-6102,-100,33,30
1646719892,-5652,5944,-1442,122,-122,23,-17887,0,-15537,0,8160,8192,5720,348,-5910,-104,45,32
1646769892,-5768,6276,-1494,101,-118,13,0,0,-7,-1,-15885,0,5848,352,-6032,-107,29,33
1646819892,-5682,5986,-1512,105,-134,37,-15883,0,-15537,0,8160,8192,5800,322,-5958,-106,25,29
1646869892,-5520,5896,-1292,93,-116,15,-16879,0,-15537,0,8160,8192,5760,204,-6088,-105,27,34
1646919892,-5834,6040,-1550,96,-121,11,0,0,-7,-1,-15876,0,5866,172,-6012,-107,28,34
1646969892,-5806,5874,-1416,89,-113,-10,-15874,0,-15537,0,8160,8192,5922,228,-6010,-111,19,34
1647019892,-5726,5918,-1380,91,-105,30,-17873,0,-15537,0,8160,8192,5894,114,-5934,-109,38,28
1647069892,-5852,6014,-1346,96,-117,21,-15868,0,-15537,0,8160,8192,6110,198,-5864,-103,39,33
1647119892,-5594,6070,-1524,127,-142,-25,-17866,0,-15537,0,8160,8192,5708,40,-6022,-114,63,37
1647169892,-5772,5844,-1586,91,-155,2,-17863,0,-15537,0,8160,8192,5876,58,-6158,-113,-26,19
1647219892,-5552,5822,-1152,89,-110,22,-15861,0,-15537,0,8160,8192,5922,96,-6034,-107,11,27
1647269892,-5846,6030,-1572,112,-144,4,-15858,0,-15537,0,8160,8192,5722,310,-5980,-105,20,38
1647319892,-5326,5776,-1252,117,-140,-5,-15857,0,-15537,0,8160,8192,6018,120,-5862,-106,26,34
1647369892,-6736,6768,-1686,93,-120,-8,-15855,0,-15537,0,8160,8192,5746,306,-6048,-102,13,32
1647419892,-5782,5852,-1416,130,-137,1,-15853,0,-15537,0,8160,8192,5654,242,-6192,-105,59,35
1647469892,-6282,6290,-1602,109,-149,-13,-15851,0,-15537,0,8160,8192,5490,356,-5878,-112,16,32
1647519892,-5710,5898,-1414,110,-147,-13,8160,8192,25924,25138,645,8192,5432,286,-6118,-109,42,34
1647569892,-6074,5880,-1570,98,-103,43,8160,8192,0,0,645,8192,5648,212,-6004,-105,40,31
1647619892,-5860,5734,-1372,115,-99,31,0,0,-7,-1,-15844,0,6248,174,-5850,-108,32,33
1647669892,-5658,5704,-1446,93,-149,-55,0,0,-7,-1,-15841,0,5640,128,-6190,-112,35,28
1647719892,-5658,5614,-1104,106,-103,18,-16838,0,-15537,0,8160,8192,5616,232,-5980,-108,49,30
1647769892,-5780,5782,-1570,96,-152,-7,-16836,0,-15537,0,8160,8192,5760,16,-5916,-109,26,32
1647819892,-5654,5952,-1376,99,-148,-49,-15832,0,-15537,0,8160,8192,5906,248,-6098,-107,33,32
1647869892,-6396,6272,-1568,102,-122,11,8160,8192,0,0,645,8192,5932,352,-5928,-103,28,30
1647919892,-6392,6036,-1416,121,-138,-34,0,0,-7,-1,-15827,0,6032,356,-5874,-99,22,30
1647969892,-6288,5856,-1600,115,-131,-24,-17825,0,-15537,0,8160,8192,5828,42,-5766,-112,28,30
1648019892,-5224,5318,-1064,96,-136,36,-15823,0,-15537,0,8160,8192,6090,76,-6110,-109,27,29
1648069892,-6098,5468,-1472,123,-140,-31,0,0,-7,-1,-15821,0,5952,308,-5664,-112,3,23
1648119892,-6290,5182,-1190,87,7,174,8160,8192,0,0,645,8192,5066,-166,-5072,-120,38,20
1648169892,-5512,5576,-1342,113,-172,-68,8160,8192,20564,25148,645,8192,6202,182,-5958,-107,20,26
1648219892,-5898,5848,-1156,62,-79,32,0,0,-7,-1,-15814,0,6004,506,-6116,-106,45,33
1648269892,-5764,6004,-1370,78,-143,-1,0,0,-7,-1,-16812,0,5730,80,-5914,-110,37,27
1648319892,-6602,6266,-1750,95,-151,-44,8160,8192,-26044,25150,645,8192,5404,368,-6190,-108,34,36
1648369892,-5012,4948,-976,116,-149,-59,-15806,0,-15537,0,8160,8192,5988,-548,-5980,-111,43,28
1648419892,-6126,5940,-1652,154,-151,-40,-15804,0,-15537,0,8160,8192,6040,156,-5696,-118,72,37
1648469892,-6534,6154,-1626,101,-115,-9,0,0,-7,-1,-15803,0,4854,562,-6700,-103,57,35
1648519892,-6644,6520,-1824,89,-134,-39,-17800,0,-15537,0,8160,8192,5920,264,-5896,-100,32,30
1648569892,-7176,6610,-1868,95,-137,21,0,0,-7,-1,-16799,0,5604,348,-6188,-106,10,34
1648619892,-6716,3492,60,-77,-317,459,8160,8192,11812,25155,645,8192,5492,-1420,-5964,-40,-540,-1
1648669892,-10356,6288,-522,-268,263,777,-15793,0,-15537,0,8160,8192,9068,-560,-4816,-112,-81,43
1648719892,-6576,4530,-788,234,-247,-337,0,0,-7,-1,-16791,0,6428,146,-5566,-103,21,26
1648769892,-4892,6374,-2098,203,-386,-412,-17788,0,-15537,0,8160,8192,5772,918,-5770,-109,35,31
1648819892,-5976,5794,-1434,34,8,340,-16786,0,-15537,0,8160,8192,5884,248,-5962,-102,15,36
1648869892,-6338,5508,-1170,71,-67,201,-16784,0,-15537,0,8160,8192,5780,-32,-6134,-104,25,33
1648919892,-6010,5778,-1278,113,-163,-96,-15782,0,-15537,0,8160,8192,5744,184,-6158,-105,30,32
1648969892,-5818,5898,-1490,84,-97,121,-15780,0,-15537,0,8160,8192,5658,490,-6086,-107,21,33
1649019892,-5964,5812,-1284,111,-122,60,-15778,0,-15537,0,8160,8192,5688,244,-6172,-104,29,28
1649069892,-5886,5670,-1312,85,-86,93,-17775,0,-15537,0,8160,8192,5724,286,-6100,-105,37,31
1649119892,-5770,5914,-1546,115,-167,-84,0,0,-7,-1,-16774,0,5856,570,-6060,-106,40,31
1649169892,-5628,6108,-1640,82,-134,-65,-15773,0,-15537,0,8160,8192,5546,754,-6138,-105,27,31
1649219892,-5938,5832,-1234,94,-115,28,0,0,-7,-1,-16771,0,5570,470,-6274,-101,24,34
1649269892,-6296,5398,-1052,96,-104,66,8160,8192,6452,25165,645,8192,5622,-88,-6066,-105,37,27
1649319892,-6124,5466,-1058,93,-131,16,-15766,0,-15537,0,8160,8192,5770,-152,-6158,-105,33,30
1649369892,-6092,5492,-1050,96,-138,-46,-15764,0,-15537,0,8160,8192,5656,6,-6138,-103,37,29
1649419892,-6140,5660,-1090,103,-130,-6,-15762,0,-15537,0,8160,8192,5622,-6,-6134,-102,36,29
1649469892,-6266,5646,-1178,87,-105,68,0,0,-7,-1,-15761,0,5704,-18,-6198,-104,30,29
1649519892,-6206,5472,-1140,97,-119,51,8160,8192,-5692,25168,645,8192,5778,6,-6040,-103,29,30
1649569892,-6042,5542,-1094,95,-121,15,-15758,0,-15537,0,8160,8192,5772,120,-6058,-106,31,31
1649619892,-6034,5704,-1368,90,-112,36,8160,8192,28772,25170,645,8192,5696,256,-6088,-108,32,31
1649669892,-6216,5782,-1356,98,-109,88,8160,8192,13236,25171,645,8192,5784,186,-6100,-107,31,30
1649719892,-5954,5622,-1288,100,-121,27,-15749,0,-15537,0,8160,8192,5810,186,-6134,-106,35,31
1649769892,-6016,5632,-1246,100,-113,44,8160,8192,0,0,645,8192,5648,250,-6066,-106,35,29
1649819892,-6104,5764,-1324,99,-121,27,8160,8192,32164,25173,645,8192,5700,198,-6136,-107,33,29
1649869892,-6130,5634,-1176,104,-111,81,8160,8192,16628,25174,645,8192,5760,54,-6172,-105,26,30
1649919892,-6000,5532,-1110,104,-119,34,8160,8192,1092,25175,645,8192,5714,218,-6144,-105,34,28
1649969892,-6100,5724,-1242,110,-117,27,-15734,0,-15537,0,8160,8192,5576,190,-6196,-105,37,29
1650019892,-6196,5748,-1290,88,-101,76,8160,8192,-29980,25176,645,8192,5714,226,-6238,-105,30,31
1650069892,-6066,5520,-1086,102,-108,70,-15730,0,-15537,0,8160,8192,5716,118,-6112,-105,31,32
1650119892,-6188,5660,-1220,87,-103,43,-15727,0,-15537,0,8160,8192,5698,112,-6128,-103,32,30
1650169892,-6098,5618,-1244,91,-105,64,8160,8192,-11052,25178,645,8192,5850,188,-5992,-109,29,30
1650219892,-6064,5586,-1192,96,-110,30,0,0,-7,-1,-15722,0,5654,220,-6128,-108,36,30
1650269892,-6170,5704,-1280,93,-110,57,-17721,0,-15537,0,8160,8192,5734,188,-6072,-105,32,31
1650319892,-6006,5474,-1116,101,-115,61,0,0,-7,-1,-15719,0,5846,154,-6048,-105,31,31
1650369892,-6064,5680,-1240,105,-123,28,8160,8192,0,0,645,8192,5620,144,-6110,-107,34,28
1650419892,-6146,5752,-1308,107,-115,55,8160,8192,-23196,25182,645,8192,5726,278,-6104,-106,34,29
1650469892,-5966,5642,-1234,105,-130,30,8160,8192,0,0,645,8192,5558,276,-6118,-107,29,32
1650519892,-6156,5810,-1306,95,-127,23,-17714,0,-15537,0,8160,8192,5756,354,-6218,-105,28,31
1650569892,-5992,5354,-1060,102,-109,91,-15712,0,-15537,0,8160,8192,5742,122,-6058,-104,25,32
1650619892,-6362,5564,-1170,83,-97,91,-17710,0,-15537,0,8160,8192,5772,54,-6126,-108,31,30
1650669892,-6096,5434,-1086,99,-126,26,-15706,0,-15537,0,8160,8192,5798,52,-6004,-108,22,31
1650719892,-6118,5544,-1202,81,-100,74,-17703,0,-15537,0,8160,8192,5562,168,-6208,-106,31,32
1650769892,-6066,5702,-1242,107,-130,18,-15700,0,-15537,0,8160,8192,5848,318,-6008,-105,28,33
1650819892,-5990,5668,-1270,104,-107,65,0,0,-7,-1,-15698,0,5548,278,-6196,-104,34,30
1650869892,-6224,5828,-1304,102,-121,39,-17696,0,-15537,0,8160,8192,5748,258,-6130,-107,26,30
1650919892,-5946,5516,-1066,103,-118,53,-15693,0,-15537,0,8160,8192,5504,172,-6188,-105,29,31
1650969892,-6332,5682,-1136,97,-108,53,-15691,0,-15537,0,8160,8192,5732,128,-6138,-105,32,28
1651019892,-6174,5394,-1006,102,-104,77,-15689,0,-15537,0,8160,8192,5580,-20,-6144,-106,35,31
1651069892,-6410,5744,-1372,89,-109,43,-15687,0,-15537,0,8160,8192,5838,104,-6138,-105,34,31
1651119892,-5948,5510,-1238,97,-111,42,0,0,-7,-1,-15685,0,5570,240,-6156,-107,36,30
1651169892,-6228,5686,-1384,95,-101,56,8160,8192,5908,25194,645,8192,5862,250,-6020,-105,38,31
1651219892,-6004,5570,-1114,103,-108,52,-15679,0,-15537,0,8160,8192,5576,154,-6106,-104,38,28
1651269892,-6186,5676,-1232,106,-114,48,8160,8192,0,0,645,8192,5812,226,-6104,-106,34,29
1651319892,-5990,5594,-1260,107,-121,25,-15675,0,-15537,0,8160,8192,5650,220,-6124,-106,38,29
1651369892,-6242,5376,-1178,91,-41,196,-15672,0,-15537,0,8160,8192,5756,164,-6080,-107,31,30
1651419892,-6042,5696,-1226,103,-152,-49,0,0,-7,-1,-16670,0,5700,182,-6106,-105,31,30
1651469892,-6086,5594,-1146,68,-71,152,0,0,-7,-1,-15669,0,5744,174,-6036,-103,27,28
1651519892,-6260,5702,-1430,107,-116,32,8160,8192,0,0,645,8192,5708,262,-6076,-107,35,30
1651569892,-5928,5580,-1194,123,-140,-1,8160,8192,12692,25200,645,8192,5592,166,-6128,-105,27,29
1651619892,-6246,5614,-1214,80,-84,113,0,0,-7,-1,-15661,0,5722,170,-6134,-110,31,32
1651669892,-6108,5662,-1246,105,-123,46,0,0,-7,-1,-15659,0,5706,226,-6146,-102,27,32
1651719892,-6090,5530,-1174,111,-118,58,5544,8192,-7,-1,-16682,0,5812,180,-6070,-106,26,32
1651769892,-6176,5618,-1206,86,-102,79,-15652,0,-15537,0,8160,8192,5612,174,-6154,-105,29,32
1651819892,-5994,5514,-1086,89,-103,59,-15650,0,-15537,0,8160,8192,5672,148,-6058,-103,29,32
1651869892,-6146,5540,-1344,92,-108,52,8160,8192,0,0,645,8192,5784,172,-6086,-106,29,31
1651919892,-6070,5622,-1254,97,-113,42,0,0,-7,-1,-15646,0,5714,256,-6086,-104,30,31
1651969892,-5982,5626,-1228,103,-116,50,-16642,0,-15537,0,8160,8192,5694,286,-6000,-106,38,29
1652019892,-6108,5632,-1330,106,-114,46,-15640,0,-15537,0,8160,8192,5700,248,-6138,-107,37,31
1652069892,-5972,5674,-1326,96,-135,-17,0,0,-7,-1,-15637,0,5660,352,-6102,-108,32,31
1652119892,-6112,5554,-1280,88,-101,77,0,0,-7,-1,-15635,0,5720,258,-6064,-104,35,31
1652169892,-6140,5626,-1258,90,-123,-2,-15633,0,-15537,0,8160,8192,5750,212,-6114,-104,35,30
1652219892,-6090,5598,-1192,105,-133,1,-15631,0,-15537,0,8160,8192,5680,220,-6130,-109,35,31
1652269892,-6092,5400,-1074,99,-105,80,-17629,0,-15537,0,8160,8192,5678,86,-6114,-104,29,27
1652319892,-6224,5670,-1236,73,-59,147,8160,8192,-23740,25211,645,8192,5754,216,-6102,-104,31,32
1652369892,-6228,5532,-1084,147,-145,31,-15625,0,-15537,0,8160,8192,5708,-94,-6150,-105,32,29
1652419892,-6234,5424,-1104,60,-57,131,-15623,0,-15537,0,8160,8192,5720,92,-6140,-106,31,29
1652469892,-6280,5584,-1272,95,-105,75,8160,8192,-4812,25213,645,8192,5798,140,-6040,-103,29,29
1652519892,-6090,5578,-1302,97,-127,16,-15617,0,-15537,0,8160,8192,5704,182,-6056,-106,33,30
1652569892,-6086,5584,-1146,103,-100,73,-17615,0,-15537,0,8160,8192,5752,178,-6102,-104,35,31
1652619892,-6142,5572,-1174,107,-120,35,8160,8192,14116,25216,645,8192,5726,164,-6122,-106,33,31
1652669892,-6140,5618,-1286,105,-109,65,0,0,-7,-1,-16613,0,5694,234,-6158,-106,34,29
1652719892,-6160,5602,-1182,99,-107,67,-15611,0,-15537,0,8160,8192,5710,228,-6074,-105,33,34
1652769892,-6084,5492,-1198,93,-106,61,8160,8192,-32492,25218,645,8192,5728,212,-6098,-104,30,29
1652819892,-6186,5534,-1226,95,-107,57,-15606,0,-15537,0,8160,8192,5738,182,-6108,-106,33,31
1652869892,-6092,5680,-1302,101,-119,33,8160,8192,1972,25220,645,8192,5744,272,-6142,-108,28,31
1652919892,-6060,5652,-1202,101,-116,49,0,0,-7,-1,-15603,0,5692,260,-6196,-104,29,30
1652969892,-6156,5494,-1128,100,-100,72,8160,8192,0,0,645,8192,5650,124,-6162,-105,32,30
1653019892,-6116,5566,-1250,97,-121,14,8160,8192,20900,25222,645,8192,5734,264,-6064,-102,35,28
1653069892,-6130,5622,-1272,102,-127,5,0,0,-7,-1,-16599,0,5718,226,-6146,-107,29,32
1653119892,-6254,5480,-1158,83,-89,106,8160,8192,-10172,25223,645,8192,5754,80,-6086,-106,28,29
1653169892,-6264,5546,-1184,97,-122,21,-15594,0,-15537,0,8160,8192,5716,64,-6140,-106,30,31
1653219892,-6138,5528,-1130,99,-114,50,8160,8192,24292,25225,645,8192,5686,174,-6120,-106,32,30
1653269892,-6138,5560,-1208,100,-111,42,-15591,0,-15537,0,8160,8192,5718,282,-6102,-106,34,31
1653319892,-6166,5590,-1286,99,-111,62,-15587,0,-15537,0,8160,8192,5702,208,-6148,-104,31,28
1653369892,-6184,5544,-1206,94,-109,63,-15585,0,-15537,0,8160,8192,5748,144,-6120,-106,29,31
1653419892,-6140,5588,-1172,100,-113,39,0,0,-7,-1,-16583,0,5706,234,-6104,-107,32,30
1653469892,-6070,5644,-1244,102,-128,2,8160,8192,12148,25229,645,8192,5716,404,-6118,-104,34,32
1653519892,-6100,5550,-1194,102,-115,45,-15581,0,-15537,0,8160,8192,5746,248,-6078,-103,29,32
1653569892,-6170,5444,-1158,91,-109,67,-15578,0,-15537,0,8160,8192,5752,154,-6092,-104,27,30
1653619892,-6296,5514,-1044,105,-112,58,-15575,0,-15537,0,8160,8192,5710,16,-6160,-103,35,30
1653669892,-6068,5688,-1278,112,-104,82,-17574,0,-15537,0,8160,8192,5714,332,-6082,-106,42,30
1653719892,-6148,5598,-1208,133,-150,-41,8160,8192,4,25233,645,8192,5714,260,-6106,-106,39,28
1653769892,-5972,5726,-1416,78,-139,-54,-15569,0,-15537,0,8160,8192,5658,550,-6140,-103,28,31
1653819892,-6194,5534,-1106,111,-94,124,-15567,0,-15537,0,8160,8192,5670,210,-6088,-103,40,30
