timestamp_us,a1x,a1y,a1z,g1x,g1y,g1z,a2x,a2y,a2z,g2x,g2y,g2z,a3x,a3y,a3z,g3x,g3y,g3z
3322619892,5904,-4592,-4270,137,-543,-168,-15815,0,-15537,0,8160,8192,186,-1610,8078,-174,-549,444
3322669892,5826,-4816,-4318,245,-405,-148,0,0,-7,-1,-16813,0,524,-1778,8166,-112,-182,497
3322719892,5938,-4864,-4168,314,-210,-120,-17808,0,-15537,0,8160,8192,168,-1712,8022,-117,-131,453
3322769892,5990,-4542,-4298,262,-283,-205,-15805,0,-15537,0,8160,8192,750,-1546,8040,-27,-411,315
3322819892,5636,-4638,-3932,433,156,-3,8160,8192,0,0,645,8192,-74,-1656,8190,208,553,444
3322869892,6250,-5076,-4006,373,-22,-369,-15802,0,-15537,0,8160,8192,368,-1624,8216,476,-272,311
3322919892,5958,-4188,-4456,128,-145,-452,-15801,0,-15537,0,8160,8192,1030,-1192,8150,510,24,83
3322969892,6412,-4514,-4174,394,231,-308,8160,8192,0,0,645,8192,348,-1022,7926,447,218,58
3323019892,5944,-4214,-4000,9,-162,-284,-17797,0,-15537,0,8160,8192,836,-982,7588,105,-81,45
3323069892,5802,-4184,-4046,276,224,57,-16795,0,-15537,0,8160,8192,496,-1066,7398,-53,501,65
3323119892,5792,-4184,-3860,218,53,73,8160,8192,1476,-14830,645,8192,290,-1134,7596,-110,249,5
3323169892,6120,-4288,-3886,181,28,139,0,0,-7,-1,-15787,0,508,-1108,7896,-144,214,-21
3323219892,6644,-4548,-4034,169,76,140,-16784,0,-15537,0,8160,8192,142,-1038,8502,-115,416,-33
3323269892,7246,-4420,-4122,252,312,96,-17782,0,-15537,0,8160,8192,374,-544,9402,-113,672,54
3323319892,6714,-4528,-3826,688,1076,87,0,0,-7,-1,-15779,0,-206,-1194,8982,112,1300,152
3323369892,6178,-4402,-3422,519,598,-432,-15776,0,-15537,0,8160,8192,-568,-1304,7886,545,594,196
3323419892,6054,-4312,-3378,93,-45,-739,-15774,0,-15537,0,8160,8192,-240,-822,7048,663,-259,194
3323469892,5706,-3850,-3262,-142,-281,-574,-16772,0,-15537,0,8160,8192,-120,-700,6932,460,-242,114
3323519892,5962,-4018,-3300,-124,-301,-291,-15770,0,-15537,0,8160,8192,-54,-696,7038,175,-377,59
3323569892,6032,-3968,-3238,-36,-232,46,-15768,0,-15537,0,8160,8192,-100,-656,7388,-113,-64,48
3323619892,6478,-3946,-3416,25,-99,230,0,0,-7,-1,-16766,0,-110,-398,7838,-301,119,-50
3323669892,6564,-4018,-3372,272,95,376,-15764,0,-15537,0,8160,8192,-246,-586,8178,-324,327,-64
3323719892,6826,-4162,-3460,137,-82,163,8160,8192,11652,-14821,645,8192,-466,-632,8180,-168,37,49
3323769892,6682,-4132,-3736,6,-484,-71,-15760,0,-15537,0,8160,8192,78,-496,8192,-162,-257,170
3323819892,6282,-3952,-3578,99,-188,15,0,0,-7,-1,-15757,0,-2,-790,8288,-166,37,149
3323869892,6480,-4364,-3598,175,-135,-16,-15756,0,-15537,0,8160,8192,-198,-878,7988,-60,-69,129
3323919892,6336,-4192,-3474,-44,-354,-92,0,0,-7,-1,-15755,0,98,-784,8054,-46,-216,65
3323969892,6436,-4084,-3624,68,-122,76,-15753,0,-15537,0,8160,8192,62,-640,7970,-94,25,-26
3324019892,6386,-4120,-3592,207,-12,172,-17751,0,-15537,0,8160,8192,-132,-724,7856,-145,172,-1
3324069892,6410,-4072,-3602,59,-210,49,-15749,0,-15537,0,8160,8192,-106,-696,7848,-166,-67,42
3324119892,6440,-3984,-3722,44,-355,16,8160,8192,0,0,645,8192,48,-652,7960,-166,-128,116
3324169892,6168,-4098,-3478,90,-361,21,-16744,0,-15537,0,8160,8192,-80,-828,7576,-154,-219,153
3324219892,6192,-4064,-3628,-65,-479,70,8160,8192,-12636,-14814,645,8192,172,-784,7684,-276,-221,84
3324269892,6336,-4130,-3780,64,-319,244,-15740,0,-15537,0,8160,8192,194,-682,7812,-349,-67,20
3324319892,6156,-3944,-3672,50,-204,350,0,0,-7,-1,-15738,0,102,-836,7938,-438,92,-62
3324369892,6402,-4250,-3796,150,-209,360,-16736,0,-15537,0,8160,8192,-148,-972,8038,-385,40,-20
3324419892,6540,-4336,-3904,-33,-396,175,-15734,0,-15537,0,8160,8192,194,-956,8268,-361,-255,9
3324469892,6538,-4398,-3902,43,-296,216,8160,8192,0,0,645,8192,178,-1022,8392,-319,-59,45
3324519892,6396,-4448,-3962,83,-187,156,-15731,0,-15537,0,8160,8192,278,-1178,8396,-237,-9,49
3324569892,6308,-4408,-3920,45,-248,45,0,0,-7,-1,-15730,0,214,-1182,8178,-117,-139,33
3324619892,6120,-4260,-3946,-62,-277,-8,0,0,-7,-1,-16728,0,236,-1138,7974,-78,-140,-3
3324669892,6096,-4226,-4114,-47,-277,24,-15726,0,-15537,0,8160,8192,416,-1124,7992,-126,-138,-8
3324719892,6148,-4582,-3990,4,-220,152,-16723,0,-15537,0,8160,8192,462,-1236,7804,-186,-55,2
3324769892,6116,-4050,-3950,-100,-223,124,0,0,-7,-1,-16720,0,248,-1208,8052,-188,-109,-142
3324819892,6228,-4302,-4176,-72,-253,124,0,0,-7,-1,-15718,0,446,-1050,7782,-163,-237,-111
3324869892,6148,-4042,-4092,-143,-299,127,-15717,0,-15537,0,8160,8192,524,-976,7784,-283,-301,-71
3324919892,6148,-4108,-4246,53,-99,252,0,0,-7,-1,-15715,0,570,-1130,7966,-306,15,10
3324969892,6284,-4276,-4412,23,-206,184,-15712,0,-15537,0,8160,8192,698,-1188,8082,-286,-111,-10
3325019892,6230,-4238,-4188,62,-78,216,0,0,-7,-1,-15709,0,552,-1246,8128,-261,55,-56
3325069892,5978,-4248,-4288,2,-3,160,-15707,0,-15537,0,8160,8192,594,-1402,7930,-187,74,-118
3325119892,6202,-4274,-4282,30,-131,139,8160,8192,-30140,-14800,645,8192,582,-1172,7960,-124,-26,-108
3325169892,6054,-4120,-4374,0,31,195,-15703,0,-15537,0,8160,8192,792,-1156,8004,-177,216,-154
3325219892,6054,-4286,-4244,121,163,289,8160,8192,0,0,645,8192,518,-1202,7818,-196,292,-186
3325269892,5916,-4148,-4192,27,79,267,-15700,0,-15537,0,8160,8192,534,-1294,7866,-211,249,-215
3325319892,6104,-4364,-4228,-21,6,234,-17698,0,-15537,0,8160,8192,612,-1222,7920,-192,222,-256
3325369892,6158,-4392,-4056,4,126,299,-15696,0,-15537,0,8160,8192,348,-1266,8070,-148,418,-278
3325419892,6122,-4444,-4074,-69,102,234,-16694,0,-15537,0,8160,8192,210,-1344,7946,-171,137,-281
3325469892,6008,-4390,-4332,-75,4,181,-15691,0,-15537,0,8160,8192,498,-1358,8078,-132,216,-283
3325519892,6138,-4548,-3994,-27,170,248,-15688,0,-15537,0,8160,8192,8,-1346,7998,-102,358,-287
3325569892,6088,-4476,-4004,-78,70,145,0,0,-7,-1,-15685,0,166,-1388,7998,-81,69,-297
3325619892,6042,-4422,-4092,-104,56,130,-17681,0,-15537,0,8160,8192,168,-1344,7986,-49,240,-272
3325669892,6110,-4636,-4060,-37,63,133,8160,8192,-4428,-14792,645,8192,22,-1420,7962,-68,142,-235
3325719892,5966,-4412,-4000,-109,-75,40,0,0,-7,-1,-15677,0,110,-1328,7946,-20,60,-179
3325769892,6082,-4492,-4128,-28,15,86,-15675,0,-15537,0,8160,8192,20,-1276,8000,-52,168,-118
3325819892,6126,-4560,-4234,17,-55,78,-15673,0,-15537,0,8160,8192,204,-1330,8128,-62,91,-87
3325869892,6330,-4706,-4340,-116,-206,-64,0,0,-7,-1,-16671,0,12,-1526,8622,137,-141,-102
3325919892,6448,-4772,-4728,-364,-431,-466,-15669,0,-15537,0,8160,8192,412,-1508,9016,366,-515,-6
3325969892,-2494,-1088,-4100,602,-1728,232,8160,8192,0,0,645,8192,-480,6300,13946,114,2779,-419
3326019892,11018,-5810,-1384,824,1465,260,-15664,0,-15537,0,8160,8192,1168,1740,8848,1373,-2267,434
3326069892,5082,-2748,-3836,-748,-1438,-781,0,0,-7,-1,-15662,0,2476,-1302,7762,-627,-2209,98
3326119892,6824,-4620,-4132,1205,164,610,-15660,0,-15537,0,8160,8192,226,-1350,8620,-288,1302,607
3326169892,7002,-3848,-3284,-267,-142,-117,-15658,0,-15537,0,8160,8192,-728,-1150,7656,-96,-445,515
3326219892,4490,-3684,-3966,96,-1727,-624,-15656,0,-15537,0,8160,8192,346,-676,6656,-40,-1589,382
3326269892,6220,-3690,-3794,316,-245,507,8160,8192,5748,-14782,645,8192,866,-628,6958,-498,-741,277
3326319892,6084,-3690,-4084,625,-596,593,8160,8192,-9788,-14782,645,8192,718,-514,7124,-788,-5,305
3326369892,5820,-3404,-4510,620,150,934,-15648,0,-15537,0,8160,8192,1176,-822,7132,-1221,228,514
3326419892,6062,-4050,-4046,970,-392,1212,8160,8192,0,0,645,8192,636,-1178,7626,-1488,677,628
3326469892,5168,-4484,-4202,1014,402,1416,0,0,-7,-1,-16644,0,992,-2252,7860,-1511,1064,453
3326519892,5540,-5596,-3960,956,244,1254,-15641,0,-15537,0,8160,8192,38,-2796,7686,-1146,999,207
3326569892,4728,-6022,-4568,428,-361,696,-15639,0,-15537,0,8160,8192,294,-3618,7938,-854,208,209
3326619892,4848,-6082,-4780,-440,-940,325,-16637,0,-15537,0,8160,8192,282,-3608,7718,-504,-552,109
3326669892,4688,-6368,-4142,-573,-1154,20,0,0,-7,-1,-16636,0,-294,-4414,8136,-169,-1104,20
3326719892,6168,-7754,-4986,-974,-2062,-1100,-15633,0,-15537,0,8160,8192,-20,-4864,9484,679,-2661,46
3326769892,6230,-7416,-4352,-391,-1579,-1523,-16631,0,-15537,0,8160,8192,704,-4714,10444,1240,-2843,-54
3326819892,5936,-6458,-5144,-480,-1114,-2224,-15630,0,-15537,0,8160,8192,942,-4006,9146,2266,-2727,-151
3326869892,1982,-4482,-6130,-599,-2498,-3969,-17628,0,-15537,0,8160,8192,3058,-3874,4002,3420,-3699,310
3326919892,-2724,-1834,-3066,-1336,-4108,-3621,0,0,-7,-1,-15627,0,3930,-2500,-3460,3082,-4041,47
3326969892,-2250,-2096,-3332,1358,-1529,1379,-15625,0,-15537,0,8160,8192,-558,-1032,-3876,-592,1665,284
3327019892,4084,-2572,-7234,1180,-2020,4144,0,0,-7,-1,-15623,0,2004,-454,556,-5426,-1140,1842
3327069892,7218,-4734,-7176,2202,-2794,6173,8160,8192,19316,-14770,645,8192,6562,-6350,12746,-8279,-664,4100
3327119892,9898,-12650,-10646,1007,-1766,3764,8160,8192,0,0,645,8192,9266,-9012,20714,-4538,1033,2862
3327169892,11482,-11918,-11732,942,1311,113,8160,8192,-11756,-14769,645,8192,6572,-8182,23466,509,2493,-317
3327219892,7246,-8614,-9098,-215,4415,-2467,8160,8192,-27292,-14768,645,8192,5240,-7272,14810,4169,2706,-1798
3327269892,3184,-6768,-6906,-219,4716,-3390,-15611,0,-15537,0,8160,8192,4154,-5664,6820,5272,2500,-2241
3327319892,508,-3106,-5920,723,4367,-3222,8160,8192,0,0,645,8192,3352,-3416,940,4427,2754,-1941
3327369892,-542,-1700,-4700,432,2383,-2381,-15606,0,-15537,0,8160,8192,1366,-1422,-1658,2968,1512,-1160
3327419892,312,-868,-3834,299,842,-674,-15604,0,-15537,0,8160,8192,1214,-72,-680,724,1057,-19
3327469892,4390,-4768,-2800,-288,-211,903,-16601,0,-15537,0,8160,8192,50,-1356,4130,-1189,-235,452
3327519892,4716,-3734,-2090,-1152,-1138,335,-15600,0,-15537,0,8160,8192,-292,-1946,7352,-1391,-403,407
3327569892,6078,-5626,-4690,-422,-707,905,0,0,-7,-1,-15598,0,612,-2436,8580,-951,101,273
3327619892,7034,-6002,-4508,432,-334,603,0,0,-7,-1,-16596,0,504,-2404,9472,-615,168,397
3327669892,5822,-5272,-4944,233,-55,48,-17594,0,-15537,0,8160,8192,1384,-2320,8664,-591,285,373
3327719892,5258,-5098,-4082,765,420,456,-15591,0,-15537,0,8160,8192,526,-2476,7770,-413,630,389
3327769892,5306,-4938,-4574,604,141,234,-15588,0,-15537,0,8160,8192,1056,-2234,7412,-406,86,363
3327819892,5500,-5058,-4338,171,-142,240,8160,8192,-17116,-14759,645,8192,1226,-2136,7544,-356,74,247
3327869892,5192,-4436,-4414,81,57,332,-15584,0,-15537,0,8160,8192,1462,-1956,7808,-367,392,67
3327919892,5406,-5078,-4174,569,557,510,8160,8192,17348,-14757,645,8192,742,-2206,7474,-255,681,-84
3327969892,5432,-4882,-4450,42,165,247,0,0,-7,-1,-15579,0,924,-2342,7568,-291,356,-194
3328019892,5676,-5170,-4298,-15,-152,286,-15577,0,-15537,0,8160,8192,774,-2114,7704,-269,42,-145
3328069892,5852,-4488,-4058,-224,-3,301,8160,8192,-29260,-14755,645,8192,1078,-1740,7990,-318,143,-309
3328119892,6198,-4936,-4492,277,545,669,-15573,0,-15537,0,8160,8192,936,-1780,8194,-338,761,-237
3328169892,5884,-4994,-4518,22,409,288,0,0,-7,-1,-16570,0,726,-2196,8148,-321,864,-104
3328219892,5494,-5106,-3774,-140,-208,-105,-15569,0,-15537,0,8160,8192,-270,-2402,7838,33,347,-53
3328269892,5428,-5158,-3494,190,-213,-42,-15565,0,-15537,0,8160,8192,-240,-2232,7506,65,262,71
3328319892,6090,-6020,-3474,149,-30,212,-15562,0,-15537,0,8160,8192,-998,-2344,7518,-174,15,250
3328369892,5008,-4930,-3708,-30,-436,0,-15560,0,-15537,0,8160,8192,228,-2346,7314,-492,-317,394
3328419892,5554,-5154,-4110,344,147,458,-15557,0,-15537,0,8160,8192,102,-2376,7288,-711,26,670
3328469892,6360,-6312,-3900,523,-743,-137,-15556,0,-15537,0,8160,8192,1870,-3014,7892,-290,-1993,732
3328519892,4446,-4684,-4326,-463,-41,-161,-15553,0,-15537,0,8160,8192,1864,-2862,7610,-270,765,502
3328569892,4120,-4250,-4670,133,987,491,8160,8192,0,0,645,8192,-92,-3294,7924,-176,1281,157
3328619892,4840,-5928,-4192,66,-58,-126,0,0,-7,-1,-15547,0,1878,-3362,6902,-69,103,-414
3328669892,5404,-5286,-4056,-445,506,359,0,0,-7,-1,-16545,0,-1974,-3004,8002,274,1004,-556
3328719892,6320,-5886,-3586,-733,-1101,-750,0,0,-7,-1,-16543,0,-1412,-2468,7716,290,-1146,57
3328769892,4940,-5202,-3210,-415,-1210,-607,-15541,0,-15537,0,8160,8192,-338,-2690,7738,-10,-964,303
3328819893,5308,-4982,-4010,-70,-317,-331,-15539,0,-15537,0,8160,8192,252,-2556,7676,99,-679,170
3328869892,4890,-4406,-4598,98,-268,-174,0,0,-7,-1,-15539,0,1810,-2158,7212,-5,-519,6
3328919892,5428,-3874,-4316,248,358,415,0,0,-7,-1,-17533,0,536,-1752,6626,-288,507,56
3328969892,5346,-4458,-5098,221,-338,153,-16532,0,-15537,0,8160,8192,1500,-2154,8006,68,345,-162
3329019892,6094,-4684,-4348,-178,-434,-117,8160,8192,3236,-14740,645,8192,572,-1928,7236,-128,-306,84
3329069892,5516,-4766,-4446,169,-424,223,0,0,-7,-1,-16528,0,468,-2454,7734,-430,-133,310
3329119892,5630,-4870,-4452,121,-349,116,-16526,0,-15537,0,8160,8192,942,-2464,7666,-406,-363,317
3329169892,5774,-5398,-3894,297,-220,283,8160,8192,0,0,645,8192,536,-2618,8158,-307,195,170
3329219892,5584,-4958,-4598,137,54,171,-16523,0,-15537,0,8160,8192,1064,-2616,7902,-168,119,-98
3329269892,5544,-4850,-4696,303,70,219,-16521,0,-15537,0,8160,8192,624,-2516,7670,-183,118,-6
3329319892,5472,-4928,-4846,284,15,127,8160,8192,-24444,-14736,645,8192,1300,-2540,7850,-167,167,41
3329369892,5882,-4784,-4608,204,-101,79,0,0,-7,-1,-17516,0,616,-2178,7682,-72,74,93
3329419892,5258,-4572,-4546,123,-124,-12,-17514,0,-15537,0,8160,8192,1114,-2466,7340,-187,-143,146
3329469892,5396,-4746,-4248,-65,-237,-31,-16512,0,-15537,0,8160,8192,900,-2278,7364,-41,-164,-5
3329519892,5604,-4592,-4402,-95,-161,8,8160,8192,-21052,-14733,645,8192,904,-2090,7608,-51,-27,-69
3329569892,5642,-4596,-4656,82,66,141,8160,8192,28948,-14732,645,8192,1020,-2280,7838,-110,232,-66
3329619892,5650,-5160,-4748,127,166,41,0,0,-7,-1,-16507,0,634,-2656,7716,-41,139,-18
3329669892,5234,-4984,-4298,-129,-210,-152,8160,8192,0,0,645,8192,652,-2742,7540,47,-132,17
3329719892,5350,-5182,-4402,-87,-145,-153,0,0,-7,-1,-16503,0,688,-2634,7708,81,4,34
3329769892,5538,-5108,-4532,143,-48,-12,8160,8192,32340,-14729,645,8192,628,-2674,7692,1,120,25
3329819892,5174,-4910,-4376,228,194,123,-16498,0,-15537,0,8160,8192,610,-2686,7454,-121,444,49
3329869892,5240,-5012,-4356,416,288,210,-17496,0,-15537,0,8160,8192,466,-2804,7466,-137,481,108
3329919892,5522,-5308,-4450,195,-76,19,-17494,0,-15537,0,8160,8192,708,-2786,7630,-79,141,84
3329969892,5020,-5314,-4702,219,-75,27,8160,8192,0,0,645,8192,862,-3168,7530,-66,100,127
3330019892,5350,-5256,-4300,19,-210,16,-16489,0,-15537,0,8160,8192,540,-2930,7344,-132,-161,94
3330069892,4062,-5304,-4904,183,-392,-41,-16486,0,-15537,0,8160,8192,686,-3994,6466,-80,-280,133
3330119892,2766,-4746,-4204,-63,-2017,-700,0,0,-7,-1,-16484,0,416,-4214,3362,1013,-2592,302
3330169892,17776,-9978,-7816,-2020,-3939,-2002,-16482,0,-15537,0,8160,8192,-3268,4220,16296,3190,-3707,451
3330219892,-2614,-2002,-7926,-806,-1824,-2202,-18481,0,-15537,0,8160,8192,2448,-2032,4532,-606,-2074,-380
3330269892,4646,-3686,-5692,1708,-318,6,-16478,0,-15537,0,8160,8192,3008,-1002,4926,-52,-899,17
3330319892,4754,-3304,-6338,-520,-283,224,-16476,0,-15537,0,8160,8192,2314,-2258,6998,-380,-122,75
3330369892,4786,-5700,-3554,661,-995,120,-18474,0,-15537,0,8160,8192,1916,-2720,6738,-197,-457,-136
3330419892,4986,-3582,-6434,-173,351,586,-17472,0,-15537,0,8160,8192,2160,-1938,6662,-64,184,-633
3330469892,5140,-4498,-5914,307,-593,311,-16469,0,-15537,0,8160,8192,2148,-2734,7384,-290,-204,87
3330519892,4448,-4752,-6396,-159,-326,67,-18467,0,-15537,0,8160,8192,4694,-2662,8756,35,-102,-375
3330569892,4328,-4800,-6380,40,-176,15,-18465,0,-15537,0,8160,8192,4188,-3432,7752,-72,-196,-199
3330619892,4890,-3892,-7650,-255,-194,2,-16463,0,-15537,0,8160,8192,3498,-1800,7352,-72,-174,-134
3330669892,6072,-5112,-5490,95,-408,-91,-16460,0,-15537,0,8160,8192,2754,-2612,8674,-7,-287,158
3330719892,4272,-4274,-5904,-208,-233,-106,-16457,0,-15537,0,8160,8192,2736,-2900,8290,-85,-34,-77
3330769892,4598,-4140,-5998,-195,-241,-171,-16455,0,-15537,0,8160,8192,2816,-2706,8066,-40,-231,-64
3330819892,5126,-3914,-5798,-95,-305,56,-18454,0,-15537,0,8160,8192,3660,-1430,7086,-148,-169,15
3330869892,4596,-4842,-5856,269,-136,147,-16452,0,-15537,0,8160,8192,3100,-2138,7526,-139,-26,13
3330919892,4112,-3836,-7036,-162,-342,-19,0,0,-7,-1,-16450,0,3138,-882,6296,-140,-107,-26
3330969892,4946,-4484,-6568,39,-191,116,-16447,0,-15537,0,8160,8192,2958,-1678,7368,-86,-24,-70
3331019892,4326,-4132,-6826,-171,-326,123,8160,8192,0,0,645,8192,3638,-2546,6626,-121,-236,-80
3331069892,4844,-4582,-6252,-74,-318,54,-16444,0,-15537,0,8160,8192,2736,-3644,9474,-119,-224,-79
3331119892,4906,-4448,-6112,-209,-80,64,8160,8192,6084,-14708,645,8192,2078,-2838,7838,9,-12,-222
3331169892,4694,-3472,-6480,-203,-292,-70,8160,8192,-9452,-14708,645,8192,3634,-1854,7136,42,-218,-82
3331219892,4412,-3776,-6840,-158,-148,24,-18439,0,-15537,0,8160,8192,4140,-1226,6662,-25,-131,-86
3331269892,4456,-4080,-6422,102,-286,25,-16437,0,-15537,0,8160,8192,3224,-1654,5112,-80,-151,-137
3331319892,4858,-3666,-6224,-192,-404,147,-16434,0,-15537,0,8160,8192,3468,-1096,5978,-95,-262,-120
3331369892,4772,-4412,-6188,-102,-66,241,8160,8192,-6060,-14705,645,8192,3018,-1662,6234,-141,-60,-291
3331419892,4668,-3694,-6242,-49,-149,136,-17430,0,-15537,0,8160,8192,3636,-2078,7668,4,-109,-271
3331469892,3500,-3676,-6228,-319,-1,113,0,0,-7,-1,-17427,0,3114,-1532,5848,101,-62,-538
3331519892,4636,-3842,-5366,-84,-94,341,-16425,0,-15537,0,8160,8192,2512,-1374,6216,-19,-174,-406
3331569892,5780,-3564,-5732,-52,208,670,0,0,-7,-1,-16422,0,3324,-560,8318,-229,-53,-773
3331619892,5040,-3796,-5636,292,553,759,-17419,0,-15537,0,8160,8192,2662,-1364,7690,-183,518,-854
3331669892,4854,-4094,-4968,349,367,686,-17416,0,-15537,0,8160,8192,3454,-1196,7520,-62,538,-1385
3331719892,5004,-4062,-4820,1326,214,690,-16413,0,-15537,0,8160,8192,2334,-1030,6554,-279,862,-1980
3331769892,5776,-3654,-6082,1399,-71,863,-16410,0,-15537,0,8160,8192,2176,126,6930,-876,671,-1617
3331819892,3548,-3314,-7620,995,-957,-23,-16408,0,-15537,0,8160,8192,3016,-786,6904,-629,-532,-581
3331869892,4194,-4476,-7296,606,-2025,-556,-16406,0,-15537,0,8160,8192,5334,-1108,7064,61,-1655,-7
3331919892,3910,-3930,-6772,-148,-2492,-1566,0,0,-7,-1,-17403,0,5076,-1036,7162,913,-3150,81
3331969892,5316,-2992,-8478,-614,-2167,-1714,0,0,-7,-1,-16401,0,6218,758,7900,1510,-2349,-216
3332019892,6018,-1952,-8136,-628,-1291,-2293,-18399,0,-15537,0,8160,8192,6466,2726,6916,1713,-3641,-28
3332069892,5554,-594,-8534,-1106,-333,-2104,8160,8192,-26956,-14694,645,8192,6360,2686,7528,1962,-1790,-758
3332119892,5046,-1348,-7530,-1356,-671,-2770,-16394,0,-15537,0,8160,8192,4776,1326,6154,3192,-1073,-717
3332169892,3728,-1588,-6688,-1557,-906,-3289,0,0,-7,-1,-16392,0,3816,1710,3510,3284,-1435,-679
3332219892,5386,-1234,-7020,-129,-483,-1254,8160,8192,-8028,-14692,645,8192,3852,3656,4040,785,-1043,470
3332269892,7540,2156,-7474,1020,-523,703,0,0,-7,-1,-16388,0,5252,4726,4564,-591,-667,2063
3332319892,4628,-1314,-7996,1164,-433,1113,8160,8192,0,0,645,8192,7782,1948,4204,-1202,599,1138
3332369892,5296,-76,-8368,929,-214,966,8160,8192,10900,-14689,645,8192,6426,3662,5214,-884,-553,1156
3332419892,4426,-1272,-8058,162,-532,554,8160,8192,-4636,-14689,645,8192,7434,1384,5076,-281,-151,681
3332469892,4644,-1256,-7816,106,-363,357,0,0,-7,-1,-16380,0,6320,2006,4868,-161,397,338
3332519892,4570,-1920,-7278,592,-593,1155,-17378,0,-15537,0,8160,8192,6236,942,3856,-708,-541,1166
3332569892,3288,-798,-7710,349,-128,1292,-16376,0,-15537,0,8160,8192,6364,1688,4146,-1111,1230,617
3332619892,3364,-2166,-7462,654,-337,1791,-16373,0,-15537,0,8160,8192,5350,562,4680,-1359,-577,1407
3332669892,3256,-3310,-8266,1841,-1414,1021,-18371,0,-15537,0,8160,8192,7608,-386,5572,-1000,-3,1549
3332719892,3552,-4476,-8596,812,-651,478,-17369,0,-15537,0,8160,8192,7076,-688,5288,-484,58,1402
3332769892,3452,-3830,-7270,121,-371,977,-18366,0,-15537,0,8160,8192,7072,-1116,5178,-913,232,810
3332819892,3504,-2522,-8308,-155,320,948,0,0,-7,-1,-17363,0,5850,-598,6024,-595,721,756
3332869892,3516,-4320,-7938,449,416,684,0,0,-7,-1,-16361,0,6930,-1418,5106,-655,116,358
3332919892,3360,-2874,-8184,-78,486,619,-16359,0,-15537,0,8160,8192,6316,-780,5880,-391,1145,376
3332969892,4098,-3756,-7156,305,585,528,8160,8192,0,0,645,8192,5694,-1312,5126,-346,536,558
3333019892,3076,-3036,-8048,25,112,395,8160,8192,0,0,645,8192,5846,-1040,5292,-537,1168,665
3333069892,3314,-4088,-7262,454,511,680,-16353,0,-15537,0,8160,8192,4666,-2002,5324,-483,765,991
3333119892,3196,-4166,-6916,315,-208,307,8160,8192,0,0,645,8192,5278,-2244,5376,-451,304,1120
3333169892,2970,-4408,-6572,216,-137,316,-16350,0,-15537,0,8160,8192,4670,-2802,5514,-416,410,919
3333219892,3178,-4166,-6526,248,-226,114,-16347,0,-15537,0,8160,8192,4812,-2796,5770,-386,266,592
3333269892,2796,-3990,-7344,725,-446,-176,8160,8192,-6604,-14676,645,8192,4818,-2556,5464,-364,352,324
3333319892,3316,-4136,-6848,103,360,378,0,0,-7,-1,-17344,0,4814,-2414,5366,-428,621,311
3333369892,2812,-4180,-7266,558,501,417,-16343,0,-15537,0,8160,8192,4872,-2824,5722,-496,1447,282
3333419892,3472,-4434,-6976,596,887,607,-16341,0,-15537,0,8160,8192,4206,-2940,5916,-602,1331,353
3333469892,2966,-4246,-7270,612,851,556,-17338,0,-15537,0,8160,8192,4746,-3430,6076,-645,1291,432
3333519892,3472,-4776,-7272,637,1100,615,0,0,-7,-1,-16335,0,4908,-3288,6172,-545,1225,265
3333569892,3504,-4548,-7114,275,1190,680,8160,8192,0,0,645,8192,4478,-3578,6504,-517,1638,100
3333619892,4024,-5070,-6672,742,1246,735,-16332,0,-15537,0,8160,8192,3626,-3514,6624,-450,1860,89
3333669892,3846,-5202,-6230,613,1022,546,-16330,0,-15537,0,8160,8192,3784,-3890,7066,-383,1876,-47
3333719892,3968,-5570,-6272,286,1141,426,-16329,0,-15537,0,8160,8192,2746,-3786,6888,-158,1998,-320
3333769892,4106,-5084,-6070,418,1279,511,0,0,-7,-1,-16327,0,2630,-3572,7096,-179,1874,-300
3333819892,4118,-5942,-6972,245,961,512,-16325,0,-15537,0,8160,8192,1990,-3796,7396,68,1710,-267
3333869892,3702,-5138,-5702,-882,1013,250,-16323,0,-15537,0,8160,8192,1270,-3894,7342,190,997,-167
3333919892,3686,-5012,-6090,-815,418,-193,-16321,0,-15537,0,8160,8192,2036,-3646,6866,346,297,-136
3333969892,4132,-5098,-5602,-1032,512,111,-16319,0,-15537,0,8160,8192,2142,-3422,6976,341,630,-222
3334019892,4410,-4880,-5266,-778,935,594,8160,8192,22500,-14664,645,8192,1160,-3084,6878,249,893,-240
3334069892,3380,-5376,-6548,403,998,264,8160,8192,6964,-14663,645,8192,1446,-3658,6924,80,555,-93
3334119892,3504,-5852,-5614,789,1153,212,8160,8192,0,0,645,8192,1412,-4434,6828,226,707,55
3334169892,4884,-5242,-5618,2527,-777,-818,0,0,-7,-1,-16311,0,1312,-4730,6314,214,404,-3
3334219892,2608,-5222,-3290,-672,1367,-72,-18309,0,-15537,0,8160,8192,1308,-5026,6314,273,949,113
3334269892,3280,-6930,-4968,892,497,-132,-16307,0,-15537,0,8160,8192,1054,-5074,6564,353,604,270
3334319892,3248,-6822,-5116,807,82,-687,-16306,0,-15537,0,8160,8192,1166,-5470,6426,367,332,254
3334369892,3326,-6674,-4658,-154,365,-411,0,0,-7,-1,-16303,0,1198,-5152,6538,369,20,208
3334419892,3484,-6692,-4952,184,12,-364,8160,8192,29284,-14658,645,8192,1480,-5026,6922,313,49,78
3334469892,4124,-7622,-5330,69,-172,-473,8160,8192,0,0,645,8192,536,-5500,6994,594,-301,19
3334519892,2818,-6852,-5342,-715,-1487,-1065,-16297,0,-15537,0,8160,8192,1404,-5594,5978,521,-1486,3
3334569892,-114,-6776,-4412,-465,-1879,-1096,0,0,-7,-1,-17295,0,452,-7244,4262,1254,-2255,-154
3334619892,7088,-4480,-7976,-2238,-2796,-1147,-17292,0,-15537,0,8160,8192,7612,-1782,7864,-23,-3599,-67
3334669892,10630,-7038,-2066,-302,-954,56,-16292,0,-15537,0,8160,8192,2456,-2312,8774,187,-2197,105
3334719892,2884,-3148,-5244,-1423,-1010,-355,-17290,0,-15537,0,8160,8192,2426,-2556,6502,-271,-1161,-675
3334769892,4858,-3536,-7864,376,-146,337,8160,8192,-13932,-14653,645,8192,4394,-1492,7020,-72,-295,-582
3334819892,4812,-4610,-6552,-35,-561,-366,8160,8192,-29468,-14652,645,8192,2960,-2256,6586,-68,-861,-13
3334869892,4494,-4692,-5490,-203,-787,-157,0,0,-7,-1,-16283,0,3112,-1768,7004,-91,-522,-31
3334919892,4158,-3542,-6436,206,282,30,0,0,-7,-1,-16281,0,4204,-1020,6296,1,-134,-468
3334969892,4730,-3874,-6160,-154,-785,-125,0,0,-7,-1,-17279,0,3678,-1618,6106,-79,-740,-173
3335019892,4192,-4054,-6170,-417,-627,108,-16278,0,-15537,0,8160,8192,4336,-2488,5648,-154,-801,-297
3335069892,4370,-4432,-6374,-133,-455,212,0,0,-7,-1,-17276,0,4454,-2308,5866,-147,-483,-607
3335119892,3906,-4424,-6556,-623,-366,54,-16274,0,-15537,0,8160,8192,3916,-2492,7276,167,-731,-684
3335169892,4276,-3632,-6308,-735,-271,-82,-16273,0,-15537,0,8160,8192,3796,-1518,7030,294,-571,-976
3335219892,4174,-3150,-6056,-21,401,196,0,0,-7,-1,-17271,0,3080,-1450,6178,134,-141,-892
3335269892,4486,-3430,-5346,164,-297,176,-16269,0,-15537,0,8160,8192,3986,-536,5446,123,-397,-841
3335319892,5988,-2736,-5772,606,-447,517,-16266,0,-15537,0,8160,8192,4548,582,7604,-195,82,-1344
3335369892,4362,-3978,-6998,1036,-57,310,-16263,0,-15537,0,8160,8192,4674,-834,6744,-274,790,-1991
3335419892,4164,-4068,-6956,820,-556,355,-16260,0,-15537,0,8160,8192,4204,-1242,7082,-250,-22,-1695
3335469892,5344,-3474,-6346,652,-984,-136,0,0,-7,-1,-16257,0,3232,-416,8312,-89,-721,-1486
3335519892,5610,-3842,-7864,90,-1218,-1793,8160,8192,15172,-14641,645,8192,4058,874,7502,721,-2969,-473
3335569892,3862,-760,-8962,-393,-1653,-3375,-16252,0,-15537,0,8160,8192,4802,2374,5480,2092,-3777,364
3335619892,4648,-68,-8690,133,-1873,-3442,0,0,-7,-1,-16250,0,6040,2994,4664,2523,-2748,737
3335669892,4196,548,-8870,127,-1688,-3567,8160,8192,-31436,-14639,645,8192,8174,3878,3712,2777,-1388,690
3335719892,5462,106,-7998,-40,-1451,-2693,0,0,-7,-1,-17248,0,7512,4764,2762,2296,-822,631
3335769892,6120,546,-7752,18,-309,-686,-18245,0,-15537,0,8160,8192,7814,5252,3894,629,-428,330
3335819892,7076,940,-7090,-430,728,47,-16243,0,-15537,0,8160,8192,5974,5050,4252,-96,224,-317
3335869892,5320,1562,-8450,82,242,340,8160,8192,-28044,-14636,645,8192,6816,4386,4486,-461,1176,-526
3335919892,4794,-1158,-7420,-193,247,497,8160,8192,21956,-14635,645,8192,6142,2262,4052,-354,419,-85
3335969892,4600,-932,-7678,386,-198,1081,-16238,0,-15537,0,8160,8192,4962,1802,4350,-872,102,608
3336019892,4622,-784,-7284,995,-966,1185,8160,8192,-9116,-14634,645,8192,6660,1858,4586,-883,-138,1443
3336069892,4388,-1202,-7772,947,-683,1291,0,0,-7,-1,-17235,0,6148,2244,3736,-802,285,1149
3336119892,3926,-748,-7844,678,-712,1450,0,0,-7,-1,-16232,0,5414,1778,4418,-1427,-172,1247
3336169892,3612,-2706,-7516,922,-819,1625,0,0,-7,-1,-16231,0,7650,-248,4776,-1133,-387,1405
3336219892,4192,-2094,-8768,385,-517,992,8160,8192,0,0,645,8192,7388,546,5142,-607,341,761
3336269892,4366,-3704,-8050,513,-793,1026,-16226,0,-15537,0,8160,8192,7540,74,4476,-708,-158,623
3336319892,3684,-2324,-8490,-368,103,1281,0,0,-7,-1,-16224,0,6568,126,5392,-900,1448,198
3336369892,4018,-3286,-8168,342,794,1520,-16223,0,-15537,0,8160,8192,6918,-248,5312,-1408,2065,194
3336419892,4884,-3784,-7070,189,942,2280,-17221,0,-15537,0,8160,8192,5004,-1032,6272,-1291,2028,654
3336469892,2844,-4146,-7982,843,772,1234,-18219,0,-15537,0,8160,8192,6056,-1688,6104,-1311,2451,577
3336519892,4438,-3778,-7122,851,1461,1589,-17217,0,-15537,0,8160,8192,4322,-1266,6772,-1257,2421,643
3336569892,3442,-4752,-6636,836,751,1108,-16215,0,-15537,0,8160,8192,4234,-2144,6268,-889,1194,1089
3336619892,2726,-4196,-6996,608,577,584,-17213,0,-15537,0,8160,8192,3912,-2204,6250,-967,1717,604
3336669892,3488,-4560,-5538,918,1301,1017,-16212,0,-15537,0,8160,8192,3424,-2756,6074,-843,920,746
3336719892,3424,-4530,-6026,747,277,482,8160,8192,-30012,-14623,645,8192,3316,-2932,6490,-576,-169,673
3336769892,3724,-4604,-6252,340,113,-172,0,0,-7,-1,-16208,0,3926,-2706,6544,-167,-387,586
3336819892,4660,-5300,-6126,112,-211,-242,0,0,-7,-1,-16207,0,4024,-2400,6512,18,-501,591
3336869892,2344,-5778,-5802,-143,-812,-1638,8160,8192,-11084,-14621,645,8192,3954,-3198,6540,-54,-257,656
3336919892,3330,-5040,-6332,419,-231,-296,0,0,-7,-1,-16203,0,4330,-2992,5748,-4,-82,599
3336969892,2926,-4260,-6510,263,257,117,8160,8192,0,0,645,8192,5364,-2876,5902,-241,484,254
3337019892,3562,-4902,-6798,609,829,500,8160,8192,0,0,645,8192,4408,-3190,6452,-175,1231,-211
3337069892,4568,-4846,-6458,179,722,364,-18197,0,-15537,0,8160,8192,4038,-2556,6072,-264,885,-30
3337119892,4226,-4694,-6546,355,212,337,8160,8192,-23228,-14617,645,8192,3680,-2542,6878,-218,1172,69
3337169892,4756,-4950,-6160,212,367,243,-18194,0,-15537,0,8160,8192,2544,-2612,7092,-160,660,322
3337219892,3646,-4888,-6072,322,-250,-76,-17191,0,-15537,0,8160,8192,3306,-3126,7002,-256,128,531
3337269892,4144,-5080,-5996,278,366,17,-16190,0,-15537,0,8160,8192,3126,-3220,7164,-100,300,496
3337319892,4076,-5340,-5972,414,170,-258,-16189,0,-15537,0,8160,8192,3304,-3388,6750,37,71,426
3337369892,5600,-6856,-5532,-1675,407,734,-16187,0,-15537,0,8160,8192,3630,-3942,6832,40,350,159
3337419892,3988,-5202,-5996,-2239,1099,438,8160,8192,0,0,645,8192,2702,-4108,6658,169,123,110
3337469892,5224,-4612,-5988,-3020,1011,1891,0,0,-7,-1,-16183,0,3314,-3816,6898,204,131,253
3337519892,3144,-5148,-6532,-122,605,705,-16181,0,-15537,0,8160,8192,2704,-3896,6574,15,754,89
3337569892,3172,-4592,-5040,1820,993,-102,0,0,-7,-1,-16178,0,2138,-4372,6490,134,1026,-79
3337619892,-722,-2096,-5150,5146,-728,-1615,-16175,0,-15537,0,8160,8192,2032,-4378,6480,292,526,-128
3337669892,2804,-4776,-3616,108,1245,-968,-16174,0,-15537,0,8160,8192,1600,-4384,6142,246,1200,53
3337719892,2812,-6368,-5290,599,475,-147,0,0,-7,-1,-16172,0,1440,-4826,6182,348,835,96
3337769892,2956,-6562,-5246,316,-120,-429,8160,8192,-28588,-14607,645,8192,1544,-4590,5922,369,267,160
3337819892,3226,-6242,-5178,224,210,-161,8160,8192,21412,-14606,645,8192,1822,-4722,6400,190,149,142
3337869892,3116,-6266,-6044,214,-60,-192,8160,8192,5876,-14605,645,8192,2754,-4662,6774,65,-24,-20
3337919892,3748,-6422,-5844,-143,-229,-288,8160,8192,0,0,645,8192,2178,-4786,7200,246,-371,-183
3337969892,4036,-7250,-5784,-519,-661,-630,0,0,-7,-1,-16168,0,2278,-4996,6978,420,-757,-193
3338019892,2260,-6868,-5784,-581,-799,-595,-18166,0,-15537,0,8160,8192,2342,-5732,5324,246,-811,-229
3338069892,692,-6288,-4844,-345,-1266,-628,0,0,-7,-1,-16163,0,2404,-6676,4178,317,-2025,-623
3338119892,5966,-8130,-6068,-638,-1774,-391,0,0,-7,-1,-16160,0,2564,-1778,2776,235,-2474,-383
3338169892,5842,-3990,-7068,-757,-1833,-340,-18158,0,-15537,0,8160,8192,2628,-2494,10388,498,-1775,-520
3338219892,4000,-3656,-8930,-1229,-785,-976,0,0,-7,-1,-17156,0,5358,-1688,7508,66,-1345,-1333
3338269892,5412,-3880,-6832,-247,-381,-135,-16153,0,-15537,0,8160,8192,4752,-1964,6800,2,-926,-393
3338319892,4200,-4098,-6724,198,-523,-8,8160,8192,0,0,645,8192,4106,-2246,5948,-170,-743,-336
3338369892,4264,-3004,-6860,-701,-410,181,-16149,0,-15537,0,8160,8192,4492,-1374,6598,-272,-835,-540
3338419892,5110,-3562,-6628,-248,-674,-257,0,0,-7,-1,-17148,0,4898,-1094,6276,73,-1124,-277
3338469892,3062,-3906,-5684,-612,-249,-95,-16146,0,-15537,0,8160,8192,4140,-3134,6382,53,-793,-469
3338519892,4750,-3294,-5770,-953,-115,110,-16145,0,-15537,0,8160,8192,5554,-2192,6994,156,-724,-897
3338569892,4630,-2970,-6408,-333,-154,236,0,0,-7,-1,-16144,0,4846,-730,5298,22,-491,-1229
3338619892,3830,-3618,-4950,-12,-310,62,-16143,0,-15537,0,8160,8192,4756,-1762,6012,-5,-472,-1293
3338669892,5696,-3350,-6006,244,-726,24,-16140,0,-15537,0,8160,8192,4354,-470,6706,1,-256,-1310
3338719892,4244,-2624,-7148,354,-491,-185,8160,8192,3908,-14592,645,8192,5750,-188,6522,-42,350,-1711
3338769892,4832,-3764,-6536,516,-899,-217,-16136,0,-15537,0,8160,8192,4964,-712,6990,158,199,-1927
3338819892,4784,-3330,-6144,150,-689,-622,-18134,0,-15537,0,8160,8192,3644,-222,6454,546,-852,-1420
3338869892,4262,-2710,-8258,-221,-619,-1800,0,0,-7,-1,-17131,0,5240,1026,6754,1076,-1408,-850
3338919892,3476,488,-8842,-581,-900,-3472,-15955,0,-15537,0,8160,8192,6298,2366,4946,2373,-2598,-422
3338969892,4734,36,-8254,-632,-1661,-4076,-16127,0,-15537,0,8160,8192,5768,3338,4184,3445,-2519,-104
3339019892,4944,2352,-8770,-619,-1652,-4501,-16125,0,-15537,0,8160,8192,7498,5036,2640,3677,-2183,-48
3339069892,5574,3224,-9230,-301,-643,-3592,8160,8192,26228,-14587,645,8192,6982,6522,2230,3140,101,-163
3339119892,4962,1540,-7640,-993,-646,-2260,8160,8192,0,0,645,8192,6532,5326,2512,1888,-533,-561
3339169892,5590,2044,-7762,-646,320,-361,-16121,0,-15537,0,8160,8192,5540,5302,3560,389,635,-807
3339219892,6576,3210,-6628,-448,394,-272,8160,8192,-20380,-14585,645,8192,6374,7142,3774,289,236,-437
3339269892,6102,3390,-7322,-75,289,182,0,0,-7,-1,-16116,0,3340,6564,3340,-434,483,6
3339319892,4272,1006,-8206,717,-900,455,8160,8192,14084,-14583,645,8192,7454,3532,3710,-767,-470,1045
3339369892,4514,846,-8340,420,-265,607,-16110,0,-15537,0,8160,8192,7134,3738,3820,-173,867,360
3339419892,4818,886,-7440,462,-395,963,0,0,-7,-1,-17108,0,5192,4346,3068,-502,553,474
3339469892,4400,1580,-7992,940,-882,1969,-16107,0,-15537,0,8160,8192,5550,4124,3308,-1454,504,1034
3339519892,4200,882,-8356,1129,-638,2177,-16105,0,-15537,0,8160,8192,5510,3414,3978,-1700,333,1324
3339569892,4490,-924,-8084,1393,-991,1984,8160,8192,0,0,645,8192,6580,2188,4404,-1721,-228,1887
3339619892,3074,-658,-9246,860,-194,2281,-17102,0,-15537,0,8160,8192,7884,2384,4236,-1686,990,1390
3339669892,5070,-596,-7482,1374,-161,2473,0,0,-7,-1,-17101,0,5228,1432,4950,-1952,634,1303
3339719892,3086,-1716,-8864,1152,-136,1761,-16099,0,-15537,0,8160,8192,6786,610,5032,-1833,1193,1455
3339769892,4222,-2966,-8122,1207,1058,2329,0,0,-7,-1,-17098,0,6770,-136,5340,-1669,1132,1337
3339819892,3154,-2388,-7962,294,972,1765,0,0,-7,-1,-16096,0,6132,-668,5476,-1680,1227,1214
3339869892,4092,-2832,-7556,829,1472,1971,0,0,-7,-1,-17094,0,5642,-1234,5816,-1293,1444,1196
3339919892,3702,-3986,-6884,903,433,1230,8160,8192,24260,-14574,645,8192,5456,-1728,5600,-1181,815,1134
3339969892,3046,-2936,-7308,496,823,831,-16089,0,-15537,0,8160,8192,5002,-1774,6166,-798,1419,885
3340019892,4494,-4892,-6234,990,724,987,-16088,0,-15537,0,8160,8192,4834,-2100,5920,-854,778,1010
3340069892,2828,-3336,-6948,534,351,472,-16085,0,-15537,0,8160,8192,4940,-2032,6110,-719,1414,757
3340119892,4320,-4672,-6076,1092,898,711,8160,8192,27652,-14571,645,8192,4148,-2200,5968,-484,758,779
3340169892,3570,-4160,-6726,376,171,166,8160,8192,12116,-14570,645,8192,4700,-2422,5762,-478,597,558
3340219892,3720,-4708,-6352,709,588,325,0,0,-7,-1,-17077,0,4236,-2648,6054,-341,932,666
3340269892,3416,-4664,-6512,448,530,138,-16075,0,-15537,0,8160,8192,4500,-3022,6014,-380,845,471
3340319892,3838,-4646,-6274,351,468,309,-16073,0,-15537,0,8160,8192,4048,-3008,6168,-366,1033,491
3340369892,3674,-4852,-6018,290,482,311,-17070,0,-15537,0,8160,8192,3998,-3156,6472,-334,835,384
3340419892,4010,-5024,-6346,269,343,136,-16067,0,-15537,0,8160,8192,4044,-3054,6750,-169,1009,249
3340469892,4162,-4916,-6370,443,632,29,0,0,-7,-1,-16065,0,3848,-3084,6662,-88,981,173
3340519892,4322,-4714,-6034,423,374,-63,0,0,-7,-1,-17063,0,3502,-3196,6692,-59,825,171
3340569892,4644,-5038,-6192,459,7,148,0,0,-7,-1,-17062,0,2982,-3006,6752,-22,844,81
3340619892,4586,-5198,-5260,200,433,59,-16061,0,-15537,0,8160,8192,2522,-3002,7038,-7,735,32
3340669892,4430,-4676,-5634,288,467,153,8160,8192,0,0,645,8192,2790,-2936,7112,-44,882,-48
3340719892,4530,-5216,-5674,559,608,156,8160,8192,0,0,645,8192,2600,-3054,6990,41,948,40
3340769892,4300,-5354,-5546,306,448,37,0,0,-7,-1,-16056,0,2726,-3512,6962,-32,425,61
3340819892,5374,-5770,-5536,189,207,69,0,0,-7,-1,-16055,0,2622,-3294,6966,99,508,45
3340869892,3696,-5386,-5654,1143,31,-242,8160,8192,0,0,645,8192,1990,-3122,6974,97,382,16
3340919892,3674,-5306,-5586,256,497,110,8160,8192,0,0,645,8192,2318,-3826,6816,152,676,48
3340969892,3868,-5828,-4854,-127,530,46,-17051,0,-15537,0,8160,8192,1442,-3940,6590,119,630,101
3341019892,4078,-5816,-4752,-371,93,49,-17048,0,-15537,0,8160,8192,2254,-4240,6850,-12,388,121
3341069892,3130,-6472,-5446,832,458,60,-16046,0,-15537,0,8160,8192,1718,-4116,6746,36,898,114
3341119892,3786,-6150,-5128,445,827,135,-17044,0,-15537,0,8160,8192,1794,-4456,6968,46,793,98
3341169892,3492,-7054,-5012,611,641,-85,8160,8192,29076,-14555,645,8192,822,-5018,6538,296,524,253
3341219892,2766,-6886,-5030,56,147,-390,-16040,0,-15537,0,8160,8192,1492,-5510,6488,209,-6,227
3341269892,3572,-7450,-4162,-97,-23,-142,-16038,0,-15537,0,8160,8192,782,-4986,6536,240,127,-78
3341319892,3552,-6610,-4994,-173,-96,-2,-18036,0,-15537,0,8160,8192,1902,-4726,7290,-12,-28,-369
3341369892,4320,-6902,-5146,135,298,96,-18034,0,-15537,0,8160,8192,1510,-4620,7592,86,429,-384
3341419892,3398,-6760,-5314,-183,-367,-251,8160,8192,0,0,645,8192,2082,-4926,6566,107,-266,-559
3341469892,2594,-6254,-5424,-380,-571,-132,-16030,0,-15537,0,8160,8192,1854,-4950,6072,310,90,-736
3341519892,1342,-6094,-4518,-227,-1206,-590,8160,8192,-14140,-14550,645,8192,-492,-6542,3758,705,-2786,-294
3341569892,3322,-9110,-3828,-578,-3408,-823,8160,8192,0,0,645,8192,2426,-4292,3768,-369,-2090,524
3341619892,3204,-4746,-8270,-602,-1396,286,-16024,0,-15537,0,8160,8192,1364,-3912,8268,-506,-2107,-484
3341669892,5920,-5628,-8428,-1491,-2593,-1543,-16021,0,-15537,0,8160,8192,7138,-1844,8842,449,-3387,-723
3341719892,4130,-3770,-8376,-955,-829,-131,8160,8192,-10748,-14547,645,8192,4802,-2288,6496,-170,-1091,-665
3341769892,3834,-4582,-6820,-136,-1131,-432,8160,8192,-26284,-14546,645,8192,4934,-2126,6636,-12,-1477,-471
3341819892,5148,-4552,-6268,-620,-963,-217,-16014,0,-15537,0,8160,8192,4360,-2408,6982,195,-1395,-562
3341869892,4402,-2838,-6832,-1109,-244,-307,0,0,-7,-1,-16013,0,4382,-1126,6696,222,-961,-601
3341919892,4394,-2754,-6918,-473,-449,-158,8160,8192,-7356,-14544,645,8192,4890,-698,5786,77,-650,-647
3341969892,2262,-4138,-5680,-548,-126,-24,-18009,0,-15537,0,8160,8192,2826,-3134,4432,231,-837,-722
3342019892,4724,-2612,-6424,-1308,-119,105,-17006,0,-15537,0,8160,8192,5172,-1304,6306,137,-646,-1141
3342069892,2358,-2870,-6740,-135,-58,-73,8160,8192,0,0,645,8192,5214,-764,4220,106,-655,-1202
3342119892,3730,-3494,-6618,203,-691,-43,-17003,0,-15537,0,8160,8192,4318,-1020,5206,268,-591,-1162
3342169892,3872,-2858,-6130,-467,-1073,-387,8160,8192,-19500,-14540,645,8192,5180,-1178,5928,373,-929,-1055
3342219892,4654,-2946,-7234,219,-1079,-251,-15999,0,-15537,0,8160,8192,5906,122,6114,146,-441,-1224
3342269892,5280,-2290,-7844,-29,-763,-435,8160,8192,14964,-14538,645,8192,5802,1002,6842,201,-253,-1516
3342319892,4400,-1822,-7720,-166,-339,-1312,-15996,0,-15537,0,8160,8192,5308,766,6282,1083,-627,-1510
3342369892,5172,-300,-8198,-736,-307,-3160,-16993,0,-15537,0,8160,8192,5192,3146,6180,2588,-1231,-1499
3342419892,4584,1454,-7840,-731,-1031,-4573,0,0,-7,-1,-16990,0,4960,3104,4384,3678,-2820,-273
3342469892,3782,2952,-9632,-1366,-990,-5595,-15988,0,-15537,0,8160,8192,8726,5142,1910,4319,-1498,-904
3342519892,4738,4038,-8738,-1744,34,-4985,-15986,0,-15537,0,8160,8192,6338,7294,644,3644,-757,-1268
3342569892,4556,2868,-8322,-1040,-364,-2581,-15985,0,-15537,0,8160,8192,6390,6478,1066,1833,-565,-817
3342619892,4772,3502,-8098,-916,314,-424,-15983,0,-15537,0,8160,8192,6168,6112,1574,94,245,-999
3342669892,5356,3112,-6492,-630,634,1052,-15981,0,-15537,0,8160,8192,3578,5990,3344,-763,235,-531
3342719892,4298,3730,-7408,346,-53,561,8160,8192,0,0,645,8192,5282,6284,2484,-802,473,147
3342769892,3952,1858,-7906,568,-501,1257,-15975,0,-15537,0,8160,8192,5716,4216,2874,-1240,-41,854
3342819892,4554,692,-8048,852,-614,1408,-15973,0,-15537,0,8160,8192,7394,3006,4086,-1079,-108,991
3342869892,4836,478,-8036,964,-613,1164,8160,8192,0,0,645,8192,5956,3340,3720,-704,419,1063
3342919892,3904,778,-8428,1017,-603,1216,8160,8192,9604,-14528,645,8192,7564,3456,3348,-939,809,832
3342969892,4330,630,-8124,961,-376,1743,8160,8192,0,0,645,8192,5154,3476,3484,-1385,1100,852
3343019892,3800,404,-8320,1266,-750,1929,-15964,0,-15537,0,8160,8192,5250,2926,3624,-1780,481,1463
3343069892,3716,-582,-8298,1647,-872,1945,-17962,0,-15537,0,8160,8192,7186,1882,4830,-1650,246,1735
3343119892,3970,-1706,-8526,1288,-573,1596,-15959,0,-15537,0,8160,8192,7148,1214,4564,-1232,258,1614
3343169892,3480,-944,-8718,905,-165,1498,0,0,-7,-1,-15958,0,7244,1192,4496,-1404,829,1158
3343219892,3606,-2666,-7694,846,-421,1727,0,0,-7,-1,-15955,0,6708,36,4786,-1205,268,1193
3343269892,2964,-2018,-8308,844,-157,1496,0,0,-7,-1,-15951,0,6378,382,4536,-1137,1061,904
3343319892,3126,-2794,-8288,882,-77,1368,0,0,-7,-1,-16949,0,6898,-72,4910,-1154,308,857
3343369892,3250,-2612,-8546,396,82,1050,-15948,0,-15537,0,8160,8192,7004,-104,5514,-721,626,575
3343419892,3496,-3186,-8234,106,369,887,0,0,-7,-1,-15946,0,5870,-294,5268,-534,260,518
3343469892,2946,-2084,-7954,148,571,603,8160,8192,-30220,-14520,645,8192,6164,-670,5672,-780,774,627
3343519892,3300,-3630,-7502,534,562,858,8160,8192,19780,-14519,645,8192,6012,-1234,4916,-857,407,651
3343569892,3218,-3142,-7646,448,386,1030,8160,8192,0,0,645,8192,5714,-1156,5502,-810,1000,670
3343619892,3348,-3338,-7818,762,481,829,-15936,0,-15537,0,8160,8192,6174,-1162,5092,-944,636,609
3343669892,3302,-3474,-7386,650,176,875,-15934,0,-15537,0,8160,8192,6058,-1410,5236,-815,761,551
3343719892,3172,-3672,-7774,427,335,621,-15931,0,-15537,0,8160,8192,5212,-1384,5608,-765,1102,393
3343769892,3228,-3558,-7354,526,347,628,8160,8192,0,0,645,8192,4966,-1658,5704,-742,845,618
3343819892,3014,-3982,-7258,702,269,488,0,0,-7,-1,-15926,0,5490,-2192,5458,-740,563,704
3343869892,3112,-3438,-7422,429,477,614,0,0,-7,-1,-15924,0,5246,-2368,6006,-673,773,568
3343919892,3756,-4502,-6844,637,321,497,8160,8192,0,0,645,8192,4798,-2450,5878,-450,506,605
3343969892,3078,-4324,-7084,336,68,226,-15916,0,-15537,0,8160,8192,4824,-2670,5664,-431,359,543
3344019892,2956,-4292,-7176,327,239,178,-15914,0,-15537,0,8160,8192,4880,-2670,5634,-436,497,453
3344069892,3284,-4416,-7348,369,166,252,-17913,0,-15537,0,8160,8192,4788,-2808,5836,-365,516,417
3344119892,3176,-4668,-6780,312,92,190,8160,8192,29956,-14510,645,8192,4598,-3088,5838,-326,428,375
3344169892,3272,-4790,-6866,128,113,39,-15908,0,-15537,0,8160,8192,4578,-3240,5982,-281,373,268
3344219892,3514,-4372,-7294,339,70,198,-15907,0,-15537,0,8160,8192,4642,-3088,5920,-245,492,83
3344269892,3322,-4638,-7002,156,422,328,-15905,0,-15537,0,8160,8192,4386,-3164,6156,-260,545,111
3344319892,3412,-4474,-6802,541,437,193,8160,8192,0,0,645,8192,4102,-3018,6106,-213,427,158
3344369892,3524,-4432,-6758,346,300,130,-15900,0,-15537,0,8160,8192,4386,-2926,6080,-228,518,194
3344419892,3692,-4782,-6798,447,322,214,8160,8192,0,0,645,8192,4094,-2976,6278,-132,529,185
3344469892,3800,-4566,-6860,125,311,79,0,0,-7,-1,-15895,0,4410,-2908,6416,-144,423,78
3344519892,3992,-4442,-6640,345,399,195,-15893,0,-15537,0,8160,8192,3502,-2862,6984,2,778,309
3344569892,4914,-5262,-6132,313,180,-376,-15889,0,-15537,0,8160,8192,3530,-3036,6880,246,-632,419
3344619892,3640,-4760,-6390,-251,-195,-543,8160,8192,0,0,645,8192,4444,-3240,6408,215,-333,88
3344669892,4018,-4410,-6254,87,271,-97,-16885,0,-15537,0,8160,8192,4148,-2832,6448,218,282,-92
3344719892,4502,-4520,-6360,48,119,-157,-17884,0,-15537,0,8160,8192,3952,-2538,6324,192,177,-110
3344769892,4276,-4540,-6362,43,27,-94,8160,8192,24596,-14500,645,8192,3788,-2632,6478,89,73,-27
3344819892,4344,-4534,-6376,151,201,24,-15879,0,-15537,0,8160,8192,4170,-2630,6556,23,309,-17
3344869892,4066,-4270,-6316,154,421,30,-16878,0,-15537,0,8160,8192,3972,-2776,6444,21,412,-71
3344919892,4186,-4564,-6480,364,564,89,-15876,0,-15537,0,8160,8192,3812,-2918,6332,12,589,18
3344969892,3796,-4362,-6132,-240,798,-80,-15875,0,-15537,0,8160,8192,3832,-3842,6346,73,709,143
3345019892,3352,-5756,-6838,968,652,-188,8160,8192,0,0,645,8192,3662,-3954,6070,333,887,92
3345069892,3540,-5352,-5724,97,452,-130,-15871,0,-15537,0,8160,8192,2972,-3908,5890,364,576,118
3345119892,3804,-6228,-5948,-250,10,6,-15869,0,-15537,0,8160,8192,2970,-4320,6198,256,293,257
3345169892,2716,-6520,-6324,490,78,-315,-16866,0,-15537,0,8160,8192,2868,-4692,6366,157,202,247
3345219892,2988,-6312,-5570,186,72,-167,0,0,-7,-1,-15863,0,2696,-4818,6002,112,195,139
3345269892,2908,-6570,-5752,279,360,84,8160,8192,0,0,645,8192,2776,-5120,6412,64,799,-27
3345319892,3468,-6602,-5820,187,450,113,8160,8192,-15228,-14492,645,8192,2554,-4762,6672,12,581,-250
3345369892,3406,-6288,-6192,239,311,89,8160,8192,-30764,-14491,645,8192,2678,-5028,7086,141,814,-306
3345419892,3828,-6914,-6242,-92,-38,-266,-15854,0,-15537,0,8160,8192,2656,-5078,7034,241,109,-310
3345469892,1874,-6470,-6194,-99,-592,-427,8160,8192,3700,-14489,645,8192,2290,-5908,5178,242,-336,-260
3345519892,-330,-7700,-4234,-226,-2132,-942,-17848,0,-15537,0,8160,8192,602,-7780,3830,1031,-2705,-40
3345569892,5362,-7936,-5268,-1248,-1978,-697,0,0,-7,-1,-16845,0,5344,-3350,3126,-846,-1574,141
3345619892,9384,-6746,-7742,227,-1651,-104,-15842,0,-15537,0,8160,8192,5856,-2914,9610,276,-4240,-506
3345669892,3306,-3158,-7864,-2551,-1828,-1368,0,0,-7,-1,-15841,0,7240,-1906,5998,360,-2014,-1008
3345719892,3608,-3844,-6242,318,-392,-72,-15838,0,-15537,0,8160,8192,4066,-2944,5592,-52,-629,-19
3345769892,4562,-4242,-7896,-180,106,428,-16835,0,-15537,0,8160,8192,5986,-1874,6730,86,-666,-692
3345819892,3340,-2604,-8048,-1040,-332,-292,-17832,0,-15537,0,8160,8192,5206,-1482,4816,80,-920,-844
3345869892,4262,-2562,-6542,-768,-647,-52,8160,8192,0,0,645,8192,4564,-1594,5788,8,-1080,-571
3345919892,2832,-3858,-6360,-827,-535,-126,0,0,-7,-1,-15826,0,4038,-4292,5332,17,-810,-386
3345969892,4120,-3398,-6646,-894,-356,127,-17825,0,-15537,0,8160,8192,5290,-2776,6522,245,-574,-931
3346019892,3726,-1992,-6294,-654,-601,-30,-15822,0,-15537,0,8160,8192,5306,-604,5370,252,-289,-974
3346069892,3912,-2124,-6222,-498,-601,-29,0,0,-7,-1,-16820,0,4252,-70,5388,268,-458,-1105
3346119892,4130,-2468,-5314,541,-369,218,8160,8192,0,0,645,8192,4054,-374,4414,342,-11,-1653
3346169892,4664,-1746,-7084,55,-775,-59,8160,8192,0,0,645,8192,5194,1080,4770,233,-568,-1468
3346219892,4128,-1910,-6794,-187,-663,221,0,0,-7,-1,-15812,0,5198,-32,6852,315,-483,-1457
3346269892,5496,-450,-8530,-681,-316,-1461,8160,8192,17268,-14477,645,8192,5428,1462,6754,1320,-1438,-1579
3346319892,5012,684,-7808,-510,-1335,-4334,-15808,0,-15537,0,8160,8192,7604,3292,5326,3245,-2363,-1522
3346369892,6022,2040,-9204,-1006,-1479,-5248,-17806,0,-15537,0,8160,8192,6640,4558,3708,4224,-2588,-1149
3346419892,4350,3582,-9172,-2146,-1205,-6052,-15804,0,-15537,0,8160,8192,9478,6306,2118,4935,-1805,-1767
3346469892,5214,5090,-7910,-2208,71,-5139,-15802,0,-15537,0,8160,8192,5816,7752,204,3811,-1157,-1801
3346519892,4378,3774,-8308,-1989,528,-2354,-15799,0,-15537,0,8160,8192,6044,7184,62,1718,-424,-1871
3346569892,5448,5118,-7310,-1497,1160,-47,0,0,-7,-1,-16798,0,4456,7506,1014,-116,549,-1712
3346619892,5568,4022,-6056,-320,247,791,8160,8192,-25948,-14472,645,8192,4396,6532,2672,-834,388,-246
3346669892,3654,2512,-7596,447,-8,971,8160,8192,24052,-14471,645,8192,5312,4576,1566,-796,673,411
3346719892,4008,1784,-7782,776,-524,1016,8160,8192,8516,-14470,645,8192,5902,3636,2972,-1020,-276,1077
3346769892,4188,1696,-8046,962,-482,746,-15789,0,-15537,0,8160,8192,7108,3656,3430,-530,173,968
3346819892,4290,1312,-7930,835,-370,580,0,0,-7,-1,-15786,0,6026,4052,2826,-434,538,810
3346869892,4306,1584,-8024,963,-306,800,-15783,0,-15537,0,8160,8192,6280,4010,2874,-749,406,900
3346919892,4272,1602,-8090,1028,-330,1008,-17780,0,-15537,0,8160,8192,6520,3794,3164,-874,465,966
3346969892,4272,1070,-7958,1242,-614,1210,8160,8192,-3628,-14467,645,8192,6088,3806,3154,-959,331,1241
3347019892,3876,1272,-8482,1243,-542,1206,8160,8192,-19164,-14466,645,8192,6610,3368,3408,-1005,505,1320
3347069892,3946,486,-8378,1198,-563,1262,8160,8192,0,0,645,8192,7236,3124,3236,-1074,866,1031
3347119892,3866,738,-8456,1197,-398,1616,8160,8192,0,0,645,8192,5658,3350,3644,-1186,1089,1130
3347169892,3670,-504,-8216,1278,-662,1689,-15769,0,-15537,0,8160,8192,7706,1946,3682,-1667,11,1431
3347219892,3888,-1074,-8400,1114,-458,1751,-15766,0,-15537,0,8160,8192,6702,1966,3152,-1636,311,1239
3347269892,2756,920,-9216,946,-17,2335,8160,8192,-31308,-14462,645,8192,6484,2860,4202,-2146,2441,465
3347319892,4730,-1606,-8388,1403,-138,2282,8160,8192,18692,-14461,645,8192,5182,1426,5508,-1370,391,1150
3347369892,2960,-2090,-8616,732,-516,1311,0,0,-7,-1,-15757,0,8434,674,4318,-1557,305,1046
3347419892,3552,-1802,-8328,776,160,2482,0,0,-7,-1,-16755,0,5480,552,5278,-1668,1740,758
3347469892,3086,-2688,-7984,906,122,1261,8160,8192,-27916,-14459,645,8192,6536,-522,5620,-1173,306,1074
3347519892,3204,-3494,-8466,897,407,1067,-15750,0,-15537,0,8160,8192,5810,-362,5404,-1197,1370,746
3347569892,2904,-2712,-8106,884,1294,1010,0,0,-7,-1,-15748,0,5994,-1118,6006,-1369,1801,580
3347619892,4536,-3826,-6694,443,1023,1555,0,0,-7,-1,-15746,0,5160,-1448,5522,-1202,922,728
3347669892,2462,-3130,-7934,721,137,854,-15745,0,-15537,0,8160,8192,5872,-1602,5746,-1137,1330,574
3347719892,3600,-4000,-7336,898,438,1137,-15742,0,-15537,0,8160,8192,3992,-1476,5958,-736,853,655
3347769892,2846,-3752,-7084,369,23,323,-15739,0,-15537,0,8160,8192,5196,-1994,5638,-822,473,672
3347819892,3250,-3740,-7352,556,145,660,0,0,-7,-1,-16736,0,4854,-1794,6052,-735,477,659
3347869892,3464,-4044,-7218,386,56,358,8160,8192,0,0,645,8192,4626,-2350,5904,-516,89,690
3347919892,3038,-4140,-7426,378,-487,150,-15730,0,-15537,0,8160,8192,5102,-2376,5708,-546,176,611
3347969892,3064,-4148,-6978,361,231,414,0,0,-7,-1,-16728,0,4574,-2490,6006,-599,528,739
3348019892,3444,-4334,-6998,602,4,361,-17725,0,-15537,0,8160,8192,4440,-2456,5822,-642,394,784
3348069892,2258,-4104,-7718,678,115,294,8160,8192,0,0,645,8192,4734,-3202,6030,-682,689,941
3348119892,3622,-5064,-6638,708,263,468,0,0,-7,-1,-15716,0,4308,-3272,6004,-569,406,780
3348169892,3012,-4550,-6916,266,82,21,0,0,-7,-1,-15714,0,4562,-3212,6272,-484,707,636
3348219892,4984,-3264,-8172,475,66,6,-17712,0,-15537,0,8160,8192,4178,-3276,6426,-269,545,486
3348269892,2944,-4790,-7038,193,21,-42,-17709,0,-15537,0,8160,8192,4030,-3712,6122,-154,477,258
3348319892,3734,-4942,-6428,61,611,180,-15708,0,-15537,0,8160,8192,3740,-3300,6474,-84,656,120
3348369892,3706,-4756,-6750,187,375,19,8160,8192,20116,-14445,645,8192,3790,-3150,6286,-7,543,-28
3348419892,3528,-4624,-6848,283,502,142,0,0,-7,-1,-15703,0,3748,-3264,6474,4,515,-29
3348469892,3890,-4556,-6780,251,427,80,8160,8192,-10956,-14444,645,8192,3636,-2966,6262,-40,424,-59
3348519892,3502,-4334,-6750,312,354,131,-15696,0,-15537,0,8160,8192,3782,-3252,6272,-142,519,125
3348569892,3854,-4838,-6478,429,445,186,0,0,-7,-1,-15696,0,3268,-3272,6326,-75,521,187
3348619892,3548,-4928,-6484,114,171,-10,8160,8192,7972,-14441,645,8192,3382,-3498,6582,-86,214,188
3348669892,3862,-4808,-6302,121,250,36,-16694,0,-15537,0,8160,8192,3280,-3276,6628,-56,320,101
3348719892,4166,-4600,-6254,111,251,47,8160,8192,0,0,645,8192,3408,-3012,6748,-79,279,1
3348769892,4222,-4760,-6272,313,263,189,8160,8192,26900,-14439,645,8192,3238,-3146,6692,-104,420,51
3348819892,4162,-4754,-6244,210,298,171,0,0,-7,-1,-15686,0,3012,-3136,6936,-84,547,15
3348869892,4268,-4698,-6044,178,219,102,0,0,-7,-1,-15684,0,3062,-2854,6664,-29,342,-15
3348919892,4148,-4712,-6218,69,230,206,-17682,0,-15537,0,8160,8192,3352,-3116,6982,-54,618,-27
3348969892,4000,-5028,-6154,265,437,130,0,0,-7,-1,-15680,0,2742,-3384,7018,16,528,-15
3349019892,4280,-5776,-6570,-565,237,216,8160,8192,14756,-14435,645,8192,2988,-3410,7002,45,448,2
3349069892,4630,-5052,-5842,-1117,664,295,-18675,0,-15537,0,8160,8192,2776,-3534,7136,101,564,42
3349119892,3474,-5232,-7064,-477,644,169,0,0,-7,-1,-16674,0,2960,-3954,6812,163,628,132
3349169892,3516,-5352,-6158,68,906,-18,-15671,0,-15537,0,8160,8192,2332,-4224,6894,362,668,120
3349219892,2986,-4908,-5696,478,550,-529,-15668,0,-15537,0,8160,8192,2382,-4422,6714,400,331,-41
3349269892,1886,-7698,-10790,2664,-124,-21,-16667,0,-15537,0,8160,8192,2554,-4272,6612,377,586,22
3349319892,4270,-5732,-5942,315,1143,199,8160,8192,-12924,-14431,645,8192,2480,-5096,6434,352,377,-77
3349369892,2504,-6590,-5996,349,343,-301,8160,8192,0,0,645,8192,1828,-5372,6056,434,237,-5
3349419892,2682,-6560,-5462,-142,350,-420,0,0,-7,-1,-16660,0,1524,-5268,6196,394,114,-20
3349469892,2952,-7076,-6154,146,-183,-427,-15658,0,-15537,0,8160,8192,2272,-5602,6752,425,26,-82
3349519892,2846,-6986,-6104,34,407,-36,-16656,0,-15537,0,8160,8192,2404,-6016,7148,357,671,-385
3349569892,3352,-8266,-6088,-188,-753,-410,-17654,0,-15537,0,8160,8192,622,-6266,6114,524,-365,-426
3349619892,-1500,-6862,-4594,-660,-2402,-1148,0,0,-7,-1,-16653,0,708,-7982,2076,468,-2858,-391
3349669892,-1994,-10074,-5130,-293,-4441,-1249,0,0,-7,-1,-15651,0,3796,-5286,6872,1611,-3334,-482
3349719892,5080,-52,-6450,-2007,2160,14,-15648,0,-15537,0,8160,8192,-1104,-2018,10546,76,-1729,-1120
3349769892,1822,-2664,-9596,-1426,-3821,-2990,-15645,0,-15537,0,8160,8192,5920,-740,4870,361,-3478,-743
3349819892,4252,-3396,-7774,273,-1368,62,-15643,0,-15537,0,8160,8192,5632,-2092,6698,-273,-1874,13
3349869892,5252,-3126,-7988,-604,-250,118,-17640,0,-15537,0,8160,8192,5932,-1810,7660,-210,-1271,-187
3349919892,3488,-4514,-7272,-428,-1051,-528,0,0,-7,-1,-15639,0,6960,-1326,6344,-31,-1062,-367
3349969892,4848,-3654,-6694,-628,181,121,-15637,0,-15537,0,8160,8192,3736,-2524,5942,131,-796,-430
3350019892,3692,-2952,-6880,-610,-416,91,-15635,0,-15537,0,8160,8192,3794,-4172,8186,-15,-512,-447
3350069892,5360,-2112,-7226,-996,-53,56,-15631,0,-15537,0,8160,8192,6740,-1540,7516,107,-466,-693
3350119892,2942,-1856,-6968,-390,-99,-50,8160,8192,0,0,645,8192,3542,-502,6562,136,-256,-1140
3350169892,4928,-2466,-5270,-237,-316,57,0,0,-7,-1,-15624,0,3878,1196,4440,300,-381,-1406
3350219892,3856,-2022,-6190,211,-494,-5,8160,8192,0,0,645,8192,3938,-164,5774,-28,-18,-1720
3350269892,5054,-2756,-6718,1091,-358,70,8160,8192,0,0,645,8192,4760,-358,6686,-55,134,-1836
3350319892,5568,-4084,-6740,129,-750,-1074,-15617,0,-15537,0,8160,8192,5688,-1626,7470,676,-3079,-1266
3350369892,3896,-1058,-7890,-646,-172,-2741,0,0,-7,-1,-15615,0,6204,290,5304,1672,-1704,-2268
3350419892,4320,1110,-8154,-988,-350,-4666,0,0,-7,-1,-16613,0,3886,3030,4112,3266,-1613,-1878
3350469892,3594,4430,-10002,-401,-2569,-6020,0,0,-7,-1,-15611,0,6618,6752,820,4669,-3927,296
3350519892,5000,5688,-9272,-159,-2114,-4745,-15609,0,-15537,0,8160,8192,8348,8212,140,4364,-835,159
3350569892,4366,4386,-8298,-975,-516,-3357,0,0,-7,-1,-15607,0,8224,7722,26,2827,-638,-617
3350619892,5692,5460,-8428,-1330,685,-691,8160,8192,-23644,-14411,645,8192,6024,9424,274,1322,832,-1416
3350669892,4972,4368,-7104,-1912,773,-461,-16602,0,-15537,0,8160,8192,5292,7034,1698,-248,-186,-1778
3350719892,5332,4912,-7850,-999,-396,-230,8160,8192,0,0,645,8192,5820,6438,2394,7,110,-897
3350769892,3640,1460,-8330,-657,-632,324,-17597,0,-15537,0,8160,8192,6606,3982,1922,-342,-522,-355
3350819892,3740,1152,-8394,167,-758,857,8160,8192,-20252,-14408,645,8192,6416,2964,3174,-517,-634,553
3350869892,4012,626,-8156,463,-661,404,-16593,0,-15537,0,8160,8192,7372,2686,3444,-51,136,535
3350919892,4054,1120,-7900,854,-393,345,-17591,0,-15537,0,8160,8192,6064,3624,2624,-159,655,881
3350969892,3794,1248,-8194,1384,-341,1156,0,0,-7,-1,-15589,0,6318,3756,2526,-828,954,1337
3351019892,3438,1538,-8312,1566,-528,1370,-15588,0,-15537,0,8160,8192,6778,3558,2662,-934,1026,1618
3351069892,3238,928,-8610,1267,-500,1368,8160,8192,0,0,645,8192,7148,3180,2756,-970,1051,1217
3351119892,3578,444,-8454,1095,-441,1415,0,0,-7,-1,-15584,0,6456,2980,2938,-1092,765,1248
3351169892,3586,522,-7958,1310,-611,1450,-15582,0,-15537,0,8160,8192,7092,2390,3306,-1244,565,1358
3351219892,4056,-588,-8336,888,-405,1846,-17580,0,-15537,0,8160,8192,7108,2134,3624,-1283,1468,883
3351269892,3266,-608,-8830,1013,188,1642,8160,8192,0,0,645,8192,7294,1510,4044,-1412,1211,834
3351319892,3428,-802,-8328,1016,-15,2008,8160,8192,20996,-14400,645,8192,6622,1390,4106,-1865,807,807
3351369892,3100,-1006,-8480,1248,40,2029,0,0,-7,-1,-15574,0,6880,1106,4998,-1798,874,869
3351419892,3268,-2238,-8846,865,-19,1413,0,0,-7,-1,-15573,0,7448,826,4726,-1272,780,614
3351469892,2924,-1918,-8572,487,392,1822,-15572,0,-15537,0,8160,8192,6226,488,4584,-1570,1817,133
3351519892,3450,-1846,-8044,639,308,1747,-17569,0,-15537,0,8160,8192,5424,280,5370,-1528,768,637
3351569892,3318,-3276,-7778,650,27,1434,-17567,0,-15537,0,8160,8192,6602,-664,5084,-1250,108,852
3351619892,2738,-2420,-8238,393,441,1244,8160,8192,-6684,-14396,645,8192,5356,-580,5586,-1065,1000,733
3351669892,3386,-3476,-8164,804,253,906,-15563,0,-15537,0,8160,8192,6698,-1218,5472,-1100,729,671
3351719892,3348,-2956,-7996,538,27,1057,-15561,0,-15537,0,8160,8192,5426,-978,5942,-873,1164,630
3351769892,3088,-3750,-7798,740,33,540,-15559,0,-15537,0,8160,8192,6668,-1564,5382,-728,455,708
3351819892,2442,-3526,-8240,520,14,866,-15558,0,-15537,0,8160,8192,6016,-1278,5520,-977,1146,219
3351869892,3220,-2942,-7728,383,800,999,-16555,0,-15537,0,8160,8192,4022,-1678,6754,-846,1455,496
3351919892,3552,-3982,-7620,1098,187,201,-15554,0,-15537,0,8160,8192,5912,-1588,6022,-927,964,731
3351969892,3048,-3586,-7382,678,764,904,-15552,0,-15537,0,8160,8192,4392,-1740,6226,-885,1654,749
3352019892,3042,-3830,-7644,576,719,216,8160,8192,100,-14389,645,8192,4604,-2130,6102,-586,912,819
3352069892,3536,-4496,-7056,624,16,176,8160,8192,-15436,-14389,645,8192,4658,-2254,6272,-430,530,646
3352119892,2800,-3962,-7424,-8,538,58,8160,8192,-30972,-14388,645,8192,4400,-2468,6196,-477,1030,589
3352169892,3514,-4794,-6508,450,-15,-192,0,0,-7,-1,-16543,0,4416,-2822,6622,-402,906,529
3352219892,3608,-4476,-6816,220,586,317,0,0,-7,-1,-15541,0,3740,-2862,6390,-301,1225,146
3352269892,3208,-3878,-6850,2,1164,534,0,0,-7,-1,-15539,0,4118,-2734,6456,-434,1684,-38
3352319895,3884,-4102,-6784,525,1113,763,-15537,0,-15537,0,8160,8192,2978,-2766,6820,-402,1877,-68
3352369892,3720,-4612,-6676,184,608,281,0,0,-7,-1,-16535,0,3184,-2886,6826,-121,1149,-80
3352419892,3650,-4336,-6700,-24,613,369,8160,8192,0,0,645,8192,3106,-2684,6752,-271,1401,-292
3352469892,4310,-4490,-6444,361,805,670,-16530,0,-15537,0,8160,8192,1896,-2894,7514,-265,1160,-116
3352519892,4130,-4894,-6438,97,125,56,0,0,-7,-1,-16528,0,2216,-2818,6906,-137,98,-141
3352569892,3530,-4124,-5922,6,439,200,8160,8192,25812,-14381,645,8192,2926,-2900,6686,-414,640,146
3352619892,3686,-5678,-7602,740,835,390,-16525,0,-15537,0,8160,8192,636,-3100,7266,35,1884,-512
3352669892,3500,-4438,-6344,-326,562,-285,-16523,0,-15537,0,8160,8192,600,-2492,7016,-14,582,-201
3352719892,4260,-4576,-6528,277,123,153,-18521,0,-15537,0,8160,8192,1900,-2444,7602,-146,420,83
3352769892,4318,-4166,-6812,43,424,25,8160,8192,29204,-14378,645,8192,2290,-2482,7100,-215,254,92
3352819892,4204,-4620,-5884,576,302,494,-17518,0,-15537,0,8160,8192,3108,-2720,7106,-311,502,77
3352869892,6148,-5312,-5336,243,250,212,-16516,0,-15537,0,8160,8192,-44,-2850,7532,-21,-775,434
3352919892,2668,-6180,-8214,-882,-780,-176,-18513,0,-15537,0,8160,8192,3194,-3478,7406,-90,-455,553
3352969892,3578,-5024,-5832,-1883,1390,391,8160,8192,32596,-14375,645,8192,1688,-3664,6700,-31,102,37
3353019892,3014,-4380,-6574,-839,1130,576,-18510,0,-15537,0,8160,8192,2194,-3946,6916,3,26,278
3353069892,4228,-6128,-5566,376,791,95,-18508,0,-15537,0,8160,8192,1666,-4244,6966,175,339,75
3353119892,3268,-5234,-3060,3090,-1874,-1841,0,0,-7,-1,-16506,0,1674,-3744,6336,239,-80,-230
3353169892,8170,-3068,-2214,-1707,1438,167,-16504,0,-15537,0,8160,8192,2082,-4598,6430,80,513,7
3353219892,2716,-6688,-5774,503,-2,-48,-16501,0,-15537,0,8160,8192,1530,-4926,6646,181,855,-45
3353269892,2822,-6538,-5964,234,328,-33,-16498,0,-15537,0,8160,8192,1288,-5078,6066,205,200,-91
3353319892,3062,-6506,-6092,-36,-26,-241,0,0,-7,-1,-16497,0,1690,-5208,6432,115,-204,-46
3353369892,3160,-6534,-6188,-98,-228,-166,-16495,0,-15537,0,8160,8192,1756,-5060,7054,38,-366,-98
3353419892,3512,-6036,-6276,20,-320,-171,-16494,0,-15537,0,8160,8192,2284,-4654,7284,99,-111,-216
3353469892,3808,-6360,-6402,158,-87,-101,-16492,0,-15537,0,8160,8192,1704,-4984,7428,274,185,-82
3353519892,2576,-6980,-6776,41,-776,-750,-17490,0,-15537,0,8160,8192,1636,-6118,5996,395,-994,145
3353569892,-774,-6464,-5794,-294,-3074,-1384,-16488,0,-15537,0,8160,8192,3504,-7822,2278,836,-3250,116
3353619892,-398,-12720,-8066,-745,-4552,-1014,-16486,0,-15537,0,8160,8192,-3212,-1446,-318,1634,-2304,-468
3353669892,5880,-3748,-13314,-305,-2010,-422,8160,8192,11700,-14364,645,8192,2910,-2390,10258,1063,-3856,-1084
3353719892,1794,-1426,-7302,-3887,-2482,-1708,0,0,-7,-1,-16482,0,5372,296,5040,769,-2225,-1535
3353769892,5248,-3976,-6958,1146,-730,453,-16480,0,-15537,0,8160,8192,3212,-2914,8794,-260,-270,191
3353819892,3736,-4202,-8698,-18,-198,-119,-16478,0,-15537,0,8160,8192,4878,-3154,8330,396,-662,-591
3353869892,2668,-266,-9548,-1188,223,-724,-16475,0,-15537,0,8160,8192,6150,-470,5292,191,-614,-455
3353919892,2378,-4480,-7270,779,-148,-57,-16473,0,-15537,0,8160,8192,5924,-1710,5022,-253,-207,-189
3353969892,3722,-4966,-7416,-716,-658,-371,8160,8192,0,0,645,8192,3616,-1374,4680,334,-806,-696
3354019892,2904,-4200,-4728,-476,71,390,-16460,0,-15537,0,8160,8192,3278,-4984,4972,-101,-262,-531
3354069892,5158,-2988,-5454,-617,518,622,8160,8192,18484,-14358,645,8192,5054,-730,5948,93,100,-892
3354119892,4636,-3662,-4748,407,439,1002,-18467,0,-15537,0,8160,8192,2610,-644,6816,-207,861,-1202
3354169892,7254,-3046,-6658,1013,1233,915,-16466,0,-15537,0,8160,8192,2882,588,7594,215,881,-2503
3354219892,3258,-578,-8414,131,-168,-424,8160,8192,-28124,-14356,645,8192,3832,1110,5612,172,-78,-1962
3354269892,4402,-1548,-4446,834,-2288,-1579,8160,8192,0,0,645,8192,1998,94,7002,1647,-2606,-685
3354319892,5946,-1242,-6268,-962,-2323,-4523,-18460,0,-15537,0,8160,8192,3196,1876,6252,4120,-4576,-1122
3354369892,3484,4074,-10970,-3291,-2027,-7986,-16458,0,-15537,0,8160,8192,7518,6514,2312,5500,-5742,-1057
3354419892,4512,6178,-10098,-1982,-1064,-7665,8160,8192,-24732,-14353,645,8192,8568,9284,-750,4839,-2443,-1546
3354469892,5008,6620,-7928,-2098,147,-4357,0,0,-7,-1,-16456,0,4336,9128,-224,2945,-1308,-1652
3354519892,3036,5120,-8866,-2122,363,-1690,-18454,0,-15537,0,8160,8192,6290,7318,-456,795,-792,-1936
3354569892,4822,4410,-6858,-2616,562,1041,-17453,0,-15537,0,8160,8192,4778,6730,2222,-784,-531,-2414
3354619892,6548,5314,-5302,-1258,-213,387,-17451,0,-15537,0,8160,8192,1700,7934,5284,76,76,-1164
3354669892,5034,2812,-7354,234,-786,194,-16448,0,-15537,0,8160,8192,4882,5596,1846,-435,-145,579
3354719892,3648,2476,-8754,780,-614,753,0,0,-7,-1,-16446,0,7908,4010,2396,-635,-411,1088
3354769892,4234,1648,-8182,301,-225,570,0,0,-7,-1,-16443,0,7226,3366,3302,-381,151,371
3354819892,4492,1948,-7660,807,-192,252,-16441,0,-15537,0,8160,8192,5692,4194,2822,-294,501,760
3354869892,4010,2418,-7994,1171,-122,618,0,0,-7,-1,-17439,0,6434,4746,2408,-668,913,1005
3354919892,3692,2466,-8000,1349,-270,1455,0,0,-7,-1,-16437,0,6426,4498,2462,-989,1150,1290
3354969892,4500,1554,-7466,1612,-669,1940,8160,8192,0,0,645,8192,5354,4008,3246,-1281,1027,1676
3355019892,3610,1904,-8550,1562,-542,1706,-16434,0,-15537,0,8160,8192,6956,4142,2748,-1304,1781,1645
3355069892,3542,984,-8348,1331,-466,2385,-16431,0,-15537,0,8160,8192,7154,3176,3272,-1975,1343,1228
3355119892,3642,240,-8194,1129,-427,2755,8160,8192,19908,-14342,645,8192,6626,2490,4214,-2057,1835,919
3355169892,4260,-200,-8054,954,-210,2861,-17428,0,-15537,0,8160,8192,5758,1978,4860,-2244,2205,527
3355219892,4212,-684,-7844,1161,-400,2276,0,0,-7,-1,-16425,0,3736,2076,6064,-1648,1409,1266
3355269892,3232,-1624,-9460,1262,-918,1176,-16422,0,-15537,0,8160,8192,6092,1470,5618,-1702,511,1318
3355319892,4256,-710,-7874,541,-55,2123,-18419,0,-15537,0,8160,8192,5244,1554,5828,-1745,792,1186
3355369892,3910,-1562,-8370,547,91,1865,8160,8192,0,0,645,8192,5922,820,6026,-1353,518,1095
3355419892,3056,-1998,-8246,619,225,1790,-16416,0,-15537,0,8160,8192,5386,-28,5406,-1597,954,877
3355469892,2726,-2160,-8554,3894,-1164,865,-16414,0,-15537,0,8160,8192,6994,-762,6044,-1862,1126,990
3355519892,2428,-2984,-8028,488,1350,2133,8160,8192,26692,-14336,645,8192,4420,-768,6448,-1510,2057,982
3355569892,3460,-3632,-7822,1210,508,1118,-16409,0,-15537,0,8160,8192,5244,-1880,6198,-1609,549,1403
3355619892,2264,-3744,-8336,1342,-253,1221,-18407,0,-15537,0,8160,8192,5712,-1924,5562,-1339,551,1063
3355669892,2826,-3628,-7106,703,1005,946,-17404,0,-15537,0,8160,8192,4698,-2460,6506,-1137,727,1100
3355719892,3258,-5074,-7200,1079,-418,578,-16402,0,-15537,0,8160,8192,4168,-2800,6730,-571,295,982
3355769892,2178,-4528,-7270,85,238,-345,-16399,0,-15537,0,8160,8192,4454,-2954,5794,-662,133,822
3355819892,2572,-4540,-6402,519,72,546,-16397,0,-15537,0,8160,8192,3978,-3280,6054,-666,597,787
3355869892,2606,-4698,-6634,622,76,39,-18395,0,-15537,0,8160,8192,3610,-3566,6328,-482,652,742
3355919892,2736,-4860,-6656,732,-216,-191,-16393,0,-15537,0,8160,8192,3762,-3176,6588,-304,396,520
3355969892,3534,-4862,-7006,192,479,-26,-18391,0,-15537,0,8160,8192,3988,-3174,6690,-292,309,380
3356019892,3260,-4212,-7180,531,445,82,8160,8192,0,0,645,8192,3902,-2962,6282,-277,501,368
3356069892,3296,-4472,-7016,687,519,89,0,0,-7,-1,-16389,0,3880,-2992,6464,-201,598,451
3356119892,3548,-4470,-6684,435,582,54,0,0,-7,-1,-16387,0,3936,-3020,6550,-100,560,444
3356169892,3624,-4944,-7042,353,411,75,-16385,0,-15537,0,8160,8192,3682,-3252,6578,28,564,394
3356219892,3828,-4644,-6826,94,546,-135,-18383,0,-15537,0,8160,8192,3668,-3074,6556,83,395,267
3356269892,3630,-4530,-6572,209,273,-148,-17382,0,-15537,0,8160,8192,3394,-3286,6500,99,336,212
3356319892,3648,-4592,-6848,387,249,17,-18381,0,-15537,0,8160,8192,3656,-3290,6250,-50,452,284
3356369892,3480,-4614,-6914,454,354,194,8160,8192,0,0,645,8192,3628,-3300,6570,-151,593,331
3356419892,4164,-4988,-6290,378,253,54,8160,8192,9188,-14322,645,8192,2974,-3204,6754,-57,304,269
3356469892,3878,-4742,-6226,-54,123,-205,-18375,0,-15537,0,8160,8192,2832,-3238,6720,32,201,176
3356519892,4088,-5048,-5984,-37,45,-128,-16373,0,-15537,0,8160,8192,2770,-3268,6746,109,119,97
3356569892,4040,-4720,-5924,-15,-50,18,8160,8192,0,0,645,8192,2512,-3222,6598,81,276,86
3356619892,4102,-4764,-6226,274,87,-31,5544,8192,-7,-1,-15992,0,2816,-3036,6462,-40,223,166
3356669892,4270,-4486,-5902,-101,147,-2,8160,8192,-2956,-14319,645,8192,2264,-2962,6884,-98,67,198
3356719892,4186,-4454,-6070,56,-184,-129,-16366,0,-15537,0,8160,8192,2842,-2884,6714,-79,-154,229
3356769892,4238,-4596,-6014,280,63,118,0,0,-7,-1,-17364,0,2740,-3026,6858,-84,311,241
3356819892,4528,-5098,-6062,259,352,91,-16362,0,-15537,0,8160,8192,2254,-3468,7168,-28,334,128
3356869892,5228,-7366,-6612,-311,-315,185,0,0,-7,-1,-17360,0,2680,-3534,6836,84,98,29
3356919892,3998,-4328,-6008,-1620,847,95,-16358,0,-15537,0,8160,8192,2574,-3672,6798,27,259,44
3356969892,3578,-4468,-5704,221,419,17,8160,8192,-30636,-14314,645,8192,2720,-3896,6816,92,639,171
3357019892,1656,-7076,-9560,3247,127,-291,0,0,-7,-1,-16357,0,3118,-4296,6786,241,625,30
3357069892,4454,-5888,-6530,147,1133,676,-16354,0,-15537,0,8160,8192,1728,-4754,6660,347,799,-37
3357119892,3284,-5738,-6604,-138,333,-218,8160,8192,0,0,645,8192,2244,-4604,6734,216,103,-39
3357169892,2892,-6044,-5938,679,31,-274,0,0,-7,-1,-16349,0,1914,-4990,6484,327,421,5
3357219892,3184,-6112,-5510,1,307,-249,0,0,-7,-1,-17347,0,1646,-4856,6192,308,151,-98
3357269892,2808,-6284,-5832,8,160,-213,8160,8192,0,0,645,8192,1908,-5034,5932,291,152,-213
3357319892,2354,-6548,-6498,14,461,-35,-18343,0,-15537,0,8160,8192,2662,-5722,6776,201,607,-399
3357369892,3654,-7070,-6170,57,597,52,-16340,0,-15537,0,8160,8192,1028,-5518,7408,515,670,-448
3357419892,3138,-6664,-6572,-407,-366,-581,8160,8192,26148,-14307,645,8192,2396,-5628,6516,311,-723,-396
3357469892,506,-6792,-6544,-110,-825,-485,-16336,0,-15537,0,8160,8192,2040,-7086,3952,343,-842,-331
3357519892,-1560,-8470,-5182,-1034,-3298,-1055,8160,8192,-4924,-14306,645,8192,242,-9414,4098,1139,-4005,-97
3357569892,-398,-3132,-3506,-1526,398,-668,-16332,0,-15537,0,8160,8192,4226,-6708,8120,-1351,-1105,-908
3357619892,7400,-3582,-10458,-2919,-2188,-1574,-16329,0,-15537,0,8160,8192,7070,-2216,7850,616,-3770,-1974
3357669892,6250,-2612,-8752,-311,-2347,18,8160,8192,0,0,645,8192,4350,-2036,6692,258,-1984,-599
3357719892,2602,-4298,-7804,-583,-1216,-394,-17326,0,-15537,0,8160,8192,7142,-3910,7404,116,-1592,-662
3357769892,4772,-2368,-9836,-690,-130,138,0,0,-7,-1,-16324,0,4754,-1484,7316,434,-842,-956
3357819892,2064,-3422,-7050,-751,-197,-397,0,0,-7,-1,-16322,0,6050,-1956,5282,393,-1012,-865
3357869892,6286,-2740,-6356,-554,63,152,-16321,0,-15537,0,8160,8192,6328,-1122,5666,299,-693,-1004
3357919892,1710,-3298,-4502,-397,166,156,-16319,0,-15537,0,8160,8192,3778,-2596,4250,-37,-387,-690
3357969892,4808,-3420,-5502,-197,-559,268,-18317,0,-15537,0,8160,8192,4614,-1654,6314,131,-352,-1136
3358019892,5402,-2672,-6488,88,-38,215,0,0,-7,-1,-16315,0,3798,82,5818,257,-29,-1401
3358069892,3602,-814,-6876,416,-763,13,-17313,0,-15537,0,8160,8192,3972,776,5458,469,322,-1822
3358119892,5760,-1728,-8432,273,-1295,-771,8160,8192,5252,-14296,645,8192,5294,1630,7614,642,-306,-1740
3358169892,5040,-1424,-8848,-492,-573,-1093,8160,8192,0,0,645,8192,6378,1750,7808,723,-1056,-2005
3358219892,6904,-158,-7504,-1521,-598,-4015,-16307,0,-15537,0,8160,8192,3978,2984,7476,2958,-3812,-2137
3358269892,4084,4808,-9246,-2990,86,-8048,0,0,-7,-1,-17304,0,4704,6458,2768,5296,-3553,-1758
3358319892,4086,5402,-9220,-1836,-291,-7019,-16301,0,-15537,0,8160,8192,9788,8140,-1350,4960,-2600,-1151
3358369892,3822,5582,-7386,-1436,671,-3771,-18300,0,-15537,0,8160,8192,4474,8594,-758,3048,-694,-1456
3358419892,3070,5442,-7458,-1402,500,-569,-16298,0,-15537,0,8160,8192,6924,8230,-270,248,-408,-1677
3358469892,4270,4464,-5916,-1509,212,469,-16296,0,-15537,0,8160,8192,4194,5910,3582,-391,81,-1244
3358519892,5130,3382,-6058,18,-862,-316,-17293,0,-15537,0,8160,8192,3580,6270,1940,14,-157,438
3358569892,3238,1428,-8642,739,-1248,818,0,0,-7,-1,-17291,0,7718,3720,2176,-535,-756,1146
3358619892,4260,1470,-8562,251,-538,447,-16289,0,-15537,0,8160,8192,7280,3894,3112,-212,-21,422
3358669892,4362,1550,-8120,288,-312,549,8160,8192,0,0,645,8192,6800,4004,3184,-369,35,324
3358719892,4156,2300,-7946,521,-20,470,8160,8192,0,0,645,8192,6404,4360,2670,-453,250,396
3358769892,3912,2788,-7982,678,-171,804,0,0,-7,-1,-17282,0,5922,4436,2808,-419,466,490
3358819892,4098,2532,-8264,917,-634,659,-16281,0,-15537,0,8160,8192,6858,4966,2196,-440,211,924
3358869892,3510,2748,-7836,935,-533,1336,8160,8192,-31180,-14285,645,8192,6504,5074,1888,-1240,904,1004
3358919892,3606,2280,-8080,1294,-481,2179,-16277,0,-15537,0,8160,8192,4976,4842,2230,-1755,1478,1193
3358969892,3260,2312,-8418,1569,-577,2974,-16275,0,-15537,0,8160,8192,6720,4380,1952,-2449,1644,1369
3359019892,3158,720,-8030,1958,-754,3751,-16272,0,-15537,0,8160,8192,4280,1794,5838,-2716,1632,1812
3359069892,3140,-308,-9202,2649,-866,2011,-17269,0,-15537,0,8160,8192,7552,1334,4470,-2153,434,2463
3359119892,2574,-1742,-8714,1357,-357,1921,8160,8192,22212,-14281,645,8192,6452,646,4386,-1533,1459,1853
3359169892,2510,-472,-8414,869,-500,1758,8160,8192,6676,-14280,645,8192,7618,140,4184,-1628,1124,1886
3359219892,1068,-2656,-8440,1845,-1955,1477,-17258,0,-15537,0,8160,8192,6222,-100,4994,-629,1506,1772
3359269892,1486,-2204,-8952,412,-581,484,-16255,0,-15537,0,8160,8192,6716,318,4772,-607,1332,1046
3359319892,3880,-2682,-8338,682,-788,1185,-16252,0,-15537,0,8160,8192,4898,166,6510,-852,1367,869
3359369892,3136,-2392,-9044,285,-325,1019,0,0,-7,-1,-16249,0,4772,118,6354,-966,347,1233
3359419892,2404,-2390,-8698,667,91,406,0,0,-7,-1,-17248,0,5524,-1028,6256,-995,363,1452
3359469892,2236,-3630,-8346,1026,-491,809,8160,8192,-21004,-14276,645,8192,5392,-1844,5906,-1045,14,1399
3359519892,1302,-3194,-8488,393,96,29,8160,8192,28996,-14275,645,8192,6090,-2024,5520,-879,166,1047
3359569892,2460,-3484,-8144,429,-200,514,0,0,-7,-1,-16241,0,5286,-2282,6032,-681,-40,792
3359619892,1654,-3920,-8020,302,-296,-501,-16239,0,-15537,0,8160,8192,5544,-2198,5444,-645,-164,605
3359669892,1658,-3096,-8560,626,244,324,8160,8192,-17612,-14273,645,8192,5176,-2256,5446,-787,893,606
3359719892,2160,-3258,-8006,712,496,489,0,0,-7,-1,-16236,0,5392,-2608,5502,-819,464,678
3359769892,1830,-3620,-8070,695,192,422,8160,8192,16852,-14271,645,8192,4806,-2662,5624,-657,618,588
3359819892,2226,-3376,-8320,445,739,253,0,0,-7,-1,-17232,0,5246,-2786,5958,-580,497,597
3359869892,2414,-3838,-8138,619,383,145,8160,8192,-14220,-14270,645,8192,4564,-2710,5760,-268,765,489
3359919892,2402,-3532,-7966,278,613,26,-16228,0,-15537,0,8160,8192,4722,-2980,5684,-392,312,573
3359969892,2204,-3668,-7908,399,378,118,8160,8192,20244,-14268,645,8192,4538,-3170,5534,-338,588,540
3360019892,2814,-3804,-7866,136,326,107,-16223,0,-15537,0,8160,8192,4440,-3400,5920,-266,-37,499
3360069892,2614,-4138,-7896,-80,110,17,8160,8192,-10828,-14267,645,8192,4742,-3286,5890,-131,104,365
3360119892,2644,-3742,-7752,-68,513,69,-16218,0,-15537,0,8160,8192,4626,-3452,5870,-198,171,227
3360169892,2718,-3392,-7520,319,588,294,-16216,0,-15537,0,8160,8192,4496,-3202,5672,-168,444,143
3360219892,3136,-3972,-7398,420,501,319,-16213,0,-15537,0,8160,8192,4062,-3150,5922,-142,698,77
3360269892,2858,-3628,-7558,284,510,181,8160,8192,-7436,-14264,645,8192,4182,-3132,5964,-165,483,76
3360319892,3152,-3746,-7520,370,402,203,8160,8192,0,0,645,8192,4278,-3184,6272,-23,671,-3
3360369892,3734,-3866,-7196,141,629,116,-18205,0,-15537,0,8160,8192,3790,-3000,6372,38,486,-34
3360419892,3210,-3724,-7038,177,510,49,8160,8192,11492,-14261,645,8192,3790,-3060,6192,52,476,-1
3360469892,3686,-3918,-6906,365,712,174,-16200,0,-15537,0,8160,8192,3800,-2960,6048,58,553,-12
3360519892,3902,-3750,-7084,282,615,189,-16198,0,-15537,0,8160,8192,3894,-3016,6514,3,536,-100
3360569892,3904,-3686,-7334,476,598,126,-18196,0,-15537,0,8160,8192,3924,-2914,6460,-39,598,77
3360619892,4028,-4052,-6900,507,477,113,-16195,0,-15537,0,8160,8192,3738,-2932,6404,-34,511,98
3360669892,3452,-4236,-7078,466,444,80,-16193,0,-15537,0,8160,8192,3984,-3478,6590,-8,603,138
3360719892,3446,-4806,-6590,587,376,31,8160,8192,0,0,645,8192,3268,-3490,6498,188,724,1
3360769892,4580,-4604,-6846,4,173,-164,8160,8192,-31724,-14256,645,8192,3368,-3094,6870,101,-53,-151
3360819892,3900,-3748,-7138,-1797,979,157,-16187,0,-15537,0,8160,8192,3804,-3458,6928,133,665,-118
3360869892,4356,-5446,-6268,-49,649,202,-16186,0,-15537,0,8160,8192,2856,-4192,6534,283,852,170
3360919892,3384,-4336,-6518,-208,613,-314,-16185,0,-15537,0,8160,8192,3170,-4284,6554,446,535,-40
3360969892,1856,-4666,-6930,3175,-88,-1114,0,0,-7,-1,-17182,0,3400,-4116,6502,409,583,-215
3361019892,2546,-5606,-6832,41,588,-212,-16179,0,-15537,0,8160,8192,2362,-3898,6220,291,363,-137
3361069892,3060,-5314,-6532,303,422,75,-17178,0,-15537,0,8160,8192,2768,-4122,6244,229,536,-150
3361119892,3552,-5456,-6266,203,206,-41,8160,8192,0,0,645,8192,2212,-4344,6084,141,284,-70
3361169892,2798,-5356,-6110,55,284,-212,0,0,-7,-1,-17174,0,2504,-4536,6024,184,14,46
3361219892,3160,-5944,-6114,-108,-183,-243,-16171,0,-15537,0,8160,8192,2364,-4658,6234,197,-227,-133
3361269892,1236,-6506,-7298,273,-17,-132,8160,8192,0,0,645,8192,3206,-6268,5672,219,181,-261
3361319892,4876,-7202,-6558,-599,-730,-66,0,0,-7,-1,-17168,0,2092,-4518,7538,374,-750,-690
3361369892,2836,-4994,-8316,-486,-506,-383,0,0,-7,-1,-17166,0,4132,-4794,7004,6,-102,-256
3361419892,332,-6620,-7218,379,-542,-482,8160,8192,28452,-14246,645,8192,2556,-7088,3646,113,-849,187
3361469892,-1726,-7482,-4490,-589,-2714,-427,-18161,0,-15537,0,8160,8192,2328,-8980,3392,729,-2279,-339
3361519892,11718,-7772,-7192,-1187,-390,524,0,0,-7,-1,-16159,0,8352,-3544,6026,-1252,-1592,-900
3361569892,9830,-6270,-4554,-718,-1020,-138,0,0,-7,-1,-17156,0,4866,-5030,9706,763,-4232,-612
3361619892,3998,-2790,-9332,-2157,-2802,-1275,-16154,0,-15537,0,8160,8192,5114,308,6428,765,-1781,-978
3361669892,1918,-1868,-9678,402,13,127,-18152,0,-15537,0,8160,8192,7052,-1520,6970,-152,-471,-95
3361719892,2390,-3678,-8008,382,-373,-346,8160,8192,772,-14241,645,8192,5466,-2380,5104,225,-786,-701
3361769892,5110,-2362,-7884,-1770,321,50,-16147,0,-15537,0,8160,8192,5012,-754,6078,395,-1177,-1150
3361819892,1632,-3126,-6270,-494,-74,205,-16145,0,-15537,0,8160,8192,2516,-2300,4302,79,-539,-909
3361869892,3214,-2758,-7570,-1091,-13,187,-16143,0,-15537,0,8160,8192,4836,-1582,4898,356,-1007,-931
3361919892,5160,-1262,-7014,-299,-387,339,-16140,0,-15537,0,8160,8192,6086,-154,6462,-26,-126,-842
3361969892,2702,-1512,-7086,59,-198,169,-16138,0,-15537,0,8160,8192,5694,-600,5344,390,-61,-1505
3362019892,4672,-2436,-5864,144,-688,-175,-16137,0,-15537,0,8160,8192,4846,712,6528,639,252,-2236
3362069892,5286,-1028,-8510,-336,-50,-782,0,0,-7,-1,-16134,0,5748,1884,6004,619,-75,-2442
3362119892,4696,-1052,-7752,-751,11,-1713,-16131,0,-15537,0,8160,8192,6306,486,7372,1461,-865,-2486
3362169892,4802,1030,-7702,-1781,-67,-4497,-16128,0,-15537,0,8160,8192,5028,3590,4412,3298,-2134,-2683
3362219892,3526,4076,-8712,-2408,419,-6074,8160,8192,-23516,-14234,645,8192,3110,5456,3316,3988,-2406,-2027
3362269892,2926,5754,-9020,-2105,-156,-6612,0,0,-7,-1,-17125,0,7534,7106,404,4141,-2563,-1334
3362319892,4560,5884,-6606,-1997,934,-4269,8160,8192,0,0,645,8192,3566,8662,672,2953,-1539,-1539
3362369892,4774,6082,-7414,-1289,-45,-763,8160,8192,-4588,-14232,645,8192,4256,9338,-234,584,-1697,-926
3362419892,4076,5174,-6478,-959,-79,1321,-16120,0,-15537,0,8160,8192,4984,6122,3152,-793,-433,-587
3362469892,4728,3684,-5572,362,-801,-292,0,0,-7,-1,-16119,0,4528,6684,1558,178,117,657
3362519892,3170,2496,-8512,561,-979,1227,0,0,-7,-1,-16117,0,7662,4240,2618,-1024,-878,897
3362569892,4138,2268,-8384,157,-393,211,8160,8192,0,0,645,8192,7194,4606,2944,-151,-210,234
3362619892,4258,2072,-7770,324,-327,345,0,0,-7,-1,-16115,0,6474,4260,2388,-204,23,398
3362669892,3672,2000,-8082,499,-178,313,0,0,-7,-1,-17114,0,7238,3906,2450,-287,175,403
3362719892,4080,2750,-7504,637,2,174,0,0,-7,-1,-16112,0,5132,4748,2500,-49,791,503
3362769892,3764,2766,-8020,893,-172,356,-18110,0,-15537,0,8160,8192,6678,4824,2020,-250,952,776
3362819892,3758,3524,-7826,853,-92,798,0,0,-7,-1,-16109,0,6122,5498,1784,-617,1641,783
3362869892,3740,2732,-7952,707,-259,1750,-16107,0,-15537,0,8160,8192,6864,4944,2168,-1263,1543,668
3362919892,3986,2582,-8224,933,-511,2543,8160,8192,0,0,645,8192,5622,4506,3156,-1947,1951,722
3362969892,3680,1802,-8468,1639,-1090,2709,-16101,0,-15537,0,8160,8192,6330,3948,3366,-2219,1776,1240
3363019892,4098,442,-7860,1798,-985,3555,8160,8192,-9948,-14222,645,8192,6106,3224,4404,-2726,2170,1019
3363069892,3706,234,-8146,1933,-856,3335,-16098,0,-15537,0,8160,8192,4768,2560,5354,-2699,2529,1083
3363119892,3548,-1850,-8294,1930,-1090,2459,8160,8192,24516,-14220,645,8192,4488,1964,5394,-2392,941,1618
3363169892,2026,-920,-8914,1779,-418,2765,8160,8192,0,0,645,8192,3106,1876,6334,-2153,1534,1987
3363219892,2196,-2030,-9348,2077,-701,1404,-16091,0,-15537,0,8160,8192,5774,548,6072,-2032,2,1876
3363269892,2654,-2466,-8502,1398,-207,1754,0,0,-7,-1,-16089,0,6110,-384,6122,-1970,485,1752
3363319892,2146,-2812,-7950,1205,495,1781,8160,8192,27908,-14217,645,8192,5046,-1104,5390,-2039,663,1499
3363369892,2140,-2804,-7610,999,320,1261,-16085,0,-15537,0,8160,8192,4940,-1636,5140,-2091,107,1753
3363419892,2644,-3140,-8304,1161,-274,1412,0,0,-7,-1,-16083,0,5854,-2602,7508,-1794,987,1558
3363469892,2966,-4894,-8450,1360,67,621,8160,8192,-18700,-14215,645,8192,5276,-2618,6396,-1295,151,1096
3363519892,1462,-3702,-8112,259,348,406,8160,8192,31300,-14214,645,8192,5656,-3048,6602,-1076,1098,878
3363569892,2644,-4652,-7450,873,537,420,-17075,0,-15537,0,8160,8192,4090,-3010,6276,-579,661,603
3363619892,2264,-3926,-7536,174,153,-393,-16072,0,-15537,0,8160,8192,4514,-3086,6018,-392,428,510
3363669892,2214,-4268,-7538,866,263,313,-17071,0,-15537,0,8160,8192,3748,-3148,5702,-430,997,631
3363719892,2816,-4406,-7180,468,546,162,-17069,0,-15537,0,8160,8192,4056,-3516,5764,-521,441,713
3363769892,2310,-4644,-7510,587,31,200,8160,8192,0,0,645,8192,4082,-3690,6196,-333,557,461
3363819892,3234,-4614,-7086,290,631,222,0,0,-7,-1,-16066,0,3498,-3226,6250,-361,538,495
3363869892,2494,-4142,-6910,646,59,48,-16065,0,-15537,0,8160,8192,3726,-3284,5962,-369,511,530
3363919892,3072,-4216,-6788,670,679,261,0,0,-7,-1,-16063,0,3176,-3042,5924,-353,803,520
3363969892,2898,-4564,-6616,624,356,244,0,0,-7,-1,-16061,0,3448,-3316,5932,-346,468,510
3364019892,2860,-4794,-6868,287,207,224,-18058,0,-15537,0,8160,8192,3400,-3698,6392,-269,524,290
3364069892,3260,-4482,-7114,73,522,83,0,0,-7,-1,-17055,0,3360,-3580,6612,-133,321,208
3364119892,3300,-4898,-7014,410,125,87,-16053,0,-15537,0,8160,8192,3368,-3540,6500,-102,287,183
3364169892,2810,-4680,-6988,209,271,22,0,0,-7,-1,-16050,0,3378,-3626,6174,-138,240,185
3364219892,3008,-5014,-6886,491,52,168,8160,8192,0,0,645,8192,3464,-3842,6524,-123,476,212
3364269892,3778,-5258,-6770,202,143,68,-16045,0,-15537,0,8160,8192,3056,-3756,6974,-12,231,97
3364319892,3754,-4876,-6750,-75,328,-60,-17042,0,-15537,0,8160,8192,2982,-3602,7128,38,295,-4
3364369892,3894,-5014,-6502,275,473,185,-16040,0,-15537,0,8160,8192,2740,-3328,6708,93,611,18
3364419892,3624,-4732,-6310,278,697,17,0,0,-7,-1,-17040,0,2586,-3326,6660,103,588,68
3364469892,3688,-4620,-6376,473,536,-156,8160,8192,0,0,645,8192,2712,-3288,6726,218,673,67
3364519892,4346,-4798,-5968,89,507,-167,0,0,-7,-1,-17034,0,2042,-3088,6946,323,433,-28
3364569892,4178,-4402,-6530,-101,279,-336,8160,8192,32724,-14198,645,8192,2592,-3174,7000,281,239,-11
3364619892,4380,-4956,-6172,339,411,-176,-18029,0,-15537,0,8160,8192,2534,-3132,7076,289,415,42
3364669892,3662,-3996,-6136,-2335,1345,201,-16027,0,-15537,0,8160,8192,2480,-3738,7076,340,522,-54
3364719892,4048,-4938,-6494,-770,754,-82,0,0,-7,-1,-17025,0,2262,-3758,6468,536,264,-46
3364769892,4350,-5132,-5834,-523,596,-51,-16022,0,-15537,0,8160,8192,2418,-4070,6846,304,416,44
3364819892,3294,-4754,-6164,1293,388,-530,0,0,-7,-1,-16020,0,2262,-4504,6934,346,561,77
3364869892,1262,-7992,-10700,2830,317,633,8160,8192,5044,-14193,645,8192,2802,-4524,6662,370,602,73
3364919892,2826,-6222,-7490,246,902,236,8160,8192,0,0,645,8192,2002,-4668,6732,224,580,6
3364969892,3066,-5538,-6496,180,653,14,-16012,0,-15537,0,8160,8192,2114,-4600,6398,192,438,100
3365019892,3078,-6064,-6228,100,256,-44,-18009,0,-15537,0,8160,8192,1836,-4598,6422,167,241,120
3365069892,3060,-6070,-5952,104,386,8,8160,8192,8436,-14190,645,8192,1158,-4976,6378,215,102,97
3365119892,3394,-6228,-5976,-76,-11,-350,0,0,-7,-1,-16005,0,1752,-4768,6748,296,-231,68
3365169892,3192,-6482,-6244,-20,-67,-299,8160,8192,-22636,-14189,645,8192,1920,-5374,6986,199,31,-53
3365219892,3290,-6812,-6970,114,-71,-282,-16000,0,-15537,0,8160,8192,2016,-5528,7276,324,-28,-261
3365269892,3176,-7052,-7000,7,-346,-369,0,0,-7,-1,-15998,0,1918,-5720,6858,193,138,-296
3365319892,1930,-6300,-6312,-47,55,-310,-15996,0,-15537,0,8160,8192,1192,-5908,5684,64,93,-43
3365369892,-1212,-5368,-4262,-14,-1473,-667,8160,8192,-19244,-14186,645,8192,2440,-7630,2146,477,-2129,-172
3365419892,3278,-9486,-6950,-761,-4454,-559,-15992,0,-15537,0,8160,8192,1084,-2368,3464,1339,-1794,-727
3365469892,9528,-5502,-10282,-1583,-322,-623,-17990,0,-15537,0,8160,8192,1254,-734,8646,769,-3821,-967
3365519892,2636,-2824,-5460,-1207,-3195,-1075,-15988,0,-15537,0,8160,8192,4322,-1988,6932,210,-2070,-385
3365569892,4884,-2674,-9698,414,-388,8,-16986,0,-15537,0,8160,8192,5034,-1408,6430,110,-1151,-307
3365619892,3354,-3836,-6090,-598,-1631,-357,-17984,0,-15537,0,8160,8192,4746,-1916,6636,163,-1295,-604
3365669892,3922,-2850,-8454,-632,-96,-101,0,0,-7,-1,-16982,0,4410,-1594,5578,292,-1227,-1127
3365719892,3222,-2346,-7326,-1041,281,97,0,0,-7,-1,-15980,0,5310,-3982,7396,149,-642,-1031
3365769892,5164,-3764,-7342,-396,-73,635,-15978,0,-15537,0,8160,8192,4872,-976,7854,204,1166,-1240
3365819892,4078,-2724,-6270,-152,568,583,-17976,0,-15537,0,8160,8192,1602,176,5136,366,574,-1581
3365869892,4992,-1918,-6434,-285,-93,479,0,0,-7,-1,-15974,0,2724,50,5678,657,-144,-1745
3365919892,5002,-3544,-4824,258,-1170,0,-17973,0,-15537,0,8160,8192,3254,-182,6964,400,-354,-1477
3365969892,7720,-2538,-7608,170,-223,-542,0,0,-7,-1,-16971,0,3436,1808,9434,649,-633,-2424
3366019892,4664,-1954,-8354,-895,-507,-2564,8160,8192,-24604,-14176,645,8192,5054,1498,7320,1893,-2380,-2684
3366069892,3302,1350,-7742,-1835,-171,-4754,0,0,-7,-1,-16966,0,3508,2866,5002,3381,-2718,-2124
3366119892,4688,3160,-7742,-2070,-32,-7535,-15963,0,-15537,0,8160,8192,4468,4498,4042,5292,-3520,-973
3366169892,3676,5424,-8486,-2125,-469,-7994,0,0,-7,-1,-15959,0,6984,7938,488,5535,-3144,-953
3366219892,5364,7472,-6516,-2314,1438,-5281,8160,8192,0,0,645,8192,2778,9576,1080,4247,-680,-1610
3366269892,4808,5810,-7186,-1770,717,-2271,0,0,-7,-1,-16955,0,5364,8984,356,1653,-1172,-1602
3366319892,5854,6960,-5740,-941,594,551,0,0,-7,-1,-15952,0,3342,7784,3218,406,254,-1004
3366369892,4214,4170,-4810,436,-1375,62,0,0,-7,-1,-16948,0,2636,7380,664,-399,24,872
3366419892,3062,2634,-8444,590,-1017,1823,-17944,0,-15537,0,8160,8192,8252,3804,3250,-1527,-683,880
3366469892,4488,2252,-7798,113,-284,448,8160,8192,32180,-14169,645,8192,6284,4548,3282,-209,95,159
3366519892,4600,2478,-7134,586,-615,454,0,0,-7,-1,-15938,0,5066,4736,2992,-383,-147,692
3366569892,4350,2712,-7338,679,-372,611,-15937,0,-15537,0,8160,8192,5966,4782,3152,-499,240,634
3366619892,4192,3034,-7450,769,-278,655,8160,8192,-14428,-14167,645,8192,5788,5036,2636,-499,576,667
3366669892,4310,2720,-7264,1114,-610,977,-15930,0,-15537,0,8160,8192,5174,4986,2584,-838,421,1221
3366719892,4172,2780,-7874,1331,-919,1585,-15927,0,-15537,0,8160,8192,6086,5096,2768,-1266,632,1513
3366769892,4234,2812,-7766,1099,-742,1982,8160,8192,4500,-14164,645,8192,5464,4596,2902,-1649,1030,1375
3366819892,4018,1518,-8028,1326,-999,2330,-15924,0,-15537,0,8160,8192,6854,3884,3044,-2012,941,1237
3366869892,3906,1606,-7938,1462,-1104,3090,-15921,0,-15537,0,8160,8192,5284,3972,3664,-2389,1409,1244
3366919892,4202,382,-8138,1792,-1300,3014,-17919,0,-15537,0,8160,8192,5418,2806,4120,-2430,947,1612
3366969892,3440,-116,-9280,1589,-743,2793,0,0,-7,-1,-16917,0,7554,2128,4996,-2629,1594,1188
3367019892,3362,-790,-8508,1421,-170,3007,-15915,0,-15537,0,8160,8192,5112,1532,5418,-2455,2414,943
3367069892,2648,-1538,-8530,1381,-297,2780,-16913,0,-15537,0,8160,8192,4908,-808,8304,-2534,2075,750
3367119892,4996,-2870,-8034,1524,-741,1662,0,0,-7,-1,-16911,0,6716,138,6234,-1598,-158,1499
3367169892,2708,-1834,-9288,793,-358,1696,8160,8192,11284,-14158,645,8192,5422,46,6606,-1591,1271,1070
3367219892,3494,-3026,-8386,1333,70,1774,-15905,0,-15537,0,8160,8192,5090,-520,6272,-1552,354,1246
3367269892,2264,-2756,-8080,783,20,1012,8160,8192,-19788,-14157,645,8192,5258,-1194,6142,-1385,485,1321
3367319892,2552,-3186,-7884,836,651,1075,8160,8192,30212,-14156,645,8192,5098,-1552,6138,-1182,589,925
3367369892,2878,-3504,-7786,836,274,786,0,0,-7,-1,-15897,0,4906,-1944,6382,-961,477,901
3367419892,2200,-3672,-8208,794,-27,423,8160,8192,-860,-14155,645,8192,4434,-1726,5956,-784,505,1056
3367469892,2372,-3636,-7836,458,-144,-33,8160,8192,-16396,-14154,645,8192,4992,-2372,6030,-770,-28,1162
3367519892,2908,-3938,-7738,660,-212,239,-15890,0,-15537,0,8160,8192,4578,-2298,5922,-682,373,1115
3367569892,1792,-4534,-7438,732,-251,-277,8160,8192,18068,-14152,645,8192,4704,-2906,5990,-815,338,955
3367619892,2530,-4264,-7616,706,127,479,-15884,0,-15537,0,8160,8192,4284,-3112,6416,-775,541,851
3367669892,2934,-4388,-7228,720,435,348,-16880,0,-15537,0,8160,8192,4212,-2932,6270,-596,576,711
3367719892,2784,-3928,-7426,670,194,217,-15878,0,-15537,0,8160,8192,3794,-2930,5930,-514,491,660
3367769892,2500,-4544,-7046,637,253,194,0,0,-7,-1,-15876,0,3994,-3494,6210,-445,470,745
3367819892,2746,-4588,-7066,489,133,134,0,0,-7,-1,-15873,0,3640,-3160,6012,-388,282,611
3367869892,2538,-4168,-6972,453,266,150,8160,8192,0,0,645,8192,3598,-3278,6170,-422,505,646
3367919892,3334,-4944,-6760,738,370,260,0,0,-7,-1,-15867,0,3624,-3364,6326,-328,468,516
3367969892,3164,-4060,-7098,345,362,102,-16864,0,-15537,0,8160,8192,3704,-3504,6544,-204,451,356
3368019892,3254,-4708,-7112,475,472,86,-15862,0,-15537,0,8160,8192,3496,-3492,6308,-165,443,324
3368069892,3254,-4734,-6794,403,361,177,0,0,-7,-1,-15861,0,3210,-3568,6482,-120,562,293
3368119892,3196,-4830,-6804,408,322,115,8160,8192,0,0,645,8192,3150,-3828,6388,-85,361,271
3368169892,3370,-5078,-6858,334,78,53,8160,8192,28244,-14143,645,8192,3294,-3732,6512,-12,218,199
3368219892,3262,-4800,-6660,7,312,22,-15854,0,-15537,0,8160,8192,3160,-3644,6556,-25,257,131
3368269892,3702,-4924,-6516,200,325,53,-15851,0,-15537,0,8160,8192,2922,-3600,6590,48,354,113
3368319892,2912,-4578,-6542,156,360,4,-15849,0,-15537,0,8160,8192,2988,-3730,6516,28,562,57
3368369892,3512,-4886,-6046,223,534,111,0,0,-7,-1,-15845,0,2442,-3450,6754,128,594,0
3368419892,3918,-4934,-6256,67,224,-169,8160,8192,16100,-14139,645,8192,2464,-3310,6584,172,241,-89
3368469892,3938,-4784,-6096,-26,210,-262,0,0,-7,-1,-15841,0,2510,-3074,6770,160,281,-48
3368519892,4128,-4384,-6312,-23,445,-106,0,0,-7,-1,-16839,0,2548,-3148,6860,100,287,-40
3368569892,4372,-4776,-6274,302,281,-80,-15838,0,-15537,0,8160,8192,2560,-3082,6854,150,233,31
3368619892,4120,-5030,-6414,175,203,-183,8160,8192,0,0,645,8192,2792,-3344,7042,186,164,8
3368669892,6074,-6514,-6140,-334,-191,45,8160,8192,0,0,645,8192,2282,-3204,6770,186,105,43
3368719892,3116,-4350,-5520,-1567,503,-86,-15835,0,-15537,0,8160,8192,2986,-4238,6840,49,-62,-36
3368769892,2944,-5428,-6914,-52,275,1,-15831,0,-15537,0,8160,8192,2516,-4592,6624,86,332,-7
3368819892,3194,-5196,-6254,1118,165,-472,8160,8192,0,0,645,8192,2352,-4540,6842,166,518,-80
3368869892,3958,-6236,-6806,512,378,298,-15827,0,-15537,0,8160,8192,2260,-4270,6730,291,537,60
3368919892,3096,-4998,-6682,375,926,-292,8160,8192,-8188,-14132,645,8192,2920,-4644,6720,259,423,151
3368969892,3052,-6370,-6470,457,346,-276,8160,8192,-23724,-14131,645,8192,2184,-5028,6254,428,267,206
3369019892,2594,-6002,-6286,-93,201,-419,-15820,0,-15537,0,8160,8192,2488,-5102,6420,413,256,45
3369069892,2672,-6684,-6036,100,347,-376,-15818,0,-15537,0,8160,8192,1730,-5540,6254,559,269,-49
3369119892,2760,-6658,-6156,-156,220,-402,0,0,-7,-1,-15816,0,2106,-5638,6400,553,168,-235
3369169892,2756,-7320,-6080,150,381,-302,-15814,0,-15537,0,8160,8192,1148,-5840,6328,625,746,-240
3369219892,1270,-7538,-6740,-239,-863,-634,-17813,0,-15537,0,8160,8192,1796,-7312,5664,517,-575,-387
3369269892,-1654,-8316,-5742,-476,-2556,-694,0,0,-7,-1,-15811,0,734,-9430,1926,210,-2200,-305
3369319892,-4654,-10420,-3378,-1146,-3849,-542,0,0,-7,-1,-16809,0,1982,-12524,4384,516,-2320,-848
3369369892,6962,1224,-10870,-2661,4411,990,8160,8192,0,0,645,8192,2118,-1100,18344,537,-1893,-1872
3369419892,-532,-2972,-9676,-2793,-5483,-4708,0,0,-7,-1,-16803,0,4162,-406,3908,1378,-4336,-801
3369469892,1376,-2244,-8936,631,22,-246,-16801,0,-15537,0,8160,8192,5216,-2658,4522,-73,-1143,-536
3369519892,7088,-3928,-7488,-50,149,365,-15799,0,-15537,0,8160,8192,3398,-1694,5518,245,-937,-382
3369569892,1860,-3128,-5094,-258,-1520,-144,8160,8192,-13548,-14122,645,8192,5536,-3068,5594,-169,-364,-179
3369619892,3720,-3530,-6464,-925,1015,335,-15794,0,-15537,0,8160,8192,2932,-3120,5212,244,-475,-667
3369669892,4020,-842,-9282,-966,-500,158,0,0,-7,-1,-15791,0,5878,-454,5808,-154,-364,-697
3369719892,2650,-5130,-6284,238,266,12,-15789,0,-15537,0,8160,8192,5364,-2284,5654,38,382,-1056
3369769892,1592,-2554,-6134,-335,-76,-550,0,0,-7,-1,-15787,0,2634,-2224,5774,838,675,-1845
3369819892,3520,-2512,-5136,-6,389,73,-15785,0,-15537,0,8160,8192,3158,-78,4952,537,692,-1933
3369869892,5080,-1732,-6376,932,-538,-11,-15783,0,-15537,0,8160,8192,4698,500,6882,228,66,-1841
3369919892,5966,-2632,-7812,185,-484,-373,8160,8192,8772,-14116,645,8192,5418,-82,8772,705,-288,-2183
3369969892,4182,-538,-7442,-1214,-862,-2665,0,0,-7,-1,-16781,0,3626,994,7624,2141,-2292,-2832
3370019892,4994,3124,-7826,-2612,-375,-6796,8160,8192,0,0,645,8192,2158,5010,6472,4769,-3590,-2592
3370069892,3860,7514,-9136,-3259,581,-9303,0,0,-7,-1,-15777,0,6900,8122,1520,5831,-3785,-2174
3370119892,4856,7292,-7352,-2271,746,-5746,-17774,0,-15537,0,8160,8192,3102,9954,968,5058,-1012,-1593
3370169892,3594,5546,-7798,-1444,211,-2891,-15772,0,-15537,0,8160,8192,5506,7800,-1962,2700,-975,-1147
3370219892,3728,5762,-6460,-1673,730,223,0,0,-7,-1,-15770,0,4286,6920,1320,-22,255,-1889
3370269892,5372,6098,-4808,-701,167,-351,8160,8192,31092,-14111,645,8192,2072,8262,2648,294,718,-769
3370319892,4252,4708,-6254,459,-876,446,-16765,0,-15537,0,8160,8192,2882,6774,1322,-627,-208,915
3370369892,4010,3274,-8354,906,-1232,1130,8160,8192,20,-14109,645,8192,7834,4902,2838,-788,-825,1211
3370419892,4312,2630,-8148,218,-394,771,0,0,-7,-1,-15759,0,6382,4646,3118,-425,138,298
3370469892,4486,2498,-7284,606,-453,762,0,0,-7,-1,-16755,0,5506,4720,2738,-664,316,668
3370519892,4110,2932,-7576,1108,-496,1227,0,0,-7,-1,-15754,0,5414,5112,2594,-1192,214,1192
3370569892,3734,2676,-7754,1472,-676,1561,0,0,-7,-1,-15751,0,6194,4706,2842,-1339,365,1536
3370619892,4392,2406,-7326,1745,-955,1951,-15748,0,-15537,0,8160,8192,5396,4616,2626,-1641,104,2039
3370669892,4196,2386,-7948,2346,-1294,2450,8160,8192,0,0,645,8192,6070,4288,2602,-2032,590,2488
3370719892,3534,1344,-8570,2109,-1015,2612,-15744,0,-15537,0,8160,8192,8344,2994,3218,-2298,977,2043
3370769892,3636,1198,-8302,2005,-792,2922,-15742,0,-15537,0,8160,8192,6392,3116,4080,-2366,2232,1602
3370819892,3892,62,-8138,1948,-997,2582,-15740,0,-15537,0,8160,8192,6088,2476,4614,-2201,1469,1765
3370869892,3352,-704,-8122,1486,-632,2608,0,0,-7,-1,-15738,0,6530,1136,5170,-2251,1432,1441
3370919892,3396,-1454,-8268,1466,-608,2182,0,0,-7,-1,-15737,0,5192,1082,5238,-1651,1177,1610
3370969892,2266,-2112,-8814,1621,-964,1949,-16735,0,-15537,0,8160,8192,6468,-156,5778,-1737,758,1688
3371019892,2452,-2252,-8804,1584,-219,1768,-15730,0,-15537,0,8160,8192,5390,-120,5070,-1475,1637,1504
3371069892,2302,-2404,-7838,1335,-560,1662,-15725,0,-15537,0,8160,8192,7190,-1702,5556,-1174,-156,1653
3371119892,2046,-4440,-8246,950,-732,1151,-17722,0,-15537,0,8160,8192,5208,-1516,5136,-758,130,1312
3371169892,2036,-3110,-8402,1,18,91,8160,8192,0,0,645,8192,6764,-1682,5530,-1166,-582,763
3371219892,2244,-2994,-8074,515,-105,1103,-15717,0,-15537,0,8160,8192,5332,-1668,5792,-1150,444,751
3371269892,2498,-3318,-8648,616,188,504,8160,8192,0,0,645,8192,6222,-1720,6268,-909,386,900
3371319892,2340,-3894,-8512,556,126,235,0,0,-7,-1,-16713,0,5996,-2276,5848,-678,331,720
3371369892,2098,-3838,-8384,393,458,291,-15710,0,-15537,0,8160,8192,5520,-2584,5966,-542,697,840
3371419892,1526,-4546,-7684,724,49,-444,0,0,-7,-1,-15707,0,5058,-3142,5288,-465,381,760
3371469892,1728,-3942,-7388,276,365,252,0,0,-7,-1,-16705,0,4796,-2976,5286,-494,723,618
3371519892,2170,-3914,-7272,582,600,336,8160,8192,-29628,-14092,645,8192,4422,-3008,5344,-477,747,504
3371569892,2402,-4420,-7270,704,110,268,-17701,0,-15537,0,8160,8192,4542,-3126,5566,-395,457,480
3371619892,2226,-3930,-7780,250,514,187,0,0,-7,-1,-15699,0,4800,-3180,5644,-509,498,367
3371669892,2494,-4226,-7682,573,382,313,8160,8192,-10700,-14090,645,8192,4430,-3476,5732,-486,333,561
3371719892,2402,-4092,-7664,439,95,139,0,0,-7,-1,-15694,0,4890,-3434,5980,-474,321,503
3371769892,2796,-4382,-7408,404,549,270,-15691,0,-15537,0,8160,8192,4510,-3420,5794,-276,400,331
3371819892,2334,-4494,-7388,221,369,240,0,0,-7,-1,-16688,0,4604,-3662,5936,-173,360,187
3371869892,2942,-4390,-7570,113,526,316,-15686,0,-15537,0,8160,8192,4230,-3260,6052,-30,446,21
3371919892,3010,-4538,-7220,242,249,-69,-17683,0,-15537,0,8160,8192,4094,-3260,5894,-6,193,30
3371969892,2706,-4022,-7466,159,251,-21,8160,8192,27156,-14085,645,8192,4646,-3268,5930,-73,607,91
3372019892,2922,-4700,-7050,438,552,110,0,0,-7,-1,-15680,0,4032,-3496,6136,70,747,66
3372069892,3436,-4454,-7034,137,538,-11,-15677,0,-15537,0,8160,8192,4016,-3272,6246,-2,500,31
3372119892,3402,-4178,-7164,315,670,115,8160,8192,-19452,-14083,645,8192,4046,-3060,6272,-17,828,-48
3372169892,3738,-4330,-6850,404,862,216,-15672,0,-15537,0,8160,8192,4182,-2862,6184,-28,770,-126
3372219892,3478,-4330,-6678,195,917,266,-17670,0,-15537,0,8160,8192,3536,-3092,6578,148,981,-407
3372269892,4096,-4474,-6976,54,744,14,-15667,0,-15537,0,8160,8192,3446,-2898,6496,76,501,-388
3372319892,3852,-4426,-6494,69,438,26,-15665,0,-15537,0,8160,8192,3576,-2870,6786,77,560,-191
3372369892,3796,-4506,-6886,36,369,-101,8160,8192,0,0,645,8192,3438,-3374,7244,124,553,-91
3372419892,3420,-5200,-8500,-41,39,-109,8160,8192,0,0,645,8192,3222,-3114,6674,239,313,-31
3372469892,2830,-4182,-6920,-1311,631,110,8160,8192,2868,-14077,645,8192,3628,-3244,6690,178,423,-82
3372519892,4718,-5234,-6248,-961,590,477,0,0,-7,-1,-15654,0,3058,-3452,6556,279,548,39
3372569892,2922,-4420,-7248,-589,645,-15,-15652,0,-15537,0,8160,8192,3286,-3616,6282,337,116,69
3372619892,4512,-5104,-6142,-612,711,113,-17648,0,-15537,0,8160,8192,3290,-3874,6598,492,272,-90
3372669892,4006,-4704,-6298,162,611,-466,0,0,-7,-1,-15646,0,2760,-4028,6494,572,310,-85
3372719892,3836,-5396,-6552,377,200,-521,8160,8192,-9276,-14074,645,8192,3030,-4382,6064,440,139,21
3372769892,2320,-4350,-3456,3351,-1622,-2192,-15643,0,-15537,0,8160,8192,3146,-4788,5908,254,86,23
3372819892,4710,-5198,-3588,-597,730,81,-15639,0,-15537,0,8160,8192,2372,-4992,5970,300,381,15
3372869892,1480,-6408,-7136,-154,-510,-448,8160,8192,0,0,645,8192,3046,-5618,5994,199,-294,-235
3372919892,2512,-6130,-7024,-378,-455,-204,-15634,0,-15537,0,8160,8192,3522,-5598,6352,140,-93,-261
3372969892,1840,-6318,-7874,-176,57,-205,-15633,0,-15537,0,8160,8192,3890,-5940,6902,250,253,-287
3373019892,1026,-6958,-7766,-109,-1232,-833,-15631,0,-15537,0,8160,8192,2022,-7210,4722,698,-1194,-42
3373069892,-1428,-7454,-5720,-1196,-3675,-1350,8160,8192,13044,-14068,645,8192,3418,-8612,2480,1030,-3951,-68
3373119892,3098,-7410,-10682,-1073,-811,-770,-15627,0,-15537,0,8160,8192,4604,-3472,5674,-65,372,-39
3373169892,5846,-4946,-14964,-947,1514,-1938,0,0,-7,-1,-16625,0,10214,-3386,8694,1249,-5018,-1953
3373219892,4030,-2086,-6426,-1303,-2348,-506,-15619,0,-15537,0,8160,8192,3192,-88,3904,299,-972,-704
3373269892,5142,-3166,-7454,333,310,322,-15617,0,-15537,0,8160,8192,5870,-1656,6918,-17,-670,403
3373319892,3604,-2716,-7278,-375,-1165,482,8160,8192,900,-14064,645,8192,4536,-1296,5106,-109,-518,-193
3373369892,2990,-2018,-8514,-333,-33,267,-16615,0,-15537,0,8160,8192,5208,-1222,5364,-257,-385,145
3373419892,4328,-2886,-9392,-766,-815,79,-15613,0,-15537,0,8160,8192,5060,66,7790,-10,-309,-366
3373469892,2104,-3128,-8252,-33,-117,-95,0,0,-7,-1,-15610,0,5046,-1788,6032,-207,-49,-455
3373519892,3670,-2178,-6272,-488,494,280,-15607,0,-15537,0,8160,8192,3108,-724,4602,113,-226,-1232
3373569892,3850,-1696,-4608,238,757,-1,-16605,0,-15537,0,8160,8192,2780,756,3466,316,268,-1975
3373619892,5654,-1616,-5542,524,-400,-69,-15601,0,-15537,0,8160,8192,3826,1078,5762,328,344,-1999
3373669892,6846,-2264,-7400,88,-700,-952,0,0,-7,-1,-16599,0,5398,1968,7926,805,-285,-2170
3373719892,4954,-282,-7378,-540,-183,-2348,-15598,0,-15537,0,8160,8192,4776,2520,6340,2251,-1423,-2300
3373769892,3034,1642,-8858,-1344,-913,-6035,0,0,-7,-1,-16597,0,6138,2188,3606,4819,-2627,-2077
3373819892,3816,4756,-10068,-2602,-411,-8460,-16593,0,-15537,0,8160,8192,8416,7110,1402,5915,-3711,-1805
3373869892,5824,7358,-8112,-2106,1484,-6484,8160,8192,26612,-14056,645,8192,4302,9730,1646,4695,-692,-1896
3373919892,4484,7120,-8064,-1181,1451,-2467,8160,8192,0,0,645,8192,5978,9828,-1038,2242,-349,-1130
3373969892,4712,6228,-6666,-1543,1124,406,-15585,0,-15537,0,8160,8192,6100,8092,2096,360,531,-1703
3374019892,5858,5566,-4592,-971,428,-989,8160,8192,0,0,645,8192,576,8802,664,175,508,-968
3374069892,3268,3864,-7288,161,-1317,948,0,0,-7,-1,-15582,0,4580,5282,2130,-1358,-1255,734
3374119892,4324,2148,-7858,268,-1087,954,-17580,0,-15537,0,8160,8192,7136,3894,3128,-411,-537,630
3374169892,4808,2196,-7428,251,-864,415,-15578,0,-15537,0,8160,8192,5142,4884,2948,-108,-4,593
3374219892,4432,2288,-7492,988,-875,1141,8160,8192,-16604,-14051,645,8192,5770,4588,2522,-924,88,1228
3374269892,3982,2516,-7846,1177,-899,1458,-15574,0,-15537,0,8160,8192,5744,4268,2756,-1308,373,1399
3374319892,4090,1740,-7896,1637,-1201,1744,5544,8192,-7,-1,-16029,0,6114,3854,3098,-1475,430,1851
3374369892,3888,1580,-8210,1648,-1046,2181,-15570,0,-15537,0,8160,8192,6918,4150,2552,-1973,860,1632
3374419892,3516,1770,-8368,1459,-790,3131,0,0,-7,-1,-15568,0,6914,3464,3464,-2844,1345,1201
3374469892,4346,678,-8262,1530,-934,2743,0,0,-7,-1,-16565,0,4820,2988,4696,-2402,1007,1279
3374519892,3474,-616,-8114,1723,-1303,1960,8160,8192,0,0,645,8192,5640,2320,4970,-1907,651,2032
3374569892,3010,-654,-9876,2218,-915,1761,8160,8192,0,0,645,8192,7488,1402,5198,-2101,1501,1556
3374619892,3162,-978,-8794,1521,-529,2069,-15559,0,-15537,0,8160,8192,6658,1334,4986,-2078,1962,1076
3374669892,4132,-1322,-8382,1145,-751,2840,0,0,-7,-1,-16557,0,4010,1004,6240,-2189,975,1477
3374719892,3032,-1672,-9262,1720,-495,1711,-15555,0,-15537,0,8160,8192,8318,342,5800,-2544,-362,1147
3374769892,3210,-1470,-8886,1053,762,2659,-15552,0,-15537,0,8160,8192,6618,610,5896,-2285,1674,170
3374819892,2734,-2418,-8826,1299,1510,2382,-15551,0,-15537,0,8160,8192,5438,-346,5984,-2003,1809,394
3374869892,2872,-3474,-8134,1391,1155,1928,-15549,0,-15537,0,8160,8192,5200,-1504,5512,-1708,1807,769
3374919892,2286,-3608,-7564,937,1349,1351,-15546,0,-15537,0,8160,8192,4402,-1936,5656,-1463,1850,1034
3374969892,2540,-4074,-7120,1179,357,1119,-15545,0,-15537,0,8160,8192,4320,-2494,5826,-1315,1067,1125
3375019892,2126,-4076,-7514,902,470,453,-15542,0,-15537,0,8160,8192,3930,-2868,5956,-853,1031,1353
3375069893,3590,-5118,-6580,941,-93,489,-15539,0,-15537,0,8160,8192,4340,-3242,6316,-718,159,1560
3375119894,1280,-4126,-7744,731,-472,-500,0,0,-7,-1,-15537,0,3966,-3416,6116,-544,416,1129
3375169892,3242,-5198,-6518,498,333,264,-16535,0,-15537,0,8160,8192,3476,-3540,6538,-487,-13,1157
3375219892,2554,-4612,-7170,337,-172,-372,-16533,0,-15537,0,8160,8192,3864,-3370,6044,-346,211,828
3375269892,3368,-4760,-6674,501,148,134,-16532,0,-15537,0,8160,8192,3806,-3182,6272,-312,146,771
3375319892,3756,-4820,-7014,333,45,-131,0,0,-7,-1,-17529,0,3676,-3042,6352,-101,207,648
3375369892,3508,-4444,-7338,499,-138,-98,-16526,0,-15537,0,8160,8192,3690,-2960,6358,-224,15,694
3375419892,3854,-4538,-7204,438,173,30,-17524,0,-15537,0,8160,8192,3952,-3312,6650,-419,119,681
3375469892,3072,-4248,-6990,861,530,379,-16521,0,-15537,0,8160,8192,3792,-3608,6414,-440,1066,670
3375519892,3072,-5152,-6482,1073,963,424,-18519,0,-15537,0,8160,8192,3288,-3868,6442,-304,1176,644
3375569892,3164,-5074,-6286,472,492,150,-16518,0,-15537,0,8160,8192,3012,-3778,6232,-92,737,339
3375619892,3430,-5080,-6380,225,416,97,-16515,0,-15537,0,8160,8192,2920,-3788,6586,48,649,137
3375669892,3562,-4954,-6266,270,291,74,0,0,-7,-1,-16513,0,3074,-3528,6442,-32,519,91
3375719892,3254,-5112,-6344,336,664,97,-18512,0,-15537,0,8160,8192,2840,-3898,6716,4,904,-3
3375769892,3916,-5472,-6010,334,701,147,-18510,0,-15537,0,8160,8192,2368,-3766,6722,92,718,-72
3375819892,3858,-5284,-6010,208,533,140,8160,8192,10532,-14026,645,8192,2508,-3772,7066,111,851,-133
3375869892,4274,-5634,-5866,101,674,199,-16505,0,-15537,0,8160,8192,2716,-3128,6786,137,1579,-334
3375919892,4944,-4936,-6044,263,966,625,0,0,-7,-1,-16503,0,1626,-3306,7360,-340,1356,-143
3375969892,4086,-5388,-5900,1094,992,912,8160,8192,29460,-14024,645,8192,1694,-3718,7266,-414,1635,96
3376019892,4402,-5520,-4968,812,1129,619,0,0,-7,-1,-17498,0,816,-3518,7388,-142,1370,30
3376069892,4958,-6184,-4442,-2121,834,862,8160,8192,-1612,-14023,645,8192,1006,-3618,7356,242,596,10
3376119892,4206,-5142,-5706,-1046,409,75,0,0,-7,-1,-16495,0,1808,-3766,7502,430,-59,65
3376169892,3984,-5532,-5528,-1266,644,209,8160,8192,0,0,645,8192,1504,-3868,7218,432,174,194
3376219892,4500,-5666,-4724,-910,589,-19,8160,8192,17316,-14020,645,8192,1024,-3924,6816,402,96,153
3376269892,3362,-5222,-5730,408,319,-526,0,0,-7,-1,-16488,0,1126,-4278,6718,388,179,127
3376319892,3414,-5898,-5376,1083,324,-509,-18486,0,-15537,0,8160,8192,956,-4628,6528,502,605,184
3376369892,862,-8970,-10212,4307,-834,-599,8160,8192,0,0,645,8192,1526,-4700,6232,503,37,299
3376419892,2126,-6732,-6602,779,-25,-648,-17481,0,-15537,0,8160,8192,488,-4362,6584,260,-8,304
3376469892,2480,-6514,-5576,6,235,-50,-16479,0,-15537,0,8160,8192,906,-5148,6694,225,199,287
3376519892,2740,-6884,-5232,457,112,-287,-16476,0,-15537,0,8160,8192,584,-5258,6268,160,119,191
3376569892,3222,-8084,-7542,1293,-237,285,0,0,-7,-1,-17474,0,964,-5892,6782,41,591,178
3376619892,3544,-8208,-5508,363,417,-91,-17472,0,-15537,0,8160,8192,-310,-6362,7270,202,254,208
3376669892,2824,-7996,-5398,-165,-663,-705,8160,8192,0,0,645,8192,516,-6262,7146,360,-749,160
3376719892,2382,-8046,-5760,-8,-614,-604,-16468,0,-15537,0,8160,8192,802,-6596,6806,464,-416,-58
3376769892,1028,-7874,-5426,-237,-521,-579,-16466,0,-15537,0,8160,8192,436,-7246,4882,425,-823,-365
3376819892,-2926,-7798,-4304,-250,-2357,-1365,0,0,-7,-1,-17463,0,456,-8716,-96,645,-4276,-541
3376869892,2434,-8084,-6616,-1861,-4168,-1570,-18461,0,-15537,0,8160,8192,-6294,546,6000,1373,-1765,-1825
3376919892,2352,-1996,-9018,-3812,-2453,-3103,8160,8192,0,0,645,8192,3228,-2268,6634,943,-5427,-384
3376969892,3752,-3216,-7510,-806,-3438,-900,8160,8192,-19116,-14009,645,8192,5584,-442,6186,127,-2285,-679
3377019892,6178,-3666,-9362,-303,106,5,-16455,0,-15537,0,8160,8192,4880,-1564,6694,172,-1211,-170
3377069892,3598,-3260,-6222,-356,-1132,175,8160,8192,15348,-14007,645,8192,4198,-1974,7486,-41,-611,-519
3377119892,3214,-3108,-7792,-727,486,-214,-16454,0,-15537,0,8160,8192,5240,-2256,5264,137,-730,-561
3377169892,5096,-4680,-6798,-516,-621,30,-17453,0,-15537,0,8160,8192,6390,-1340,7102,14,-1032,-499
3377219892,2490,-5682,-4628,-468,-68,-511,-18452,0,-15537,0,8160,8192,3780,-3500,5258,231,-458,-930
3377269892,4454,-2224,-4732,-1329,988,722,-16451,0,-15537,0,8160,8192,3666,-2598,5784,263,-72,-1545
3377319892,4964,-3626,-3598,-242,29,196,0,0,-7,-1,-17449,0,4200,-2134,7040,453,54,-1961
3377369892,5248,-2110,-5728,848,-81,435,-18447,0,-15537,0,8160,8192,4152,-118,5596,519,402,-2558
3377419892,5738,-2550,-6734,542,-1018,-953,-16445,0,-15537,0,8160,8192,4738,164,7738,771,-1698,-2385
3377469892,3882,52,-6328,-703,-1188,-3073,-16444,0,-15537,0,8160,8192,1894,772,7720,2268,-2915,-2657
3377519892,2896,4052,-9528,-2385,-1452,-7650,-16443,0,-15537,0,8160,8192,4556,5318,4178,5479,-4592,-1857
3377569892,2878,7654,-9526,-2188,-2173,-8408,-16440,0,-15537,0,8160,8192,10720,7534,-340,6429,-4328,-1327
3377619892,5278,6934,-7908,-3185,206,-6317,-16437,0,-15537,0,8160,8192,3594,9868,556,5458,-188,-2789
3377669892,3776,5878,-8026,-2299,265,-3126,-16434,0,-15537,0,8160,8192,5958,9284,-1490,2342,-639,-2275
3377719892,5584,6428,-6266,-1917,545,102,-18432,0,-15537,0,8160,8192,2776,8498,1624,296,-13,-1909
3377769892,6220,6008,-5974,-633,-150,-35,0,0,-7,-1,-16430,0,3156,8410,2792,303,583,-562
3377819892,3978,3644,-7292,16,-868,535,-18427,0,-15537,0,8160,8192,5596,5970,1618,-756,-516,553
3377869892,4062,2834,-8222,563,-572,1014,-16425,0,-15537,0,8160,8192,6772,4366,3192,-623,-254,785
3377919892,4388,2416,-7598,545,-134,592,-16423,0,-15537,0,8160,8192,5602,4584,2552,-297,704,612
3377969892,3944,2506,-7674,1239,-374,775,-16421,0,-15537,0,8160,8192,5536,4596,2126,-748,500,1222
3378019892,3768,2872,-7654,1597,-530,1222,-18419,0,-15537,0,8160,8192,5660,5088,2214,-1114,874,1526
3378069892,3874,2650,-7774,1809,-704,1616,0,0,-7,-1,-16416,0,5884,4602,2180,-1501,725,1880
3378119892,3650,2532,-8180,2045,-1000,2118,0,0,-7,-1,-17414,0,5900,4920,2494,-1893,781,2022
3378169892,3824,2076,-7920,2321,-1333,2345,8160,8192,1236,-13990,645,8192,5132,4034,3276,-1942,328,2550
3378219892,3476,1402,-8596,2358,-1411,2009,0,0,-7,-1,-16409,0,8144,3244,3056,-1755,324,2752
3378269892,3382,-164,-8482,2149,-961,2491,8160,8192,0,0,645,8192,7446,2162,2758,-2274,152,2466
3378319892,2842,674,-8892,1544,-788,2467,0,0,-7,-1,-16405,0,8272,1874,4302,-2054,1421,1758
3378369892,3246,-800,-8978,1229,-653,2255,0,0,-7,-1,-16403,0,5578,1460,4264,-1500,891,1780
3378419892,2678,-1616,-8836,1332,-1010,1581,-18402,0,-15537,0,8160,8192,8042,346,4476,-1642,143,1839
3378469892,2636,-1754,-8960,922,-357,1837,8160,8192,0,0,645,8192,6646,-18,5020,-1304,1014,1491
3378519892,2432,-2264,-8862,715,-53,952,0,0,-7,-1,-17400,0,7672,-598,5066,-1238,693,1136
3378569892,2552,-2834,-8550,705,452,1425,-16400,0,-15537,0,8160,8192,5802,-782,4622,-1088,1115,1037
3378619892,2640,-2826,-7880,735,854,1235,0,0,-7,-1,-17399,0,7110,-1752,5080,-1430,736,967
3378669892,1842,-3326,-8168,894,219,1160,-16397,0,-15537,0,8160,8192,5010,-2092,5180,-1116,1259,789
3378719892,2026,-3562,-8476,737,342,612,0,0,-7,-1,-17394,0,6950,-2368,4682,-1098,405,770
3378769892,1906,-3200,-8184,411,61,908,-16391,0,-15537,0,8160,8192,5324,-2266,5114,-813,1095,693
3378819892,2400,-3434,-8300,595,107,326,-16389,0,-15537,0,8160,8192,6116,-2176,4980,-737,574,876
3378869892,2452,-3106,-7952,646,-221,418,0,0,-7,-1,-16387,0,4902,-2654,5252,-770,615,1124
3378919892,2140,-4106,-7606,979,41,389,8160,8192,30340,-13979,645,8192,5484,-3224,5102,-732,538,1213
3378969892,1742,-4070,-7370,697,305,455,-16383,0,-15537,0,8160,8192,5094,-3740,5254,-637,874,1005
3379019892,2470,-4084,-7856,607,537,377,0,0,-7,-1,-17380,0,5110,-3458,5398,-535,639,774
3379069892,2326,-4168,-7848,703,511,356,8160,8192,-16268,-13977,645,8192,5206,-3618,5688,-442,918,671
3379119892,3082,-4138,-7858,637,830,404,8160,8192,0,0,645,8192,5012,-3320,5862,-339,1047,479
3379169892,2860,-3940,-7412,487,849,341,0,0,-7,-1,-17375,0,4802,-3500,5890,-287,1087,386
3379219892,3156,-4336,-7636,600,848,256,-17372,0,-15537,0,8160,8192,4528,-3348,5950,-123,1114,269
3379269892,3106,-3930,-7312,311,938,155,0,0,-7,-1,-16372,0,4424,-3502,6426,-66,938,184
3379319892,3586,-4616,-7216,238,921,19,0,0,-7,-1,-17370,0,4042,-3598,6470,202,828,49
3379369892,3550,-4238,-7230,52,826,-120,-17368,0,-15537,0,8160,8192,4128,-3350,6266,291,684,-92
3379419892,3640,-4442,-6962,286,722,0,8160,8192,0,0,645,8192,3450,-3402,6272,295,899,-68
3379469892,3570,-4160,-6824,114,838,-43,0,0,-7,-1,-16364,0,3884,-3092,6078,163,1017,-36
3379519892,3852,-4220,-6490,343,956,242,0,0,-7,-1,-16361,0,3284,-3236,6508,139,1133,-87
3379569892,4324,-4544,-6324,165,828,73,-16359,0,-15537,0,8160,8192,3148,-3122,6718,224,751,-122
3379619892,4276,-4312,-6472,96,698,-45,0,0,-7,-1,-17357,0,3220,-3028,6726,224,815,-167
3379669892,4536,-4328,-6230,212,798,9,-18356,0,-15537,0,8160,8192,3054,-2858,6836,239,890,-117
3379719892,4626,-4606,-6184,194,648,-40,-17354,0,-15537,0,8160,8192,2654,-2920,7164,246,824,-138
3379769892,4698,-4260,-6084,-11,718,-103,-16351,0,-15537,0,8160,8192,3002,-2588,6776,220,576,-302
3379819892,4296,-4124,-6226,179,906,20,0,0,-7,-1,-17348,0,3002,-2888,7158,240,1016,-238
3379869892,5070,-4898,-5876,456,891,62,0,0,-7,-1,-16346,0,2360,-2770,6988,412,1105,-188
3379919892,4930,-4432,-5834,-2,634,-80,-16345,0,-15537,0,8160,8192,2452,-2560,7134,268,761,-198
3379969892,4476,-4536,-5624,335,648,110,-16343,0,-15537,0,8160,8192,1924,-2924,7394,248,1425,-75
3380019892,3082,-5930,-7790,-488,574,527,8160,8192,16228,-13962,645,8192,2092,-2898,7026,154,1414,-31
3380069892,5466,-5376,-4042,-737,1167,451,-18339,0,-15537,0,8160,8192,1382,-3310,7124,83,1411,-66
3380119892,4964,-4846,-4942,483,602,-96,-16337,0,-15537,0,8160,8192,572,-3112,6998,222,870,57
3380169892,4824,-8530,-8928,580,595,700,0,0,-7,-1,-16335,0,1148,-3520,7014,114,997,128
3380219892,3810,-6072,-5694,708,756,160,-16333,0,-15537,0,8160,8192,1574,-4346,6824,101,428,253
3380269892,3020,-6480,-5914,139,360,12,-16332,0,-15537,0,8160,8192,824,-4596,6486,122,236,89
3380319892,3070,-6228,-5504,77,182,-60,8160,8192,0,0,645,8192,1228,-4868,6316,49,-269,45
3380369892,3270,-6580,-5390,74,7,58,-16327,0,-15537,0,8160,8192,498,-5238,6658,-40,78,37
3380419892,3886,-7222,-5378,-109,-88,-65,-16324,0,-15537,0,8160,8192,636,-5210,6884,-70,-314,50
3380469892,3588,-6842,-5768,-176,-363,-12,0,0,-7,-1,-16321,0,1232,-5378,7666,-208,-83,-138
3380519892,4384,-7644,-5640,131,21,181,-16318,0,-15537,0,8160,8192,700,-5440,8238,-97,566,-256
3380569892,3088,-6918,-5816,145,-138,-136,-17316,0,-15537,0,8160,8192,6,-6142,6244,190,85,-265
3380619892,-964,-6780,-5332,-396,-2155,-951,-18314,0,-15537,0,8160,8192,502,-8072,1074,226,-2639,-200
3380669892,-2768,-9368,-6776,-1344,-4815,-1306,-16311,0,-15537,0,8160,8192,2486,-5416,4156,834,-3309,-1102
3380719892,10556,-2998,-1170,-1905,9,226,0,0,-7,-1,-16308,0,-2932,-3346,10960,-146,-4059,-78
3380769892,1254,-4548,-6744,-3406,-5294,-2692,8160,8192,-20204,-13951,645,8192,7240,-3410,6618,550,-4031,-995
3380819892,4576,-1448,-10406,377,-538,230,8160,8192,29796,-13950,645,8192,7430,-1494,6406,-48,-1867,-564
3380869892,4950,-4974,-6588,-1039,-1999,-209,-16304,0,-15537,0,8160,8192,5300,-1776,8030,138,-2197,-580
3380919892,3718,-3464,-8182,-539,-524,-444,8160,8192,0,0,645,8192,5226,-2332,6258,171,-1086,-798
3380969892,4120,-2446,-7380,-1094,640,136,-16300,0,-15537,0,8160,8192,4400,-3632,5450,326,-747,-983
3381019892,4366,-3218,-4766,-525,-639,322,0,0,-7,-1,-16297,0,4578,-1430,6494,199,-385,-828
3381069892,4040,-1122,-5520,-1182,1796,902,-16296,0,-15537,0,8160,8192,3030,-1130,4942,189,235,-1449
3381119892,4748,-2872,-5220,147,204,478,0,0,-7,-1,-16293,0,1996,-876,5640,457,711,-2372
3381169892,3868,-1482,-4958,383,-995,-465,-16292,0,-15537,0,8160,8192,3104,-208,6474,752,-874,-2025
3381219892,5542,-798,-8482,29,-2357,-2661,-17290,0,-15537,0,8160,8192,3864,2226,7342,2324,-2820,-2027
3381269892,4548,-120,-8270,-634,-1975,-4316,8160,8192,21044,-13943,645,8192,8082,2476,5246,3066,-4344,-1142
3381319892,3908,2350,-8268,-1339,-673,-5694,8160,8192,5508,-13942,645,8192,5760,3994,3418,4030,-2491,-2147
3381369892,2622,6632,-9516,-2052,-245,-7628,-16285,0,-15537,0,8160,8192,7404,7458,284,5117,-2456,-1616
3381419892,3006,5078,-9936,-1752,60,-5819,-16283,0,-15537,0,8160,8192,7970,7628,-470,4590,-1363,-1565
3381469892,3412,5558,-8184,-1656,306,-4192,-16281,0,-15537,0,8160,8192,5460,8434,-1214,3307,-529,-1354
3381519892,4892,6722,-7742,-1461,147,-892,8160,8192,8900,-13939,645,8192,4880,8202,-248,1284,-468,-1042
3381569892,5700,8162,-5910,-457,-174,-954,0,0,-7,-1,-17277,0,3628,10368,2354,44,-353,-189
3381619892,4384,4458,-5954,341,-621,64,-16275,0,-15537,0,8160,8192,3822,7032,620,-519,-387,875
3381669892,3130,3488,-8632,583,-1316,1362,0,0,-7,-1,-16272,0,7984,4820,2068,-1114,-892,887
3381719892,4074,2426,-8074,654,-830,1348,0,0,-7,-1,-17270,0,7182,4316,2192,-1121,-520,813
3381769892,3276,2386,-8178,758,-540,1298,8160,8192,0,0,645,8192,7180,3858,2094,-985,226,782
3381819892,3306,2986,-7964,788,-260,1058,0,0,-7,-1,-17266,0,6376,4434,1824,-852,667,814
3381869892,3486,2462,-8068,1072,-711,1471,-16282,0,-15537,0,8160,8192,6728,4394,1832,-1145,455,1337
3381919892,3316,1898,-8418,1264,-579,2130,-17261,0,-15537,0,8160,8192,7270,3922,2206,-1450,1213,1215
3381969892,2914,1432,-8440,1289,-565,2010,-18259,0,-15537,0,8160,8192,6914,3412,2012,-1846,645,1240
3382019892,3052,1734,-8998,1213,-647,2933,-16256,0,-15537,0,8160,8192,6790,3090,2606,-2095,1541,1084
3382069892,3640,758,-8318,1317,-363,3009,0,0,-7,-1,-17254,0,7940,3362,3378,-2738,2517,595
3382119892,3822,-494,-7788,1473,-94,3833,8160,8192,0,0,645,8192,5556,1866,4210,-3333,1861,887
3382169892,2712,-164,-8412,1515,-37,3545,8160,8192,3540,-13929,645,8192,3972,1014,5932,-2739,2752,1116
3382219892,3418,-1568,-8474,1804,-340,2549,0,0,-7,-1,-17249,0,6000,650,5464,-2323,501,2010
3382269892,2200,-1562,-8808,1814,-586,2108,8160,8192,-27532,-13928,645,8192,6646,556,5066,-1848,1134,1715
3382319892,2944,-1940,-8476,1298,152,1864,-17246,0,-15537,0,8160,8192,5968,-226,5630,-1666,1019,1432
3382369892,2618,-2814,-8376,1430,-167,1414,8160,8192,0,0,645,8192,6006,-866,4924,-1435,543,1486
3382419892,2222,-2378,-8646,687,55,973,0,0,-7,-1,-17241,0,6870,-1514,5658,-1088,610,1334
3382469892,2580,-3168,-7934,836,170,823,-16239,0,-15537,0,8160,8192,5120,-1552,4900,-775,389,1228
3382519892,1944,-2790,-8396,528,-388,406,0,0,-7,-1,-16236,0,5776,-1822,5360,-977,575,1358
3382569892,2740,-3524,-7910,1014,-303,925,-18234,0,-15537,0,8160,8192,5444,-2460,5522,-1050,256,1509
3382619892,2094,-3780,-8042,657,-497,521,-16232,0,-15537,0,8160,8192,5652,-2634,6002,-1003,331,1281
3382669892,1756,-4018,-8036,774,1,-200,0,0,-7,-1,-17230,0,5632,-2954,6356,-694,580,842
3382719892,2890,-4330,-7900,558,336,314,0,0,-7,-1,-17228,0,4710,-2786,5800,-429,614,829
3382769892,1828,-3670,-7972,396,208,-127,0,0,-7,-1,-17226,0,5232,-3176,5922,-361,573,570
3382819892,2674,-4096,-7202,654,383,270,-17223,0,-15537,0,8160,8192,4086,-2966,5694,-193,729,494
3382869892,1996,-4050,-7648,187,577,-37,-16222,0,-15537,0,8160,8192,4664,-3544,5606,-277,564,317
3382919892,2734,-4300,-7300,403,581,360,-18220,0,-15537,0,8160,8192,4094,-3318,5712,-241,771,301
3382969892,2492,-3494,-8214,285,580,64,-18217,0,-15537,0,8160,8192,4854,-3062,5564,-364,435,476
3383019892,2750,-3802,-7352,537,290,290,-17216,0,-15537,0,8160,8192,4594,-2912,5516,-429,507,722
3383069892,2776,-4098,-6972,216,797,179,8160,8192,0,0,645,8192,3994,-3406,6086,-238,796,560
3383119892,3138,-4822,-6758,518,442,92,-17212,0,-15537,0,8160,8192,3318,-3760,6092,-17,533,412
3383169892,3050,-4328,-7206,106,731,142,-16209,0,-15537,0,8160,8192,3620,-3632,6346,-50,590,230
3383219892,3702,-4572,-6922,485,903,415,0,0,-7,-1,-16207,0,3372,-3480,6450,-83,746,321
3383269892,3254,-4524,-6614,823,860,444,0,0,-7,-1,-17206,0,3394,-3750,6402,-40,620,344
3383319892,3770,-4680,-6542,800,903,311,-16204,0,-15537,0,8160,8192,2886,-3488,6348,117,962,132
3383369892,4250,-5000,-6348,569,629,65,8160,8192,23892,-13911,645,8192,3004,-3528,6750,181,509,129
3383419892,4038,-4580,-6776,0,240,-288,-16201,0,-15537,0,8160,8192,3572,-3432,6772,212,133,-63
3383469892,4060,-4464,-6414,311,322,-132,-16199,0,-15537,0,8160,8192,3102,-3244,6680,154,380,133
3383519892,4074,-4662,-6260,351,429,-31,-16197,0,-15537,0,8160,8192,2948,-3330,6716,86,712,181
3383569892,4294,-4716,-6164,447,377,-61,-17194,0,-15537,0,8160,8192,2780,-3202,6870,145,618,73
3383619892,2640,-6304,-8894,-1932,632,690,-16193,0,-15537,0,8160,8192,3098,-3800,6868,227,271,45
3383669892,4364,-4576,-6240,-1325,553,263,0,0,-7,-1,-16192,0,2868,-3616,6698,334,138,-74
3383719892,4484,-4282,-5858,-411,319,4,-16189,0,-15537,0,8160,8192,2838,-3344,6830,259,221,-52
3383769892,2978,-4062,-6620,965,795,-200,-16186,0,-15537,0,8160,8192,3026,-4242,6722,148,862,40
3383819892,-606,-6482,-10248,4635,418,-454,8160,8192,15140,-13904,645,8192,2978,-4596,6114,362,1132,-42
3383869892,2856,-5630,-6642,-181,1227,-60,0,0,-7,-1,-16182,0,2110,-4692,6296,298,685,-204
3383919892,3296,-5822,-6744,-78,279,-92,-17179,0,-15537,0,8160,8192,2084,-4672,6436,389,294,-10
3383969892,2414,-6074,-5852,374,59,-289,0,0,-7,-1,-17176,0,1904,-5160,6442,292,381,121
3384019892,2882,-6336,-4600,119,943,-108,0,0,-7,-1,-16173,0,1408,-5012,6024,213,727,-107
3384069892,2690,-6934,-6416,276,466,-7,8160,8192,0,0,645,8192,1848,-5806,5990,308,198,-318
3384119892,2888,-6938,-6002,-301,148,-79,8160,8192,0,0,645,8192,1206,-5784,6648,216,129,-414
3384169892,3202,-6564,-6130,-193,230,-449,-16166,0,-15537,0,8160,8192,1512,-5734,7160,261,-429,-25
3384219892,3586,-7784,-6364,-245,-383,-669,-16163,0,-15537,0,8160,8192,1954,-5934,6682,438,-513,-59
3384269892,1316,-6786,-6422,-730,-1236,-832,8160,8192,6388,-13897,645,8192,2274,-6618,4702,379,-1213,-403
3384319892,-946,-6768,-5766,-1321,-2898,-958,-18158,0,-15537,0,8160,8192,1544,-7412,1960,294,-3162,-911
3384369892,-3038,-8200,-5248,-1744,-3930,-1195,8160,8192,-24684,-13896,645,8192,3334,-9610,3820,1421,-3693,-945
3384419892,4102,-308,-5304,-2886,1198,-713,-16154,0,-15537,0,8160,8192,3254,-2242,14692,-193,-2089,-461
3384469892,2482,-4092,-9694,-1325,-4791,-3049,-15813,0,-15537,0,8160,8192,6796,-2442,5026,840,-4582,-850
3384519892,2874,910,-11002,555,-394,191,0,0,-7,-1,-17149,0,8930,-220,3896,-112,-752,-410
3384569892,5594,-4840,-7602,458,-437,358,-16147,0,-15537,0,8160,8192,7374,-2726,7102,178,-1034,-570
3384619892,3672,-826,-9090,-1501,-174,598,8160,8192,0,0,645,8192,5520,-1350,5094,-139,-254,-1125
3384669892,2734,-4522,-5848,-303,426,645,0,0,-7,-1,-17144,0,3752,-2540,4696,-140,-575,-573
3384719892,3868,-2088,-8472,-1213,185,-46,-16142,0,-15537,0,8160,8192,4854,-226,7858,20,-330,-873
3384769892,2214,-3922,-6198,372,764,-60,0,0,-7,-1,-16140,0,5284,-2558,6354,-9,725,-962
3384819892,5254,-2200,-7146,749,1517,629,-18138,0,-15537,0,8160,8192,3864,1404,6426,89,2739,-2348
3384869892,1318,-2018,-4304,890,825,86,-16135,0,-15537,0,8160,8192,2780,-1974,2438,84,1552,-1898
3384919892,4818,-1274,-7294,845,129,837,-16133,0,-15537,0,8160,8192,4264,1418,4884,-363,679,-1640
3384969892,6448,-5016,-6574,246,-1069,-600,8160,8192,-14508,-13887,645,8192,3902,-874,9640,249,-506,-2219
3385019892,7514,-540,-8128,-1281,-175,-3045,-16130,0,-15537,0,8160,8192,4570,2774,8582,2602,-2056,-2743
3385069892,4202,2076,-6030,-4084,-1105,-7532,0,0,-7,-1,-16129,0,8708,4820,3650,5281,-2506,-3557
3385119892,5144,5794,-5624,-3482,3187,-8139,-16127,0,-15537,0,8160,8192,1020,8124,2284,5647,-716,-3287
3385169892,4176,6382,-7424,-1513,1233,-5427,-16125,0,-15537,0,8160,8192,3452,7730,1110,4534,-1330,-1118
3385219892,4372,4660,-8296,-1094,1115,-3808,0,0,-7,-1,-16123,0,7134,7906,990,2624,-1555,-782
3385269892,7566,6382,-5418,-1189,1555,-32,-16121,0,-15537,0,8160,8192,3738,9428,3450,1022,411,-1121
3385319892,7018,7122,-2466,-357,1094,-704,-16118,0,-15537,0,8160,8192,-1244,10588,2406,473,1859,-545
3385369892,3800,4460,-5980,404,-1002,1028,-17116,0,-15537,0,8160,8192,4584,5846,2046,-1271,-393,842
3385419892,4542,2956,-6508,292,-572,597,8160,8192,-23260,-13880,645,8192,5406,4604,3532,-343,-143,432
3385469892,5038,3094,-6672,43,-649,227,8160,8192,0,0,645,8192,5260,5058,3298,-88,-217,234
3385519892,5276,2944,-6454,350,-985,564,0,0,-7,-1,-16110,0,4954,4772,3270,-410,-238,529
3385569892,4992,2940,-6470,569,-844,949,8160,8192,-4332,-13878,645,8192,4602,5066,3130,-865,-74,800
3385619892,4778,2884,-6742,941,-1348,1473,8160,8192,0,0,645,8192,4614,4654,3274,-1166,3,1265
3385669892,4998,2744,-6894,1490,-1463,1931,0,0,-7,-1,-16105,0,5126,4884,3228,-1461,352,1855
3385719892,4850,2324,-7198,1636,-1611,2610,8160,8192,14596,-13875,645,8192,6322,4622,3110,-2123,665,1979
3385769892,4422,1496,-7676,1430,-1582,3472,-16101,0,-15537,0,8160,8192,5850,3604,4394,-2989,1549,1307
3385819892,5656,356,-6988,1784,-1775,3682,-16100,0,-15537,0,8160,8192,2608,3348,3676,-2602,935,2013
3385869892,5204,462,-8254,1563,-1869,2462,-16098,0,-15537,0,8160,8192,4758,2966,5976,-1914,1125,2446
3385919892,1822,-1090,-10124,2978,-2134,1844,0,0,-7,-1,-16096,0,6736,1574,5654,-2349,867,1647
3385969892,4380,-628,-7438,818,-900,3028,8160,8192,0,0,645,8192,4322,1180,6060,-2210,628,1838
3386019892,2812,-1482,-9090,1043,-1484,2177,-16093,0,-15537,0,8160,8192,6124,542,6098,-1932,-72,1997
3386069892,2706,-1576,-8734,887,-560,1638,-16091,0,-15537,0,8160,8192,7136,-278,6096,-1697,478,1189
3386119892,3888,-1708,-8726,395,-255,2219,-16090,0,-15537,0,8160,8192,5174,64,6894,-1254,828,1509
3386169892,2696,-2190,-9908,2127,-615,-117,0,0,-7,-1,-17089,0,5742,-354,5850,-1065,128,1562
3386219892,2564,-3108,-9012,1012,-622,658,-16086,0,-15537,0,8160,8192,6286,-1150,6026,-1335,515,1147
3386269892,2484,-2728,-7710,288,1155,1407,8160,8192,-25228,-13867,645,8192,4474,-2058,6210,-976,683,1138
3386319892,2872,-3712,-7866,949,-379,168,-17082,0,-15537,0,8160,8192,5052,-2718,6314,-944,-5,1158
3386369892,1566,-3870,-8582,864,5,179,-17080,0,-15537,0,8160,8192,5350,-2924,6244,-686,492,866
3386419892,2938,-4172,-8050,801,830,372,-16077,0,-15537,0,8160,8192,5320,-2728,6286,-572,747,690
3386469892,1748,-3532,-7592,911,454,196,8160,8192,-21836,-13864,645,8192,4456,-2538,5748,-336,827,386
3386519892,2754,-3894,-7314,627,879,145,0,0,-7,-1,-16073,0,4176,-2526,5574,-184,877,160
3386569892,2696,-3720,-7730,-154,249,-44,-16071,0,-15537,0,8160,8192,4018,-3010,5822,-120,29,371
3386619892,2854,-4124,-7482,63,-100,-96,-16068,0,-15537,0,8160,8192,4408,-2832,5846,-248,109,519
3386669892,2844,-3810,-7034,-17,331,286,0,0,-7,-1,-17065,0,4074,-2512,6164,-501,554,336
3386719892,3242,-3424,-6940,635,880,502,-16063,0,-15537,0,8160,8192,3420,-2646,6056,-580,942,384
3386769892,3174,-4050,-6754,1100,560,566,-16061,0,-15537,0,8160,8192,3436,-2960,6314,-470,1127,449
3386819892,3844,-4240,-6982,552,665,307,-16060,0,-15537,0,8160,8192,3260,-3028,6674,-368,827,331
3386869892,3698,-4282,-7008,567,409,199,-16057,0,-15537,0,8160,8192,3614,-3030,6414,-234,688,390
3386919892,3864,-4472,-7020,465,520,445,-17055,0,-15537,0,8160,8192,3246,-3222,6730,-240,585,279
3386969892,3062,-4270,-7292,549,450,233,0,0,-7,-1,-16053,0,3642,-3372,6386,-231,695,178
3387019892,3704,-4838,-6858,785,428,428,0,0,-7,-1,-17052,0,2990,-3338,6552,-223,876,214
3387069892,3498,-4694,-6630,487,374,304,8160,8192,-11660,-13855,645,8192,3076,-3238,6526,-260,733,219
3387119892,3578,-4974,-6816,406,220,221,0,0,-7,-1,-17048,0,3004,-3564,7030,-122,553,38
3387169892,4052,-4696,-6704,65,363,144,8160,8192,22804,-13853,645,8192,2950,-3270,7048,-77,885,-39
3387219892,3888,-4506,-6632,407,549,279,8160,8192,7268,-13852,645,8192,2562,-3162,6898,-90,1008,27
3387269892,4380,-5066,-6530,315,438,255,8160,8192,0,0,645,8192,2622,-3248,7252,-52,713,-35
3387319892,4374,-4674,-6104,185,526,233,8160,8192,-23804,-13851,645,8192,2200,-3124,7508,-70,651,33
3387369892,4564,-4848,-6490,462,439,137,-17039,0,-15537,0,8160,8192,2402,-2946,7290,-20,571,76
3387419892,4408,-4552,-5958,482,594,120,8160,8192,0,0,645,8192,2326,-2750,7360,30,758,86
3387469892,4400,-4326,-6220,456,632,65,-16033,0,-15537,0,8160,8192,2030,-2878,7146,90,664,171
3387519892,5014,-4656,-6456,-1585,708,135,8160,8192,-20412,-13848,645,8192,2218,-3312,7452,194,394,342
3387569892,3840,-5342,-6834,-1116,568,309,-16029,0,-15537,0,8160,8192,2072,-3628,7396,219,327,445
3387619892,5904,-5664,-4704,-806,840,166,-16027,0,-15537,0,8160,8192,2024,-3742,7488,188,654,350
3387669892,3190,-5108,-6848,498,1215,434,8160,8192,0,0,645,8192,1274,-4690,7250,418,1425,241
3387719892,3930,-5968,-5892,466,1090,-83,8160,8192,-17020,-13845,645,8192,-200,-4622,7026,661,832,115
3387769892,3804,-6180,-5766,683,277,-835,-18021,0,-15537,0,8160,8192,890,-4472,6672,622,-182,315
3387819892,3172,-7506,-7080,5099,-1121,-1530,-16020,0,-15537,0,8160,8192,2090,-4706,6176,508,-97,214
3387869892,3496,-2484,-626,-695,1546,-571,-16018,0,-15537,0,8160,8192,350,-4124,6160,388,303,115
3387919892,2554,-6350,-6548,503,-365,-199,-16016,0,-15537,0,8160,8192,386,-4856,6102,384,15,122
3387969892,2778,-6818,-5710,-33,13,-335,0,0,-7,-1,-16013,0,1420,-5376,6168,164,-306,-2
3388019892,2804,-6672,-5980,-69,11,-86,-16011,0,-15537,0,8160,8192,1012,-5494,6572,94,-118,-146
3388069892,3550,-7450,-6202,-154,-282,-212,8160,8192,5300,-13839,645,8192,858,-5686,7602,46,-259,-54
3388119892,2536,-7288,-5826,22,-152,-257,-16006,0,-15537,0,8160,8192,662,-6078,6450,96,-263,-103
3388169892,78,-7230,-4254,-256,-1852,-828,0,0,-7,-1,-16004,0,-552,-8222,2414,321,-2491,-319
3388219892,-1646,-12104,-6002,-877,-4736,-2074,8160,8192,24228,-13837,645,8192,-186,-7912,3936,1722,-5425,-676
3388269892,5112,-1494,-9810,-3139,-1253,-651,0,0,-7,-1,-15999,0,-3768,-3882,15102,452,-2135,-1217
3388319892,492,-2740,-6802,-3263,-3464,-3614,8160,8192,-6844,-13836,645,8192,7338,-2030,7270,868,-3091,-933
3388369892,1452,-1894,-10708,971,-671,-348,-16995,0,-15537,0,8160,8192,7318,-1902,4750,111,-830,-646
3388419892,1352,-4422,-6084,-295,210,-30,0,0,-7,-1,-15992,0,2828,-3292,5876,-284,-578,-216
3388469892,5550,-3670,-7692,-347,-1164,-298,-16989,0,-15537,0,8160,8192,5840,-1406,5588,217,-815,-875
3388519892,4126,-2766,-6570,-518,351,809,0,0,-7,-1,-15986,0,5022,-2134,6152,-310,-698,-318
3388569892,4536,-2868,-6586,-793,131,636,-17985,0,-15537,0,8160,8192,5184,-1788,7914,-335,169,-857
3388619892,4296,-2372,-5440,-991,811,188,0,0,-7,-1,-16984,0,3898,-1452,5842,83,-168,-1164
3388669892,3964,-2438,-3778,-535,619,782,-17982,0,-15537,0,8160,8192,2218,-1450,6142,134,457,-1860
3388719892,3514,-1244,-4054,23,1044,439,0,0,-7,-1,-15979,0,3796,-342,5196,68,822,-2789
3388769892,7942,276,-8928,1361,58,654,0,0,-7,-1,-15977,0,3472,4662,7048,-248,1005,-3367
3388819892,3694,-630,-6776,548,-783,-486,-16975,0,-15537,0,8160,8192,3262,-506,7188,198,-1360,-1591
3388869892,4452,-2586,-6114,-584,-2440,-4521,8160,8192,18868,-13827,645,8192,5338,-4,7976,3862,-3237,-2224
3388919892,6436,5270,-10426,-3672,-1077,-9219,-15971,0,-15537,0,8160,8192,5236,7492,3938,6448,-4259,-1924
3388969892,5760,7324,-8750,-2338,193,-8231,0,0,-7,-1,-15968,0,6802,9234,1356,5995,-1970,-2131
3389019892,6230,6806,-6840,-1374,1415,-5186,0,0,-7,-1,-15965,0,4164,10352,-922,4419,-637,-1278
3389069892,6058,7556,-6228,-1540,479,-364,8160,8192,22260,-13824,645,8192,3208,10098,-180,1261,351,-1202
3389119892,5564,5742,-4542,-1290,843,-232,-15961,0,-15537,0,8160,8192,1926,7966,3168,637,1429,-1402
3389169892,3822,4622,-6810,-447,-629,-411,-15957,0,-15537,0,8160,8192,3946,6778,564,-528,-229,-195
3389219892,4100,2576,-7744,325,-1438,1137,0,0,-7,-1,-15955,0,6684,4066,3572,-1033,-1628,837
3389269892,4718,1544,-7976,209,-900,647,0,0,-7,-1,-15952,0,6796,3900,3932,-359,-209,511
3389319892,5004,1694,-7338,655,-652,589,-15949,0,-15537,0,8160,8192,5760,4158,3496,-467,165,854
3389369892,4504,2442,-7506,1021,-636,1008,0,0,-7,-1,-15945,0,5330,5042,2714,-1012,699,1108
3389419892,4212,2942,-7464,1209,-774,1748,8160,8192,0,0,645,8192,5524,4832,2660,-1599,613,1411
3389469892,4488,2480,-7462,1656,-1352,2213,8160,8192,29044,-13818,645,8192,5308,4684,3710,-1872,355,1998
3389519892,4344,1952,-7916,1995,-1658,2386,-15938,0,-15537,0,8160,8192,6488,4382,3334,-1978,596,2151
3389569892,4364,1126,-7956,2214,-1567,2837,-17936,0,-15537,0,8160,8192,4866,3166,4078,-2179,903,2311
3389619892,3478,666,-8634,2093,-1639,2210,0,0,-7,-1,-15933,0,7486,2610,3476,-2133,610,2105
3389669892,3884,34,-8702,1370,-959,3107,-15931,0,-15537,0,8160,8192,6804,2384,4808,-2341,1229,1217
3389719892,3194,-1562,-8742,1309,-138,2635,0,0,-7,-1,-15928,0,8534,158,5876,-2700,1010,978
3389769892,4206,-2122,-8152,1266,-376,2647,-17926,0,-15537,0,8160,8192,6204,460,6024,-2105,1116,972
3389819892,2952,-2394,-8824,1046,-104,1876,8160,8192,0,0,645,8192,5676,12,5820,-1622,1172,1093
3389869892,2690,-2024,-8618,734,-73,1031,-15920,0,-15537,0,8160,8192,6982,-410,6378,-1230,1249,843
3389919892,4026,-3384,-8374,905,181,1488,-15918,0,-15537,0,8160,8192,4346,-262,5708,-936,387,1260
3389969892,1626,-2296,-8890,692,294,152,-15916,0,-15537,0,8160,8192,5750,-914,6164,-794,987,1469
3390019892,3702,-3832,-7658,1027,778,984,-15914,0,-15537,0,8160,8192,6162,-2198,5714,-1213,123,1435
3390069892,1446,-3282,-8044,778,-234,741,-15911,0,-15537,0,8160,8192,4566,-2330,5106,-1164,1459,1403
3390119892,2444,-3368,-7888,1089,138,671,-15909,0,-15537,0,8160,8192,5856,-2898,5550,-1126,231,1599
3390169892,3194,-2974,-8438,458,-680,358,0,0,-7,-1,-15905,0,5150,-2770,5804,-603,199,1188
3390219892,2598,-4274,-7712,108,-380,98,-17903,0,-15537,0,8160,8192,4484,-2662,5630,-682,-351,1152
3390269892,1774,-3450,-7932,378,-72,52,-15901,0,-15537,0,8160,8192,4970,-3384,5804,-771,421,1047
3390319892,3322,-4342,-7474,539,-48,304,8160,8192,27076,-13805,645,8192,4202,-3330,5974,-504,-114,1039
3390369892,2376,-4140,-7802,189,-99,-158,8160,8192,11540,-13804,645,8192,4880,-3382,6008,-433,97,968
3390419892,2640,-3800,-8184,549,335,59,8160,8192,0,0,645,8192,4650,-3594,6100,-289,277,792
3390469892,2756,-4186,-7992,145,445,-32,-15894,0,-15537,0,8160,8192,4802,-3828,6118,-187,242,693
3390519892,2936,-3894,-7844,381,459,32,0,0,-7,-1,-16892,0,4752,-3596,6210,-153,657,511
3390569892,3006,-3704,-7666,539,955,97,8160,8192,14932,-13801,645,8192,4142,-3590,5866,-39,829,520
3390619892,3426,-3932,-7130,445,757,167,8160,8192,0,0,645,8192,4104,-3310,5944,-31,896,487
3390669892,3626,-4354,-6834,423,1070,545,0,0,-7,-1,-15883,0,3810,-3546,6166,-4,1102,261
3390719892,3752,-4114,-6836,589,971,296,-15881,0,-15537,0,8160,8192,3210,-3362,6298,136,1112,56
3390769892,3586,-4108,-6732,519,967,231,-15880,0,-15537,0,8160,8192,3348,-3558,6420,4,1109,39
3390819892,3730,-4434,-6390,680,1040,345,8160,8192,2788,-13797,645,8192,2674,-3478,6272,66,1415,-9
3390869892,4030,-4474,-6314,439,517,222,0,0,-7,-1,-15874,0,3198,-3270,6338,17,1647,-156
3390919892,3738,-3932,-6156,505,761,524,8160,8192,-28284,-13796,645,8192,2308,-3142,6430,-62,2214,-175
3390969892,4588,-4826,-6556,828,785,507,0,0,-7,-1,-15869,0,1804,-3414,7018,-98,1218,175
3391019892,4706,-5162,-6068,473,233,49,8160,8192,0,0,645,8192,1862,-3398,7076,-95,475,354
3391069892,4210,-4724,-6098,217,154,-92,8160,8192,0,0,645,8192,1876,-3462,7370,-30,378,260
3391119892,4402,-4672,-5916,242,132,-19,0,0,-7,-1,-15858,0,1920,-3212,7354,54,298,150
3391169892,4750,-4912,-5712,347,375,63,-15855,0,-15537,0,8160,8192,1658,-3166,7524,118,535,86
3391219892,4768,-4630,-5832,263,392,-11,-16853,0,-15537,0,8160,8192,1650,-2950,7486,151,495,-27
3391269892,4568,-4426,-5768,326,344,-9,8160,8192,0,0,645,8192,1838,-2988,6872,115,398,-15
3391319892,4050,-4968,-5920,266,-115,-7,-16849,0,-15537,0,8160,8192,1564,-3274,6268,111,41,-22
3391369892,5302,-6028,-4712,-961,-574,277,0,0,-7,-1,-15847,0,1684,-3194,7118,-75,-155,10
3391419892,3018,-4404,-6378,-1541,-65,-100,-15845,0,-15537,0,8160,8192,2374,-3762,7424,-158,-395,-151
3391469892,4746,-4950,-6204,94,392,429,-15838,0,-15537,0,8160,8192,2060,-3662,7130,-135,540,-15
3391519892,4772,-5150,-5118,1087,474,-4,-15835,0,-15537,0,8160,8192,1800,-3656,7460,37,601,-28
3391569892,3624,-6386,-6924,527,870,170,8160,8192,31892,-13786,645,8192,1588,-4958,7058,387,827,22
3391619892,4342,-5892,-5400,-128,488,-297,-17832,0,-15537,0,8160,8192,534,-4438,6862,517,-128,107
3391669892,2890,-5272,-5680,340,-29,-569,8160,8192,0,0,645,8192,1988,-4982,6622,403,-192,294
3391719892,2826,-6560,-5554,309,682,-149,0,0,-7,-1,-15827,0,648,-5404,6020,468,347,157
3391769892,2270,-7082,-5892,291,80,-163,-15824,0,-15537,0,8160,8192,716,-6076,5810,304,6,53
3391819892,2562,-7372,-5720,157,53,-120,0,0,-7,-1,-15822,0,726,-6274,6622,170,132,-36
3391869892,1846,-7940,-6634,49,211,-232,-17820,0,-15537,0,8160,8192,1436,-7522,6868,256,171,-252
3391919892,2548,-7936,-6094,-73,-55,-339,8160,8192,0,0,645,8192,796,-6702,6164,371,-161,-338
3391969892,664,-7362,-5878,-241,-650,-501,-15814,0,-15537,0,8160,8192,1040,-7452,4472,322,-801,-505
3392019892,-1742,-7976,-5876,-233,-2526,-911,-15812,0,-15537,0,8160,8192,-652,-10462,3108,1608,-3188,-551
3392069892,6074,-406,-3146,-2961,1383,-335,0,0,-7,-1,-15808,0,2380,-3492,13024,-951,-1951,-1272
3392119892,3326,-5208,-9094,-2094,-3829,-3428,-15804,0,-15537,0,8160,8192,3290,-3356,4830,935,-5336,-800
3392169892,4866,-2896,-8490,521,-1047,253,8160,8192,-23468,-13777,645,8192,4720,-2836,5050,-5,-1181,-722
3392219892,6628,-2792,-6692,-769,-1052,-367,0,0,-7,-1,-16798,0,5434,-1864,7996,81,-1561,-133
3392269892,3170,-3558,-7530,-375,-1658,68,0,0,-7,-1,-15795,0,4510,-2206,7606,38,-1010,-812
3392319892,3286,-2762,-5918,-1175,-45,237,0,0,-7,-1,-15792,0,5106,-1380,5548,-30,-1088,-675
3392369892,3194,-3298,-6698,-951,-763,16,-15790,0,-15537,0,8160,8192,3180,-2504,7388,46,-980,-920
3392419892,2136,-1414,-5114,-1490,857,237,-15788,0,-15537,0,8160,8192,2868,-124,4138,238,-607,-1434
3392469892,7266,-3164,-4226,-1209,-267,319,-15786,0,-15537,0,8160,8192,5006,712,6990,111,-548,-1742
3392519892,3746,-1302,-6550,667,816,1177,0,0,-7,-1,-15784,0,5820,-502,6650,-211,479,-2564
3392569892,7206,-2258,-6370,850,-1291,-108,0,0,-7,-1,-15780,0,5122,1168,7986,417,-462,-2587
3392619892,5264,-1658,-8538,1003,-1257,-1009,0,0,-7,-1,-15779,0,4850,1218,7148,899,-338,-3053
3392669892,3956,1398,-7092,-2339,-652,-4478,-15778,0,-15537,0,8160,8192,3686,2906,5198,3447,-3210,-2893
3392719892,4578,5164,-7382,-3493,-709,-8798,-15775,0,-15537,0,8160,8192,3820,5372,3390,6357,-3320,-1908
3392769892,3156,6848,-9336,-2382,74,-9035,-17773,0,-15537,0,8160,8192,7310,7544,-158,6597,-2287,-1711
3392819892,4168,5598,-7714,-2055,843,-5279,-15771,0,-15537,0,8160,8192,5636,9260,-1308,4723,-1475,-1899
3392869892,5352,6304,-7400,-1904,366,-1328,8160,8192,21172,-13766,645,8192,4802,9506,-152,1900,-607,-1850
3392919892,5762,6260,-4930,-1038,402,-837,8160,8192,5636,-13765,645,8192,-258,9512,2344,1098,1327,-1134
3392969892,3662,3314,-6564,431,-1090,738,-15764,0,-15537,0,8160,8192,3784,5678,1386,-794,-571,1045
3393019892,3982,3290,-8374,804,-1073,986,-16761,0,-15537,0,8160,8192,6502,5394,2746,-643,-311,1161
3393069892,4206,2036,-7892,660,-792,1052,-15759,0,-15537,0,8160,8192,7614,4580,3166,-825,-54,755
3393119892,4230,3052,-7680,617,-134,790,-17757,0,-15537,0,8160,8192,5966,5298,2700,-838,368,481
3393169892,3674,3116,-7960,690,-171,995,0,0,-7,-1,-15755,0,6712,5238,2468,-1067,160,555
3393219892,3958,3228,-8030,738,-195,1112,0,0,-7,-1,-15754,0,5760,5054,2458,-957,554,647
3393269892,3728,2772,-7872,744,-399,1114,-15750,0,-15537,0,8160,8192,6164,4924,2392,-903,664,684
3393319892,4004,2838,-7486,836,-510,1237,8160,8192,12420,-13759,645,8192,5040,5018,2540,-1097,668,878
3393369892,3918,2474,-7706,1191,-748,1599,0,0,-7,-1,-15746,0,5138,4674,2640,-1280,553,1408
3393419892,3816,1908,-8394,1418,-1007,2092,-15743,0,-15537,0,8160,8192,7056,3816,2940,-1719,713,1797
3393469892,3234,1376,-8734,1402,-774,2691,0,0,-7,-1,-16742,0,6954,3706,3148,-2153,1876,1284
3393519892,3788,656,-8190,1561,-928,3387,8160,8192,0,0,645,8192,5116,2786,3650,-2753,1200,1501
3393569892,3282,84,-8764,1700,-817,3281,8160,8192,276,-13755,645,8192,6868,1796,5152,-2781,1438,1555
3393619892,3116,-1500,-9388,2445,-1215,2554,0,0,-7,-1,-16736,0,6620,1434,5380,-2402,1239,1258
3393669892,3082,-1038,-7840,1031,-91,2073,0,0,-7,-1,-15734,0,5816,902,5508,-2143,1395,1180
3393719892,2992,-1784,-8786,1513,-645,1917,0,0,-7,-1,-15731,0,6014,648,5814,-1968,1216,1248
3393769892,2898,-1646,-8862,1486,-522,1759,0,0,-7,-1,-15728,0,6042,404,5928,-1766,1120,1138
3393819892,2980,-2674,-8376,1280,-212,1560,-15725,0,-15537,0,8160,8192,5448,-138,5798,-1572,127,1259
3393869892,1554,-2250,-9102,825,548,815,-15725,0,-15537,0,8160,8192,6098,-726,5876,-1400,1151,948
3393919892,3158,-3450,-7970,604,723,1494,8160,8192,22596,-13750,645,8192,4814,-1398,5904,-1303,422,1131
3393969892,1652,-2998,-8482,453,420,158,0,0,-7,-1,-16720,0,5470,-1474,5842,-1011,525,1150
3394019892,2566,-3602,-7574,532,-48,671,-16718,0,-15537,0,8160,8192,4714,-2384,6032,-886,-5,1345
3394069892,2032,-3416,-8186,554,-176,-130,0,0,-7,-1,-16716,0,5704,-2374,5594,-847,365,1126
3394119892,2576,-4262,-7844,818,-52,700,-15715,0,-15537,0,8160,8192,4440,-2872,6084,-692,576,1120
3394169892,1884,-3892,-7910,265,93,-88,8160,8192,10452,-13746,645,8192,5428,-3120,5860,-652,191,897
3394219892,2212,-4052,-8160,671,180,251,8160,8192,0,0,645,8192,4558,-3114,6024,-461,699,772
3394269892,2992,-4296,-7708,270,445,186,8160,8192,-20620,-13745,645,8192,4672,-3198,5976,-437,279,737
3394319892,2172,-3744,-7312,269,143,232,-17707,0,-15537,0,8160,8192,3958,-3310,6120,-441,577,695
3394369892,2694,-3628,-7746,388,588,200,-15706,0,-15537,0,8160,8192,4326,-3288,6058,-454,461,601
3394419892,3230,-4352,-7130,722,550,365,8160,8192,-1692,-13743,645,8192,3868,-3168,5944,-370,499,559
3394469892,2914,-3976,-7112,453,419,206,8160,8192,-17228,-13742,645,8192,4016,-3228,6008,-394,408,498
3394519892,3088,-4130,-7246,636,597,263,0,0,-7,-1,-16701,0,3762,-3396,6312,-281,714,463
3394569892,3548,-4314,-7100,514,640,193,0,0,-7,-1,-15700,0,3724,-3166,5982,-212,346,288
3394619892,3272,-4136,-6918,469,502,254,0,0,-7,-1,-16698,0,3646,-3458,5940,-139,553,259
3394669892,3324,-4268,-6900,446,401,228,8160,8192,-13836,-13739,645,8192,3600,-3354,6002,-155,444,255
3394719892,3118,-4438,-6894,404,169,156,-15691,0,-15537,0,8160,8192,3374,-3798,6128,-93,345,174
3394769892,3246,-4660,-6986,147,87,44,-15689,0,-15537,0,8160,8192,3372,-3846,6384,-12,287,112
3394819892,3212,-4780,-7096,224,91,16,-15687,0,-15537,0,8160,8192,3302,-3910,6222,-77,229,128
3394869892,3172,-4628,-6752,260,227,175,-15686,0,-15537,0,8160,8192,3186,-3828,6340,-89,510,126
3394919892,3428,-5002,-6578,297,301,173,-15684,0,-15537,0,8160,8192,2860,-3768,6532,-39,387,38
3394969892,3374,-4706,-6520,144,397,184,-15682,0,-15537,0,8160,8192,2838,-3616,6554,-23,589,-30
3395019892,3502,-4442,-6956,282,394,83,-17681,0,-15537,0,8160,8192,3194,-3662,6770,-13,415,-15
3395069892,4070,-4636,-6654,390,408,45,-17678,0,-15537,0,8160,8192,3056,-3190,6480,69,562,26
3395119892,3924,-4470,-6484,291,435,-13,-16676,0,-15537,0,8160,8192,3074,-3302,6658,86,485,40
3395169892,4560,-4168,-5740,270,272,-44,-15673,0,-15537,0,8160,8192,2562,-2314,6580,208,416,1
3395219892,4206,-3794,-6180,218,414,-93,-15671,0,-15537,0,8160,8192,2928,-2560,6750,168,477,-83
3395269892,4704,-4404,-6320,419,386,19,0,0,-7,-1,-16669,0,2666,-2622,6728,140,437,-60
3395319892,4894,-4654,-6498,130,160,-127,0,0,-7,-1,-16666,0,2896,-2904,7310,52,209,76
3395369892,2376,-5116,-7638,-861,98,552,-15665,0,-15537,0,8160,8192,3376,-3418,7360,-13,259,89
3395419892,3262,-4924,-6738,-689,856,104,-15664,0,-15537,0,8160,8192,2374,-4030,7348,209,573,-18
3395469892,4468,-3630,-5458,1421,-45,-981,-15662,0,-15537,0,8160,8192,2676,-3854,6722,275,53,-108
3395519892,3416,-5048,-5440,90,736,421,-15658,0,-15537,0,8160,8192,2836,-4544,6688,267,1073,-38
3395569892,4100,-6578,-6516,62,833,77,-16655,0,-15537,0,8160,8192,2086,-4678,6860,398,412,-30
3395619892,3248,-5774,-6200,61,398,-223,8160,8192,18660,-13724,645,8192,2596,-4900,6546,415,468,-82
3395669892,2692,-6466,-6868,592,685,-224,8160,8192,3124,-13723,645,8192,1966,-4822,6464,415,477,-4
3395719892,3054,-6240,-5900,350,333,-246,-15647,0,-15537,0,8160,8192,1918,-5160,6274,351,458,124
3395769892,2742,-6430,-5688,125,462,-241,-15645,0,-15537,0,8160,8192,1276,-5230,6240,297,448,126
3395819892,2852,-6514,-5444,-70,-128,-409,-16643,0,-15537,0,8160,8192,968,-5340,6422,433,-70,12
3395869892,2866,-6648,-6216,-273,-89,-440,0,0,-7,-1,-15641,0,2314,-5334,6426,238,-140,-115
3395919892,3202,-6652,-6462,111,144,-22,-15640,0,-15537,0,8160,8192,1666,-5388,7194,281,640,-223
3395969892,3084,-6974,-6172,-8,36,-199,8160,8192,-24556,-13719,645,8192,1570,-5796,6602,241,243,-286
3396019892,514,-7048,-6186,193,-646,-323,-15637,0,-15537,0,8160,8192,1058,-7262,3794,248,-415,-251
3396069892,-3570,-9482,-5378,-289,-2426,-1169,-15635,0,-15537,0,8160,8192,-644,-12594,5048,1544,-2888,173
3396119892,-1632,-1276,-5944,-2855,-642,-978,0,0,-7,-1,-15632,0,1094,-4098,10116,-1086,-846,-896
3396169892,4742,-5094,-9626,-2167,-3030,-2798,-16630,0,-15537,0,8160,8192,4816,-1516,6286,776,-5048,-1044
3396219892,3462,-2236,-7484,19,-1528,182,0,0,-7,-1,-15630,0,4814,-1238,6424,-49,-1235,-687
3396269892,4228,-2746,-7464,-1118,-918,-426,0,0,-7,-1,-16630,0,4760,-1684,7662,51,-1481,-449
3396319892,4022,-2836,-9832,-470,-811,-193,0,0,-7,-1,-15629,0,2976,-1766,5896,269,-969,-1179
3396369892,2694,-4216,-5496,-458,-189,434,8160,8192,-17772,-13713,645,8192,3594,-3448,6078,110,-970,-959
3396419892,3350,-1622,-7916,-1782,69,146,-15623,0,-15537,0,8160,8192,5414,-984,6356,-99,-765,-904
3396469892,3418,-4568,-5618,-305,-67,-46,8160,8192,16692,-13711,645,8192,5090,-1512,6276,57,-640,-1150
3396519892,4010,-2332,-6738,-535,1427,1248,0,0,-7,-1,-15617,0,3310,-368,6440,-55,932,-2476
3396569892,2954,-3348,-3790,499,264,999,-15613,0,-15537,0,8160,8192,3038,-1284,4012,-298,1119,-2510
3396619892,8018,-2746,-5766,806,-213,1156,0,0,-7,-1,-15610,0,2802,1172,9792,-233,992,-2716
3396669892,5804,-3486,-7446,715,-260,-1215,-17608,0,-15537,0,8160,8192,3758,-460,8780,814,-252,-2207
3396719892,1806,340,-7394,-1520,-1057,-4493,-16603,0,-15537,0,8160,8192,6062,574,5744,3294,-2318,-2556
3396769892,5790,1778,-7492,-2388,-400,-7368,-15601,0,-15537,0,8160,8192,2048,2826,5344,5691,-3084,-1680
3396819892,4376,5540,-8356,-1363,-566,-8798,0,0,-7,-1,-15598,0,4966,8066,984,6276,-3181,221
3396869892,5726,7190,-7686,468,90,-5021,0,0,-7,-1,-15595,0,3002,9532,350,4721,-973,1117
3396919892,4210,4730,-8168,714,-1099,-1840,8160,8192,7940,-13704,645,8192,7808,8670,86,1759,-1155,1234
3396969892,4672,3744,-8108,-29,-635,206,0,0,-7,-1,-15591,0,10390,6828,2350,-185,-424,331
3397019892,5958,4394,-5770,-548,108,89,0,0,-7,-1,-15589,0,2846,7992,2460,182,760,-483
3397069892,3814,3098,-7778,279,-1142,224,-17588,0,-15537,0,8160,8192,6736,4602,3538,-599,-1372,743
3397119892,4162,768,-8622,203,-1046,270,8160,8192,0,0,645,8192,7874,3064,2918,-56,-760,535
3397169892,3812,658,-8442,298,-839,615,0,0,-7,-1,-15584,0,7602,2680,3360,-254,-266,365
3397219892,3808,1070,-8104,403,-514,578,-15582,0,-15537,0,8160,8192,6408,3280,2858,-440,109,392
3397269892,3562,1494,-8584,601,-641,813,0,0,-7,-1,-15581,0,6576,3580,2678,-687,211,674
3397319892,3674,1740,-8360,982,-770,1037,0,0,-7,-1,-15579,0,6742,3878,2764,-736,471,1074
3397369892,3518,1640,-8274,923,-860,1474,-17577,0,-15537,0,8160,8192,6582,4086,2564,-1075,637,1006
3397419892,3618,1096,-8226,981,-956,1949,-15575,0,-15537,0,8160,8192,7112,3346,3304,-1493,671,1145
3397469892,3402,678,-8922,1013,-652,2220,0,0,-7,-1,-15573,0,7128,2738,3610,-1688,1438,827
3397519892,3458,-16,-8856,1023,-558,2209,0,0,-7,-1,-16571,0,6620,2320,4242,-1721,1658,775
3397569892,2848,-878,-8920,1064,-221,2207,-15569,0,-15537,0,8160,8192,6850,1546,4258,-1953,1958,573
3397619892,2798,-610,-8496,973,141,2720,-15567,0,-15537,0,8160,8192,5708,1546,4202,-2327,2008,329
3397669892,2506,-754,-8966,975,-618,2998,-15565,0,-15537,0,8160,8192,4900,1098,6014,-2669,433,1004
3397719892,2342,-1390,-8604,1341,-505,1876,-15563,0,-15537,0,8160,8192,5208,772,5668,-1859,742,1237
3397769892,3066,-1976,-9000,1125,-141,1555,0,0,-7,-1,-15562,0,5952,296,6066,-1641,727,1415
3397819892,3376,-2854,-8820,1106,-250,1465,0,0,-7,-1,-15560,0,6108,-486,6146,-1507,466,1633
3397869892,1974,-2754,-8680,521,337,886,-15559,0,-15537,0,8160,8192,6008,-1448,6028,-1184,857,1550
3397919892,2436,-3060,-8346,823,475,814,0,0,-7,-1,-15558,0,5922,-1868,5928,-1186,620,1575
3397969892,2018,-3640,-8356,1051,-261,642,-15556,0,-15537,0,8160,8192,5280,-2644,6068,-809,795,1393
3398019892,1548,-4054,-8220,720,105,-312,-15554,0,-15537,0,8160,8192,5772,-2550,5830,-743,592,958
3398069892,2618,-3434,-7960,366,537,463,8160,8192,-21708,-13687,645,8192,4752,-2354,5694,-669,765,819
3398119892,1984,-2948,-8052,511,275,124,0,0,-7,-1,-15550,0,5246,-2628,5410,-680,600,856
3398169892,2498,-3888,-7888,756,175,383,-17548,0,-15537,0,8160,8192,4454,-2568,5558,-578,661,974
3398219892,2314,-3044,-7946,361,374,119,8160,8192,0,0,645,8192,4662,-2718,5580,-678,510,1092
3398269892,2724,-3856,-7582,875,158,389,-15543,0,-15537,0,8160,8192,4658,-3372,6034,-629,736,1080
3398319892,3112,-3896,-7708,371,551,230,0,0,-7,-1,-16541,0,4054,-3238,6044,-444,463,809
3398369894,2920,-3698,-7552,337,247,124,-15538,0,-15537,0,8160,8192,4306,-3280,6168,-506,384,766
3398419892,2536,-3686,-7564,717,686,290,-16536,0,-15537,0,8160,8192,3932,-3724,5908,-414,764,618
3398469892,3092,-4140,-7366,694,738,255,0,0,-7,-1,-16534,0,3710,-3714,6134,-273,645,547
3398519892,3664,-4582,-7038,459,576,61,-16531,0,-15537,0,8160,8192,3484,-3712,6140,-130,292,390
3398569892,3132,-4162,-7296,144,452,40,-16528,0,-15537,0,8160,8192,4088,-3702,6198,-87,330,272
3398619892,3654,-4264,-7062,333,555,203,0,0,-7,-1,-17526,0,3670,-3786,6582,63,567,164
3398669892,3550,-4318,-6906,192,497,120,-17524,0,-15537,0,8160,8192,3460,-3604,6242,76,508,93
3398719892,3552,-4134,-6788,186,495,94,8160,8192,0,0,645,8192,3134,-3644,6224,156,625,54
3398769892,3708,-4300,-6670,248,299,-24,-16520,0,-15537,0,8160,8192,3102,-3434,6296,134,468,149
3398819892,3792,-4350,-6234,364,315,39,-16519,0,-15537,0,8160,8192,2946,-3288,6348,161,663,30
3398869892,3836,-4250,-6488,199,604,33,-16516,0,-15537,0,8160,8192,2998,-3448,6474,155,692,-69
3398919892,4080,-4470,-6458,424,530,65,-16514,0,-15537,0,8160,8192,2582,-3340,6342,150,611,2
3398969892,3828,-4068,-6536,451,520,141,8160,8192,0,0,645,8192,2942,-3320,6588,36,819,88
3399019892,4322,-4502,-6286,574,525,179,-18511,0,-15537,0,8160,8192,2590,-3272,6774,71,773,49
3399069892,4362,-4588,-6408,359,300,-11,-18509,0,-15537,0,8160,8192,2516,-3454,7066,120,468,-4
3399119892,4554,-4416,-6358,317,319,-111,8160,8192,-20284,-13671,645,8192,2388,-3076,6954,133,471,87
3399169892,4560,-4896,-6326,289,220,-136,0,0,-7,-1,-17507,0,2406,-3264,6942,124,308,175
3399219892,4522,-4534,-6048,282,92,-62,-16507,0,-15537,0,8160,8192,2334,-3088,6990,51,286,171
3399269892,4866,-4262,-6240,220,150,-6,0,0,-7,-1,-16505,0,2398,-2782,7148,20,266,108
3399319892,5060,-4156,-6046,266,175,70,0,0,-7,-1,-16503,0,2394,-2554,7314,-13,316,96
3399369892,4728,-4064,-5996,290,310,56,8160,8192,-32428,-13667,645,8192,2230,-2722,7308,32,403,83
3399419892,4872,-4576,-6116,162,220,-48,-16499,0,-15537,0,8160,8192,2164,-3040,7314,135,276,42
3399469892,4846,-4804,-6342,-61,3,-299,8160,8192,2036,-13665,645,8192,2282,-3264,7358,246,-110,19
3399519892,4564,-4772,-6100,-192,-7,-272,-16494,0,-15537,0,8160,8192,2382,-3312,7424,227,-81,-84
3399569892,4368,-4346,-5602,5,351,-92,-16491,0,-15537,0,8160,8192,2326,-3108,7050,200,242,-118
3399619892,3888,-4712,-6042,350,656,35,-16488,0,-15537,0,8160,8192,2146,-3688,6680,306,569,-138
3399669892,4268,-5110,-5936,207,559,-79,0,0,-7,-1,-16486,0,1702,-3790,6952,381,495,-75
3399719892,4386,-4990,-5786,-137,67,-322,8160,8192,0,0,645,8192,1700,-3652,6770,267,-143,-49
3399769892,2722,-5312,-6044,82,43,-261,-16481,0,-15537,0,8160,8192,2088,-4664,6264,286,-34,-65
3399819892,3656,-5844,-5906,130,471,13,8160,8192,24356,-13660,645,8192,1432,-4468,6590,232,360,-106
3399869892,3504,-5898,-6010,95,-65,-135,8160,8192,8820,-13659,645,8192,1560,-4638,6564,95,-63,-56
3399919892,3182,-6296,-6206,46,133,-49,-16475,0,-15537,0,8160,8192,1692,-5264,6934,61,182,-32
3399969892,3616,-6978,-5932,109,190,4,-16473,0,-15537,0,8160,8192,1178,-5552,6912,108,206,-155
3400019892,2824,-6784,-6384,81,-14,2,-18471,0,-15537,0,8160,8192,1878,-5972,7018,-1,183,-208
3400069892,3448,-7028,-6268,-39,165,31,-18469,0,-15537,0,8160,8192,1616,-5694,7228,120,257,-368
3400119892,1896,-7178,-5740,-90,-236,-123,0,0,-7,-1,-17467,0,938,-6430,5322,188,-96,-598
3400169892,-1508,-6538,-5070,-328,-1610,-279,8160,8192,0,0,645,8192,2078,-7742,1314,380,-2082,-1105
3400219892,10922,-13436,-3092,-84,-2288,18,-16462,0,-15537,0,8160,8192,-3222,2434,250,1257,-3146,-948
3400269892,6022,-2480,-3960,-4583,-1433,-883,-16460,0,-15537,0,8160,8192,3616,-2402,7902,-22,-3276,-200
3400319892,2984,-3800,-7980,-637,-2709,-627,0,0,-7,-1,-16458,0,5448,-2766,6880,-90,-1594,-619
3400369892,4790,-3966,-7720,-791,-1314,-531,-16455,0,-15537,0,8160,8192,6976,-2214,8574,5,-1988,-591
3400419892,2300,-3118,-9262,-566,-829,-140,-16453,0,-15537,0,8160,8192,4420,-3004,8328,-90,-969,-780
3400469892,4366,-4844,-6988,-493,-918,-472,-16451,0,-15537,0,8160,8192,5112,-2126,5836,353,-1347,-932
3400519892,4486,-2222,-8486,-884,280,652,-16449,0,-15537,0,8160,8192,6040,-2128,5962,-101,-450,-1186
3400569892,4304,-3446,-7114,-802,-203,220,0,0,-7,-1,-17447,0,4714,-1280,5326,174,-907,-1101
3400619892,3732,-1242,-7006,-1441,679,452,-16446,0,-15537,0,8160,8192,5668,364,6096,3,-245,-1534
3400669892,6368,-2284,-4922,0,277,644,0,0,-7,-1,-17444,0,2896,682,5736,-11,298,-1847
3400719892,3656,-2400,-7080,457,-37,92,-16441,0,-15537,0,8160,8192,4266,396,3770,-44,560,-1741
3400769892,7470,-3334,-6132,2013,-483,1548,8160,8192,0,0,645,8192,4632,990,7744,-938,1239,-2118
3400819892,5472,-1574,-8074,929,70,306,-16437,0,-15537,0,8160,8192,4892,1056,8578,-511,924,-2569
3400869892,4748,-1902,-6654,-273,-1060,-3534,-16435,0,-15537,0,8160,8192,4660,748,6272,2842,-2616,-2591
3400919892,5686,1472,-8476,-3512,-740,-6853,-18433,0,-15537,0,8160,8192,3428,3852,5322,5156,-3154,-2432
3400969892,4854,6064,-9034,-2523,710,-9116,8160,8192,-5292,-13643,645,8192,6744,6958,2800,6193,-2617,-1348
3401019892,5948,5260,-7464,-1647,720,-5693,0,0,-7,-1,-16430,0,5062,9070,1232,5189,-973,-988
3401069892,5706,5662,-6012,-835,711,-3487,-16428,0,-15537,0,8160,8192,3730,9232,600,2879,-361,-892
3401119892,5666,5426,-5880,-319,108,75,0,0,-7,-1,-17426,0,3942,7936,1070,145,-613,-390
3401169892,4368,4952,-5228,-27,-675,468,-18423,0,-15537,0,8160,8192,2312,7152,2528,-26,793,1
3401219892,2794,2534,-7870,495,-1308,17,-16422,0,-15537,0,8160,8192,6320,3696,2516,-147,-1041,1110
3401269892,4498,2312,-8044,591,-1464,-95,-16419,0,-15537,0,8160,8192,6930,4840,2492,198,-1168,1083
3401319892,5016,1950,-7804,521,-1325,573,-16416,0,-15537,0,8160,8192,6814,4244,3764,-175,-569,875
3401369892,4920,1648,-7830,803,-915,813,-16413,0,-15537,0,8160,8192,6374,4318,3406,-632,-260,1047
3401419892,4286,1840,-8098,1127,-658,1169,0,0,-7,-1,-16410,0,6788,4058,3086,-1056,13,1145
3401469892,4036,2286,-8026,1213,-651,1367,8160,8192,-29580,-13635,645,8192,6672,4250,2752,-1068,522,1160
3401519892,4086,2202,-7824,1217,-658,1365,8160,8192,20420,-13634,645,8192,5286,4626,2824,-1016,618,1347
3401569892,3818,2024,-8366,1491,-809,1745,8160,8192,0,0,645,8192,6872,4196,2738,-1256,859,1530
3401619892,3900,942,-8344,1226,-811,1973,-18402,0,-15537,0,8160,8192,7066,3160,3478,-1512,1091,1316
3401669892,3842,874,-8696,1302,-690,1954,0,0,-7,-1,-17400,0,5768,3356,3490,-1671,1795,1066
3401719892,3722,698,-8560,1442,-751,2564,8160,8192,23812,-13631,645,8192,6726,3136,3616,-2411,1371,1093
3401769892,3234,-454,-8676,1381,-512,3100,-16395,0,-15537,0,8160,8192,6638,1760,4718,-2370,1714,981
3401819892,2632,-1094,-9062,1270,-238,2628,0,0,-7,-1,-16394,0,5982,1168,5078,-2278,2242,581
3401869892,3384,-1612,-8084,1138,-433,2755,8160,8192,0,0,645,8192,4464,492,5994,-2047,1584,831
3401919892,3260,-2316,-8354,1282,-850,1877,-16391,0,-15537,0,8160,8192,6486,220,5686,-2098,-183,1036
3401969892,2168,-1928,-8868,1218,-44,2049,0,0,-7,-1,-16389,0,4608,-188,6532,-1600,1672,953
3402019892,3288,-3398,-8518,1125,31,979,8160,8192,0,0,645,8192,5560,-798,5750,-1447,-316,1414
3402069892,1788,-2256,-9078,652,-34,774,-16384,0,-15537,0,8160,8192,5772,-1156,6136,-1371,640,1691
3402119892,2894,-3840,-8620,1144,745,653,8160,8192,30596,-13625,645,8192,5404,-1716,5578,-1205,340,1767
3402169892,2186,-3086,-8046,728,-650,392,0,0,-7,-1,-16379,0,5746,-2296,6054,-1094,552,1702
3402219892,2220,-2352,-8526,1046,16,125,-16376,0,-15537,0,8160,8192,5290,-2826,5896,-682,347,1483
3402269892,1886,-3820,-8300,536,35,20,-18375,0,-15537,0,8160,8192,5176,-2974,5418,-677,539,1325
3402319892,2234,-4330,-7314,687,-180,385,0,0,-7,-1,-17373,0,4712,-3414,5924,-561,200,1341
3402369892,2236,-4550,-7760,215,-157,-46,-16371,0,-15537,0,8160,8192,4766,-3076,5862,-507,89,882
3402419892,2282,-3092,-8160,135,542,258,0,0,-7,-1,-16369,0,4724,-2916,5880,-602,843,832
3402469892,2874,-4164,-7868,1088,828,465,-16367,0,-15537,0,8160,8192,4484,-3724,6268,-446,522,947
3402519892,2876,-4704,-7762,479,-29,-46,0,0,-7,-1,-16366,0,4458,-3572,5974,-334,346,825
3402569892,2868,-4282,-7176,162,546,10,0,0,-7,-1,-16364,0,3774,-3710,6112,-261,603,764
3402619892,3092,-4340,-7332,470,423,-53,-16361,0,-15537,0,8160,8192,3808,-3748,6278,-131,485,709
3402669892,2892,-4428,-6900,620,510,-122,-18359,0,-15537,0,8160,8192,3548,-3756,6052,-25,543,699
3402719892,3340,-4550,-6608,425,848,2,8160,8192,-24764,-13616,645,8192,3598,-3790,6380,40,679,346
3402769892,3214,-4010,-7182,412,966,11,8160,8192,0,0,645,8192,3864,-3520,6170,161,934,123
3402819892,3012,-4142,-6876,1018,1659,366,8160,8192,9700,-13614,645,8192,3586,-3818,5898,202,1294,188
3402869892,3162,-4568,-6896,744,1271,201,-16349,0,-15537,0,8160,8192,2726,-3862,5636,294,993,245
3402919892,4168,-5270,-5882,637,427,252,-16346,0,-15537,0,8160,8192,2308,-3582,6386,89,875,388
3402969892,4116,-4670,-6068,-10,293,-22,8160,8192,28628,-13612,645,8192,2606,-3512,6754,40,349,251
3403019892,3956,-4374,-5986,261,672,-15,-18342,0,-15537,0,8160,8192,2896,-3144,6650,59,764,196
3403069892,4478,-4908,-6092,628,759,211,8160,8192,-2444,-13611,645,8192,2228,-3486,7068,167,979,109
3403119892,4426,-5022,-5862,354,595,-21,8160,8192,0,0,645,8192,2102,-3468,6820,228,627,34
3403169892,4236,-4732,-5724,359,579,11,-16337,0,-15537,0,8160,8192,2252,-3268,6864,239,652,-28
3403219892,4518,-4934,-5798,381,723,63,8160,8192,16484,-13608,645,8192,2218,-3252,6836,322,480,-78
3403269892,4760,-4928,-5636,368,687,99,-16331,0,-15537,0,8160,8192,1774,-3238,7052,242,568,-21
3403319892,4710,-4890,-5354,314,351,12,-16329,0,-15537,0,8160,8192,1930,-3010,6866,128,298,-29
3403369892,4840,-4750,-5322,314,295,116,0,0,-7,-1,-16327,0,1932,-2788,7012,70,414,7
3403419892,5088,-4754,-5442,297,249,90,-18325,0,-15537,0,8160,8192,2126,-2824,7352,-11,276,40
3403469892,4792,-4956,-5524,119,71,-84,8160,8192,4340,-13604,645,8192,1856,-3174,7284,8,54,9
3403519892,4742,-4830,-5380,4,4,-91,-17321,0,-15537,0,8160,8192,1848,-3076,7058,25,2,-14
3403569892,5184,-5256,-5536,-2267,784,-258,-16319,0,-15537,0,8160,8192,1650,-3168,7428,22,174,-18
3403619892,3468,-4370,-6372,1347,-196,-445,-18317,0,-15537,0,8160,8192,2284,-3768,6916,4,-43,27
3403669892,4020,-6002,-6260,439,281,187,-16315,0,-15537,0,8160,8192,1652,-3982,7054,64,714,-147
3403719892,4630,-5728,-4824,-127,531,45,8160,8192,-7804,-13601,645,8192,850,-4174,6940,163,170,-72
3403769892,3728,-5826,-5514,-88,-231,-314,-17312,0,-15537,0,8160,8192,1714,-4326,6704,207,-121,-90
3403819892,3582,-5678,-5276,202,416,116,8160,8192,26660,-13599,645,8192,1036,-4500,6490,169,720,-11
3403869892,3836,-6076,-5842,421,323,171,-16308,0,-15537,0,8160,8192,1784,-4362,6764,91,591,45
3403919892,3496,-6528,-5926,418,374,-74,-17305,0,-15537,0,8160,8192,704,-5376,6578,337,258,60
3403969892,3244,-6844,-5758,-303,-506,-649,0,0,-7,-1,-16303,0,1200,-5584,6770,276,-635,122
3404019892,2856,-7396,-6182,-278,-250,-373,-16300,0,-15537,0,8160,8192,1880,-6336,7236,133,59,-186
3404069892,3510,-7464,-6156,-34,324,129,-16298,0,-15537,0,8160,8192,1110,-6066,6984,71,448,-366
3404119892,3334,-7456,-5880,-362,-364,-224,-17298,0,-15537,0,8160,8192,1026,-6222,7466,58,-180,-604
3404169892,1646,-7422,-5726,-598,-642,-532,8160,8192,-16556,-13594,645,8192,1304,-7002,5462,470,-581,-1121
3404219892,-816,-6972,-5750,-1206,-2238,-846,-16293,0,-15537,0,8160,8192,1908,-8198,3270,654,-2430,-1686
3404269892,-366,-10312,-6740,-1619,-4160,-1201,-16292,0,-15537,0,8160,8192,1622,-4560,598,1463,-4201,-1556
3404319892,10970,-3126,-3808,-2053,342,774,-16289,0,-15537,0,8160,8192,-5756,784,9198,396,-2325,192
3404369892,-798,-4004,-5240,-2491,-5327,-3211,-16286,0,-15537,0,8160,8192,4316,-2212,5578,585,-4124,-665
3404419892,3396,-950,-9908,893,-468,-167,-16283,0,-15537,0,8160,8192,6214,-994,4910,57,-1519,-235
3404469892,3218,-3160,-7378,-865,-1038,186,-16282,0,-15537,0,8160,8192,5814,-1856,6184,-190,-1222,-322
3404519892,3436,-1656,-11170,-157,-754,-193,0,0,-7,-1,-16280,0,4888,-1886,7156,-61,-849,-759
3404569892,3914,-4916,-6174,-349,-197,452,8160,8192,-9772,-13588,645,8192,3610,-3862,6618,26,-693,-706
3404619892,3254,-2984,-8434,-767,-101,87,-16275,0,-15537,0,8160,8192,6276,-2444,7550,-9,-327,-879
3404669892,2010,-5536,-3926,-870,1237,-71,8160,8192,24692,-13586,645,8192,2838,-2980,2780,202,-152,-1175
3404719892,4426,-1140,-5832,-780,470,48,0,0,-7,-1,-16271,0,3382,1458,3634,494,-98,-1772
3404769892,4932,-1060,-5158,-261,1000,1014,-16271,0,-15537,0,8160,8192,3470,640,5388,82,38,-2455
3404819892,5352,-3458,-4728,729,-267,382,8160,8192,0,0,645,8192,3416,-250,6896,473,-367,-3430
3404869892,7684,-2096,-9188,92,-157,-367,8160,8192,28084,-13583,645,8192,6016,2578,8312,194,179,-3667
3404919892,3096,76,-8166,-1070,147,-2481,-16265,0,-15537,0,8160,8192,3750,1020,6602,1511,-1378,-2551
3404969892,4350,2178,-7556,-1032,-702,-7123,-16263,0,-15537,0,8160,8192,2724,4548,5304,5114,-2451,-1135
3405019892,3854,8068,-8890,-747,-30,-9698,-16261,0,-15537,0,8160,8192,5516,7986,292,6645,-1717,330
3405069892,4970,6412,-6546,440,-3666,-7514,-16258,0,-15537,0,8160,8192,5602,7690,-332,6247,-5116,2389
3405119892,5300,5948,-8892,-283,-848,-2281,-16257,0,-15537,0,8160,8192,5606,10264,-1404,3277,-338,-173
3405169892,5744,5110,-5726,-984,-32,492,0,0,-7,-1,-17256,0,3014,7234,1980,-103,-38,-416
3405219892,4458,5840,-7454,-447,-384,64,-17254,0,-15537,0,8160,8192,4812,7668,1786,0,396,-259
3405269892,2302,3066,-9102,-116,-880,297,8160,8192,-30668,-13577,645,8192,7668,4434,1760,-626,-1137,386
3405319892,3618,1580,-8876,5,-1045,438,-18250,0,-15537,0,8160,8192,8268,3398,2662,-141,-893,362
3405369892,3962,1980,-8350,296,-556,302,-16249,0,-15537,0,8160,8192,6294,4024,2146,-213,-229,418
3405419892,3386,1914,-8182,886,-871,1033,-16247,0,-15537,0,8160,8192,7004,3688,1892,-844,-178,1029
3405469892,3056,1618,-8460,1166,-503,1250,-18245,0,-15537,0,8160,8192,7180,3342,2242,-1018,210,1247
3405519892,3128,1958,-8790,1110,-428,1269,8160,8192,22724,-13573,645,8192,7392,3664,2116,-861,923,1044
3405569892,3300,2122,-8458,1194,-290,1214,-16240,0,-15537,0,8160,8192,6384,4178,2026,-1113,801,1183
3405619892,3164,1762,-8592,1392,-612,1682,0,0,-7,-1,-17238,0,6774,3274,2828,-1347,787,1420
3405669892,3264,506,-8674,1537,-374,1370,-16235,0,-15537,0,8160,8192,8256,2710,3080,-1191,1092,1361
3405719892,3490,374,-8604,1468,-557,1266,0,0,-7,-1,-16232,0,8306,2702,2768,-1194,1508,1225
3405769892,2730,508,-9378,1083,-121,1969,8160,8192,0,0,645,8192,8344,2536,3022,-1597,2889,398
3405819892,2920,38,-8506,884,332,2939,-16228,0,-15537,0,8160,8192,5242,1950,3598,-2267,2808,76
3405869892,2630,-316,-8988,1229,99,2710,-18225,0,-15537,0,8160,8192,5682,1494,5126,-2331,1936,446
3405919892,3190,-1434,-8696,963,42,2678,8160,8192,0,0,645,8192,5940,788,4966,-2236,1311,516
3405969892,2694,-1072,-8994,1074,19,2279,-17220,0,-15537,0,8160,8192,6256,726,5888,-2038,1778,482
3406019892,3170,-2464,-8434,1058,95,2383,8160,8192,0,0,645,8192,4856,-300,6070,-1888,1621,594
3406069892,3406,-2260,-7990,1412,-81,1834,-16215,0,-15537,0,8160,8192,5226,-350,5720,-1858,661,1467
3406119892,1520,-3288,-8536,1200,-111,1137,0,0,-7,-1,-16213,0,4774,-1526,6112,-1428,606,1552
3406169892,2778,-2440,-7942,401,217,354,-16210,0,-15537,0,8160,8192,6512,-1774,6262,-1096,-201,1422
3406219892,2242,-3468,-8714,693,-205,415,-17208,0,-15537,0,8160,8192,5370,-1932,5812,-409,231,1260
3406269892,1892,-3632,-8946,403,-583,-184,-17205,0,-15537,0,8160,8192,5860,-2176,5822,-671,-230,1308
3406319892,2280,-3920,-7994,508,-346,-30,8160,8192,0,0,645,8192,5072,-2678,5884,-634,293,1041
3406369892,2022,-3282,-8328,359,109,142,-16199,0,-15537,0,8160,8192,5414,-2494,5234,-681,93,940
3406419892,2120,-3624,-7472,744,-19,618,8160,8192,5220,-13559,645,8192,5268,-2900,5952,-719,589,823
3406469892,2448,-4010,-7988,418,373,297,0,0,-7,-1,-17194,0,4510,-2942,5866,-600,431,572
3406519892,1974,-3244,-8508,177,290,104,8160,8192,-25852,-13558,645,8192,5040,-2796,5898,-651,690,625
3406569892,2792,-3978,-7604,643,529,524,-16188,0,-15537,0,8160,8192,4182,-3220,5996,-603,694,730
3406619892,1958,-3566,-7736,406,592,43,8160,8192,0,0,645,8192,4324,-3476,5754,-526,462,665
3406669892,2558,-3824,-7266,630,568,285,-16183,0,-15537,0,8160,8192,4176,-3358,5762,-418,732,626
3406719892,2598,-4312,-7386,512,681,146,-16182,0,-15537,0,8160,8192,3886,-3536,5778,-210,501,337
3406769892,2960,-4130,-7622,374,552,173,-16179,0,-15537,0,8160,8192,4144,-3322,6030,-175,555,279
3406819892,3324,-3866,-7508,380,949,299,-16177,0,-15537,0,8160,8192,4058,-3320,6254,-241,664,253
3406869892,3288,-4084,-7432,637,652,356,8160,8192,0,0,645,8192,4076,-3474,6218,-184,711,335
3406919892,3244,-4084,-7264,452,801,342,8160,8192,-19068,-13552,645,8192,3742,-3368,6340,-128,781,153
3406969892,3286,-4244,-6932,489,612,163,-16172,0,-15537,0,8160,8192,3326,-3554,6108,-28,563,198
3407019892,3400,-4600,-6794,339,181,14,-16171,0,-15537,0,8160,8192,3564,-3722,6424,20,327,139
3407069892,3504,-4388,-6906,34,208,-70,-16169,0,-15537,0,8160,8192,3228,-3412,6236,25,198,0
3407119892,3564,-4088,-7090,247,266,91,0,0,-7,-1,-16167,0,3538,-3268,6604,-45,462,27
3407169892,3712,-4346,-6934,297,596,185,-16164,0,-15537,0,8160,8192,3142,-3432,6548,-141,574,109
3407219892,3770,-4404,-6528,459,507,222,0,0,-7,-1,-17162,0,3154,-3348,6814,-87,720,145
3407269892,4108,-4732,-6748,407,533,62,-16160,0,-15537,0,8160,8192,3088,-3426,6618,130,590,-26
3407319892,4044,-4500,-6508,231,366,-40,-16158,0,-15537,0,8160,8192,2874,-3296,6626,176,600,-74
3407369892,3884,-4602,-6378,347,487,48,0,0,-7,-1,-17156,0,2838,-3412,6708,122,749,22
3407419892,3848,-4546,-6420,295,552,104,-16156,0,-15537,0,8160,8192,2806,-3448,6794,5,535,-4
3407469892,4376,-4782,-5970,337,546,219,8160,8192,0,0,645,8192,2270,-2986,7066,20,615,-60
3407519892,4854,-4452,-5908,342,572,193,-17152,0,-15537,0,8160,8192,2402,-2696,7072,-38,131,-14
3407569892,4840,-4262,-5896,422,431,217,-16150,0,-15537,0,8160,8192,2432,-2634,7056,-35,89,63
3407619892,4408,-4504,-6044,358,352,135,0,0,-7,-1,-16148,0,2820,-3130,6904,-45,-56,137
3407669892,4766,-4654,-5638,99,165,105,0,0,-7,-1,-17146,0,2372,-3014,7226,10,149,6
3407719892,5152,-5064,-5414,-1304,159,-106,0,0,-7,-1,-17145,0,2714,-2978,7288,58,-1,-52
3407769892,4252,-4942,-6450,-459,134,-41,0,0,-7,-1,-16143,0,2796,-3492,7152,119,262,-55
3407819892,4664,-5202,-6152,-208,236,-16,8160,8192,0,0,645,8192,2828,-3796,7206,181,276,57
3407869892,4470,-5004,-5710,395,261,-257,-16138,0,-15537,0,8160,8192,2442,-3814,7302,305,363,25
3407919892,4338,-6696,-7654,683,322,16,8160,8192,-2108,-13537,645,8192,2576,-4222,6940,389,510,57
3407969892,3748,-5900,-6292,418,730,-203,0,0,-7,-1,-16134,0,2588,-4378,6650,421,573,2
3408019892,3004,-5970,-6220,114,544,-6,0,0,-7,-1,-16132,0,2538,-4772,6982,451,787,-92
3408069892,4264,-6542,-6058,-332,759,33,-16129,0,-15537,0,8160,8192,1494,-4364,6484,607,572,-171
3408119892,3454,-4808,-5448,171,-59,-568,-17128,0,-15537,0,8160,8192,1800,-4752,5918,331,117,-87
3408169892,2900,-6812,-6206,-141,-70,-218,8160,8192,0,0,645,8192,1938,-5614,6112,198,184,12
3408219892,3030,-7006,-5594,-301,158,-85,-16124,0,-15537,0,8160,8192,1374,-5528,6622,132,676,-439
3408269892,2814,-6850,-5968,-193,176,13,8160,8192,0,0,645,8192,1634,-5632,6538,74,628,-705
3408319892,2672,-6724,-7426,-408,-142,-133,8160,8192,4676,-13530,645,8192,2348,-6192,6308,240,451,-796
3408369892,490,-6360,-7204,-598,-1042,-601,8160,8192,0,0,645,8192,1342,-6806,3148,220,-1263,-287
3408419892,-3626,-7286,-4498,-1272,-4427,-1587,-16118,0,-15537,0,8160,8192,4672,-10064,2276,720,-4849,-769
3408469892,7926,-5952,-2684,-1893,1038,1419,-16116,0,-15537,0,8160,8192,-972,-3222,10032,-1849,-1566,-311
3408519892,4352,-6452,-6776,-1848,-2402,-2964,-16115,0,-15537,0,8160,8192,4526,-4316,8392,903,-4611,-1168
3408569892,5954,-686,-8916,-509,-1732,-361,0,0,-7,-1,-17112,0,5552,-1808,5992,239,-1324,-718
3408619892,3040,-2460,-7784,-73,-714,393,0,0,-7,-1,-16111,0,6434,-2120,9540,-312,402,-508
3408669892,4392,-2598,-8402,-178,-1199,-276,-16110,0,-15537,0,8160,8192,6132,-1272,5108,-68,115,-680
3408719892,2898,-4340,-6674,-4,322,376,0,0,-7,-1,-17108,0,3322,-3722,6374,199,-29,-754
3408769892,1882,-4192,-7120,-1207,28,143,-16107,0,-15537,0,8160,8192,2392,-1132,3774,257,57,-1045
3408819892,3868,-4324,-6540,-591,180,-195,8160,8192,0,0,645,8192,3850,-1458,6334,707,-403,-1064
3408869892,3724,-3344,-5590,-569,-94,-184,-16104,0,-15537,0,8160,8192,4046,-1240,4854,594,-846,-1152
3408919892,4138,-2304,-5330,-519,275,313,-17101,0,-15537,0,8160,8192,3478,-902,5036,418,-457,-1350
3408969892,5232,-1354,-6324,-49,-761,374,-17099,0,-15537,0,8160,8192,4138,440,5912,205,-1387,-1551
3409019892,7154,-1724,-6200,697,-1201,-60,-16098,0,-15537,0,8160,8192,5458,470,9828,768,-106,-2588
3409069892,4196,-158,-7446,-1521,-1350,-2922,0,0,-7,-1,-17096,0,2368,1342,7742,2846,-1629,-3119
3409119892,3706,4776,-8240,-2831,-1532,-7244,-16094,0,-15537,0,8160,8192,4244,4216,5768,5488,-4161,-2178
3409169892,1902,8356,-9630,-2947,-127,-9797,-16092,0,-15537,0,8160,8192,6640,7290,498,6858,-4737,-1192
3409219892,2932,7374,-8488,-2750,816,-7578,-16090,0,-15537,0,8160,8192,5910,8832,-364,5761,-2281,-2251
3409269892,4380,8028,-7742,-2905,1114,-3767,8160,8192,0,0,645,8192,4890,10248,-1272,3324,-1281,-2661
3409319892,5118,6582,-6310,-1551,-196,-914,-16087,0,-15537,0,8160,8192,3986,9738,576,407,-2041,-1202
3409369892,4892,6962,-5978,-381,-69,772,-16085,0,-15537,0,8160,8192,1890,8704,1888,-82,1030,-375
3409419892,3004,3556,-7182,658,-1207,1114,8160,8192,0,0,645,8192,7084,5232,1500,-1208,-470,1223
3409469892,3326,3104,-8852,773,-555,1598,-16082,0,-15537,0,8160,8192,7074,4458,2432,-1026,210,827
3409519892,3448,2960,-7792,769,-364,878,8160,8192,25028,-13512,645,8192,6492,4772,2178,-812,326,768
3409569892,3500,3078,-7610,1115,-587,947,-16077,0,-15537,0,8160,8192,5766,4740,2570,-800,273,1182
3409619892,3454,3100,-7768,1283,-345,896,-17075,0,-15537,0,8160,8192,6922,4886,1804,-745,527,1211
3409669892,3968,3366,-7698,1263,-382,1305,0,0,-7,-1,-16073,0,5410,5372,2148,-1121,793,1282
3409719892,3358,2138,-7274,1240,-918,1848,-19070,0,-15537,0,8160,8192,6364,4954,1942,-1653,898,1645
3409769892,3606,2316,-8348,1381,-702,2992,8160,8192,0,0,645,8192,6284,4122,2746,-2620,1092,1259
3409819892,4114,1504,-7344,1578,-787,2626,0,0,-7,-1,-16067,0,6168,3410,3954,-1935,948,1727
3409869892,3198,1284,-9000,1863,-870,2333,8160,8192,0,0,645,8192,7258,3128,3168,-2183,2053,1086
3409919892,3490,2044,-8714,1770,-625,2977,0,0,-7,-1,-16062,0,5038,3764,4602,-2477,3056,815
3409969892,3344,-608,-8092,1538,-883,2710,8160,8192,16276,-13505,645,8192,5880,1894,4916,-2061,1013,1526
3410019892,2976,-1178,-8286,1785,-881,2317,8160,8192,0,0,645,8192,5696,1282,4922,-2001,1193,1693
3410069892,2456,-1334,-8826,1424,-322,2149,-16055,0,-15537,0,8160,8192,5412,924,5726,-1944,1446,1478
3410119892,3134,-1838,-9032,2136,-1190,1494,8160,8192,-30332,-13503,645,8192,6568,328,5514,-1886,378,1822
3410169892,2320,-2144,-8842,1475,-294,1614,-16050,0,-15537,0,8160,8192,6568,-386,6392,-1697,1111,1667
3410219892,2054,-3034,-9094,1290,266,933,8160,8192,4132,-13501,645,8192,5994,-806,5670,-1425,714,1359
3410269892,2198,-2030,-8746,580,558,910,-18045,0,-15537,0,8160,8192,6210,-788,5540,-1374,755,1087
3410319892,2566,-2736,-8278,1057,831,1209,0,0,-7,-1,-17043,0,4872,-1442,6008,-1211,786,1276
3410369892,1738,-3138,-8520,953,-177,259,-18041,0,-15537,0,8160,8192,5230,-2232,6068,-905,576,1266
3410419892,2624,-4172,-7760,752,189,-12,8160,8192,0,0,645,8192,5142,-2610,6014,-765,321,1225
3410469892,1920,-3468,-8172,184,353,117,-17037,0,-15537,0,8160,8192,5186,-2838,5870,-768,640,967
3410519892,2380,-3852,-7872,649,206,413,8160,8192,-23548,-13497,645,8192,4240,-3240,6284,-532,525,1015
3410569892,2016,-4100,-8032,351,195,-142,0,0,-7,-1,-17036,0,4420,-3362,5722,-430,230,854
3410619892,2228,-3906,-7662,310,-55,-82,0,0,-7,-1,-16034,0,4338,-3430,5872,-361,238,895
3410669892,2842,-4702,-7420,331,180,4,-16032,0,-15537,0,8160,8192,4058,-3498,6006,-267,111,694
3410719892,2402,-3520,-7812,-167,208,-71,-16029,0,-15537,0,8160,8192,4248,-3358,6164,-278,260,431
3410769892,2640,-3728,-7308,490,619,327,-17026,0,-15537,0,8160,8192,3980,-3246,5898,-319,602,479
3410819892,2664,-4128,-7632,532,571,262,-16024,0,-15537,0,8160,8192,3756,-3368,5998,-266,615,354
3410869892,3142,-3970,-7386,512,639,248,8160,8192,-1228,-13492,645,8192,3726,-3348,6100,-346,652,379
3410919892,3210,-3820,-7124,766,734,380,-16020,0,-15537,0,8160,8192,3604,-3262,6304,-303,815,438
3410969892,3798,-4094,-7136,603,759,294,0,0,-7,-1,-16018,0,3578,-3066,6902,-141,853,292
3411019892,3636,-3780,-6996,727,771,229,-18016,0,-15537,0,8160,8192,3344,-3178,6374,-124,899,324
3411069892,3626,-4528,-6918,736,521,310,8160,8192,2164,-13488,645,8192,3170,-3392,6360,-122,740,297
3411119892,3472,-4314,-6598,393,441,149,8160,8192,-13372,-13488,645,8192,3102,-3492,6510,-109,531,266
3411169892,3806,-4604,-6520,363,308,157,-18010,0,-15537,0,8160,8192,2938,-3588,6528,-8,439,124
3411219892,3532,-4154,-6814,203,340,47,-17008,0,-15537,0,8160,8192,3048,-3314,6742,58,537,-54
3411269892,3858,-4430,-6466,177,587,84,-18007,0,-15537,0,8160,8192,2500,-3330,6490,23,483,-80
3411319892,3800,-4074,-6518,187,356,132,-16005,0,-15537,0,8160,8192,2922,-3164,6648,-38,573,-5
3411369892,4086,-4684,-6592,387,470,94,-16002,0,-15537,0,8160,8192,2550,-3284,6770,23,418,46
3411419892,4202,-4524,-6352,144,293,91,8160,8192,24484,-13483,645,8192,2742,-3298,6950,-30,411,21
3411469892,4222,-4488,-6318,216,471,135,0,0,-7,-1,-15998,0,2492,-3242,7248,26,621,-91
3411519892,4008,-4498,-6192,270,605,6,0,0,-7,-1,-16995,0,2494,-3238,6956,125,584,-156
3411569892,4722,-4606,-6102,229,543,100,0,0,-7,-1,-16993,0,1916,-2916,7062,161,805,-185
3411619892,4934,-4516,-6012,32,315,-70,-15991,0,-15537,0,8160,8192,1996,-2822,7426,82,326,-147
3411669892,4604,-4596,-6066,71,235,-126,-15988,0,-15537,0,8160,8192,2452,-2848,7320,133,379,-138
3411719892,5174,-4432,-6196,99,322,-70,8160,8192,0,0,645,8192,2544,-2758,7522,106,354,-36
3411769892,6434,-6524,-8410,-210,-315,280,8160,8192,-18732,-13478,645,8192,2386,-2904,7178,128,366,108
3411819892,3174,-4204,-5944,-1200,548,-207,0,0,-7,-1,-15981,0,1962,-3690,7186,140,308,131
3411869892,4636,-4988,-5940,-9,200,-108,8160,8192,0,0,645,8192,1860,-3456,7024,251,240,90
3411919892,3722,-3800,-6046,838,69,-314,-15975,0,-15537,0,8160,8192,2072,-3740,7144,267,265,38
3411969892,2788,-4956,-8950,1754,172,-217,8160,8192,0,0,645,8192,2100,-3890,6782,411,407,55
3412019892,4162,-5802,-5876,-87,611,-22,0,0,-7,-1,-15970,0,1792,-4270,6640,374,324,34
3412069892,3312,-5796,-6276,-126,265,-186,8160,8192,19124,-13473,645,8192,1598,-4596,6678,327,134,9
3412119892,2732,-5510,-5928,184,218,-235,0,0,-7,-1,-15964,0,1822,-4724,6366,247,173,-93
3412169892,4450,-6818,-6766,315,-183,171,0,0,-7,-1,-15963,0,1162,-5286,6262,101,-168,-221
3412219892,1744,-7220,-7846,326,-615,-183,-15960,0,-15537,0,8160,8192,2464,-7142,7252,-91,225,391
3412269892,1672,-7968,-6180,-97,-105,-517,-15958,0,-15537,0,8160,8192,1370,-7260,5938,50,-447,336
3412319892,612,-7812,-6062,98,-172,-219,8160,8192,6980,-13469,645,8192,1436,-7670,5608,255,268,-121
3412369892,-384,-7922,-4820,-183,-646,-479,-15953,0,-15537,0,8160,8192,-628,-8322,2844,621,-1398,-616
3412419892,-3446,-8482,-4644,-679,-3394,-1147,0,0,-7,-1,-15951,0,3602,-11442,4998,1336,-4040,-1365
3412469892,2192,1358,-6250,-3157,2080,-302,-15948,0,-15537,0,8160,8192,4566,-3414,13818,-384,-3281,-870
3412519892,-70,-3448,-9974,-2159,-5319,-3621,0,0,-7,-1,-16946,0,2512,-4094,5990,929,-4166,-228
3412569892,2176,-1402,-11298,-431,-416,-358,-17944,0,-15537,0,8160,8192,8510,-2048,7052,-96,-1224,-741
3412619892,4494,-1000,-9356,-218,-326,-245,-15942,0,-15537,0,8160,8192,5326,-608,6690,257,-1172,-386
3412669892,2718,-5330,-5974,378,-1773,-373,8160,8192,29300,-13464,645,8192,6880,-2166,6394,-139,-718,-663
3412719892,4372,-3102,-7518,-912,687,447,-17938,0,-15537,0,8160,8192,5188,-2688,5182,55,-786,-710
3412769892,3316,-4040,-7794,-930,-626,814,-15936,0,-15537,0,8160,8192,3058,-1386,5798,-163,-330,-767
3412819892,6306,-4348,-7760,-1228,406,353,-17934,0,-15537,0,8160,8192,5200,-990,8704,456,-578,-1409
3412869892,3164,-2164,-6004,-745,695,376,0,0,-7,-1,-16933,0,3612,-1138,4240,215,137,-1754
3412919892,5290,-1752,-4444,-457,930,915,-16932,0,-15537,0,8160,8192,2824,-528,6080,282,526,-2510
3412969892,3556,-3196,-5374,1045,-909,-44,-15930,0,-15537,0,8160,8192,5298,-1450,5446,197,-14,-2207
3413019892,7956,-422,-8570,689,-450,630,-15925,0,-15537,0,8160,8192,5122,3084,9736,-23,619,-2240
3413069892,4274,-842,-6966,-432,-639,-2465,-15923,0,-15537,0,8160,8192,3160,-74,7714,2069,-1101,-2201
3413119892,2486,1940,-7220,-2395,-914,-7134,-16923,0,-15537,0,8160,8192,4820,2384,5680,4737,-2976,-2531
3413169892,3264,8022,-9700,-2869,1142,-11138,8160,8192,5012,-13456,645,8192,5480,7842,784,6864,-4036,-1732
3413219892,4574,9518,-6946,-2055,762,-7703,-17918,0,-15537,0,8160,8192,3894,10572,-114,6345,-2022,-1463
3413269892,5516,9222,-7020,-565,-540,-4481,-16916,0,-15537,0,8160,8192,4378,11206,-2254,3719,-2176,-351
3413319892,5714,6420,-6644,-1803,-863,586,-15913,0,-15537,0,8160,8192,6632,7830,2612,264,-212,-1685
3413369892,5810,5116,-5240,-620,446,-230,8160,8192,0,0,645,8192,2456,7698,2276,267,1007,-840
3413419892,3234,5046,-6792,544,-383,592,8160,8192,0,0,645,8192,4682,6624,808,-1137,-462,735
3413469892,3106,4200,-8038,284,-1226,1183,8160,8192,-22668,-13452,645,8192,6842,5344,1808,-809,-917,772
3413519892,3968,2810,-7456,557,-1241,1224,-17903,0,-15537,0,8160,8192,5950,4462,2402,-507,-355,945
3413569892,3850,2934,-7804,753,-1034,1194,0,0,-7,-1,-15901,0,6548,4524,2344,-729,4,1046
3413619892,3662,2656,-7672,1044,-908,1505,-15899,0,-15537,0,8160,8192,6088,4518,2076,-1147,557,1299
3413669892,3468,2322,-7808,1272,-924,1980,0,0,-7,-1,-16897,0,6194,4128,2322,-1489,676,1574
3413719892,3266,2354,-8400,1342,-851,2323,-17895,0,-15537,0,8160,8192,7476,3550,2792,-1797,1437,1230
3413769892,3566,1878,-8672,1190,-637,2380,8160,8192,15188,-13447,645,8192,6560,3724,3464,-1855,2011,817
3413819892,3628,1172,-8284,1301,-733,2304,0,0,-7,-1,-15893,0,6396,3326,3408,-2118,1684,1015
3413869892,3514,924,-8298,1462,-678,2955,-15890,0,-15537,0,8160,8192,5432,2960,3518,-2690,1981,890
3413919892,3476,368,-8346,1462,-774,3513,-17888,0,-15537,0,8160,8192,4618,2214,4958,-3096,1500,1040
3413969892,3300,-294,-8372,1492,-632,2126,0,0,-7,-1,-15884,0,5102,2280,5260,-1888,1243,1512
3414019892,3216,-612,-8664,980,-701,2392,8160,8192,0,0,645,8192,5332,1114,5932,-1973,1048,1387
3414069892,3132,-1644,-8448,1082,-925,1691,-16876,0,-15537,0,8160,8192,5746,530,5868,-1703,103,1591
3414119892,2254,-620,-9250,886,-520,1348,-15872,0,-15537,0,8160,8192,6770,260,5856,-1514,496,1295
3414169892,3084,-1770,-8564,1166,-258,1701,-17868,0,-15537,0,8160,8192,6252,-188,5546,-1290,278,1129
3414219892,1234,-1488,-8844,2648,-1215,713,8160,8192,0,0,645,8192,5566,-128,5628,-1341,913,1050
3414269892,2218,-3282,-8554,968,250,1277,-15861,0,-15537,0,8160,8192,5166,-918,5626,-1377,289,1276
3414319892,1984,-2318,-8528,416,256,665,8160,8192,-24636,-13439,645,8192,6196,-1400,5794,-1239,585,1020
3414369892,2214,-3304,-8448,1227,403,858,-16857,0,-15537,0,8160,8192,5332,-1706,5732,-962,669,900
3414419892,2678,-2894,-8490,163,220,419,0,0,-7,-1,-15853,0,5824,-2246,5638,-834,184,709
3414469892,2246,-3244,-8812,964,6,613,8160,8192,0,0,645,8192,5550,-2004,6068,-980,779,634
3414519892,2628,-3646,-7880,806,811,535,-15850,0,-15537,0,8160,8192,5158,-2622,6048,-825,773,954
3414569892,2336,-3886,-8076,889,58,201,-15847,0,-15537,0,8160,8192,4808,-2782,5634,-785,676,1059
3414619892,2158,-3762,-7786,697,513,97,-16845,0,-15537,0,8160,8192,5022,-3160,6026,-730,860,982
3414669892,2478,-3876,-7886,604,507,313,-15842,0,-15537,0,8160,8192,4210,-3246,5996,-406,845,989
3414719892,2300,-4260,-7678,385,198,-214,-15840,0,-15537,0,8160,8192,4240,-3408,6046,-288,136,828
3414769892,3812,-3748,-7298,-171,508,880,8160,8192,0,0,645,8192,4446,-3644,6106,-352,570,777
3414819892,2860,-4312,-7366,674,487,346,8160,8192,0,0,645,8192,3552,-3654,6056,-364,649,650
3414869892,2208,-3930,-7208,438,345,160,-15831,0,-15537,0,8160,8192,3616,-3634,6018,-345,465,646
3414919892,2706,-4444,-7022,632,864,370,8160,8192,-14460,-13430,645,8192,3642,-3746,6212,-307,728,546
3414969892,3372,-4838,-7106,484,641,229,0,0,-7,-1,-15827,0,3190,-3616,6342,-130,549,318
3415019892,3324,-4328,-6924,138,372,34,-15824,0,-15537,0,8160,8192,3740,-3440,6302,-129,367,273
3415069892,3396,-4316,-6900,497,590,327,-17821,0,-15537,0,8160,8192,3430,-3532,6372,-73,797,187
3415119892,3630,-4662,-6778,551,527,336,8160,8192,-11068,-13427,645,8192,2850,-3578,6488,16,627,132
3415169892,3334,-4262,-6850,233,272,51,-17817,0,-15537,0,8160,8192,3076,-3340,6652,71,497,72
3415219892,3784,-4312,-6662,352,425,12,-16814,0,-15537,0,8160,8192,2794,-3266,6586,105,410,73
3415269892,3666,-4204,-6844,212,198,-102,8160,8192,7860,-13424,645,8192,2950,-3166,6488,125,310,87
3415319892,3590,-4340,-6786,340,308,-45,-15810,0,-15537,0,8160,8192,3174,-3328,6438,38,316,133
3415369892,3854,-4702,-6550,398,362,29,-15808,0,-15537,0,8160,8192,2664,-3414,6494,42,494,126
3415419892,3744,-4514,-6388,245,252,-24,-15802,0,-15537,0,8160,8192,2856,-3400,6598,-26,332,87
3415469892,4174,-4674,-6366,182,364,57,8160,8192,11252,-13421,645,8192,2670,-3424,7026,75,474,-58
3415519892,4000,-4662,-6518,170,393,39,-15798,0,-15537,0,8160,8192,2602,-3612,7176,6,534,-49
3415569892,4070,-4788,-6446,206,415,-94,-15795,0,-15537,0,8160,8192,2690,-3516,7186,108,442,-62
3415619892,4632,-4930,-6242,298,464,-25,-15791,0,-15537,0,8160,8192,2372,-3228,7312,222,495,-79
3415669892,4566,-4586,-6240,122,358,-142,8160,8192,14644,-13418,645,8192,2510,-3160,7526,191,389,-111
3415719892,4696,-4402,-6290,274,500,-99,0,0,-7,-1,-16786,0,2298,-2804,7068,218,450,-49
3415769892,4746,-4352,-5910,180,303,-184,-15784,0,-15537,0,8160,8192,2076,-2590,7066,244,307,-40
3415819892,4468,-4108,-6018,60,96,-287,0,0,-7,-1,-15781,0,2438,-2758,7254,234,83,-9
3415869892,4726,-4398,-6038,-30,18,-308,8160,8192,0,0,645,8192,2204,-2764,7162,180,-38,-6
3415919892,4166,-3558,-5648,-1652,299,-332,8160,8192,2500,-13414,645,8192,2128,-2930,6970,67,53,1
3415969892,4796,-4834,-6400,-76,223,-18,-17776,0,-15537,0,8160,8192,2376,-3258,6892,92,206,89
3416019892,3780,-4156,-6008,464,221,-153,0,0,-7,-1,-15773,0,2058,-3640,6908,135,450,115
3416069892,3592,-6586,-7486,2218,-331,-296,8160,8192,0,0,645,8192,2052,-3674,6908,308,282,107
3416119892,3294,-5768,-6856,-211,242,-22,0,0,-7,-1,-15769,0,2008,-4394,6852,169,55,33
3416169892,2662,-5456,-7058,142,365,-31,8160,8192,-9644,-13411,645,8192,2454,-5050,6590,126,264,229
3416219892,3202,-5782,-6212,25,-91,-284,8160,8192,0,0,645,8192,1688,-5064,6318,272,-627,537
3416269892,2844,-7430,-7686,1142,-442,-422,-15763,0,-15537,0,8160,8192,2142,-5510,6496,244,-530,409
3416319892,2434,-7726,-6268,-231,-35,-430,0,0,-7,-1,-15761,0,1458,-6394,6606,262,-272,-136
3416369892,2178,-7082,-7146,-108,53,-70,-17758,0,-15537,0,8160,8192,2878,-6514,6364,20,156,-465
3416419892,2068,-7312,-7216,474,571,436,0,0,-7,-1,-16756,0,2260,-6964,7060,123,1370,-614
3416469892,1968,-7514,-6694,47,295,-112,-15755,0,-15537,0,8160,8192,686,-7374,5656,420,503,-697
3416519892,-684,-6468,-5984,-549,-2292,-1031,-15753,0,-15537,0,8160,8192,934,-6820,2114,573,-2764,-619
3416569892,-2276,-10058,-4472,-830,-3969,-1711,8160,8192,-2860,-13405,645,8192,1526,-3478,3542,2680,-2627,190
3416619892,1382,-938,-4652,-2289,559,-856,-15748,0,-15537,0,8160,8192,-2728,-1966,8210,-255,-2104,-563
3416669892,4496,-5714,-5452,-2873,-4169,-3028,8160,8192,0,0,645,8192,5340,-1146,6280,993,-3442,-891
3416719892,4002,-2628,-10264,20,-1098,-290,-15745,0,-15537,0,8160,8192,7106,-1716,4240,304,-2004,-218
3416769892,5072,-2780,-7644,19,-744,781,-15743,0,-15537,0,8160,8192,5964,-3850,7862,-164,-689,-285
3416819892,3490,-3038,-7778,-761,-260,-20,-17741,0,-15537,0,8160,8192,5170,-2390,7706,83,-582,-771
3416869892,3506,-3286,-6024,-18,-8,636,0,0,-7,-1,-16739,0,4602,-1886,6260,-210,-341,-298
3416919892,4216,-1814,-9664,-862,166,-10,-16737,0,-15537,0,8160,8192,3230,-734,6690,-56,-145,-732
3416969892,2350,-3448,-6358,61,658,69,-16734,0,-15537,0,8160,8192,3428,-1440,7368,163,-85,-1127
3417019892,3976,-1400,-3954,-877,778,552,-16731,0,-15537,0,8160,8192,3590,-1096,5258,-147,14,-1550
3417069892,4278,-1376,-3446,-654,1221,1068,0,0,-7,-1,-15728,0,5586,-284,4078,109,370,-2726
3417119892,7326,-1528,-6316,254,50,973,8160,8192,0,0,645,8192,3602,634,8606,109,365,-3848
3417169892,6926,-1620,-7218,376,-670,-701,0,0,-7,-1,-15724,0,4028,1950,7820,199,-476,-3156
3417219892,3512,1750,-7704,-1001,-890,-3917,-17722,0,-15537,0,8160,8192,4752,2496,5796,2339,-2692,-2605
3417269892,6508,4458,-8118,-2906,-1505,-7658,8160,8192,0,0,645,8192,5782,6016,3204,5534,-3220,-1981
3417319892,4422,7026,-9608,-2956,-950,-9873,0,0,-7,-1,-16719,0,7472,8506,318,7466,-3783,-1751
3417369892,5026,8076,-6664,-2399,2033,-6587,-16715,0,-15537,0,8160,8192,3804,10292,828,6082,-147,-2142
3417419892,7804,9156,-5712,-1205,1646,-2732,8160,8192,-4828,-13392,645,8192,2872,11984,-1160,3038,-182,-981
3417469892,6672,8206,-4576,-853,676,-85,8160,8192,0,0,645,8192,2452,10656,1336,401,1403,-1681
3417519892,3924,3790,-5350,-731,81,154,0,0,-7,-1,-15709,0,2232,5854,124,-576,-89,-558
3417569892,3056,4162,-8034,413,-1410,775,8160,8192,14100,-13389,645,8192,5996,5158,2074,-572,-806,967
3417619892,4322,2800,-7714,387,-1314,523,-15706,0,-15537,0,8160,8192,7452,4780,2652,-23,-288,895
3417669892,4862,2742,-7434,836,-974,867,-15702,0,-15537,0,8160,8192,4814,5216,2654,-621,411,1064
3417719892,3936,3448,-8066,1606,-1204,1588,-15701,0,-15537,0,8160,8192,5322,5246,2270,-1475,319,1913
3417769892,3678,2706,-8084,1980,-1629,2443,0,0,-7,-1,-16699,0,6936,4572,2090,-2094,414,2300
3417819892,3692,2670,-7796,1876,-1014,3110,-15698,0,-15537,0,8160,8192,5590,4504,2546,-2638,1207,1987
3417869892,3544,1700,-7866,2258,-1618,3594,-15696,0,-15537,0,8160,8192,7572,3390,3146,-3243,-98,2510
3417919892,5006,940,-7970,2445,-1839,2187,0,0,-7,-1,-15693,0,5412,3668,4290,-1395,1087,2397
3417969892,2918,198,-8784,1388,-1263,1532,-17692,0,-15537,0,8160,8192,7640,2352,3696,-1774,450,1896
3418019892,3314,186,-8652,1521,-993,1801,-15690,0,-15537,0,8160,8192,6522,2352,4278,-1814,1735,1417
3418069892,3172,18,-8386,1126,-1053,2147,-15687,0,-15537,0,8160,8192,4932,1772,5274,-1552,906,1747
3418119892,2542,-996,-9590,1839,-1028,1311,-16685,0,-15537,0,8160,8192,7708,642,5104,-1625,649,1674
3418169892,2550,-1968,-9402,1451,-531,1845,-17683,0,-15537,0,8160,8192,5888,352,5298,-1567,1067,1661
3418219892,2004,-1606,-9550,1098,-39,842,-17680,0,-15537,0,8160,8192,6962,-36,5416,-1413,1326,1353
3418269892,2892,-2090,-8424,857,80,1763,0,0,-7,-1,-15678,0,5682,-704,5370,-1497,783,1492
3418319892,1072,-2104,-9200,943,762,313,-17674,0,-15537,0,8160,8192,6222,-1332,5306,-1332,1203,1303
3418369892,2812,-3392,-7824,1153,136,1366,0,0,-7,-1,-15671,0,6064,-2152,5398,-1282,312,1334
3418419892,856,-3160,-8698,550,174,466,8160,8192,12132,-13376,645,8192,5414,-2498,5570,-1091,971,999
3418469892,2296,-3358,-8480,871,399,554,-15665,0,-15537,0,8160,8192,5096,-2780,5590,-953,571,1095
3418519892,2138,-3568,-8018,564,131,311,0,0,-7,-1,-15663,0,5540,-3028,6014,-721,631,897
3418569892,2356,-3652,-8416,479,479,158,-16661,0,-15537,0,8160,8192,5320,-2706,5584,-646,569,640
3418619892,2168,-3242,-7944,514,551,444,0,0,-7,-1,-16658,0,4866,-2870,5648,-592,784,657
3418669892,3442,-3386,-8082,310,554,956,8160,8192,-12,-13373,645,8192,5152,-3010,5532,-552,542,666
3418719892,2434,-3448,-7626,487,590,464,0,0,-7,-1,-16653,0,4406,-3390,5890,-493,827,681
3418769892,2658,-3606,-8220,622,668,346,-16650,0,-15537,0,8160,8192,4460,-3252,6220,-460,880,581
3418819892,3348,-3622,-7070,895,1067,493,-17649,0,-15537,0,8160,8192,4314,-3208,6216,-369,1187,735
3418869892,3158,-4212,-7558,1057,1056,468,8160,8192,0,0,645,8192,3964,-3380,5810,-352,1066,574
3418919892,3024,-4010,-6874,673,815,420,0,0,-7,-1,-15644,0,3766,-3460,5976,-307,1052,462
3418969892,3308,-4232,-6934,628,810,371,-15640,0,-15537,0,8160,8192,3332,-3480,6134,-235,819,467
3419019892,3278,-4026,-6706,545,630,321,0,0,-7,-1,-16636,0,3378,-3552,6276,-248,668,354
3419069892,3614,-4338,-6724,604,789,423,0,0,-7,-1,-16632,0,3094,-3532,6680,-63,754,140
3419119892,4018,-4728,-7040,430,549,205,-15630,0,-15537,0,8160,8192,3056,-3638,6740,-32,500,184
3419169892,3780,-4636,-6768,293,327,46,0,0,-7,-1,-16628,0,3134,-3626,6548,7,292,193
3419219892,3518,-4356,-6606,344,474,75,0,0,-7,-1,-16628,0,3110,-3604,6616,66,621,165
3419269892,4028,-4876,-6364,490,475,102,8160,8192,10164,-13363,645,8192,2774,-3458,6596,94,657,123
3419319892,3812,-4812,-6206,229,326,-23,0,0,-7,-1,-16623,0,2566,-3694,6690,132,567,-50
3419369892,3838,-4750,-6366,104,141,-80,0,0,-7,-1,-15620,0,2592,-3490,6448,91,423,-111
3419419892,3616,-4554,-6330,109,561,157,-15617,0,-15537,0,8160,8192,2942,-3520,6606,-117,1183,-46
3419469892,4340,-4726,-5854,640,1085,613,0,0,-7,-1,-16614,0,1846,-3202,6910,-179,1633,-72
3419519892,4518,-5044,-5456,537,634,417,8160,8192,0,0,645,8192,1484,-3364,6912,-44,915,-86
3419569892,4298,-4772,-5962,121,197,40,-16609,0,-15537,0,8160,8192,2010,-3330,7232,-4,432,-121
3419619892,4760,-4842,-5896,173,146,-79,0,0,-7,-1,-16606,0,1656,-3154,7428,121,177,24
3419669892,4554,-5016,-5754,112,-72,-191,0,0,-7,-1,-15603,0,1896,-3242,7456,120,-4,47
3419719892,4640,-4682,-5828,145,143,-83,-15601,0,-15537,0,8160,8192,2072,-2936,7366,98,200,27
3419769892,5076,-4850,-5794,256,209,-85,8160,8192,0,0,645,8192,1708,-2928,7438,176,163,64
3419819892,4698,-4726,-5624,81,95,-194,-17596,0,-15537,0,8160,8192,1836,-3092,7636,205,129,-4
3419869892,5458,-4424,-5134,-2546,675,-241,0,0,-7,-1,-15594,0,1668,-2904,7382,234,217,-78
3419919892,5128,-4478,-6124,-194,159,-20,-15591,0,-15537,0,8160,8192,1912,-2958,7098,244,100,-27
3419969892,4756,-4184,-5298,246,240,-265,-15590,0,-15537,0,8160,8192,1848,-3244,7140,253,159,30
3420019892,3666,-4134,-6630,1412,-46,-328,8160,8192,-26268,-13352,645,8192,1822,-3566,7018,239,314,73
3420069892,3782,-5422,-6520,390,232,-166,-16585,0,-15537,0,8160,8192,1770,-4024,7300,292,253,46
3420119892,4044,-5504,-6246,2,189,-325,-15582,0,-15537,0,8160,8192,1600,-4308,7050,448,96,-45
3420169892,4216,-4818,-6004,-149,370,-510,-15579,0,-15537,0,8160,8192,1446,-3568,6556,406,-165,-82
3420219892,3672,-4888,-6284,77,185,-200,-15575,0,-15537,0,8160,8192,2526,-3906,6836,145,-122,181
3420269892,3892,-5624,-5760,-17,399,57,-16574,0,-15537,0,8160,8192,1518,-4220,6468,250,102,53
3420319892,4322,-5440,-6038,-382,100,-179,8160,8192,0,0,645,8192,1604,-4298,6924,215,-316,-207
3420369892,3604,-5724,-6580,59,-200,-359,-15570,0,-15537,0,8160,8192,1944,-4976,6958,255,-329,-19
3420419892,3986,-7716,-7138,625,173,-81,-15568,0,-15537,0,8160,8192,1386,-5340,6800,238,196,-22
3420469892,2912,-6810,-6450,-147,-173,-217,8160,8192,30516,-13345,645,8192,1864,-5830,6664,202,-164,-516
3420519892,3202,-7190,-7050,-224,24,-23,0,0,-7,-1,-15561,0,1998,-6084,7204,159,483,-677
3420569892,1782,-7332,-6116,-423,-368,-386,-15559,0,-15537,0,8160,8192,194,-7074,5410,318,-142,-729
3420619892,-1196,-6690,-6412,-1043,-3103,-1397,-15558,0,-15537,0,8160,8192,2330,-8160,2046,434,-3730,-813
3420669892,3988,-8598,-7636,-1354,-4816,-1274,0,0,-7,-1,-15555,0,-1838,212,1220,2084,-4150,-217
3420719892,4180,-1546,-8152,-1417,-484,-69,0,0,-7,-1,-16554,0,520,-1544,7702,-534,-2068,89
3420769892,5538,-4294,-7326,-1894,-2809,-2429,8160,8192,2836,-13340,645,8192,4230,-2282,7124,532,-3054,-73
3420819892,3094,-3706,-8770,729,-661,-423,8160,8192,-12700,-13340,645,8192,8078,-2198,4954,120,-1357,-317
3420869892,4530,-1208,-7456,-525,-322,29,8160,8192,-28236,-13339,645,8192,6232,-1086,5900,-56,-713,-434
3420919892,2774,-1398,-7878,-1126,-1024,-320,-15544,0,-15537,0,8160,8192,4328,-1968,6008,-66,-975,-743
3420969892,2252,-3924,-7548,-75,-840,-13,8160,8192,0,0,645,8192,4916,-1558,4646,-87,-1387,-924
3421019892,3812,-2808,-8078,-919,-787,199,8160,8192,-9308,-13337,645,8192,4584,-1310,7552,-213,-787,-624
3421069893,3572,-3126,-6496,-1128,190,9,0,0,-7,-1,-15538,0,3814,-880,5732,510,-714,-1458
3421119892,4350,-2126,-4610,-235,564,442,-16536,0,-15537,0,8160,8192,2824,452,3870,-136,232,-1511
3421169892,3610,-1564,-7430,745,1534,1035,8160,8192,0,0,645,8192,4012,-188,4182,75,392,-2209
3421219892,5988,-1804,-4058,580,81,303,0,0,-7,-1,-17531,0,5002,542,7078,404,344,-3300
3421269892,6364,-1920,-7280,320,-268,-1312,8160,8192,-21452,-13333,645,8192,4930,1272,7502,1111,-291,-3854
3421319892,4698,2440,-8518,-1318,-418,-4303,-17529,0,-15537,0,8160,8192,4364,3890,5442,3228,-1929,-3348
3421369892,6060,5406,-8738,-2689,576,-7809,-16527,0,-15537,0,8160,8192,4366,6566,4088,4853,-2266,-2224
3421419892,4960,8440,-8762,-2184,695,-7862,-16525,0,-15537,0,8160,8192,6078,8026,782,5895,-2311,-1253
3421469892,4154,6582,-7368,-1619,668,-5260,-17522,0,-15537,0,8160,8192,4988,8822,-1384,4586,-949,-1535
3421519892,3190,6878,-7312,-1146,-115,-1296,-16520,0,-15537,0,8160,8192,3194,9360,-1592,2026,-930,-1432
3421569892,4972,5936,-4908,-449,-729,241,-16519,0,-15537,0,8160,8192,2440,7924,2684,316,-764,-28
3421619892,5808,4576,-5388,637,-1459,-334,8160,8192,868,-13327,645,8192,3204,7912,1748,454,-762,1598
3421669892,4676,3392,-8108,636,-1477,899,-18515,0,-15537,0,8160,8192,6714,5810,3132,-473,-295,1152
3421719892,4120,2616,-8212,460,-846,463,8160,8192,0,0,645,8192,7762,4644,3388,-331,31,646
3421769892,4050,2664,-7710,615,-546,543,-18511,0,-15537,0,8160,8192,5760,4854,2252,-458,384,650
3421819892,3368,3280,-7656,947,-706,924,0,0,-7,-1,-16510,0,5704,5014,1940,-1082,364,1148
3421869892,3086,2536,-8294,1219,-969,1391,-16509,0,-15537,0,8160,8192,7036,4412,1932,-1328,434,1248
3421919892,3922,2734,-7796,1413,-1109,1898,-18506,0,-15537,0,8160,8192,5268,4730,2428,-1514,715,1707
3421969892,3428,2692,-8106,1484,-1443,2067,-16503,0,-15537,0,8160,8192,6378,4220,2776,-1760,477,1832
3422019892,2882,1552,-8910,1380,-1037,2563,8160,8192,7652,-13321,645,8192,8170,3382,2600,-2338,708,1336
3422069892,3952,1566,-8688,1288,-935,2952,-16498,0,-15537,0,8160,8192,5004,3510,4932,-2129,1857,946
3422119892,3034,664,-8420,1500,-996,2349,8160,8192,0,0,645,8192,6040,2950,3928,-2101,1533,1591
3422169892,3260,-354,-8910,2237,-1288,2230,0,0,-7,-1,-17493,0,6252,1850,4646,-2428,915,1736
3422219892,2130,-982,-8824,1631,-599,2339,-16491,0,-15537,0,8160,8192,6572,1032,5352,-2313,1282,1730
3422269892,2704,-948,-9226,1937,-909,2249,0,0,-7,-1,-16489,0,6028,1318,5532,-2154,1245,1766
3422319892,1598,-1716,-9826,1997,-439,1491,8160,8192,-20028,-13317,645,8192,7082,108,5502,-1790,1099,1518
3422369892,2366,-2214,-8784,1421,102,1317,0,0,-7,-1,-16485,0,7130,-800,5828,-1520,856,1215
3422419892,1520,-2774,-8922,1075,241,1058,-16484,0,-15537,0,8160,8192,5412,-678,5188,-1144,1313,1039
3422469892,1566,-2380,-8584,467,496,629,0,0,-7,-1,-16482,0,5854,-1540,5736,-1050,594,1197
3422519892,2204,-3276,-8448,975,594,575,-16479,0,-15537,0,8160,8192,5640,-1768,5068,-1046,700,1166
3422569892,1790,-2672,-8380,564,295,738,8160,8192,-32172,-13313,645,8192,4820,-1864,5758,-1151,919,1332
3422619892,2330,-3832,-8062,1159,-147,592,-16475,0,-15537,0,8160,8192,5790,-2746,6030,-1009,206,1328
3422669892,1388,-3346,-8494,433,14,149,0,0,-7,-1,-16474,0,5264,-2566,5514,-773,647,866
3422719892,2110,-3138,-8294,672,559,367,-17471,0,-15537,0,8160,8192,4904,-2666,5572,-725,784,762
3422769892,2156,-3834,-7820,733,27,378,-16468,0,-15537,0,8160,8192,4370,-3052,5442,-640,235,883
3422819892,1822,-3610,-8360,50,2,745,-16465,0,-15537,0,8160,8192,4664,-3262,5812,-546,337,907
3422869892,2128,-4230,-7848,539,362,210,0,0,-7,-1,-16463,0,4632,-3508,6014,-520,315,895
3422919892,2194,-3956,-7996,375,299,117,8160,8192,-9852,-13308,645,8192,4814,-3636,6362,-361,469,712
3422969892,2542,-3792,-8482,666,803,132,8160,8192,-25388,-13307,645,8192,4420,-3396,6006,-308,649,595
3423019892,2566,-3796,-7562,853,667,196,0,0,-7,-1,-16456,0,4264,-3260,5802,-295,903,747
3423069892,3026,-4106,-7208,766,902,186,-16453,0,-15537,0,8160,8192,3706,-3492,6128,-224,837,662
3423119892,2676,-3830,-7078,569,804,40,8160,8192,0,0,645,8192,3578,-3440,6046,-149,827,660
3423169892,2642,-4110,-6808,732,936,125,-16448,0,-15537,0,8160,8192,3634,-3584,6002,19,1162,479
3423219892,3564,-4844,-6846,374,1149,32,0,0,-7,-1,-16445,0,2830,-3558,6260,273,633,142
3423269892,3506,-4352,-6938,201,631,-21,-16442,0,-15537,0,8160,8192,2892,-3672,6288,215,664,64
3423319892,3708,-4422,-7040,448,590,79,0,0,-7,-1,-16440,0,2918,-3416,6378,99,684,174
3423369892,3590,-4072,-6692,533,538,60,-16438,0,-15537,0,8160,8192,3008,-3384,6468,10,602,258
3423419892,3614,-4388,-6436,542,480,51,-16436,0,-15537,0,8160,8192,2862,-3530,6432,110,642,188
3423469892,3816,-4348,-6646,311,399,-58,8160,8192,15860,-13299,645,8192,2718,-3372,6394,107,472,113
3423519892,3890,-4394,-6268,356,331,-19,8160,8192,324,-13298,645,8192,2574,-3310,6504,48,516,56
3423569892,3868,-4170,-6536,241,542,67,8160,8192,0,0,645,8192,2586,-3100,6700,-12,679,5
3423619892,4518,-4484,-6132,402,582,123,-16427,0,-15537,0,8160,8192,2588,-3120,6974,-22,705,46
3423669892,4574,-4802,-6114,400,320,28,0,0,-7,-1,-16425,0,2318,-3352,7394,121,585,-36
3423719892,4890,-4518,-6254,55,554,-43,8160,8192,3716,-13295,645,8192,2208,-3082,7320,187,428,-102
3423769892,4750,-4688,-6182,147,343,-67,8160,8192,-11820,-13295,645,8192,2350,-3120,7090,161,328,-94
3423819892,4498,-4564,-6208,244,481,95,0,0,-7,-1,-16418,0,2514,-3244,7446,117,517,-78
3423869892,5206,-4650,-5794,162,620,83,-16415,0,-15537,0,8160,8192,1944,-2924,7664,202,614,-154
3423919892,4814,-4592,-6056,163,582,-74,0,0,-7,-1,-17413,0,2228,-3048,7438,299,511,-177
3423969892,4632,-4694,-5644,265,705,-29,-16411,0,-15537,0,8160,8192,1884,-3090,7100,311,677,-109
3424019892,4842,-4914,-5578,268,487,-33,0,0,-7,-1,-17409,0,1592,-2976,6976,295,434,-93
3424069892,4788,-4652,-5342,190,434,46,0,0,-7,-1,-16408,0,1428,-2922,7130,190,470,-41
3424119892,4182,-5134,-5780,481,551,171,-18406,0,-15537,0,8160,8192,1698,-3680,7180,166,809,67
3424169892,4136,-5204,-5028,66,502,126,-16405,0,-15537,0,8160,8192,902,-3644,6910,199,806,56
3424219892,4274,-5638,-5196,145,8,-79,8160,8192,-20572,-13288,645,8192,1294,-3928,6924,155,335,176
3424269892,3924,-5414,-5396,353,501,139,-16400,0,-15537,0,8160,8192,1420,-3800,6878,69,639,81
3424319892,3838,-5570,-5610,573,766,229,-16399,0,-15537,0,8160,8192,980,-4332,7012,147,678,167
3424369892,3658,-6576,-5544,285,244,-291,8160,8192,-1644,-13286,645,8192,602,-4940,6356,299,-103,315
3424419892,3180,-6566,-5412,-93,-263,-535,-16394,0,-15537,0,8160,8192,814,-5148,6686,222,-508,286
3424469892,3158,-7300,-5242,135,-75,-242,8160,8192,0,0,645,8192,788,-5498,7026,174,-121,82
3424519892,2966,-7208,-5640,60,184,-109,0,0,-7,-1,-17389,0,1092,-5746,6492,132,-67,-214
3424569892,2864,-6870,-5470,-111,85,-127,0,0,-7,-1,-17387,0,792,-6048,6528,207,-204,-443
3424619892,3926,-8346,-5390,-313,-518,-461,8160,8192,-13788,-13282,645,8192,-632,-6100,7622,654,-1130,-373
3424669892,1172,-6046,-4578,-575,-1641,-1010,-16385,0,-15537,0,8160,8192,524,-5640,3402,193,-2556,-398
3424719892,-1320,-6842,-5342,-921,-3606,-679,-16382,0,-15537,0,8160,8192,920,-7896,2422,-230,-3619,-296
3424769892,6506,-10194,-6512,-1266,-3488,-694,-18379,0,-15537,0,8160,8192,5740,-2454,3782,-334,-3492,-640
3424819892,12030,-4380,-8448,-2860,-1200,-468,-16609,0,-15537,0,8160,8192,6694,-2670,11682,632,-4094,-1378
3424869892,3688,-4334,-4774,-400,-2500,-911,-18375,0,-15537,0,8160,8192,4960,-3712,4752,45,-2600,-260
3424919892,7760,-2180,-10344,-1434,-753,-158,-16373,0,-15537,0,8160,8192,5998,30,7676,278,-1492,-524
3424969892,2116,-2152,-5994,-284,-964,90,0,0,-7,-1,-16371,0,4588,-2920,5704,-302,-373,-214
3425019892,4264,-2696,-9514,-568,-472,-456,-16370,0,-15537,0,8160,8192,4216,-588,3404,128,-888,-523
3425069892,2300,-3602,-5392,103,-661,214,0,0,-7,-1,-16368,0,4214,-3416,6504,-200,-485,-90
3425119892,2140,-3380,-6740,-453,-203,-314,8160,8192,27460,-13274,645,8192,5562,-3170,7746,-221,-341,-548
3425169892,3506,-3662,-7172,-252,-278,-54,0,0,-7,-1,-16364,0,6234,-1614,5714,-212,-560,-830
3425219892,2636,-3328,-5254,-409,110,781,8160,8192,0,0,645,8192,3938,-2148,6668,1,154,-1480
3425269892,6164,-2576,-4362,-1011,1859,1410,8160,8192,-19148,-13272,645,8192,2162,902,6572,95,867,-2432
3425319892,4320,-2234,-5280,448,1177,255,-16356,0,-15537,0,8160,8192,4476,-256,5562,606,936,-3092
3425369892,6386,-2328,-6668,12,386,-126,-16353,0,-15537,0,8160,8192,4168,1238,6724,694,602,-3225
3425419892,3530,-210,-6014,-525,-947,-2251,-16351,0,-15537,0,8160,8192,1112,1848,5646,2011,-1316,-3504
3425469892,4922,4028,-8210,-1479,-1402,-5844,8160,8192,-15756,-13269,645,8192,2576,5742,4118,4606,-2953,-2517
3425519892,3364,7342,-9168,-3604,-819,-8900,-16345,0,-15537,0,8160,8192,6580,7794,1974,7015,-3036,-2148
3425569892,4266,7138,-9694,-3264,156,-7658,0,0,-7,-1,-16342,0,7040,8896,518,6262,-2021,-2631
3425619892,5644,6630,-7994,-3242,629,-2896,-16339,0,-15537,0,8160,8192,7298,9182,-1178,4299,-1132,-2936
3425669892,7390,8578,-2832,-3004,2116,-733,-16337,0,-15537,0,8160,8192,-1984,12496,-14,1547,-97,-3121
3425719892,6354,7872,-3116,-478,-540,-44,0,0,-7,-1,-16336,0,-472,10072,1378,-549,-137,-278
3425769892,3738,2872,-7504,197,-1445,1114,8160,8192,22100,-13264,645,8192,7656,4866,2718,-1246,-438,722
3425819892,4510,3418,-7220,74,-465,862,0,0,-7,-1,-16331,0,4196,4960,2950,-748,127,309
3425869892,3950,3200,-7602,784,-1008,676,-16329,0,-15537,0,8160,8192,6092,5328,2506,-674,-48,959
3425919892,4422,2994,-7070,1202,-994,626,-17327,0,-15537,0,8160,8192,4856,5014,2554,-605,66,1476
3425969892,4270,3668,-7298,1435,-1156,786,8160,8192,25492,-13261,645,8192,5264,5812,2312,-904,293,1653
3426019892,4324,3764,-7228,1717,-1355,1139,0,0,-7,-1,-16323,0,4712,6106,2362,-1201,395,2049
3426069892,4420,3492,-7546,2095,-1627,1749,-18321,0,-15537,0,8160,8192,5716,6042,2920,-1685,495,2099
3426119892,4932,4106,-7746,2163,-1616,2402,-16319,0,-15537,0,8160,8192,4908,6794,2644,-2042,414,2296
3426169892,4612,3998,-8176,1557,-974,3300,0,0,-7,-1,-16317,0,7398,6262,3526,-2911,1701,1717
3426219892,5164,2614,-7496,1439,-390,4522,0,0,-7,-1,-16315,0,2818,4276,4684,-2656,2440,2682
3426269892,3878,-146,-9198,1343,-160,3077,8160,8192,-2188,-13257,645,8192,7180,1960,5236,-2080,194,3179
3426319892,2142,-1632,-9836,1560,-1461,2501,8160,8192,-17724,-13256,645,8192,8002,-148,5362,-1900,1621,2378
3426369892,2056,-1388,-9812,879,718,1653,-18308,0,-15537,0,8160,8192,6278,-136,5198,-1568,1054,1812
3426419892,2682,-60,-8008,3020,-784,-622,-16305,0,-15537,0,8160,8192,7010,-186,5370,-1185,902,1551
3426469892,2546,-2134,-9024,1233,641,364,0,0,-7,-1,-16303,0,6010,-330,5746,-1018,742,1519
3426519892,3596,-1726,-7812,471,593,520,0,0,-7,-1,-16302,0,6208,-828,5226,-973,767,1383
3426569892,2592,-2176,-8580,1296,-821,153,0,0,-7,-1,-17300,0,5834,-1406,5452,-927,835,1138
3426619892,1966,-2144,-8464,69,917,-196,-17298,0,-15537,0,8160,8192,5654,-1604,5216,-675,414,1423
3426669892,3658,-2616,-7792,470,-812,1032,-16295,0,-15537,0,8160,8192,5080,-2068,5604,-672,228,1261
3426719892,2450,-2332,-8188,422,486,344,-16293,0,-15537,0,8160,8192,5092,-1942,5534,-715,572,1039
3426769892,3260,-2652,-7830,557,223,291,-16291,0,-15537,0,8160,8192,5148,-2112,5636,-596,373,943
3426819892,2910,-2172,-8130,742,104,305,-18289,0,-15537,0,8160,8192,5022,-1950,5462,-722,587,851
3426869892,3508,-2832,-7584,903,529,588,0,0,-7,-1,-17286,0,4998,-2350,5876,-640,658,843
3426919892,3176,-2996,-7506,677,218,452,-17283,0,-15537,0,8160,8192,4418,-2544,5736,-527,629,754
3426969892,3742,-3508,-7202,545,519,222,8160,8192,0,0,645,8192,4142,-2574,6114,-448,686,684
3427019892,3850,-3598,-7230,658,298,315,-16280,0,-15537,0,8160,8192,4784,-2496,6058,-373,577,723
3427069892,3530,-2820,-7420,674,594,461,8160,8192,11380,-13244,645,8192,4368,-2720,6512,-405,1035,427
3427119892,4054,-3204,-7122,887,764,463,-16276,0,-15537,0,8160,8192,3770,-2556,6132,-307,972,530
3427169892,4058,-3260,-6932,785,504,408,8160,8192,0,0,645,8192,4022,-2384,6144,-301,833,446
3427219892,3934,-3362,-7226,629,509,340,-16273,0,-15537,0,8160,8192,3728,-2918,6422,-248,798,475
3427269892,4248,-3656,-6692,416,256,199,8160,8192,14772,-13241,645,8192,4036,-2762,6610,-179,384,313
3427319892,4242,-3664,-6834,399,397,229,-17268,0,-15537,0,8160,8192,3724,-2944,6456,-107,594,110
3427369892,4042,-3822,-7002,347,413,226,0,0,-7,-1,-16265,0,3734,-3122,6478,-73,493,21
3427419892,4208,-3672,-6822,399,397,328,8160,8192,0,0,645,8192,3390,-2880,6412,-126,714,46
3427469892,4344,-3860,-6660,544,488,357,8160,8192,18164,-13238,645,8192,3318,-2992,6682,-145,685,129
3427519892,4326,-3882,-6622,352,362,237,0,0,-7,-1,-16258,0,3394,-2932,6808,-105,549,80
3427569892,4724,-4166,-6620,423,443,208,-16256,0,-15537,0,8160,8192,3040,-2914,7016,12,627,-15
3427619892,4316,-3988,-6556,250,350,16,8160,8192,0,0,645,8192,3092,-3134,6890,-14,616,-37
3427669892,4336,-4102,-6182,306,617,86,0,0,-7,-1,-16250,0,2802,-3148,6828,5,837,-18
3427719892,4620,-4344,-6224,463,607,310,8160,8192,6020,-13234,645,8192,2884,-3012,6716,-10,995,-90
3427769892,4832,-4430,-5580,504,706,469,0,0,-7,-1,-17247,0,1758,-3086,7090,-88,1257,-17
3427819892,4820,-4350,-5516,428,465,307,-16246,0,-15537,0,8160,8192,1928,-2786,6902,-38,848,-102
3427869892,5084,-4266,-5354,232,244,169,-18244,0,-15537,0,8160,8192,1920,-2318,6896,-54,286,-171
3427919892,4964,-3836,-5674,122,105,198,8160,8192,0,0,645,8192,2364,-2340,7080,-112,129,-206
3427969892,4960,-4180,-6068,254,201,302,8160,8192,-6124,-13231,645,8192,2380,-2602,7156,-186,262,-103
3428019892,6772,-7526,-8986,-55,-203,692,-16239,0,-15537,0,8160,8192,2420,-3036,7328,-240,392,-53
3428069892,4706,-4822,-5736,25,-190,-75,-16236,0,-15537,0,8160,8192,2306,-3434,7300,-268,-25,-48
3428119892,4982,-5072,-5916,56,270,278,-16234,0,-15537,0,8160,8192,2360,-3746,7676,-111,641,-102
3428169892,5354,-5426,-6122,290,219,446,-16232,0,-15537,0,8160,8192,1864,-3968,7702,175,476,-251
3428219892,4450,-5460,-6178,-154,315,149,0,0,-7,-1,-16229,0,2080,-3952,7508,149,396,-216
3428269892,4054,-5130,-5932,-154,845,330,-17227,0,-15537,0,8160,8192,2100,-3994,7026,182,680,-267
3428319892,4050,-5878,-6010,167,878,538,0,0,-7,-1,-16225,0,1702,-4278,6920,228,1071,-156
3428369892,3124,-5802,-5790,-72,717,293,-16223,0,-15537,0,8160,8192,1664,-5004,6502,284,666,-171
3428419892,3536,-6050,-6146,-27,45,-187,0,0,-7,-1,-17220,0,740,-4954,6586,537,-214,-543
3428469892,4646,-7022,-7608,492,-376,-275,-17218,0,-15537,0,8160,8192,1938,-5212,6542,339,-724,-247
3428519892,2928,-6680,-5962,91,209,12,8160,8192,19588,-13222,645,8192,1460,-5582,6730,77,273,-113
3428569892,2704,-7186,-5618,-22,92,-238,0,0,-7,-1,-16215,0,1192,-5928,6394,97,-55,-227
3428619892,2424,-7392,-6052,-71,4,-125,-16212,0,-15537,0,8160,8192,1354,-6230,6646,182,457,-391
3428669892,2562,-6914,-6060,-214,-217,-240,-16210,0,-15537,0,8160,8192,956,-5948,5838,136,232,-416
3428719892,260,-6786,-6092,-288,-1692,-801,-18207,0,-15537,0,8160,8192,40,-7112,2544,98,-1810,-112
3428769892,-3006,-8482,-4208,-1344,-4480,-1596,8160,8192,7444,-13218,645,8192,2600,-11926,4574,1066,-3565,-199
3428819892,5402,-1130,-4340,-2156,377,-1731,-16202,0,-15537,0,8160,8192,10522,-1584,12894,-1373,-4964,-1286
3428869892,3938,-4646,-9542,-1094,-3399,-2948,0,0,-7,-1,-16200,0,7034,-2206,6978,1221,-4642,-1065
3428919892,2594,-954,-8472,726,-622,647,8160,8192,0,0,645,8192,7214,-2466,4806,-534,-79,26
3428969892,5642,-4278,-8494,-825,-937,-572,-16196,0,-15537,0,8160,8192,6164,-2536,6640,-36,-1203,83
3429019892,4098,-3476,-9370,-266,-809,-7,0,0,-7,-1,-16196,0,4382,-1038,5412,177,-580,-730
3429069892,4180,-5064,-4762,8,85,284,8160,8192,-20236,-13214,645,8192,3220,-3870,5518,-139,-535,-230
3429119892,4686,-1860,-10150,-1104,-63,191,-16193,0,-15537,0,8160,8192,3604,-3532,7542,60,-352,-722
3429169892,3692,-3966,-6148,71,411,720,0,0,-7,-1,-16191,0,3270,-2820,5934,-120,205,-731
3429219892,4482,-2458,-4358,-1248,314,766,8160,8192,-1308,-13212,645,8192,3448,-1458,7566,303,60,-1564
3429269892,2752,-2014,-2538,-638,1263,1241,-16186,0,-15537,0,8160,8192,1706,-1482,6162,4,1001,-1947
3429319892,5858,-26,-5752,-68,1149,1398,8160,8192,0,0,645,8192,2482,1210,6680,422,1186,-2788
3429369892,7162,-1822,-6628,635,-346,-462,-16183,0,-15537,0,8160,8192,3522,1460,9280,844,574,-2737
3429419892,4922,120,-7856,-1035,-578,-1317,8160,8192,0,0,645,8192,4746,2192,7736,1608,-469,-2873
3429469892,4868,2712,-5758,-1894,-1416,-4664,-17180,0,-15537,0,8160,8192,3882,2490,6498,3942,-3794,-2068
3429519892,3642,6282,-9112,-3354,-856,-8662,-16178,0,-15537,0,8160,8192,3744,6620,2912,6796,-2859,-2459
3429569892,5364,7056,-7314,-2652,570,-9412,-16176,0,-15537,0,8160,8192,4050,7878,1570,6995,-3777,-1349
3429619892,5706,6890,-7866,-2111,781,-5344,8160,8192,0,0,645,8192,5984,9910,-316,4598,-1356,-1781
3429669892,6346,8210,-6542,-1012,992,-442,0,0,-7,-1,-16171,0,2896,11078,-72,849,-503,-961
3429719892,5960,7956,-4302,-357,-539,960,8160,8192,0,0,645,8192,538,10558,2528,-740,1325,-95
3429769892,4298,4210,-6522,1079,-744,1918,-16167,0,-15537,0,8160,8192,4386,5810,1222,-2278,-245,1230
3429819892,3954,3726,-7704,1310,-1132,2222,-16166,0,-15537,0,8160,8192,6466,4930,3008,-1948,-408,1756
3429869892,4172,2182,-8002,1390,-1232,2038,-16165,0,-15537,0,8160,8192,6786,4366,3280,-1321,498,1560
3429919892,4114,1528,-7598,1073,-1000,2207,0,0,-7,-1,-16163,0,6054,4304,2546,-1900,417,1393
3429969892,4208,2012,-8054,1304,-366,2973,-17161,0,-15537,0,8160,8192,5508,3692,4124,-2690,1480,1010
3430019892,4476,1394,-7850,1953,-1033,2238,8160,8192,0,0,645,8192,6370,3416,3614,-2224,677,2193
3430069892,4008,504,-8078,2290,-1082,2979,-16156,0,-15537,0,8160,8192,6778,2422,4634,-2408,1293,2180
3430119892,4244,530,-8734,1726,-818,2085,0,0,-7,-1,-16154,0,6102,2930,5656,-2062,2786,1450
3430169892,4546,-498,-7600,1589,-654,2526,-16153,0,-15537,0,8160,8192,5098,1644,5924,-2026,913,1895
3430219892,2936,-1222,-8772,1584,-898,1352,8160,8192,15652,-13196,645,8192,6206,1060,5134,-1545,1496,1725
3430269892,3326,-1422,-8880,1156,-260,1790,0,0,-7,-1,-16148,0,6290,406,5682,-1769,1436,1711
3430319892,3296,-2034,-8270,1256,-163,1800,8160,8192,-15420,-13195,645,8192,4438,-438,6282,-1611,1407,1880
3430369892,3330,-2120,-8100,688,422,892,0,0,-7,-1,-16143,0,6196,-1250,5926,-1493,916,1826
3430419892,3134,-2714,-8318,692,546,953,-16141,0,-15537,0,8160,8192,5242,-1608,6666,-1127,1322,1580
3430469892,3282,-3350,-8006,774,-250,579,-16138,0,-15537,0,8160,8192,5252,-1916,6410,-922,720,1471
3430519892,2490,-3402,-8306,467,-335,356,8160,8192,-12028,-13192,645,8192,5286,-2308,6396,-897,538,1260
3430569892,2746,-2966,-7960,309,473,441,-16135,0,-15537,0,8160,8192,3950,-2514,6386,-699,980,1213
3430619892,3348,-4186,-7200,1023,-257,354,-17132,0,-15537,0,8160,8192,3858,-3038,6120,-798,128,1314
3430669892,2264,-3234,-7702,557,304,404,-16129,0,-15537,0,8160,8192,4298,-3124,6188,-808,613,1033
3430719892,3254,-3750,-7020,1146,890,755,-16127,0,-15537,0,8160,8192,3344,-3124,6396,-635,890,963
3430769892,3040,-3872,-7476,779,220,91,-16126,0,-15537,0,8160,8192,4056,-3158,6356,-436,412,778
3430819892,3328,-3832,-7316,589,373,254,-16125,0,-15537,0,8160,8192,3292,-3214,6282,-435,647,814
3430869892,3532,-4338,-7304,618,103,-49,8160,8192,0,0,645,8192,3262,-3534,6348,-335,-36,911
3430919892,3308,-4146,-6964,403,-223,-125,8160,8192,0,0,645,8192,3440,-3392,6312,-387,37,856
3430969892,3232,-4324,-6752,616,474,226,-16118,0,-15537,0,8160,8192,3264,-3710,6248,-378,535,707
3431019892,3854,-4704,-6828,666,247,243,8160,8192,0,0,645,8192,3038,-3802,6722,-247,343,455
3431069892,3736,-4340,-6698,204,323,50,0,0,-7,-1,-16113,0,3214,-3582,6564,-163,76,208
3431119892,3694,-3892,-6938,234,357,218,8160,8192,0,0,645,8192,3416,-3278,6354,-172,385,113
3431169892,4248,-4068,-6958,397,462,346,8160,8192,0,0,645,8192,3148,-3216,6656,-129,626,131
3431219892,4126,-3920,-6704,274,377,256,-17106,0,-15537,0,8160,8192,3086,-3164,6492,-207,573,172
3431269892,4136,-4108,-6542,181,107,160,8160,8192,17076,-13180,645,8192,2890,-3242,6294,-167,235,184
3431319892,4222,-4336,-6472,53,168,206,-16104,0,-15537,0,8160,8192,2690,-3534,6918,-181,288,119
3431369892,3974,-4388,-6382,212,258,230,8160,8192,0,0,645,8192,2798,-3508,6650,-180,364,50
3431419892,4062,-4404,-6720,488,591,488,-16100,0,-15537,0,8160,8192,2548,-3792,6772,-143,897,-7
3431469892,4462,-4428,-6446,335,483,400,-18098,0,-15537,0,8160,8192,2486,-3590,7062,-228,794,46
3431519892,4198,-4820,-6036,392,347,265,-16095,0,-15537,0,8160,8192,2052,-3782,7120,-108,727,92
3431569892,4416,-4816,-6208,359,531,67,-18092,0,-15537,0,8160,8192,2040,-3706,7014,140,607,51
3431619892,4354,-4938,-6118,240,387,-25,-17089,0,-15537,0,8160,8192,1992,-3836,6980,180,389,49
3431669892,4402,-4618,-5830,202,424,-43,8160,8192,23860,-13174,645,8192,1540,-3512,6756,214,393,78
3431719892,4464,-4560,-5610,184,295,-123,-16085,0,-15537,0,8160,8192,1960,-3368,7086,223,252,114
3431769892,4978,-4850,-5860,327,547,-64,8160,8192,-7212,-13173,645,8192,1788,-3328,7472,351,505,17
3431819892,4686,-4510,-5824,310,564,-170,0,0,-7,-1,-17082,0,1962,-3404,7114,332,487,54
3431869892,4772,-4614,-5588,391,605,-157,-16079,0,-15537,0,8160,8192,1848,-3248,6812,368,596,152
3431919892,4754,-4884,-5658,375,426,-184,-18078,0,-15537,0,8160,8192,1352,-3294,6770,273,504,317
3431969892,4532,-4700,-5266,195,208,-121,-16076,0,-15537,0,8160,8192,1788,-3162,6964,129,407,64
3432019892,4880,-4548,-5308,393,644,151,8160,8192,-19356,-13169,645,8192,1474,-2906,7114,190,769,-25
3432069892,5226,-4604,-5090,320,595,215,0,0,-7,-1,-16072,0,1166,-2820,7350,141,819,-124
3432119892,4924,-4798,-5248,237,491,71,-16069,0,-15537,0,8160,8192,1260,-3190,7362,133,603,-68
3432169892,5220,-4902,-4878,264,757,228,-16068,0,-15537,0,8160,8192,1276,-2910,7938,201,947,-109
3432219892,5550,-5264,-4974,557,1124,387,-16066,0,-15537,0,8160,8192,934,-3014,7808,311,1474,-151
3432269892,5008,-5316,-4994,475,960,266,-16064,0,-15537,0,8160,8192,676,-3366,7424,236,1340,-77
3432319892,4944,-5462,-4672,243,656,15,-16062,0,-15537,0,8160,8192,-84,-3168,6938,378,689,8
3432369892,5532,-5300,-3930,-473,-91,-331,8160,8192,0,0,645,8192,-280,-2854,7124,286,-297,-17
3432419892,4510,-4922,-4684,-359,-101,76,8160,8192,0,0,645,8192,1052,-3324,7078,51,14,2
3432469892,5102,-5782,-4936,-65,380,377,0,0,-7,-1,-17055,0,32,-3536,7424,-12,407,-21
3432519892,4712,-5534,-4118,-3,-180,-53,-17053,0,-15537,0,8160,8192,162,-3740,7234,-89,-86,-114
3432569892,3990,-5790,-5012,581,-93,33,0,0,-7,-1,-17050,0,200,-4228,6982,12,177,9
3432619892,3972,-6690,-5034,394,62,5,0,0,-7,-1,-16048,0,-372,-4660,6780,208,-57,70
3432669892,4186,-6086,-4566,244,-83,-161,-16046,0,-15537,0,8160,8192,-76,-4486,6800,131,-165,103
3432719892,3446,-6570,-5050,271,-57,13,0,0,-7,-1,-16044,0,54,-5098,6828,22,1,101
3432769892,2892,-7442,-4372,357,100,-206,-16041,0,-15537,0,8160,8192,-1090,-5744,4924,-160,-490,-3
3432819892,2866,-6810,-5116,-29,-1022,-10,-18039,0,-15537,0,8160,8192,168,-5758,6460,-366,-733,-126
3432869892,4920,-8342,-6130,-618,-1324,-402,-17038,0,-15537,0,8160,8192,708,-5950,8470,-184,-1144,-99
3432919892,3198,-7240,-5382,-1200,-1852,-772,-16036,0,-15537,0,8160,8192,1068,-5910,7010,4,-1939,-748
3432969892,-804,-6608,-5354,-980,-2987,-1188,-16034,0,-15537,0,8160,8192,-92,-7776,496,101,-4278,-1133
3433019892,-1866,-7230,-5816,-2094,-5317,-1294,-16032,0,-15537,0,8160,8192,7752,-3568,6198,1353,-404,-1216
3433069892,6688,-6372,-6086,-2583,203,-588,-18030,0,-15537,0,8160,8192,-3356,-2340,9304,530,-2964,-888
3433119892,2032,-4364,-8258,-1914,-4397,-3304,8160,8192,32068,-13152,645,8192,6942,-2910,5664,353,-4125,-769
3433169892,5692,-2658,-9086,-645,-683,110,-17026,0,-15537,0,8160,8192,4406,-190,8890,235,-1159,-601
3433219892,3548,-3838,-4394,-201,-1202,-56,0,0,-7,-1,-17023,0,3856,-2820,8500,44,-940,-343
3433269892,1116,-1510,-9184,-643,-389,-755,8160,8192,0,0,645,8192,5882,-1364,3898,73,-924,-716
3433319892,2488,-3094,-6962,-644,-137,6,-16018,0,-15537,0,8160,8192,5436,-3086,5196,-246,-152,-643
3433369892,7404,-4154,-7544,-607,-849,-7,-18016,0,-15537,0,8160,8192,6912,-716,9404,96,-924,-1065
3433419892,1766,-3916,-5694,-1118,1173,259,-17014,0,-15537,0,8160,8192,2264,-3896,2984,486,-34,-1529
3433469892,5226,-3958,-5550,-882,-71,81,0,0,-7,-1,-16012,0,4512,-2022,7672,413,-295,-1271
3433519892,2850,-1648,-4506,-111,1220,707,-16009,0,-15537,0,8160,8192,4716,-1380,4016,335,208,-2049
3433569892,6734,-1744,-4386,138,776,764,0,0,-7,-1,-17007,0,3648,384,6876,960,58,-3088
3433619892,5544,-1764,-6762,350,-563,-1128,-17005,0,-15537,0,8160,8192,5202,752,6784,969,-117,-3287
3433669892,4784,-96,-7068,-648,462,-1768,8160,8192,0,0,645,8192,4376,1092,7860,1388,-511,-3420
3433719892,4222,4392,-7772,-1563,-402,-6631,0,0,-7,-1,-16001,0,2962,5242,4942,4848,-2495,-2314
3433769892,4436,7390,-7996,-2514,-271,-9894,-15998,0,-15537,0,8160,8192,3948,8892,1730,7095,-2765,-1575
3433819892,4206,8404,-7108,-2199,396,-7264,-17997,0,-15537,0,8160,8192,2340,10034,-136,6730,-2423,-1163
3433869892,6000,7122,-6674,102,-1552,-3832,0,0,-7,-1,-15995,0,4804,10786,-1136,3776,-3360,1285
3433919892,4710,5600,-7338,347,-1496,268,8160,8192,-19900,-13140,645,8192,5138,9202,184,360,-647,1094
3433969892,5220,5200,-5754,1008,-966,1556,8160,8192,0,0,645,8192,3052,8204,1382,-1185,269,1227
3434019892,3074,4160,-8306,1347,-1411,1832,0,0,-7,-1,-15988,0,6810,5162,1364,-2127,-472,1827
3434069892,3890,1948,-8416,1805,-1835,2682,-15986,0,-15537,0,8160,8192,6978,3764,2508,-1993,-261,2273
3434119892,3606,1798,-8490,1319,-1050,1920,-15984,0,-15537,0,8160,8192,8792,3534,2230,-1715,562,1398
3434169892,3790,1930,-8696,699,-538,2270,-15982,0,-15537,0,8160,8192,6680,3640,3430,-1836,1824,523
3434219892,3400,778,-8290,1145,-680,2276,0,0,-7,-1,-15979,0,6382,2636,3380,-1872,1509,1130
3434269892,3330,38,-8386,1347,-712,2094,0,0,-7,-1,-15978,0,5616,1124,4852,-1510,427,1649
3434319892,2462,-534,-9112,987,-401,729,0,0,-7,-1,-15975,0,7928,996,4758,-914,410,1264
3434369892,3076,-510,-8992,913,-167,688,8160,8192,-28652,-13133,645,8192,7658,1670,3796,-767,1273,732
3434419892,3620,-712,-8240,811,-304,1472,-15971,0,-15537,0,8160,8192,6230,1092,4492,-1096,960,732
3434469892,2762,-942,-8480,1073,-141,1035,-15968,0,-15537,0,8160,8192,7560,928,4186,-1190,1151,680
3434519892,2860,-616,-8794,736,109,1460,-15966,0,-15537,0,8160,8192,7636,994,4478,-1276,2103,254
3434569892,2852,-218,-9024,504,545,1822,-15963,0,-15537,0,8160,8192,4984,1744,4518,-1538,3044,-198
3434619892,3492,-1286,-7994,1050,-236,2180,0,0,-7,-1,-15959,0,3044,620,5998,-1526,1134,908
3434669892,3144,-1580,-8768,1006,-779,497,-15956,0,-15537,0,8160,8192,6414,748,6018,-1337,-310,1420
3434719892,3160,-1404,-8814,659,-174,1089,-16955,0,-15537,0,8160,8192,6830,62,5880,-1386,-186,1230
3434769892,2852,-1930,-8492,513,-67,1270,8160,8192,-21868,-13127,645,8192,6070,-182,5654,-1210,750,954
3434819892,3314,-1746,-8508,859,588,830,-15947,0,-15537,0,8160,8192,5216,-404,6110,-1258,480,1390
3434869892,3112,-2532,-8810,831,-307,798,8160,8192,0,0,645,8192,6078,-1046,6152,-1055,615,1308
3434919892,3100,-2656,-8616,793,324,761,0,0,-7,-1,-15943,0,5318,-1640,5790,-1183,735,1231
3434969892,2228,-2948,-8434,716,173,1143,0,0,-7,-1,-15939,0,5578,-2312,6406,-1133,877,1139
3435019892,2912,-3328,-8000,763,586,788,0,0,-7,-1,-16938,0,5388,-2436,6148,-874,1128,989
3435069892,2116,-2922,-8300,1050,1063,893,-17936,0,-15537,0,8160,8192,4632,-2526,5694,-1011,1759,889
3435119892,3278,-3854,-7652,1286,930,999,-15934,0,-15537,0,8160,8192,3794,-2870,6444,-850,1414,816
3435169892,3786,-3552,-7226,548,652,425,0,0,-7,-1,-15933,0,4142,-2556,6410,-753,611,1097
3435219892,3164,-3648,-7516,1163,394,319,8160,8192,-30620,-13120,645,8192,3674,-2914,6634,-594,1052,1214
3435269892,3812,-3968,-7146,889,857,183,-15927,0,-15537,0,8160,8192,3662,-2800,6646,-447,1068,994
3435319892,3774,-3956,-7238,1248,848,350,-15924,0,-15537,0,8160,8192,3496,-3284,6828,-440,981,1119
3435369892,2868,-4594,-7406,1651,892,261,8160,8192,0,0,645,8192,3118,-4070,6424,-299,1331,1189
3435419892,3210,-4886,-6300,1242,768,213,-15920,0,-15537,0,8160,8192,2204,-4000,6244,-230,1242,1124
3435469892,3550,-5032,-5768,923,417,60,-15918,0,-15537,0,8160,8192,1890,-3764,6200,-135,873,951
3435519892,3874,-5006,-5696,698,282,140,-15916,0,-15537,0,8160,8192,1666,-3608,6754,-190,768,739
3435569892,3998,-4938,-6072,559,404,81,0,0,-7,-1,-16914,0,2020,-3682,6946,-154,622,500
3435619892,4388,-5004,-5556,460,476,176,0,0,-7,-1,-16911,0,1510,-3408,6588,-100,660,370
3435669892,4024,-4578,-5506,243,362,197,0,0,-7,-1,-16908,0,1696,-3376,6692,-194,508,200
3435719892,4064,-4818,-5618,388,555,299,0,0,-7,-1,-15906,0,1470,-3558,6730,-142,685,158
3435769892,4322,-5090,-5672,371,499,314,-15904,0,-15537,0,8160,8192,1342,-3620,6958,-147,548,157
3435819892,4544,-5282,-5662,211,210,197,8160,8192,-20444,-13111,645,8192,1328,-3746,7116,-115,302,116
3435869892,4160,-5086,-5620,228,347,107,-16900,0,-15537,0,8160,8192,1288,-3816,7210,-39,434,166
3435919892,4556,-5452,-5296,13,465,-46,0,0,-7,-1,-16896,0,940,-3718,7036,25,362,73
3435969892,4164,-5086,-5642,227,295,78,-17895,0,-15537,0,8160,8192,1270,-3802,7022,52,451,38
3436019892,4552,-5236,-5434,215,371,112,-15891,0,-15537,0,8160,8192,1310,-3598,7060,105,368,26
3436069892,4746,-5352,-5362,182,480,107,0,0,-7,-1,-15887,0,976,-3688,7608,153,945,-38
3436119892,4792,-5342,-5524,142,529,-68,-15885,0,-15537,0,8160,8192,712,-3788,7478,221,525,-38
3436169892,4650,-5174,-5224,140,433,-80,0,0,-7,-1,-15883,0,952,-3588,7424,243,455,-25
3436219892,5030,-5248,-4908,152,586,-36,-15881,0,-15537,0,8160,8192,448,-3366,7578,314,528,-85
3436269892,4884,-5204,-4986,115,495,-135,-16878,0,-15537,0,8160,8192,576,-3408,7440,367,436,-120
3436319892,4992,-5026,-4894,192,493,-50,-15876,0,-15537,0,8160,8192,514,-3092,7368,327,530,-96
3436369892,4962,-4978,-4474,265,592,82,-16874,0,-15537,0,8160,8192,306,-3070,7346,242,738,-65
3436419892,5362,-5144,-4524,164,360,-106,8160,8192,-10268,-13102,645,8192,-62,-2914,7188,202,80,-45
3436469892,5102,-4676,-4008,-135,-90,-336,-17867,0,-15537,0,8160,8192,644,-2856,7354,125,-113,0
3436519892,5012,-5170,-4532,288,123,-104,0,0,-7,-1,-16866,0,472,-3074,7432,162,183,-66
3436569892,5534,-5590,-4648,-225,285,362,8160,8192,8660,-13099,645,8192,74,-3294,7498,58,108,-90
3436619892,4900,-5418,-4634,-1338,749,281,0,0,-7,-1,-15862,0,594,-3622,7546,75,200,-122
3436669892,4538,-5426,-5198,-291,482,266,-15859,0,-15537,0,8160,8192,232,-3930,6966,235,169,-187
3436719892,4320,-5208,-4832,153,-14,-73,-17857,0,-15537,0,8160,8192,-200,-4170,7008,265,-3,-94
3436769892,4586,-7082,-7090,1320,-529,-131,0,0,-7,-1,-16855,0,524,-4096,6758,244,-101,75
3436819892,3534,-6590,-5694,428,284,-11,-15853,0,-15537,0,8160,8192,360,-4692,6918,195,266,-38
3436869892,3010,-6352,-5202,318,412,-171,0,0,-7,-1,-16850,0,180,-5138,6270,255,13,-31
3436919892,3256,-6652,-5030,157,179,-32,-15847,0,-15537,0,8160,8192,62,-5100,6548,129,218,-124
3436969892,3306,-7280,-4936,138,173,-39,-15845,0,-15537,0,8160,8192,-308,-5586,6550,85,78,-187
3437019892,3256,-7378,-5330,-119,-170,-203,-15844,0,-15537,0,8160,8192,-146,-5700,6698,67,-261,-234
3437069892,3250,-7252,-5432,-135,-130,-158,0,0,-7,-1,-15842,0,298,-5882,7312,124,-118,-212
3437119892,3928,-7570,-5732,-239,-175,-267,-15839,0,-15537,0,8160,8192,64,-5876,7398,204,-213,-299
3437169892,2974,-7498,-5646,-278,-730,-642,-15837,0,-15537,0,8160,8192,-194,-6332,6156,308,-901,-332
3437219892,146,-6808,-5620,-544,-2063,-1242,-15835,0,-15537,0,8160,8192,1590,-7430,2392,354,-3049,-350
3437269892,4092,-11602,-7248,-292,-1922,150,-15833,0,-15537,0,8160,8192,-3870,-788,1402,1565,287,346
3437319892,7636,-6452,-7988,-2660,-3324,-1604,-15831,0,-15537,0,8160,8192,2478,-1000,10354,707,-2792,-392
3437369892,966,-2092,-7150,-1854,-3028,-2036,-15826,0,-15537,0,8160,8192,7040,-3542,7008,-339,-3281,-448
3437419892,5068,-4238,-8216,-586,-1046,-898,0,0,-7,-1,-16824,0,4732,-2562,6678,103,-2275,-472
3437469892,3768,-3668,-5978,-567,-1663,-859,8160,8192,-8844,-13086,645,8192,2164,-2468,4396,4,-1776,-304
3437519892,4740,-2884,-5384,-236,-767,-341,8160,8192,0,0,645,8192,3156,-3280,5966,6,-947,-448
3437569892,3260,-1918,-7876,-1109,-969,-385,-15818,0,-15537,0,8160,8192,4080,-2506,5814,-200,-1422,-332
3437619892,4268,-4204,-6530,-97,-1634,-319,0,0,-7,-1,-15815,0,4328,-2890,6850,-201,-1601,-853
3437669892,3880,-1390,-7604,-1540,-528,-148,0,0,-7,-1,-15813,0,4366,-2768,6268,-45,-1008,-968
3437719892,2372,-2754,-7922,-737,-298,-391,0,0,-7,-1,-16813,0,4466,-1952,5702,331,-585,-1675
3437769892,6586,-2822,-3748,-695,1034,938,0,0,-7,-1,-16811,0,3556,-742,7240,607,47,-2549
3437819892,2754,-2198,-3084,-698,2062,1116,0,0,-7,-1,-15809,0,4000,-1310,3480,231,269,-2722
3437869892,8238,-1630,-5142,721,1392,1455,8160,8192,-2060,-13080,645,8192,3128,1506,8308,780,237,-4319
3437919892,7400,-900,-8288,299,-1073,-2077,-15804,0,-15537,0,8160,8192,5548,4254,7298,1383,-891,-3759
3437969892,5930,132,-6746,-309,-10,-2844,8160,8192,32404,-13078,645,8192,1538,3138,6964,2044,-929,-2628
3438019892,4866,2376,-6332,-310,-2002,-6607,-17799,0,-15537,0,8160,8192,2388,3472,3912,5514,-3613,207
3438069892,4594,5486,-8506,-1166,-1167,-9017,8160,8192,0,0,645,8192,3746,8242,306,6614,-3211,430
3438119892,4522,6686,-10150,-839,-639,-7153,8160,8192,0,0,645,8192,11016,8772,492,5066,-2919,-38
3438169892,5260,6780,-8126,-1476,-79,-726,0,0,-7,-1,-15791,0,7718,10652,-1298,2735,-848,-798
3438219892,8446,5630,-4492,-1346,487,16,8160,8192,0,0,645,8192,1660,11150,1598,179,-302,-1038
3438269892,4972,5510,-6120,-54,-1961,706,8160,8192,4724,-13073,645,8192,3526,6048,2118,-1220,-426,270
3438319892,3860,2226,-7768,592,-1431,1227,-15783,0,-15537,0,8160,8192,6090,3920,3044,-1076,-1144,916
3438369892,5366,1912,-8000,911,-800,1458,-15778,0,-15537,0,8160,8192,5848,4578,3276,-1062,-192,1187
3438419892,4416,1980,-7640,1488,-1069,2174,-15776,0,-15537,0,8160,8192,6658,3912,3114,-1827,52,1774
3438469892,3908,1484,-8036,1853,-829,2360,8160,8192,8116,-13070,645,8192,6292,3386,2778,-1928,1138,1891
3438519892,3496,1342,-8402,1589,-558,2505,0,0,-7,-1,-15771,0,6952,3360,2856,-2004,1811,1325
3438569892,3494,600,-8842,1156,-353,2394,-17770,0,-15537,0,8160,8192,7228,2580,3262,-2215,1906,781
3438619892,3758,472,-8410,1125,-467,2487,-15765,0,-15537,0,8160,8192,6752,2426,4782,-1945,2394,422
3438669892,4270,-464,-7956,488,-565,2040,-15762,0,-15537,0,8160,8192,5552,2322,4552,-1800,1566,349
3438719892,3362,166,-8982,592,-258,2368,0,0,-7,-1,-15761,0,3268,2102,5444,-1736,3201,293
3438769892,3990,-1110,-8996,762,-370,1476,0,0,-7,-1,-16759,0,5500,1600,5448,-1894,367,1125
3438819892,6430,-380,-5798,1344,-1311,2530,8160,8192,30436,-13065,645,8192,5608,394,6132,-1850,515,1574
3438869892,3168,-2492,-9006,1443,-1020,1632,8160,8192,0,0,645,8192,5206,36,6718,-1573,401,1701
3438919892,2458,-1906,-8844,1103,-524,462,0,0,-7,-1,-15753,0,6562,-314,5722,-903,410,1395
3438969892,2932,-2768,-8018,1299,-658,1311,8160,8192,-16172,-13063,645,8192,4328,-438,5134,-1362,407,1797
3439019892,1840,-2084,-8614,565,78,301,8160,8192,-31708,-13062,645,8192,6632,-1772,6564,-1748,334,1585
3439069892,3472,-4866,-8102,1459,-538,1404,0,0,-7,-1,-16744,0,5914,-2430,6396,-1142,25,1022
3439119892,1578,-2372,-9304,-240,-7,86,0,0,-7,-1,-15742,0,6020,-1204,5704,-1037,611,637
3439169892,3070,-2736,-7948,877,103,1242,-15739,0,-15537,0,8160,8192,4612,-1762,6356,-1234,644,1194
3439219892,2828,-3994,-8734,845,-471,385,-15737,0,-15537,0,8160,8192,4860,-2344,6354,-1002,330,1253
3439269892,2258,-3264,-8540,148,303,547,-15735,0,-15537,0,8160,8192,4940,-2890,6216,-1207,767,1295
3439319892,2860,-3442,-7812,999,648,840,8160,8192,6148,-13057,645,8192,4568,-3400,6340,-913,884,1373
3439369892,2130,-3942,-8148,1170,324,248,8160,8192,0,0,645,8192,4126,-3630,6158,-649,657,1225
3439419892,1912,-3692,-7934,803,833,172,-17727,0,-15537,0,8160,8192,3486,-3942,5836,-423,1081,1326
3439469892,2660,-4826,-6998,1346,33,-14,0,0,-7,-1,-16725,0,2942,-4192,5958,-395,403,1644
3439519892,2494,-4864,-6988,832,-215,-271,-15724,0,-15537,0,8160,8192,3492,-4282,6030,-486,-8,1430
3439569892,2430,-4626,-6368,796,740,246,-15722,0,-15537,0,8160,8192,2762,-4140,6406,-413,952,968
3439619892,2956,-4556,-7032,1121,690,180,-15718,0,-15537,0,8160,8192,2830,-3816,6094,-247,683,815
3439669892,3044,-4304,-6652,920,569,174,0,0,-7,-1,-16716,0,2878,-3692,6080,-197,898,707
3439719892,3232,-4694,-6662,728,616,220,-15714,0,-15537,0,8160,8192,2686,-3906,6214,-170,798,467
3439769892,3706,-4694,-6510,491,612,263,-16712,0,-15537,0,8160,8192,2576,-3822,6530,-139,864,264
3439819892,3308,-4962,-6756,439,610,192,0,0,-7,-1,-15712,0,2486,-4288,6674,-34,777,172
3439869892,3342,-5050,-6662,234,544,45,-15709,0,-15537,0,8160,8192,2114,-4274,6708,130,554,104
3439919892,3386,-4912,-6302,142,440,-46,0,0,-7,-1,-15707,0,1852,-4124,6492,169,365,116
3439969892,3498,-4884,-6436,74,295,-50,-15704,0,-15537,0,8160,8192,2126,-3894,6618,121,321,47
3440019892,3802,-4906,-6376,243,582,119,-15702,0,-15537,0,8160,8192,2314,-3718,6562,69,501,-41
3440069892,3988,-5252,-5958,260,613,188,0,0,-7,-1,-15699,0,2006,-4100,7054,125,814,-66
3440119892,3554,-4872,-6082,310,970,361,-15697,0,-15537,0,8160,8192,1952,-3718,6626,122,1514,-358
3440169892,4102,-4890,-5876,457,1172,400,-16695,0,-15537,0,8160,8192,1236,-3742,6670,121,1113,-277
3440219892,4348,-5118,-5724,129,693,90,8160,8192,0,0,645,8192,1052,-3582,6894,121,714,-147
3440269892,4308,-5120,-5512,16,415,-75,-15691,0,-15537,0,8160,8192,788,-3632,6840,130,174,-85
3440319892,3892,-5000,-5752,-213,-109,-210,-15688,0,-15537,0,8160,8192,1574,-3796,6898,22,-160,-76
3440369892,4238,-4964,-5920,22,352,142,-16687,0,-15537,0,8160,8192,1722,-3648,7170,31,395,-116
3440419892,4854,-5422,-5486,206,395,270,8160,8192,-7964,-13041,645,8192,1048,-3508,7016,-46,492,-173
3440469892,4716,-5386,-5776,316,243,233,8160,8192,-23500,-13040,645,8192,1078,-3682,7752,-24,593,-82
3440519892,4954,-5456,-5718,350,391,196,0,0,-7,-1,-15679,0,926,-3700,7590,3,583,11
3440569892,5142,-5254,-5404,229,115,3,8160,8192,10964,-13038,645,8192,998,-3358,7710,45,276,113
3440619892,4608,-5186,-5224,199,291,-117,-15675,0,-15537,0,8160,8192,944,-3562,7612,216,324,73
3440669892,5734,-4078,-4150,-2854,785,-68,-15673,0,-15537,0,8160,8192,660,-3434,7142,268,165,-106
3440719892,4744,-5196,-5924,-734,214,170,-15671,0,-15537,0,8160,8192,944,-3470,7134,313,176,-164
3440769892,4420,-4814,-6062,-480,465,-16,0,0,-7,-1,-16667,0,786,-3338,7400,321,165,-185
3440819892,4674,-4798,-5464,585,227,-310,-17664,0,-15537,0,8160,8192,1230,-3428,7268,313,212,-160
3440869892,4160,-4772,-6228,401,212,-175,-15663,0,-15537,0,8160,8192,1076,-3482,7026,284,129,-171
3440919892,4180,-4982,-6182,577,226,113,-15661,0,-15537,0,8160,8192,1016,-3800,7408,321,411,-104
3440969892,3994,-4852,-6012,-1,349,-252,-17659,0,-15537,0,8160,8192,1548,-4018,6980,433,63,-163
3441019892,4330,-3514,-5452,735,555,148,0,0,-7,-1,-16657,0,1352,-3738,6560,273,962,-344
3441069892,3940,-6382,-4248,-7,1127,260,-15655,0,-15537,0,8160,8192,-708,-4352,7158,185,1251,119
3441119892,3530,-6672,-5514,-430,326,-292,0,0,-7,-1,-16652,0,10,-5186,7096,390,-300,-165
3441169892,3152,-5438,-5678,-93,377,-250,8160,8192,0,0,645,8192,264,-4674,6170,509,-258,-134
3441219892,2746,-6316,-5568,180,530,52,0,0,-7,-1,-15648,0,400,-5446,6038,324,139,177
3441269892,2812,-7092,-5490,-150,16,-419,-17645,0,-15537,0,8160,8192,-162,-5620,6380,312,-324,-37
3441319892,3366,-6008,-5460,522,-805,-775,-15642,0,-15537,0,8160,8192,260,-5470,6398,114,-368,-109
3441369892,2392,-7382,-5542,-43,721,-318,-17638,0,-15537,0,8160,8192,396,-6132,7062,147,516,40
3441419892,2718,-7168,-6238,-98,-600,-758,8160,8192,8996,-13025,645,8192,-126,-6164,5800,376,-944,-15
3441469892,352,-7250,-6770,-612,-2432,-1601,0,0,-7,-1,-15634,0,552,-6856,2978,249,-3280,71
3441519892,-1894,-7530,-5246,-1658,-4523,-1454,-17630,0,-15537,0,8160,8192,2758,-9110,2736,126,-4361,-733
3441569892,4414,-4286,-5578,-1867,-798,1023,8160,8192,27924,-13023,645,8192,2018,-5168,9246,-1161,100,-849
3441619892,10312,-6484,-7604,-2537,-1924,-2273,-15626,0,-15537,0,8160,8192,4956,-2958,9742,265,-5472,-794
3441669892,4412,-4214,-5134,365,-2662,-632,8160,8192,-3148,-13022,645,8192,6182,-3114,7120,62,-2572,-411
3441719892,5686,-1932,-8710,-1532,233,-762,-15619,0,-15537,0,8160,8192,3826,-2376,6662,303,-1407,-266
3441769892,5080,-3278,-6584,30,-1574,-79,-15617,0,-15537,0,8160,8192,4188,-1988,6566,160,-766,-122
3441819892,4082,-2312,-7332,-127,390,425,-15614,0,-15537,0,8160,8192,4510,-3252,7156,-98,-11,-259
3441869892,1948,-2958,-6192,-421,-295,193,0,0,-7,-1,-16612,0,3656,-3356,6162,-237,-78,-410
3441919892,2830,-2944,-8434,-564,-164,-290,8160,8192,-15292,-13018,645,8192,5310,-1596,7546,-110,-352,-520
3441969892,3940,-4094,-5502,141,95,-59,-16609,0,-15537,0,8160,8192,3610,-2314,6774,298,-437,-1141
3442019892,3664,-3980,-4818,-540,318,-9,-17606,0,-15537,0,8160,8192,2794,-492,5272,528,-270,-1735
3442069892,3164,-3786,-2692,-266,2587,1712,-15603,0,-15537,0,8160,8192,2094,-1678,4522,643,1022,-3093
3442119892,7458,-1898,-4880,430,875,254,8160,8192,-11900,-13015,645,8192,3926,948,6058,999,-391,-3464
3442169892,6238,-872,-8300,1588,-660,-897,8160,8192,-27436,-13014,645,8192,3310,2808,7186,704,503,-3696
3442219892,4926,264,-7090,65,-773,-2124,8160,8192,22564,-13013,645,8192,92,2176,6900,2093,-2365,-1808
3442269892,5062,4536,-7098,-1894,-3525,-8058,0,0,-7,-1,-15595,0,7132,5504,2690,6311,-5279,-1144
3442319892,4782,6962,-10040,-2952,-11,-9857,-15593,0,-15537,0,8160,8192,5644,9252,-232,7364,-3965,-1625
3442369892,5292,7650,-8180,-2578,438,-7799,8160,8192,-24044,-13011,645,8192,5538,9726,-14,5619,-1853,-1830
3442419892,5954,7158,-6990,-2406,1015,-2279,-15588,0,-15537,0,8160,8192,4352,10692,302,2701,-1652,-1997
3442469892,8668,9072,-3956,-1452,285,256,-15586,0,-15537,0,8160,8192,1892,12150,2046,842,978,-1707
3442519892,4702,3574,-5728,-3,-1883,275,0,0,-7,-1,-15585,0,4168,6588,644,-1045,-1137,815
3442569892,2936,2640,-8618,507,-867,2611,8160,8192,-20652,-13008,645,8192,7292,3508,3564,-2171,-103,722
3442619892,3666,2264,-7760,532,-630,1175,-15580,0,-15537,0,8160,8192,6152,3800,2408,-837,-57,811
3442669892,4442,2420,-6978,815,-813,1167,8160,8192,0,0,645,8192,5774,4720,2730,-955,202,1068
3442719892,4068,2662,-7154,1156,-821,1473,-15575,0,-15537,0,8160,8192,5124,4632,2450,-1115,647,1359
3442769892,3946,2372,-7682,1196,-1024,1672,-15572,0,-15537,0,8160,8192,6126,4126,2548,-1444,590,1471
3442819892,4720,2302,-7150,1357,-902,1812,8160,8192,32740,-13004,645,8192,4780,4476,3814,-1551,1412,1451
3442869892,4406,2122,-8750,1760,-1442,1724,-15567,0,-15537,0,8160,8192,6910,4050,3826,-1297,1427,1627
3442919892,4020,834,-8914,1266,-1158,1965,0,0,-7,-1,-15565,0,7524,3690,3696,-1548,1671,1023
3442969892,3606,910,-8534,1022,-720,2400,-15563,0,-15537,0,8160,8192,7008,2608,4848,-2247,1725,602
3443019892,3890,-650,-8646,1339,-896,2496,8160,8192,-29404,-13001,645,8192,6488,1668,5402,-2140,1116,871
3443069892,3454,-834,-8310,1301,-736,2392,-15559,0,-15537,0,8160,8192,5372,1606,5380,-2048,1431,789
3443119892,3388,24,-8330,604,-379,2170,8160,8192,5060,-12999,645,8192,4520,1826,5336,-2092,968,1180
3443169892,3398,-1188,-8246,1386,-1389,2135,8160,8192,-10476,-12999,645,8192,5614,782,5526,-1407,43,1476
3443219892,3078,-1632,-8966,798,-933,1794,-15553,0,-15537,0,8160,8192,6962,240,6050,-1486,342,1069
3443269892,3582,-2000,-6560,1598,-656,713,8160,8192,23988,-12997,645,8192,5946,426,6338,-867,404,896
3443319892,3356,-2692,-9316,794,-832,403,8160,8192,8452,-12996,645,8192,5962,-40,6064,-900,-139,930
3443369892,2912,-1746,-8560,630,309,1009,8160,8192,0,0,645,8192,5948,-92,5806,-1109,560,1164
3443419892,2654,-2616,-8436,902,73,747,8160,8192,-22620,-12995,645,8192,5130,-646,6246,-1028,542,1224
3443469892,1852,-2904,-8484,726,555,289,-15545,0,-15537,0,8160,8192,5844,-1472,5570,-980,54,1258
3443519892,1824,-2874,-8568,751,-418,344,8160,8192,11844,-12993,645,8192,5546,-1698,6020,-994,599,1148
3443569892,1928,-2992,-8574,635,172,198,-15542,0,-15537,0,8160,8192,5278,-2130,5810,-719,370,1163
3443619892,2624,-3062,-8152,395,-92,243,0,0,-7,-1,-15540,0,5324,-2278,5774,-765,175,1165
3443669892,2186,-2922,-8682,429,-85,8,8160,8192,30772,-12991,645,8192,5228,-2394,6046,-667,506,1166
3443719895,3364,-3204,-8060,207,-31,663,-15537,0,-15537,0,8160,8192,4908,-2704,6186,-529,-12,1186
3443769892,2336,-3370,-8312,283,-443,-329,-16535,0,-15537,0,8160,8192,4958,-2678,5972,-325,-46,1149
3443819892,2762,-3720,-8498,252,100,-112,-16532,0,-15537,0,8160,8192,5164,-2990,6368,-295,196,932
3443869892,2360,-3332,-8026,268,313,24,0,0,-7,-1,-16530,0,4806,-2902,5842,-341,204,667
3443919892,2154,-3162,-8076,611,450,194,8160,8192,0,0,645,8192,4648,-2910,5668,-429,730,599
3443969892,2854,-3810,-7676,934,854,552,-16523,0,-15537,0,8160,8192,4094,-3014,5984,-417,1062,659
3444019892,2770,-3534,-7814,667,696,245,8160,8192,-12444,-12986,645,8192,4402,-3196,5910,-450,578,564
3444069892,2832,-3486,-7444,670,679,428,8160,8192,-27980,-12985,645,8192,4020,-3190,6160,-330,1141,430
3444119892,3766,-3514,-7674,554,753,221,-18518,0,-15537,0,8160,8192,3552,-2830,6130,-168,865,416
3444169892,3498,-3688,-7108,644,312,215,0,0,-7,-1,-17515,0,3736,-2974,6074,-303,618,586
3444219892,3464,-3910,-6940,524,555,366,-16513,0,-15537,0,8160,8192,3306,-3182,6160,-290,712,445
3444269892,3438,-3950,-6984,499,474,405,0,0,-7,-1,-16510,0,3408,-3364,6376,-304,798,273
3444319892,3304,-3946,-7090,550,636,428,8160,8192,25412,-12981,645,8192,3422,-3558,6348,-229,834,106
3444369892,3898,-4668,-7042,583,644,427,-17507,0,-15537,0,8160,8192,3026,-3572,6898,-33,977,18
3444419892,3664,-4268,-6784,116,563,221,8160,8192,-5660,-12980,645,8192,2898,-3394,6614,-24,633,-177
3444469892,3588,-4058,-6810,135,607,297,0,0,-7,-1,-16503,0,2916,-3282,6718,-28,872,-225
3444519892,4080,-4146,-6670,464,949,397,8160,8192,28804,-12978,645,8192,2560,-3122,6632,-6,1042,-125
3444569892,4622,-4516,-6416,211,697,240,-16499,0,-15537,0,8160,8192,2224,-3112,6946,-5,751,-85
3444619892,4374,-4180,-6322,265,509,233,-17497,0,-15537,0,8160,8192,2412,-3012,7120,-87,651,44
3444669892,4390,-4624,-6162,364,444,175,-16494,0,-15537,0,8160,8192,2058,-3212,6930,31,525,41
3444719892,4214,-4238,-5772,221,291,99,-17492,0,-15537,0,8160,8192,2344,-2946,6832,11,414,-52
3444769892,4466,-4544,-5860,398,439,324,-16490,0,-15537,0,8160,8192,2192,-3252,7310,-35,464,-210
3444819892,4158,-4876,-6818,496,576,190,-16488,0,-15537,0,8160,8192,2532,-3778,7486,116,585,-171
3444869892,4706,-5278,-6102,200,568,25,0,0,-7,-1,-16485,0,1666,-3634,7494,201,461,-159
3444919892,4746,-4490,-5842,33,262,-208,8160,8192,-29948,-12972,645,8192,1960,-2784,7136,186,-79,-94
3444969892,4594,-4368,-5692,266,379,19,-16480,0,-15537,0,8160,8192,2088,-2620,7246,142,425,-28
3445019892,3704,-3434,-4490,-3265,1249,82,0,0,-7,-1,-17478,0,1506,-2836,7680,147,396,-92
3445069892,5310,-3400,-5404,-445,314,221,8160,8192,-11020,-12970,645,8192,1988,-2910,7438,199,239,-131
3445119892,4758,-4094,-5786,1081,-30,-280,-16177,0,-15537,0,8160,8192,2002,-2948,7390,219,281,-135
3445169892,5136,-5438,-6430,748,73,96,-16474,0,-15537,0,8160,8192,2086,-3204,7064,61,394,19
3445219892,4114,-5024,-6116,447,243,125,0,0,-7,-1,-17472,0,1706,-3392,7394,123,492,12
3445269892,3972,-5182,-6594,528,241,14,0,0,-7,-1,-16469,0,1572,-3724,7300,286,335,108
3445319892,4324,-5386,-6038,-223,177,-438,0,0,-7,-1,-17468,0,1514,-3752,7234,331,-223,182
3445369892,3512,-5048,-6398,-340,-9,-549,-17466,0,-15537,0,8160,8192,2266,-4326,7194,276,-452,245
3445419892,3822,-5210,-6696,48,583,-225,8160,8192,11300,-12964,645,8192,2218,-4208,6972,259,48,352
3445469892,4098,-5696,-6146,311,636,-76,-16462,0,-15537,0,8160,8192,908,-4250,7478,381,554,530
3445519892,3936,-5828,-5882,37,327,-692,-17460,0,-15537,0,8160,8192,1058,-4858,6816,403,-438,618
3445569892,2748,-8430,-8382,965,-331,-769,-16457,0,-15537,0,8160,8192,2012,-5970,6216,464,-551,466
3445619892,2354,-7278,-6646,150,431,-256,-17455,0,-15537,0,8160,8192,2160,-5994,6558,378,100,-202
3445669892,2638,-6526,-6464,61,741,33,-16452,0,-15537,0,8160,8192,1776,-5978,6526,326,658,-682
3445719892,3730,-7500,-6566,-143,522,-237,-16449,0,-15537,0,8160,8192,752,-5610,6512,365,270,-523
3445769892,1788,-6426,-5860,-650,-888,-708,-16449,0,-15537,0,8160,8192,872,-5998,4404,83,-886,-546
3445819892,-1812,-6164,-5426,-607,-2410,-697,-18448,0,-15537,0,8160,8192,1792,-8782,2628,-19,-2688,-391
3445869892,9144,-11396,-7044,-892,-3524,-644,0,0,-7,-1,-16444,0,-2336,784,-1380,670,-6184,-484
3445919892,8730,-5370,-4884,-1003,-285,1047,8160,8192,-12988,-12957,645,8192,-1882,-2128,10460,301,-829,549
3445969892,3206,-4214,-6272,-1717,-2191,-1972,-16440,0,-15537,0,8160,8192,5304,-3388,7742,631,-2228,161
3446019892,2724,-236,-10046,-131,-476,-736,-16438,0,-15537,0,8160,8192,8728,-914,5992,58,-1040,-757
3446069892,4212,-496,-7600,-836,-266,-245,8160,8192,5940,-12954,645,8192,3714,88,4382,-113,-989,-224
3446119892,3432,-3904,-6862,-35,-1445,-449,8160,8192,0,0,645,8192,5898,-1574,6416,-263,-1414,-689
3446169892,3834,-4244,-7198,-448,-622,-274,8160,8192,-25132,-12953,645,8192,2850,-3582,6940,-150,-1594,-472
3446219892,4408,-4930,-5384,-711,-1263,-171,8160,8192,0,0,645,8192,2976,-4792,5798,-361,-1165,-4
3446269892,3794,-2590,-9840,-983,-226,-1100,-17429,0,-15537,0,8160,8192,7868,-1654,5078,507,-1011,-521
3446319892,5436,-1944,-3692,-570,-1024,340,0,0,-7,-1,-16426,0,4460,-2168,7330,90,-1245,-1105
3446369892,6538,-2080,-2858,-667,613,1432,-16424,0,-15537,0,8160,8192,3088,-108,5420,-325,-48,-1902
3446419892,4018,-3706,-4522,-99,1435,1778,0,0,-7,-1,-16421,0,5848,-2702,7190,-103,1029,-3826
3446469892,9268,30,-5546,600,127,-157,-17418,0,-15537,0,8160,8192,3680,2388,9104,821,826,-4325
3446519892,5190,-578,-9984,248,-1083,-2034,0,0,-7,-1,-16415,0,4966,1286,7102,1315,-270,-2949
3446569892,4818,3718,-9092,-1150,-757,-5182,0,0,-7,-1,-17413,0,3864,5306,6710,4176,-1749,-2694
3446619892,4398,6708,-8586,-3704,140,-9155,-16411,0,-15537,0,8160,8192,5062,7466,2270,6486,-2763,-2721
3446669892,5014,7066,-7088,-4231,1936,-7277,-16408,0,-15537,0,8160,8192,3278,9874,138,5513,-737,-3667
3446719892,5562,6984,-6112,-3151,2433,-4364,0,0,-7,-1,-16406,0,3530,10128,-182,3155,-2274,-3344
3446769892,6854,7828,-4630,-1583,-51,450,-18405,0,-15537,0,8160,8192,1626,9322,1650,400,-1505,-1196
3446819892,4776,4314,-3424,229,-1329,10,-16402,0,-15537,0,8160,8192,1962,7322,2494,-331,-606,992
3446869892,4494,3326,-7622,483,-679,1615,8160,8192,0,0,645,8192,5712,5038,3198,-1166,69,852
3446919892,4968,3254,-6314,674,-698,1311,8160,8192,3972,-12941,645,8192,4082,5274,2928,-1071,-158,1044
3446969892,4780,2916,-7024,1183,-1049,1473,-18397,0,-15537,0,8160,8192,5870,4862,3314,-1101,176,1297
3447019892,4990,3418,-6926,1049,-544,1203,-16394,0,-15537,0,8160,8192,5006,5346,3016,-950,785,1176
3447069892,4768,3574,-6930,1301,-1004,1356,8160,8192,22900,-12939,645,8192,5478,5550,2388,-1380,595,1564
3447119892,4852,2754,-7258,1457,-1568,2572,-16391,0,-15537,0,8160,8192,4866,5092,3120,-2012,692,1925
3447169892,4140,2276,-8064,1551,-1461,3139,-17389,0,-15537,0,8160,8192,6418,4184,3584,-2554,1340,1665
3447219892,5142,1886,-7778,1650,-1551,3529,-17388,0,-15537,0,8160,8192,4850,3526,6246,-2573,1082,1705
3447269892,4006,572,-7888,2411,-2272,2030,0,0,-7,-1,-16385,0,6658,2956,4710,-2108,974,1968
3447319892,4558,112,-8220,1679,-1523,2468,-16382,0,-15537,0,8160,8192,3884,2758,5550,-1943,1444,1911
3447369892,3242,-66,-9028,1923,-1683,1940,8160,8192,-4780,-12935,645,8192,7476,1384,5626,-2125,113,2242
3447419892,3546,-1676,-8818,1786,-1438,2437,8160,8192,0,0,645,8192,5408,1026,5712,-1609,978,1708
3447469892,2652,-1658,-8988,1293,-979,1200,-16378,0,-15537,0,8160,8192,5384,206,6116,-1597,260,1845
3447519892,2340,-1734,-8950,1677,-764,724,-16376,0,-15537,0,8160,8192,6060,52,5844,-1333,421,1828
3447569892,3004,-2278,-8576,829,-457,813,-16373,0,-15537,0,8160,8192,6024,-882,5804,-1023,-837,1705
3447619892,1768,-2110,-8924,553,-255,181,-18370,0,-15537,0,8160,8192,6064,-794,5288,-1008,-357,1534
3447669892,2924,-2550,-8436,842,491,506,0,0,-7,-1,-16369,0,5800,-1482,5654,-1045,334,1610
3447719892,2198,-3034,-8712,962,-569,448,8160,8192,0,0,645,8192,5944,-2070,5774,-1056,210,1408
3447769892,1746,-3146,-8578,732,66,112,0,0,-7,-1,-16365,0,5808,-2190,5582,-1023,507,1330
3447819892,1736,-2698,-8552,722,677,503,0,0,-7,-1,-16363,0,5390,-2792,5638,-1050,1255,1198
3447869892,1566,-3410,-8662,1297,187,851,8160,8192,0,0,645,8192,4912,-2718,5354,-912,1112,1246
3447919892,1988,-3540,-8066,794,975,569,-16359,0,-15537,0,8160,8192,4830,-3344,5952,-701,1401,1147
3447969892,2562,-4244,-7886,899,399,258,-16356,0,-15537,0,8160,8192,4582,-3692,5504,-507,883,1000
3448019892,1914,-3390,-7760,552,280,377,-18354,0,-15537,0,8160,8192,4240,-3590,5976,-553,1338,905
3448069892,3330,-4308,-7204,767,619,359,8160,8192,0,0,645,8192,3296,-3450,6020,-446,678,888
3448119892,2558,-4122,-6820,616,340,229,0,0,-7,-1,-17351,0,3914,-3654,6296,-549,813,720
3448169892,3372,-4340,-6934,782,993,464,8160,8192,8788,-12922,645,8192,3150,-3558,6160,-388,1014,550
3448219892,3150,-4140,-6950,544,666,406,-16346,0,-15537,0,8160,8192,3192,-3666,6156,-312,939,383
3448269892,3192,-4218,-7140,593,527,228,0,0,-7,-1,-16344,0,3148,-3802,6438,-196,851,395
3448319892,3514,-4686,-6926,429,537,71,0,0,-7,-1,-17342,0,2802,-3942,6512,-95,526,433
3448369892,3172,-4752,-6932,336,158,-29,-16340,0,-15537,0,8160,8192,2822,-4170,6444,-25,356,307
3448419892,3270,-4474,-7034,175,330,10,8160,8192,0,0,645,8192,2836,-3938,6612,6,460,236
3448469892,3336,-4252,-6946,414,270,130,-16334,0,-15537,0,8160,8192,2810,-3744,6218,-73,454,274
3448519892,3722,-4538,-6506,506,428,255,-16332,0,-15537,0,8160,8192,2530,-3616,6430,-171,627,359
3448569892,3522,-4482,-6524,362,322,138,8160,8192,0,0,645,8192,2610,-3704,6430,-121,440,276
3448619892,3730,-4708,-6698,356,250,115,8160,8192,36,-12915,645,8192,2840,-3940,6638,-28,383,131
3448669892,3996,-4708,-6726,217,440,87,-17327,0,-15537,0,8160,8192,2472,-3780,6854,8,432,64
3448719892,4002,-4546,-6372,171,509,72,-16325,0,-15537,0,8160,8192,2292,-3738,6646,-36,475,135
3448769892,4122,-4674,-6306,290,474,151,8160,8192,18964,-12913,645,8192,2568,-3694,7034,2,584,81
3448819892,4420,-4824,-6364,281,565,132,-17320,0,-15537,0,8160,8192,2096,-3672,7242,122,634,-24
3448869892,4318,-4606,-6354,166,565,12,0,0,-7,-1,-16318,0,2022,-3594,7336,164,679,-54
3448919892,4514,-4718,-5974,258,684,103,-18316,0,-15537,0,8160,8192,1910,-3526,7368,209,865,-87
3448969892,4334,-4414,-6232,254,684,79,8160,8192,0,0,645,8192,2588,-3162,7018,231,973,-251
3449019892,4902,-4958,-5794,512,833,123,-16312,0,-15537,0,8160,8192,938,-3338,7142,304,902,48
3449069892,4768,-4894,-5278,22,243,-174,8160,8192,-8716,-12909,645,8192,1254,-3152,7284,206,362,25
3449119892,3990,-4436,-5564,631,1028,263,0,0,-7,-1,-16308,0,1728,-3270,7334,256,1284,-8
3449169892,5222,-5382,-4466,-807,1920,464,-16305,0,-15537,0,8160,8192,120,-3348,7616,337,1707,-122
3449219892,4778,-4912,-5524,129,958,289,8160,8192,10212,-12906,645,8192,662,-3232,7338,396,869,-98
3449269892,5076,-5086,-5490,30,521,-239,-16303,0,-15537,0,8160,8192,510,-3636,7280,444,254,120
3449319892,4476,-5188,-5056,587,-268,-583,-17300,0,-15537,0,8160,8192,690,-3586,7250,355,-133,189
3449369892,5288,-5682,-6380,359,29,-73,-16298,0,-15537,0,8160,8192,794,-3290,7092,375,156,69
3449419892,4872,-5810,-5744,80,207,50,0,0,-7,-1,-17295,0,1130,-3626,7302,321,-31,-31
3449469892,4564,-4978,-5558,-350,446,15,-16293,0,-15537,0,8160,8192,1106,-3608,7226,425,56,-212
3449519892,4608,-5338,-5448,-780,719,110,0,0,-7,-1,-17291,0,806,-3956,6926,430,178,-220
3449569892,3060,-4578,-5756,-547,541,140,-16289,0,-15537,0,8160,8192,1054,-4398,5880,183,281,-432
3449619892,3760,-6400,-4820,-28,625,530,0,0,-7,-1,-16287,0,-720,-4602,6848,190,796,-113
3449669892,3120,-5882,-5198,234,-260,-313,-18285,0,-15537,0,8160,8192,504,-5206,6666,83,-261,-316
3449719892,3364,-6170,-5776,615,-12,-98,-17282,0,-15537,0,8160,8192,420,-5136,6868,128,187,-190
3449769892,2830,-7004,-5084,360,840,-345,-16280,0,-15537,0,8160,8192,-118,-5478,6344,-3,-5,-109
3449819892,3258,-6506,-5426,25,-31,-4,8160,8192,0,0,645,8192,954,-5532,7212,85,110,-161
3449869892,4500,-7144,-6098,19,43,-212,-16277,0,-15537,0,8160,8192,182,-5140,8142,460,100,-263
3449919892,2704,-6698,-5942,-227,-706,-797,-17277,0,-15537,0,8160,8192,340,-5978,6210,346,-1164,-169
3449969892,440,-7326,-5244,-597,-2732,-1608,0,0,-7,-1,-16275,0,-468,-7344,2240,311,-3734,-180
3450019892,-3244,-8962,-5034,-1725,-5821,-2444,-16273,0,-15537,0,8160,8192,3014,-11970,4076,1159,-3918,-410
3450069892,1828,-1030,-10898,-4482,-2375,-796,0,0,-7,-1,-16270,0,1052,-4992,16280,-261,-1774,-459
3450119892,2238,-2266,-10724,-2139,-3343,-3244,-17267,0,-15537,0,8160,8192,8560,-636,8428,776,-4000,-987
3450169892,4118,-1324,-8596,766,-830,-59,-17265,0,-15537,0,8160,8192,4824,-2006,7666,-7,-705,-196
3450219892,4810,-4494,-7684,-28,264,-536,-16262,0,-15537,0,8160,8192,4284,-1928,7024,190,-642,-301
3450269892,2260,-1588,-8454,-178,-420,-504,8160,8192,11636,-12890,645,8192,3676,-1502,3934,122,-574,-312
3450319892,3816,-4172,-5566,-304,-719,-214,0,0,-7,-1,-16258,0,4868,-2134,5868,56,-1032,-577
3450369892,3878,-2310,-5280,-628,-73,252,0,0,-7,-1,-16257,0,1858,-3968,7544,-99,-329,-290
3450419892,2284,-2280,-7942,-501,160,-170,8160,8192,30564,-12888,645,8192,4592,-1398,4956,217,-655,-852
3450469892,4730,-1902,-7704,-677,284,776,0,0,-7,-1,-16253,0,4534,-2126,7150,-246,148,-1581
3450519892,4626,-3462,-4196,-699,1539,903,8160,8192,-508,-12887,645,8192,1200,-1912,6912,560,423,-2458
3450569892,3354,816,-5108,-456,2022,816,8160,8192,-16044,-12886,645,8192,1840,544,4672,644,977,-3267
3450619892,7434,-832,-5498,1189,38,24,-16249,0,-15537,0,8160,8192,3030,2294,7996,482,764,-3330
3450669892,6346,142,-6300,-549,602,-953,-16246,0,-15537,0,8160,8192,2926,2238,8648,696,-247,-3825
3450719892,3616,3658,-6804,-1904,-445,-5624,-16243,0,-15537,0,8160,8192,4734,3754,6028,4072,-2541,-2943
3450769892,3440,6594,-8388,-3845,68,-10058,8160,8192,-12652,-12883,645,8192,2744,6604,3878,7524,-2363,-2829
3450819892,3046,7682,-7402,-4019,1602,-11202,0,0,-7,-1,-17239,0,5074,8032,114,7498,-3275,-2406
3450869892,7242,9614,-5130,-1103,773,-4996,-16237,0,-15537,0,8160,8192,278,12048,-32,5091,-2388,-1055
3450919892,7060,8560,-5526,-233,-639,-901,8160,8192,6276,-12880,645,8192,3940,11468,600,644,-1547,-118
3450969892,5578,7482,-4098,-57,-538,1248,8160,8192,0,0,645,8192,2230,9106,3108,-584,1262,-378
3451019892,4242,4992,-5780,56,-238,1049,-16231,0,-15537,0,8160,8192,3694,6338,1356,-1021,-179,419
3451069892,3904,4380,-7126,552,-873,1028,8160,8192,0,0,645,8192,5810,6072,1744,-738,-661,1052
3451119892,4586,3442,-6754,643,-848,1249,-16227,0,-15537,0,8160,8192,5454,5218,2770,-849,-88,1013
3451169892,4626,3522,-6722,1098,-872,1010,0,0,-7,-1,-16225,0,4916,5302,2886,-949,7,1452
3451219892,4086,3938,-7068,1248,-879,1472,-18223,0,-15537,0,8160,8192,5766,5288,2184,-1336,640,1487
3451269892,4408,3730,-7380,1239,-821,1961,0,0,-7,-1,-16220,0,5694,5296,2778,-1701,1010,1468
3451319892,4154,3100,-7776,1419,-1039,2493,-16217,0,-15537,0,8160,8192,5828,4604,3074,-1922,1102,1614
3451369892,4278,2336,-7758,1504,-1281,2480,0,0,-7,-1,-16215,0,6076,3698,3700,-1879,1207,1639
3451419892,3674,1674,-8304,1476,-1264,2125,-16213,0,-15537,0,8160,8192,6420,3602,3998,-1564,1515,1152
3451469892,3880,1060,-7914,1112,-895,2200,-16210,0,-15537,0,8160,8192,5826,2832,4400,-1821,1421,809
3451519892,3812,902,-7958,1203,-1166,3225,-16208,0,-15537,0,8160,8192,5124,2904,4600,-2029,1986,690
3451569892,4288,424,-8484,1584,-1096,2858,-16206,0,-15537,0,8160,8192,4446,2048,6978,-2149,1829,1049
3451619892,4498,-484,-9186,1336,-678,2064,-18203,0,-15537,0,8160,8192,5288,2262,6072,-1756,1042,1292
3451669892,3020,-962,-9034,1674,-667,1894,0,0,-7,-1,-16201,0,5330,1580,5810,-1827,1070,1207
3451719892,3568,-726,-8448,1105,-451,1653,8160,8192,19844,-12868,645,8192,4428,1556,6166,-1593,826,1411
3451769892,3752,-1148,-8404,1043,-876,1463,0,0,-7,-1,-17197,0,5360,758,5746,-1709,-153,1601
3451819892,2564,-2452,-7836,1580,-286,1421,-16196,0,-15537,0,8160,8192,5266,352,6226,-1605,873,1584
3451869892,4076,-3640,-9036,1985,-1357,1131,0,0,-7,-1,-16193,0,5914,-408,6114,-1594,-144,1593
3451919892,1790,-1954,-8348,295,688,1058,-18191,0,-15537,0,8160,8192,4942,-904,6184,-1193,932,1434
3451969892,3480,-3044,-8186,839,586,371,8160,8192,7700,-12864,645,8192,5170,-1366,6254,-1181,-51,1245
3452019892,1882,-2508,-8530,559,-359,564,-16187,0,-15537,0,8160,8192,5926,-1906,6838,-747,447,1010
3452069892,3328,-3766,-8242,1028,632,333,8160,8192,0,0,645,8192,4654,-1762,6152,-625,593,924
3452119892,2476,-3168,-8066,217,126,70,-16183,0,-15537,0,8160,8192,4434,-2210,6092,-726,366,1021
3452169892,2984,-3368,-8296,540,-83,365,-16180,0,-15537,0,8160,8192,4438,-2388,6056,-691,341,1054
3452219892,2742,-3264,-7716,396,223,220,0,0,-7,-1,-16178,0,4540,-2534,6126,-682,534,1161
3452269892,2906,-3874,-8072,823,-24,145,-16176,0,-15537,0,8160,8192,4150,-2796,6300,-523,433,1098
3452319892,3252,-3940,-7730,399,294,35,8160,8192,30020,-12859,645,8192,4458,-3072,6648,-476,175,798
3452369892,3134,-3608,-7694,376,289,194,0,0,-7,-1,-17171,0,4108,-3040,6116,-427,427,728
3452419892,2950,-3880,-7286,624,247,270,-16169,0,-15537,0,8160,8192,3602,-3094,6330,-461,660,798
3452469892,3488,-3798,-7310,481,470,238,8160,8192,-16588,-12857,645,8192,3558,-3008,6210,-419,693,566
3452519892,3632,-4010,-7120,621,533,449,-16164,0,-15537,0,8160,8192,3196,-3260,6742,-377,936,484
3452569892,3384,-4058,-7168,509,479,84,8160,8192,17876,-12855,645,8192,2900,-3400,6514,-159,379,422
3452619892,3650,-4064,-7196,299,66,-89,-16162,0,-15537,0,8160,8192,3382,-3344,6552,-125,-99,442
3452669892,3882,-4276,-6868,208,149,-52,8160,8192,-13196,-12854,645,8192,3232,-3132,6598,-98,-73,391
3452719892,3468,-3786,-6776,374,189,59,-16157,0,-15537,0,8160,8192,3202,-3258,6462,-97,64,361
3452769892,3514,-4164,-6760,504,358,245,-16156,0,-15537,0,8160,8192,3564,-3264,6372,-114,519,79
3452819892,3958,-3944,-6744,429,593,286,0,0,-7,-1,-17153,0,2946,-3152,6550,-47,551,2
3452869892,3760,-4140,-7050,443,299,117,-16151,0,-15537,0,8160,8192,3150,-3490,6598,21,238,79
3452919892,3752,-4102,-6856,254,215,1,8160,8192,-25340,-12850,645,8192,3426,-3334,6304,-57,184,64
3452969892,3796,-4014,-6534,327,284,239,8160,8192,0,0,645,8192,3070,-3292,6932,-122,542,190
3453019892,4378,-4532,-6614,422,361,115,-16144,0,-15537,0,8160,8192,2668,-3268,6678,24,338,86
3453069892,4378,-4642,-6450,202,84,52,0,0,-7,-1,-16142,0,2894,-3206,6798,13,212,-19
3453119892,4454,-4262,-6742,-54,174,-83,-17141,0,-15537,0,8160,8192,2638,-3110,6728,-6,96,-10
3453169892,4286,-4274,-6492,275,251,102,-16139,0,-15537,0,8160,8192,3098,-3142,6978,-72,474,98
3453219892,4340,-4546,-6466,338,601,153,8160,8192,12516,-12845,645,8192,2672,-3388,7000,33,611,-32
3453269892,4160,-4470,-6192,239,415,-17,0,0,-7,-1,-16136,0,2468,-3468,7042,207,467,-89
3453319892,4514,-4554,-6246,123,372,-160,-16134,0,-15537,0,8160,8192,2522,-3140,6994,255,364,-80
3453369892,4640,-4316,-6110,-29,323,-263,-16132,0,-15537,0,8160,8192,2614,-3028,7126,286,114,-154
3453419892,4158,-4236,-6086,142,424,-123,-16130,0,-15537,0,8160,8192,2536,-3052,6720,306,346,-142
3453469892,6808,-5246,-5016,-1483,439,386,0,0,-7,-1,-16128,0,2192,-3140,6988,314,510,-153
3453519892,4354,-4242,-6046,458,75,-102,-16126,0,-15537,0,8160,8192,2796,-3316,6888,164,236,-76
3453569892,4698,-4308,-5450,123,590,30,0,0,-7,-1,-17124,0,2242,-3400,6980,187,669,-6
3453619892,4368,-5508,-6354,731,208,17,8160,8192,19300,-12839,645,8192,1708,-3760,7122,274,446,-47
3453669892,3322,-4836,-6900,35,128,-30,0,0,-7,-1,-16119,0,2236,-4108,6868,225,344,71
3453719892,3230,-4480,-6434,-45,575,266,0,0,-7,-1,-16117,0,2118,-4452,6946,196,493,217
3453769892,3988,-5356,-5974,-392,361,-190,-16115,0,-15537,0,8160,8192,1754,-4016,6344,225,16,140
3453819892,3038,-5246,-5958,110,187,8,8160,8192,22692,-12836,645,8192,1842,-4344,6328,124,361,100
3453869892,3294,-5574,-5752,504,138,123,-16112,0,-15537,0,8160,8192,878,-4838,5986,43,201,143
3453919892,2678,-5838,-5682,362,-475,-374,8160,8192,-8380,-12835,645,8192,1268,-5116,5496,-119,-897,210
3453969892,2384,-6212,-6148,184,-233,19,-18108,0,-15537,0,8160,8192,2412,-5460,6342,-464,-117,216
3454019892,3806,-7296,-6740,-152,-546,-64,0,0,-7,-1,-17106,0,1722,-6160,7528,-242,-616,-264
3454069892,2986,-7038,-7890,-685,-547,-374,8160,8192,10548,-12832,645,8192,2584,-6886,7568,-49,-392,-401
3454119892,1556,-6974,-7306,-1010,-1297,-1114,-16104,0,-15537,0,8160,8192,2982,-6958,5136,482,-1569,-585
3454169892,-688,-7296,-5898,-1259,-2485,-1314,0,0,-7,-1,-17102,0,1014,-7824,2188,1160,-3076,-982
3454219892,3226,-7996,-4308,-1719,-1716,-939,-16100,0,-15537,0,8160,8192,2140,-4118,658,-561,-1408,-1063
3454269892,15750,-9472,-2832,278,-510,544,-17097,0,-15537,0,8160,8192,1776,-2578,10530,753,-3021,-98
3454319892,3928,-1322,-8284,-981,-1838,-67,0,0,-7,-1,-16095,0,5290,-2416,5426,-184,-1292,-39
3454369892,5226,-3274,-10890,-476,-1372,-1083,8160,8192,-17132,-12828,645,8192,6602,-688,5750,427,-1818,-398
3454419892,3498,-1436,-8188,-491,-522,429,8160,8192,-32668,-12827,645,8192,4950,-2612,5278,-98,-324,-521
3454469892,3648,-4058,-6840,-107,-677,43,-16090,0,-15537,0,8160,8192,4512,-2352,4368,0,-862,-505
3454519892,4154,-3696,-5290,-234,-499,525,0,0,-7,-1,-16088,0,4936,-2224,7602,-330,357,-682
3454569892,5174,-3558,-5230,-850,127,573,0,0,-7,-1,-16087,0,3568,-2320,9738,-426,999,-1133
3454619892,2650,-772,-7410,334,2283,1469,-16085,0,-15537,0,8160,8192,2368,-1864,5970,-95,971,-1204
3454669892,3044,-1580,-5138,-159,1438,336,-16083,0,-15537,0,8160,8192,2220,-1714,4886,209,790,-2028
3454719892,4590,-624,-5390,-286,580,719,8160,8192,5188,-12822,645,8192,4632,270,6958,418,-132,-3178
3454769892,7508,-1670,-6704,428,-527,-86,-16078,0,-15537,0,8160,8192,3036,2080,8546,402,-502,-3417
3454819892,6216,-2042,-6006,-222,-516,-1408,0,0,-7,-1,-16075,0,4066,22,9778,579,-923,-3415
3454869892,3258,2372,-7278,-1346,-420,-5413,-17073,0,-15537,0,8160,8192,4444,2020,6744,3575,-2465,-2750
3454919892,4404,6066,-8712,-3429,910,-9306,0,0,-7,-1,-16070,0,6280,5848,2588,6697,-2472,-2442
3454969892,4168,7504,-7340,-2837,1236,-9553,-16068,0,-15537,0,8160,8192,4086,7734,62,7649,-2304,-1870
3455019892,5374,7060,-6344,-1033,457,-6207,0,0,-7,-1,-19066,0,4376,9954,-580,5614,-1525,-988
3455069892,7656,8094,-5604,-743,38,-1138,-16063,0,-15537,0,8160,8192,2970,12362,-236,1460,-659,-448
3455119892,5854,6882,-3716,-323,86,571,-16061,0,-15537,0,8160,8192,1924,9898,3484,-357,1034,-442
3455169892,3992,4062,-6492,-13,-640,338,8160,8192,0,0,645,8192,4450,5696,1460,-730,-709,407
3455219892,3900,3586,-7404,136,-1154,358,8160,8192,0,0,645,8192,5926,5164,2212,-248,-839,561
3455269892,4268,3100,-7346,108,-853,717,5544,8192,-7,-1,-15962,0,6052,4970,2494,-482,-325,412
3455319892,4732,2832,-7186,636,-1107,1195,-16053,0,-15537,0,8160,8192,5308,4886,2936,-780,273,807
3455369892,4378,3402,-7088,997,-909,1320,0,0,-7,-1,-17051,0,5080,5366,2494,-1301,445,1400
3455419892,4194,2826,-7462,1382,-1564,2143,-16048,0,-15537,0,8160,8192,6626,4542,2908,-1900,-23,1905
3455469892,4452,3036,-7774,1556,-1115,2415,0,0,-7,-1,-16045,0,5662,4834,3536,-1834,1519,1780
3455519892,4142,2684,-7728,1433,-1294,2290,0,0,-7,-1,-16043,0,6198,4226,3816,-1896,934,1828
3455569892,4368,1494,-7998,2027,-1957,2519,8160,8192,0,0,645,8192,6020,3186,4116,-1631,563,2078
3455619892,3310,808,-8242,1297,-1180,1909,8160,8192,-12316,-12809,645,8192,6946,2544,3672,-1712,1190,1401
3455669892,3514,754,-8714,1210,-864,2205,-16035,0,-15537,0,8160,8192,5812,2660,4896,-1878,1261,1084
3455719892,3780,130,-8228,806,-977,2287,-16033,0,-15537,0,8160,8192,5754,2474,5080,-1561,872,1454
3455769892,3630,-718,-9438,1522,-1249,2301,8160,8192,6612,-12806,645,8192,6284,1738,5246,-1837,582,1628
3455819892,2712,-608,-9046,1299,-685,1726,-18030,0,-15537,0,8160,8192,7086,722,5738,-1670,941,1415
3455869892,2946,-1524,-9528,1364,-232,1848,0,0,-7,-1,-16027,0,6420,596,5884,-1363,1415,1091
3455919892,2774,-1854,-9250,668,258,1324,8160,8192,25540,-12804,645,8192,5570,-42,5660,-1242,1105,1209
3455969892,2840,-1768,-8368,640,898,734,-16023,0,-15537,0,8160,8192,5808,-884,6116,-1402,908,1424
3456019892,2850,-2700,-8540,732,-18,729,0,0,-7,-1,-16022,0,5790,-1208,6116,-1120,536,1439
3456069892,1824,-2636,-7832,824,112,191,-16019,0,-15537,0,8160,8192,4808,-1994,5922,-1150,855,1440
3456119892,2744,-2948,-8654,616,-64,461,0,0,-7,-1,-16018,0,5348,-2348,5846,-1003,321,1360
3456169892,2670,-2462,-8544,148,304,254,8160,8192,13396,-12800,645,8192,4488,-1840,5950,-698,631,1190
3456219892,3294,-3154,-7466,814,-170,294,0,0,-7,-1,-16013,0,5574,-2026,5932,-911,77,1567
3456269892,1716,-2550,-8706,834,203,201,-18011,0,-15537,0,8160,8192,4244,-2874,5840,-808,840,1271
3456319892,2704,-3304,-7646,787,672,126,8160,8192,0,0,645,8192,4898,-2944,5912,-711,353,1220
3456369892,2702,-3158,-7476,675,343,312,-16007,0,-15537,0,8160,8192,4134,-3042,5818,-576,752,1010
3456419892,3218,-3624,-7514,751,636,190,0,0,-7,-1,-17005,0,4098,-3158,6166,-420,246,885
3456469892,3428,-3588,-7264,588,497,271,-16004,0,-15537,0,8160,8192,3924,-3032,6102,-260,448,510
3456519892,3296,-3398,-7494,615,930,339,0,0,-7,-1,-16002,0,3846,-3182,5912,-333,598,470
3456569892,3322,-3480,-7122,734,811,425,8160,8192,20180,-12794,645,8192,4096,-3230,6080,-220,873,344
3456619892,3998,-3616,-7344,403,755,312,8160,8192,4644,-12793,645,8192,3476,-3104,6126,-173,695,256
3456669892,3794,-3728,-7206,329,405,206,0,0,-7,-1,-15996,0,3358,-3398,6360,-37,553,258
3456719892,3738,-3800,-7316,120,211,-15,-16994,0,-15537,0,8160,8192,3718,-3500,6266,-56,104,281
3456769892,3724,-3718,-7216,278,342,134,-15992,0,-15537,0,8160,8192,3476,-3504,6314,-26,509,271
3456819892,3768,-3874,-6966,621,619,378,8160,8192,0,0,645,8192,3288,-3466,6494,-160,947,390
3456869892,3910,-4202,-7048,633,514,320,-15988,0,-15537,0,8160,8192,3018,-3724,6452,-90,919,338
3456919892,4136,-4154,-6562,398,434,235,0,0,-7,-1,-16987,0,2998,-3414,6684,-71,591,141
3456969892,4462,-4058,-6690,181,475,171,-15985,0,-15537,0,8160,8192,2696,-3416,7062,48,664,72
3457019892,4796,-4008,-6650,483,663,132,-15983,0,-15537,0,8160,8192,2744,-3376,7120,125,779,120
3457069892,4476,-4138,-6266,109,705,-3,-15981,0,-15537,0,8160,8192,2490,-3204,6842,153,656,-50
3457119892,4618,-3996,-6264,259,594,148,0,0,-7,-1,-15978,0,2496,-3210,7144,201,693,-45
3457169892,5064,-4134,-6160,177,648,52,0,0,-7,-1,-16978,0,2258,-2964,7306,247,647,-125
3457219892,5268,-4156,-5500,146,405,48,-15976,0,-15537,0,8160,8192,1860,-2438,7084,212,459,-228
3457269892,4454,-3072,-6008,235,745,308,0,0,-7,-1,-16974,0,3248,-2462,7106,18,899,-267
3457319892,4742,-4600,-6052,1555,1929,1226,8160,8192,0,0,645,8192,1790,-3382,7354,82,2459,-189
3457369892,5770,-5290,-5266,523,978,340,-15968,0,-15537,0,8160,8192,670,-3242,7498,166,952,-204
3457419892,4994,-4214,-5206,-314,-297,-434,-16964,0,-15537,0,8160,8192,2006,-2534,7110,152,-285,-128
3457469892,4560,-4526,-5158,301,619,196,-15960,0,-15537,0,8160,8192,1880,-3024,6896,170,608,-179
3457519892,4446,-4792,-5236,325,808,512,0,0,-7,-1,-15960,0,1324,-3416,6720,94,1167,-393
3457569892,3468,-4580,-5596,344,493,301,-15959,0,-15537,0,8160,8192,1234,-3756,5188,81,105,-172
3457619892,3888,-5056,-4546,118,274,1096,-15957,0,-15537,0,8160,8192,1102,-3610,6392,-567,1143,131
3457669892,5602,-6660,-4848,-252,-381,665,-15953,0,-15537,0,8160,8192,-654,-4138,7162,-496,-353,-182
3457719892,4800,-5018,-6222,-1076,-1066,-348,8160,8192,-9468,-12777,645,8192,2230,-4158,7962,-329,-1707,-46
3457769892,4078,-5738,-6638,-715,-190,-225,8160,8192,-25004,-12776,645,8192,2672,-4312,7248,76,-478,90
3457819892,4564,-5260,-6478,-96,372,194,-16949,0,-15537,0,8160,8192,2140,-4602,7474,234,544,-158
3457869892,2576,-5768,-4838,1481,61,-556,-15947,0,-15537,0,8160,8192,1216,-5174,6822,255,868,-187
3457919892,2858,-6566,-5776,105,508,-114,8160,8192,-6076,-12774,645,8192,1200,-5846,6886,164,861,-59
3457969892,3266,-7352,-5738,474,663,185,-15944,0,-15537,0,8160,8192,436,-5736,6854,219,1272,-48
3458019892,3178,-7176,-6058,96,202,22,0,0,-7,-1,-16942,0,1396,-5676,6888,108,643,-373
3458069892,3370,-6772,-5994,198,505,180,-16940,0,-15537,0,8160,8192,398,-5784,7046,238,751,-457
3458119892,2400,-7364,-5700,-141,-409,-593,-16938,0,-15537,0,8160,8192,-330,-6462,5558,430,-613,-309
3458169892,370,-7240,-5098,-941,-3169,-1803,-15935,0,-15537,0,8160,8192,-964,-6966,1586,364,-4251,-308
3458219892,-2636,-7456,-3456,-3316,-7341,-2668,-17932,0,-15537,0,8160,8192,1930,-9692,3772,921,-5577,-956
3458269892,4982,-8324,-6764,-2494,-3125,-1368,-16928,0,-15537,0,8160,8192,3848,-4990,6402,-325,-4650,-576
3458319892,3820,1284,-11334,-2929,-1796,-1796,8160,8192,708,-12767,645,8192,5984,-3908,8954,747,-4034,-88
3458369892,4736,-1038,-12974,1017,-1993,-1492,-15923,0,-15537,0,8160,8192,10174,-144,7056,642,-1915,-410
3458419892,3670,438,-9600,-802,98,-226,-15921,0,-15537,0,8160,8192,7498,-530,5296,-116,-637,-72
3458469892,1154,-3462,-7468,678,-523,43,-15919,0,-15537,0,8160,8192,6796,-2598,4750,-275,-659,-659
3458519892,4440,-2860,-7558,-1260,-57,407,8160,8192,4100,-12764,645,8192,2564,-2002,6732,-255,-243,-602
3458569892,3040,-4312,-7418,565,-403,320,-16916,0,-15537,0,8160,8192,4300,-6240,8020,-213,-107,-350
3458619892,3600,-2768,-8546,-1217,770,-119,-15912,0,-15537,0,8160,8192,6968,-2386,6874,122,359,-797
3458669892,3896,-2552,-5172,-748,751,113,8160,8192,23028,-12762,645,8192,5186,-1678,6772,702,-148,-1666
3458719892,5142,-748,-3074,-991,2589,1600,0,0,-7,-1,-15907,0,382,-840,4378,142,1183,-2134
3458769892,3908,-970,-5690,1045,2100,1292,8160,8192,0,0,645,8192,1620,-504,5466,569,1206,-3224
3458819892,4978,-502,-6876,1239,-175,-738,-15902,0,-15537,0,8160,8192,4856,946,7628,600,-104,-3028
3458869892,6330,-224,-8504,388,286,-1377,8160,8192,26420,-12759,645,8192,4780,2272,8688,1399,-882,-3149
3458919892,3272,4392,-7726,-1654,-990,-6320,-17896,0,-15537,0,8160,8192,3982,3610,5024,4695,-3591,-1550
3458969892,3114,5948,-8174,-2009,-1615,-9936,-15894,0,-15537,0,8160,8192,8486,7094,1316,7023,-3404,-1541
3459019892,2988,7808,-8494,-3023,639,-8639,8160,8192,-20188,-12757,645,8192,7334,8102,-1774,6598,-2099,-2336
3459069892,4264,6794,-8206,-1825,-435,-3826,-15887,0,-15537,0,8160,8192,4916,8912,-1508,4298,-2206,-1499
3459119892,4380,5850,-6284,-1019,-1404,-747,-16882,0,-15537,0,8160,8192,3702,9940,-638,1297,-1709,-229
3459169892,6612,7656,-4726,-135,-911,192,-15881,0,-15537,0,8160,8192,2310,10294,3090,161,569,154
3459219892,4178,3384,-7746,706,-1330,305,0,0,-7,-1,-16878,0,7278,6208,1978,-273,-341,1172
3459269892,4292,2970,-8060,19,-145,729,-16875,0,-15537,0,8160,8192,6110,5158,3012,-579,369,-95
3459319892,4008,2888,-7672,262,-57,673,0,0,-7,-1,-15874,0,5614,4862,2306,-746,193,146
3459369892,3476,3306,-7428,942,-155,1025,8160,8192,2132,-12751,645,8192,5126,4862,1612,-1115,574,846
3459419892,3054,3230,-7396,1424,-698,1193,-15869,0,-15537,0,8160,8192,5116,4812,1710,-1309,1020,1473
3459469892,3684,3394,-7828,1741,-1200,1368,0,0,-7,-1,-15867,0,5606,5208,1586,-1517,249,2070
3459519892,3308,2768,-8884,1627,-1400,2677,8160,8192,0,0,645,8192,8988,4436,1812,-2435,354,2058
3459569892,4118,2252,-8244,1568,-846,3244,-15863,0,-15537,0,8160,8192,5794,4686,3268,-2557,2646,1099
3459619892,2990,3594,-8870,1357,-1192,3243,-15861,0,-15537,0,8160,8192,5278,4346,3296,-3145,1716,1260
3459669892,2614,892,-9134,2089,-1091,3729,8160,8192,-25548,-12747,645,8192,7292,1884,4576,-3209,1223,1319
3459719892,3450,-648,-8392,1081,-872,2483,-15857,0,-15537,0,8160,8192,4472,1898,5668,-1647,690,1947
3459769892,2388,-160,-9952,1648,-1797,1174,-15855,0,-15537,0,8160,8192,8084,1190,4858,-886,318,2639
3459819892,2850,-1780,-8622,1550,-1322,1456,-16853,0,-15537,0,8160,8192,7406,206,4958,-1230,405,1769
3459869892,1412,-1430,-9288,869,-519,892,-15850,0,-15537,0,8160,8192,6234,2,5270,-1224,699,1517
3459919892,1936,-1912,-9632,1051,-214,560,0,0,-7,-1,-15848,0,6640,-420,5254,-1362,415,1397
3459969892,2132,-1640,-9556,855,276,1091,-16845,0,-15537,0,8160,8192,5990,-642,5340,-1491,1025,1706
3460019892,2182,-2340,-8796,1434,366,658,-15843,0,-15537,0,8160,8192,6642,-1460,5134,-1592,490,1657
3460069892,1096,-2688,-8574,984,-284,724,-17841,0,-15537,0,8160,8192,5782,-2032,5326,-1562,1102,1602
3460119892,1112,-2684,-8724,865,498,427,8160,8192,31236,-12740,645,8192,6414,-2494,5122,-1282,794,1293
3460169892,1536,-3012,-9246,650,188,1063,-16836,0,-15537,0,8160,8192,4848,-2990,5742,-1080,1311,1145
3460219892,2334,-3568,-7782,494,423,429,-16683,0,-15537,0,8160,8192,5572,-2984,5610,-851,518,1076
3460269892,1566,-2820,-8416,473,497,598,0,0,-7,-1,-15832,0,4912,-3336,5566,-802,1209,871
3460319892,2292,-3042,-8224,1053,671,506,-17829,0,-15537,0,8160,8192,4326,-2984,5366,-794,933,1067
3460369892,1838,-3198,-7844,1183,546,609,-15828,0,-15537,0,8160,8192,4282,-3454,5538,-866,1329,1101
3460419892,2356,-3982,-7586,1298,778,527,8160,8192,3556,-12735,645,8192,3896,-3704,5604,-680,955,867
3460469892,1988,-3420,-7558,1109,943,627,0,0,-7,-1,-15824,0,3954,-3900,5644,-641,1374,775
3460519892,2752,-4022,-7674,1434,1188,797,-15821,0,-15537,0,8160,8192,3536,-3812,5942,-600,1528,835
3460569892,2348,-4076,-7200,1509,1454,757,8160,8192,0,0,645,8192,3544,-4032,5766,-591,1862,933
3460619892,3120,-4700,-6686,1361,1213,537,-15816,0,-15537,0,8160,8192,2404,-4024,5944,-391,1063,886
3460669892,3378,-4998,-6536,932,813,158,-15812,0,-15537,0,8160,8192,2722,-4400,6364,-200,768,951
3460719892,3318,-5558,-6574,796,755,128,-15810,0,-15537,0,8160,8192,2396,-4674,6628,3,809,659
3460769892,3400,-4954,-6524,247,914,-58,8160,8192,25876,-12730,645,8192,2462,-4492,6666,158,688,388
3460819892,3672,-5052,-6412,596,1021,171,-17805,0,-15537,0,8160,8192,2282,-4262,6502,275,958,254
3460869892,3800,-5358,-6094,342,777,7,8160,8192,0,0,645,8192,1928,-4284,6496,280,651,204
3460919892,3820,-5186,-5628,466,584,98,-15801,0,-15537,0,8160,8192,1540,-4122,6552,307,723,119
3460969892,4010,-5226,-5554,263,559,14,0,0,-7,-1,-15799,0,1640,-3908,6612,297,487,-37
3461019892,3760,-4956,-5258,236,479,-76,-15796,0,-15537,0,8160,8192,1634,-3908,6866,343,648,-171
3461069892,4444,-4988,-5246,535,1130,112,0,0,-7,-1,-15794,0,1614,-3356,6586,381,1195,-230
3461119892,4456,-5404,-5690,332,1184,138,-15793,0,-15537,0,8160,8192,758,-3938,7036,143,1521,-118
3461169892,4488,-5174,-5872,213,531,60,-15790,0,-15537,0,8160,8192,1574,-3792,7024,174,646,-29
3461219892,4636,-5546,-5574,55,351,-55,8160,8192,17124,-12723,645,8192,1144,-3884,7414,195,401,-20
3461269892,4888,-5418,-5242,-112,176,-156,8160,8192,0,0,645,8192,758,-3628,7814,203,153,-116
3461319892,3756,-4838,-5176,-3206,1158,-56,-15782,0,-15537,0,8160,8192,1234,-3392,7638,206,192,-264
3461369892,5034,-4826,-5386,-1281,635,476,-15780,0,-15537,0,8160,8192,970,-3326,7628,280,357,-263
3461419892,5668,-4558,-4892,-185,464,-146,8160,8192,20516,-12720,645,8192,1000,-3398,7906,279,233,-193
3461469892,4580,-4834,-6074,261,196,-308,-17776,0,-15537,0,8160,8192,1090,-3664,7498,354,333,-144
3461519892,4606,-5294,-5816,7,469,-138,-16772,0,-15537,0,8160,8192,434,-3620,7302,555,299,-66
3461569892,3904,-4998,-5882,-72,122,-339,-15770,0,-15537,0,8160,8192,914,-3688,7188,477,-26,-47
3461619892,4516,-5342,-6166,127,123,-224,-17768,0,-15537,0,8160,8192,1150,-3846,7202,486,-26,-29
3461669892,4420,-3918,-4916,703,271,38,-15764,0,-15537,0,8160,8192,1484,-3736,6668,370,-99,-67
3461719892,2646,-4494,-4496,-519,679,-177,-15761,0,-15537,0,8160,8192,854,-4186,6584,307,78,-68
3461769892,3976,-5524,-5560,-259,122,-102,-17759,0,-15537,0,8160,8192,132,-4322,6118,359,-320,-154
3461819892,3766,-4456,-5216,112,-998,-754,-15756,0,-15537,0,8160,8192,1258,-5340,7410,58,-680,-177
3461869892,3306,-5426,-4706,343,122,-540,8160,8192,11764,-12713,645,8192,930,-4638,6606,419,101,-353
3461919892,2730,-6144,-5360,465,791,-29,-15753,0,-15537,0,8160,8192,426,-5320,6230,319,726,-152
3461969892,3568,-6838,-5690,427,469,11,-15752,0,-15537,0,8160,8192,-334,-5140,6820,293,644,-127
3462019892,3306,-6594,-5930,164,369,-257,-17750,0,-15537,0,8160,8192,812,-5314,6590,253,33,-39
3462069892,3172,-6814,-6590,62,36,-227,-15747,0,-15537,0,8160,8192,1062,-5838,7032,226,26,-99
3462119892,3088,-7814,-6274,-140,-154,-327,8160,8192,0,0,645,8192,350,-6588,7308,34,-149,-48
3462169892,1648,-7694,-6132,-111,-366,-458,-15742,0,-15537,0,8160,8192,-128,-7442,5696,113,-604,-223
3462219892,-892,-6030,-6074,-914,-2369,-1443,0,0,-7,-1,-15739,0,666,-7276,1642,472,-4117,-521
3462269892,6174,-7020,-5428,-2242,-3883,-1236,-15739,0,-15537,0,8160,8192,936,-2614,4230,-75,-3461,-143
3462319892,6014,-3664,-3922,-2615,-3194,-1765,-15737,0,-15537,0,8160,8192,2566,-2022,9934,-20,-3994,0
3462369892,4032,-3766,-8804,-93,-1633,-603,-15734,0,-15537,0,8160,8192,5316,-3354,7160,-308,-1438,-380
3462419892,5246,-2976,-10810,-611,-1223,-777,8160,8192,-28060,-12705,645,8192,5460,-2248,5006,-20,-1450,-304
3462469892,4732,-3112,-7676,-86,-1032,-54,8160,8192,0,0,645,8192,3580,-2926,7466,-32,-101,-546
3462519892,3366,-2968,-7122,59,105,178,0,0,-7,-1,-16730,0,4116,-3160,6114,-52,245,-788
3462569892,3280,-3566,-6774,-607,-403,-89,0,0,-7,-1,-16727,0,4564,-2436,6550,-147,194,-851
3462619892,3282,-2372,-7566,-408,262,315,8160,8192,0,0,645,8192,4366,-3864,6496,-88,204,-925
3462669892,3716,-1614,-5480,-653,605,642,-15718,0,-15537,0,8160,8192,2404,-822,7432,-41,1084,-1566
3462719892,4476,-2020,-4212,-267,848,-176,8160,8192,9796,-12700,645,8192,1206,-1440,4978,738,-1156,-2033
3462769892,2406,-3430,-2170,-567,1631,1281,-15714,0,-15537,0,8160,8192,2170,-1968,5304,475,746,-3034
3462819892,8134,-1122,-6422,-191,2247,277,0,0,-7,-1,-15712,0,2962,2420,7832,1344,-494,-4158
3462869892,7214,1592,-9260,817,-995,-1923,8160,8192,0,0,645,8192,3164,3958,7574,1157,256,-4382
3462919892,4622,2394,-7580,115,-444,-2859,-15709,0,-15537,0,8160,8192,2178,3706,6610,2058,-1497,-1960
3462969892,5476,3490,-7944,-638,-2058,-6663,0,0,-7,-1,-16705,0,5168,5014,3972,5156,-3971,-118
3463019892,3522,7158,-10390,-2776,-610,-9310,-15701,0,-15537,0,8160,8192,8248,8448,1052,6543,-3857,-979
3463069892,5692,7036,-8604,-2223,59,-6428,-15700,0,-15537,0,8160,8192,5658,8822,1148,5584,-3086,-1472
3463119892,7334,8556,-4560,-2884,1405,-2351,8160,8192,16580,-12694,645,8192,2944,14554,938,3677,-849,-1825
3463169892,6864,7770,-4756,-987,200,-1670,-15696,0,-15537,0,8160,8192,2940,10206,928,803,354,-1368
3463219892,3634,2544,-6696,-33,-790,41,-15695,0,-15537,0,8160,8192,4654,4382,1272,-677,-151,147
3463269892,3980,2756,-7312,260,-618,743,-15694,0,-15537,0,8160,8192,5674,4302,3562,-459,-463,530
3463319892,5028,3312,-7142,317,-852,771,8160,8192,19972,-12691,645,8192,5884,5624,2478,-475,-331,864
3463369892,4100,3170,-6856,457,-660,966,0,0,-7,-1,-15689,0,5430,5248,2516,-867,99,675
3463419892,4370,3016,-7352,888,-721,630,-15687,0,-15537,0,8160,8192,6080,4538,2430,-539,215,845
3463469892,4228,2876,-7268,893,-790,791,0,0,-7,-1,-15685,0,5456,4960,2102,-683,706,911
3463519892,4132,2778,-7624,950,-1110,1482,0,0,-7,-1,-16684,0,5630,4664,2248,-1276,553,1208
3463569892,4418,2480,-7878,1016,-1165,1941,8160,8192,7828,-12687,645,8192,6240,4426,3258,-1854,332,1260
3463619892,4228,2072,-7948,854,-911,2281,0,0,-7,-1,-15678,0,7350,4274,2842,-2486,813,796
3463669892,4664,2724,-7308,494,-976,3031,-15676,0,-15537,0,8160,8192,4504,4400,4608,-2800,1777,275
3463719892,4298,1690,-7562,1001,-1383,3073,0,0,-7,-1,-15672,0,5310,3800,4050,-2900,1333,735
3463769892,4024,1656,-8466,1917,-1754,4033,0,0,-7,-1,-16671,0,4190,3220,6102,-3164,1633,1207
3463819892,4090,490,-8468,1984,-1678,3170,0,0,-7,-1,-15669,0,6170,1782,5698,-2647,-15,1982
3463869892,2564,-752,-10174,2102,-1079,2487,-15667,0,-15537,0,8160,8192,6296,872,5910,-1787,1474,1645
3463919892,3450,-1834,-7672,1476,-1297,1742,0,0,-7,-1,-15665,0,5240,142,5926,-1578,-224,2011
3463969892,2016,-1112,-9976,1380,-1190,606,8160,8192,0,0,645,8192,6964,590,5502,-1482,456,1488
3464019892,3138,-2482,-8646,1431,-387,1607,-16659,0,-15537,0,8160,8192,6016,-276,5768,-1698,247,1492
3464069892,2378,-1834,-9246,1278,-460,938,8160,8192,-16460,-12680,645,8192,5940,-272,5708,-1462,518,1522
3464119892,2508,-2900,-8686,1195,76,1217,8160,8192,0,0,645,8192,5238,-656,6130,-1424,569,1589
3464169892,1962,-2646,-8472,973,725,356,-15654,0,-15537,0,8160,8192,5860,-1522,5586,-1522,999,1487
3464219892,2646,-3186,-7970,1339,128,1172,0,0,-7,-1,-16652,0,5588,-2264,6326,-1540,1126,1381
3464269892,1832,-3530,-8598,936,525,524,-15649,0,-15537,0,8160,8192,5096,-2592,6014,-1169,647,1189
3464319892,1546,-2950,-8366,553,440,229,-15646,0,-15537,0,8160,8192,5028,-3004,5538,-977,588,1185
3464369892,3076,-4908,-6998,826,385,1654,-15645,0,-15537,0,8160,8192,4624,-3264,5872,-1029,198,1294
3464419892,466,-3376,-8278,642,608,-48,-17644,0,-15537,0,8160,8192,4266,-3460,5320,-899,1084,996
3464469892,2814,-5018,-6410,1249,441,1200,0,0,-7,-1,-16642,0,3442,-3900,6198,-730,872,1109
3464519892,1770,-4372,-7694,710,614,54,-15639,0,-15537,0,8160,8192,4362,-3588,6050,-518,758,768
3464569892,2530,-4176,-7256,1309,867,553,8160,8192,0,0,645,8192,3516,-3790,5990,-394,1566,827
3464619892,2660,-5074,-7368,1139,1024,387,0,0,-7,-1,-15635,0,3268,-4050,6166,-297,1332,950
3464669892,2558,-4754,-7136,783,646,-18,-15633,0,-15537,0,8160,8192,3518,-3832,6008,-298,861,817
3464719892,2524,-4484,-7052,885,941,284,8160,8192,-21820,-12670,645,8192,3018,-4328,6464,-137,1608,798
3464769892,3622,-5808,-6258,1163,816,163,-15629,0,-15537,0,8160,8192,1892,-4206,6708,91,1274,841
3464819892,3314,-5846,-5932,378,465,-376,0,0,-7,-1,-15626,0,1994,-4290,6518,210,447,555
3464869892,3016,-4586,-6564,113,555,-276,0,0,-7,-1,-15624,0,2354,-3824,6302,121,555,414
3464919892,3406,-4902,-6094,1060,721,334,0,0,-7,-1,-16622,0,1982,-3806,6532,41,1130,591
3464969892,3880,-5432,-5190,909,825,383,8160,8192,31572,-12666,645,8192,1204,-3774,6776,12,1106,354
3465019892,3680,-5294,-6006,378,491,35,-17619,0,-15537,0,8160,8192,1508,-4248,7154,143,648,161
3465069892,3752,-5370,-6172,115,410,-217,8160,8192,500,-12664,645,8192,1572,-4114,7136,314,415,25
3465119892,4178,-5604,-5308,113,512,-167,8160,8192,0,0,645,8192,1322,-3464,7040,311,441,-83
3465169892,3920,-5716,-5274,220,641,-99,-15613,0,-15537,0,8160,8192,1566,-3432,7338,341,767,-318
3465219892,5298,-5580,-4878,202,1151,-159,-15611,0,-15537,0,8160,8192,702,-2928,7700,469,1196,-401
3465269892,5378,-5118,-5176,322,1030,141,-16609,0,-15537,0,8160,8192,378,-3438,7744,562,958,-339
3465319892,4422,-5492,-5820,446,583,-197,8160,8192,-11644,-12661,645,8192,1106,-3582,7200,528,677,19
3465369892,5102,-6852,-6532,-2535,1702,1119,8160,8192,-27180,-12660,645,8192,1022,-3458,7176,482,906,-126
3465419892,4404,-4880,-5150,36,792,336,-15604,0,-15537,0,8160,8192,810,-3298,7668,484,770,-193
3465469892,5172,-6524,-6894,2155,-446,-158,0,0,-7,-1,-15602,0,350,-3040,7892,521,708,-103
3465519892,5272,-4802,-4820,371,578,-469,8160,8192,0,0,645,8192,398,-3202,7696,508,172,-17
3465569892,4344,-5552,-5046,114,58,-472,8160,8192,0,0,645,8192,262,-3148,7064,365,-100,137
3465619892,4002,-5326,-5000,-5,377,-188,-15596,0,-15537,0,8160,8192,532,-3504,7588,295,258,91
3465669892,5062,-5558,-4656,-232,559,-185,-15595,0,-15537,0,8160,8192,306,-3282,7370,490,157,58
3465719892,3852,-5156,-5098,-109,606,-329,-15592,0,-15537,0,8160,8192,520,-3556,6864,512,87,16
3465769892,3930,-4932,-5156,-53,723,-51,-15590,0,-15537,0,8160,8192,-702,-3376,6210,455,728,-181
3465819892,4454,-5912,-4426,223,566,134,0,0,-7,-1,-15589,0,-1016,-4082,7846,479,960,40
3465869892,4348,-6546,-4310,135,355,-814,-16587,0,-15537,0,8160,8192,-662,-4174,6570,501,-264,343
3465919892,2638,-6152,-5366,290,-171,-809,-15585,0,-15537,0,8160,8192,1038,-5102,6102,331,-550,525
3465969892,2482,-7116,-5416,267,146,-39,0,0,-7,-1,-16582,0,604,-5508,6248,40,128,93
3466019892,3658,-7846,-4764,-130,299,112,-17581,0,-15537,0,8160,8192,-814,-5302,7536,20,376,-225
3466069892,3242,-6730,-5216,-90,268,109,0,0,-7,-1,-15578,0,296,-5220,7710,-125,349,-471
3466119892,4352,-7480,-5822,312,439,154,8160,8192,1924,-12648,645,8192,-586,-5202,7390,175,412,-137
3466169892,3094,-7008,-5498,-220,-515,-629,-16573,0,-15537,0,8160,8192,12,-5546,6298,154,-852,22
3466219892,798,-6130,-5436,-438,-1752,-1047,0,0,-7,-1,-15572,0,-6,-6138,2706,-50,-2718,98
3466269892,-2196,-6796,-6014,-1993,-4665,-1274,-15570,0,-15537,0,8160,8192,1472,-11498,7636,108,-4268,48
3466319892,126,466,-4982,-3131,-2792,-1320,8160,8192,0,0,645,8192,13822,-5950,9184,-2077,-4782,-509
3466369892,11020,-7566,-5102,-98,-2440,-956,-15566,0,-15537,0,8160,8192,5686,-2382,10574,-219,-4237,-281
3466419892,8116,-3564,-8086,-434,-1707,-184,8160,8192,-25756,-12644,645,8192,5038,-2480,7966,330,-1847,-612
3466469892,4188,-4208,-6878,-1129,-1200,-782,8160,8192,24244,-12643,645,8192,4382,-3852,7234,390,-1611,-276
3466519892,6430,-1370,-9190,-1088,-411,124,-15558,0,-15537,0,8160,8192,5102,-1408,8240,37,-645,-723
3466569892,4088,-2992,-6666,-229,-233,-228,-15555,0,-15537,0,8160,8192,3880,-1706,6854,182,-1064,-451
3466619892,1948,-2874,-6578,-287,-396,-491,0,0,-7,-1,-15553,0,3782,-2004,5718,-39,-417,-742
3466669892,2464,-180,-10072,-657,729,-208,8160,8192,27636,-12640,645,8192,3226,-1342,6266,-41,230,-720
3466719892,2416,-5486,-5328,958,-328,-187,8160,8192,0,0,645,8192,1896,-1334,5070,166,-80,-1424
3466769892,5378,-1634,-5608,-1517,1924,820,-15547,0,-15537,0,8160,8192,3780,780,4794,119,-16,-2001
3466819892,3428,-4076,-4600,715,993,659,8160,8192,-18972,-12638,645,8192,2022,-1934,5216,521,-2,-2945
3466869892,6308,-874,-6192,107,-421,-358,-15543,0,-15537,0,8160,8192,4448,1800,5972,460,-207,-3453
3466919892,7138,-2710,-7600,529,-792,167,8160,8192,15492,-12636,645,8192,4548,1048,9270,-189,-74,-3020
3466969894,5474,-108,-7352,-829,-908,-3621,8160,8192,-44,-12636,645,8192,3708,2836,8110,2450,-1868,-2678
3467019895,6630,3040,-8394,-1957,-698,-8749,0,0,-7,-1,-15537,0,6114,4710,5750,6116,-2255,-1629
3467069892,3216,7802,-8200,-2349,972,-10222,8160,8192,0,0,645,8192,6524,8324,-1232,7494,-2878,-905
3467119892,6592,6822,-5422,-1922,1277,-5595,8160,8192,18884,-12633,645,8192,-116,10772,-1244,5229,-998,-1105
3467169892,2956,6506,-6686,-764,-718,-2190,8160,8192,0,0,645,8192,5326,9796,-480,1627,-2812,-223
3467219892,5244,6508,-5088,-909,-532,-123,-17531,0,-15537,0,8160,8192,5090,7738,2560,646,-513,-357
3467269892,5178,3834,-4938,177,-1646,-480,-18530,0,-15537,0,8160,8192,3196,6732,1236,17,-1389,894
3467319892,3760,2958,-9052,762,-2120,592,0,0,-7,-1,-16528,0,8886,4588,3338,-564,-1599,1392
3467369892,4950,2186,-8406,329,-996,333,-16526,0,-15537,0,8160,8192,6954,4132,3796,81,-510,674
3467419892,4684,2438,-7810,479,-717,207,0,0,-7,-1,-17524,0,6278,4732,3196,-179,-323,546
3467469892,4104,2680,-7730,566,-375,463,0,0,-7,-1,-17522,0,6294,4612,2494,-467,-56,614
3467519892,3610,2786,-7652,905,-500,799,0,0,-7,-1,-16519,0,6088,4414,2114,-736,144,920
3467569892,3504,2886,-7534,1120,-574,953,-16516,0,-15537,0,8160,8192,5742,4442,2054,-936,-17,1292
3467619892,3476,3128,-8248,1293,-823,753,0,0,-7,-1,-16514,0,7106,4656,2110,-745,179,1415
3467669892,3900,2786,-7994,1284,-670,861,-16512,0,-15537,0,8160,8192,6578,4628,2362,-663,1459,1348
3467719892,3606,2562,-7820,1250,-733,1516,8160,8192,29060,-12624,645,8192,6082,4446,2188,-1642,1937,1237
3467769892,3652,2800,-7860,1770,-1424,3207,-16506,0,-15537,0,8160,8192,6816,4870,2462,-2889,2761,1212
3467819892,4052,1194,-7806,1584,-1353,4394,8160,8192,-2012,-12623,645,8192,4814,3494,4264,-3204,2489,985
3467869892,4456,1954,-9040,1318,-1248,3672,-17503,0,-15537,0,8160,8192,3790,2050,5980,-2993,1105,1939
3467919892,3082,18,-9616,2596,-2080,2769,8160,8192,32452,-12621,645,8192,5746,1254,5222,-1927,-153,3246
3467969892,2420,-332,-9254,1509,-2318,1313,0,0,-7,-1,-16498,0,8912,296,5194,-1322,-155,3044
3468019892,1590,-2038,-9460,1291,-970,789,8160,8192,0,0,645,8192,5512,-916,5836,-884,454,2628
3468069892,2482,-2736,-9198,358,-292,-168,8160,8192,-14156,-12619,645,8192,7794,-1654,5488,-981,-397,2248
3468119892,1754,-2576,-9238,774,-983,297,8160,8192,-29692,-12618,645,8192,5876,-1742,5118,-1282,260,2238
3468169892,804,-2778,-9030,1038,-263,151,8160,8192,20308,-12617,645,8192,6904,-2602,5272,-1427,392,1960
3468219892,1812,-2398,-9074,1088,-181,1142,-16488,0,-15537,0,8160,8192,5210,-2912,4866,-1321,668,1886
3468269892,1058,-3034,-8278,870,437,502,0,0,-7,-1,-16486,0,5992,-3276,5262,-1048,876,1515
3468319892,1184,-2734,-8792,794,224,301,8160,8192,0,0,645,8192,5770,-3484,4996,-817,521,1183
3468369892,1608,-3088,-8784,711,731,305,-17483,0,-15537,0,8160,8192,5368,-3830,5118,-584,688,1023
3468419892,2100,-3442,-8014,788,369,352,-16481,0,-15537,0,8160,8192,5026,-3642,5286,-606,528,1033
3468469892,1488,-2826,-8278,736,826,339,0,0,-7,-1,-16478,0,4858,-3808,5354,-498,802,859
3468519892,2168,-3506,-7794,1116,1361,382,0,0,-7,-1,-17475,0,4336,-3818,5146,-351,910,875
3468569892,2018,-3864,-8124,947,1055,443,-16473,0,-15537,0,8160,8192,4320,-4316,5382,-172,1188,600
3468619892,2150,-3470,-8968,415,1007,134,-16472,0,-15537,0,8160,8192,4340,-4228,4728,-325,907,872
3468669892,1884,-3460,-7150,603,812,511,0,0,-7,-1,-16469,0,3900,-4272,5516,-338,1563,1070
3468719892,3406,-3800,-7272,322,773,323,0,0,-7,-1,-16467,0,3522,-3654,5240,-288,487,852
3468769892,3080,-3720,-6832,14,349,100,0,0,-7,-1,-16464,0,3322,-3794,5966,-152,297,695
3468819892,2904,-3618,-6992,179,620,190,-16463,0,-15537,0,8160,8192,3626,-4042,5944,1,441,326
3468869892,3130,-3744,-7000,490,809,497,-16460,0,-15537,0,8160,8192,3272,-3940,5690,19,911,61
3468919892,3324,-3772,-7360,353,845,459,-16457,0,-15537,0,8160,8192,3240,-4106,5978,4,942,-110
3468969892,3554,-4016,-7148,459,836,571,0,0,-7,-1,-16455,0,3332,-4220,6064,-8,1176,-156
3469019892,3860,-4284,-7326,277,919,411,8160,8192,18340,-12604,645,8192,2776,-4368,6462,83,1074,-264
3469069892,4082,-4370,-7132,212,711,232,-16452,0,-15537,0,8160,8192,2932,-4238,7160,172,991,-302
3469119892,4368,-4378,-7318,157,828,23,8160,8192,0,0,645,8192,2706,-4224,7082,372,776,-394
3469169892,4122,-4262,-7164,142,681,-40,8160,8192,-28268,-12602,645,8192,2718,-4096,6828,428,670,-363
3469219892,4140,-4238,-6800,101,809,-33,-18446,0,-15537,0,8160,8192,2490,-3752,6398,461,630,-444
3469269892,4084,-4042,-6614,321,816,221,8160,8192,6196,-12600,645,8192,2574,-3666,6706,319,907,-321
3469319892,4454,-4344,-6010,456,957,354,-16440,0,-15537,0,8160,8192,2452,-3358,7008,308,1279,-322
3469369892,4314,-4412,-6056,380,1088,362,-17438,0,-15537,0,8160,8192,2196,-3692,6956,288,1468,-647
3469419892,2602,-4446,-7142,564,1233,507,8160,8192,0,0,645,8192,2134,-3768,6788,304,1625,-430
3469469892,4526,-5248,-7588,718,938,540,8160,8192,0,0,645,8192,1674,-3840,6478,243,1462,-436
3469519892,3370,-5280,-6848,321,1013,573,-18433,0,-15537,0,8160,8192,2088,-3888,6644,332,1327,-229
3469569892,4606,-5152,-6356,-989,1464,414,8160,8192,-21484,-12596,645,8192,944,-3986,6796,424,992,-167
3469619892,3438,-5248,-6162,-305,724,89,-18431,0,-15537,0,8160,8192,918,-4614,6774,377,496,-230
3469669892,4742,-6028,-5470,-463,507,-73,8160,8192,12980,-12594,645,8192,938,-4450,6790,387,-226,-10
3469719892,3230,-5120,-5500,360,88,-144,0,0,-7,-1,-16426,0,944,-5184,6774,243,368,-158
3469769892,3586,-5466,-4560,136,850,389,8160,8192,0,0,645,8192,24,-4802,6138,308,1035,-37
3469819892,3324,-5954,-5126,581,638,286,-18424,0,-15537,0,8160,8192,-18,-5078,6278,165,767,16
3469869892,3208,-6608,-5832,520,298,1,8160,8192,16372,-12591,645,8192,240,-5412,6320,135,262,158
3469919892,2968,-6248,-5722,176,259,25,8160,8192,836,-12590,645,8192,622,-5356,6500,64,225,-34
3469969892,3382,-6776,-5914,286,215,-2,0,0,-7,-1,-16418,0,486,-5678,6834,4,303,33
3470019892,4012,-7064,-6070,-95,5,-192,-18416,0,-15537,0,8160,8192,310,-5590,7842,188,20,-136
3470069892,3854,-6962,-6302,225,317,-103,-16414,0,-15537,0,8160,8192,938,-5866,8040,260,324,-173
3470119892,2922,-7074,-5974,2,-206,-718,-18126,0,-15537,0,8160,8192,-428,-6246,5152,534,-924,-273
3470169892,-38,-6516,-5134,-948,-3240,-1695,8160,8192,0,0,645,8192,316,-7002,1618,290,-4248,-438
3470219892,1244,-8626,-7904,-1582,-4414,-1362,-16411,0,-15537,0,8160,8192,-1370,-2040,2280,1654,-2487,97
3470269892,-1576,-2366,-9066,-2772,-2897,-1099,-16409,0,-15537,0,8160,8192,-806,-3238,11128,-315,-703,-561
3470319892,2560,-3554,-8190,-886,-2209,-1786,-16407,0,-15537,0,8160,8192,5490,-3694,9192,-130,-2453,307
3470369892,2952,-6400,-8498,74,-1315,-1023,8160,8192,0,0,645,8192,5580,-5258,7114,-1,-1758,-361
3470419892,7880,-3742,-8616,193,-77,10,-16403,0,-15537,0,8160,8192,4258,-1782,8650,324,-685,-593
3470469892,2178,-1814,-6192,-707,-248,-684,8160,8192,26548,-12582,645,8192,3540,-1664,4702,309,-571,-321
3470519892,2358,-2794,-6992,-536,-374,-765,8160,8192,11012,-12581,645,8192,4090,-2210,4596,-55,-712,-520
3470569892,3028,-2588,-8278,-566,-352,-348,8160,8192,-4524,-12581,645,8192,4248,-4342,7944,-51,-638,-926
3470619892,4542,-4030,-4838,-161,-207,221,8160,8192,0,0,645,8192,2808,-2092,6210,130,-530,-1122
3470669892,3286,-1912,-4368,-856,-29,348,-17394,0,-15537,0,8160,8192,3848,-2600,6660,124,206,-1799
3470719892,5422,-2482,-5364,-1146,1035,935,-16391,0,-15537,0,8160,8192,3398,-1188,9298,939,633,-3428
3470769892,6170,-2054,-3046,-526,2531,1749,-17389,0,-15537,0,8160,8192,382,-402,6418,1345,639,-4092
3470819892,6326,-392,-6196,751,759,-273,-17387,0,-15537,0,8160,8192,2746,1706,6510,1002,517,-3634
3470869892,5152,-1842,-6688,-533,-560,-1059,0,0,-7,-1,-16384,0,2352,-36,8176,1442,-767,-3024
3470919892,5156,3684,-7182,-1955,-1706,-5006,8160,8192,0,0,645,8192,3246,4146,6462,4247,-3264,-2261
3470969892,5012,6678,-7278,-3774,-1017,-10343,0,0,-7,-1,-17381,0,5100,7680,4216,7048,-3571,-2182
3471019892,3922,8422,-8010,-3775,2353,-10210,8160,8192,-13276,-12574,645,8192,5640,8974,1070,6422,-2271,-2701
3471069892,5222,5766,-5464,-1935,1759,-6077,-16376,0,-15537,0,8160,8192,3512,7724,928,5036,-2540,-1599
3471119892,6114,7422,-6772,-107,202,-2884,8160,8192,0,0,645,8192,4432,9936,72,2858,-1579,-608
3471169892,5350,8422,-4108,-1016,805,-627,-16372,0,-15537,0,8160,8192,3084,10860,4,1235,1248,-1208
3471219892,4940,6106,-2918,-170,-355,275,-16371,0,-15537,0,8160,8192,-28,7418,640,-268,303,338
3471269892,3626,4618,-7170,450,-1219,919,8160,8192,0,0,645,8192,6130,5888,2382,-723,-764,869
3471319892,4766,4074,-7400,330,-1151,747,-18366,0,-15537,0,8160,8192,6916,5860,1718,-605,-1006,879
3471369892,4854,3458,-6708,507,-861,937,8160,8192,9044,-12568,645,8192,5312,5092,3346,-798,125,590
3471419892,4422,3276,-7074,673,-478,678,8160,8192,-6492,-12568,645,8192,5716,5224,2658,-603,287,686
3471469892,4204,3868,-7030,824,-575,754,-16359,0,-15537,0,8160,8192,5444,5482,2488,-766,-49,1057
3471519892,4084,3842,-7180,1099,-786,714,8160,8192,27972,-12566,645,8192,6098,5336,2506,-682,-118,1274
3471569892,4064,4068,-7090,987,-693,747,8160,8192,0,0,645,8192,5632,5740,2018,-522,20,979
3471619892,4508,3880,-6436,1006,-820,847,0,0,-7,-1,-16353,0,4606,5982,2320,-654,-34,1021
3471669892,4492,3462,-7138,1218,-1158,1095,-16351,0,-15537,0,8160,8192,5482,5424,2704,-859,140,1435
3471719892,4616,3154,-7606,1380,-1175,1374,8160,8192,31364,-12563,645,8192,5668,5226,2540,-1071,360,1789
3471769892,3830,2560,-8046,1495,-1653,2068,8160,8192,15828,-12562,645,8192,7082,4290,2862,-1418,474,1943
3471819892,3520,2550,-8332,1319,-1100,1685,0,0,-7,-1,-16345,0,6924,4142,2816,-1586,1084,1379
3471869892,3358,2328,-7844,893,-786,2245,8160,8192,0,0,645,8192,6850,4548,2894,-1926,2901,637
3471919892,3394,3268,-7904,1023,-608,3575,8160,8192,-30780,-12560,645,8192,4374,5298,2572,-2703,3644,622
3471969892,3188,1648,-7428,968,-1583,4844,-16340,0,-15537,0,8160,8192,732,-14,7732,-3504,1877,1451
3472019892,4020,-950,-8600,1617,-2283,4198,-17339,0,-15537,0,8160,8192,7894,8,8514,-2811,-3,2476
3472069892,3372,-1788,-8794,901,-590,2114,0,0,-7,-1,-16336,0,7004,94,5998,-2023,68,2276
3472119892,1680,-1988,-12022,3442,-1652,4,0,0,-7,-1,-16334,0,7026,-552,6794,-1827,1071,1487
3472169892,2324,-3112,-9468,851,233,1253,-16331,0,-15537,0,8160,8192,5510,-712,5748,-1745,714,1516
3472219892,2550,-944,-8650,553,796,1057,-17329,0,-15537,0,8160,8192,6178,-1272,6000,-1943,1002,1605
3472269892,2414,-2700,-8812,2183,-357,819,-16327,0,-15537,0,8160,8192,5260,-1668,6338,-1630,928,1319
3472319892,2532,-2034,-8462,757,618,506,-18325,0,-15537,0,8160,8192,5406,-1854,6464,-1457,918,1429
3472369892,2824,-2608,-8588,1084,366,849,-16322,0,-15537,0,8160,8192,4616,-2398,5512,-1177,766,1664
3472419892,2110,-1974,-8694,981,505,380,-16319,0,-15537,0,8160,8192,4978,-2622,5838,-1218,1110,1647
3472469892,3478,-3778,-7772,1509,474,525,-16317,0,-15537,0,8160,8192,4184,-3292,6298,-756,653,1630
3472519892,2480,-3188,-7890,753,416,-57,0,0,-7,-1,-16317,0,4310,-3340,6084,-619,497,1382
3472569892,3492,-4006,-7384,1243,648,294,-17315,0,-15537,0,8160,8192,3968,-3324,6622,-389,1064,1150
3472619892,3544,-3978,-7030,846,1353,346,-18314,0,-15537,0,8160,8192,2964,-3314,6486,-384,917,988
3472669892,3452,-3850,-6840,1236,1084,308,8160,8192,-1676,-12549,645,8192,3182,-3336,6362,-244,968,749
3472719892,3226,-3604,-6784,1003,1230,457,-16311,0,-15537,0,8160,8192,3112,-3400,6350,-140,1432,539
3472769892,4148,-4578,-6670,812,1000,82,0,0,-7,-1,-17308,0,2612,-3362,6416,139,916,393
3472819892,4190,-4316,-6364,20,358,-250,0,0,-7,-1,-16305,0,2518,-3306,6800,178,356,218
3472869892,4224,-4448,-6608,88,518,-172,-18303,0,-15537,0,8160,8192,2498,-3402,7122,362,470,-60
3472919892,4062,-3980,-6536,12,665,-49,-16300,0,-15537,0,8160,8192,2656,-3236,6920,282,586,-221
3472969892,4398,-3932,-6508,246,561,57,5544,8192,-7,-1,-15999,0,2212,-2840,6474,226,516,-201
3473019892,4024,-3542,-6246,146,518,136,8160,8192,20644,-12543,645,8192,2414,-2688,6366,56,607,-27
3473069892,4294,-3990,-5700,379,383,293,-18293,0,-15537,0,8160,8192,1832,-2652,6674,19,603,-99
3473119892,4272,-3948,-5898,127,214,141,8160,8192,-10428,-12542,645,8192,1846,-2660,6416,-29,247,-204
3473169892,4416,-4264,-6158,145,144,162,-16289,0,-15537,0,8160,8192,2402,-3012,6878,-200,350,-86
3473219892,4370,-4270,-6336,308,396,328,8160,8192,24036,-12540,645,8192,1956,-3066,7020,-209,570,-156
3473269892,4462,-4554,-5842,402,442,499,-17284,0,-15537,0,8160,8192,1954,-3228,7168,-283,700,-204
3473319892,4352,-4526,-6132,421,617,537,-16281,0,-15537,0,8160,8192,2198,-3356,7266,-227,845,-196
3473369892,5046,-5164,-5846,425,591,564,-16278,0,-15537,0,8160,8192,1534,-3094,7572,-169,847,-329
3473419892,4592,-4428,-5906,182,476,362,8160,8192,27428,-12537,645,8192,1886,-3090,7372,-135,475,-435
3473469892,5060,-4800,-5642,545,568,630,-16273,0,-15537,0,8160,8192,1740,-2866,7372,-221,848,-248
3473519892,4772,-5730,-5436,-2163,114,2034,-16272,0,-15537,0,8160,8192,1526,-3166,7496,-161,934,-487
3473569892,5018,-4598,-6316,-996,158,742,-16269,0,-15537,0,8160,8192,1370,-2900,7342,-71,281,-368
3473619892,5220,-5072,-4482,1500,-724,-407,8160,8192,30820,-12534,645,8192,1230,-3102,7304,-4,107,-324
3473669892,4758,-4210,-5116,305,168,-272,-16264,0,-15537,0,8160,8192,1314,-2682,6610,56,85,-253
3473719892,3810,-4892,-6674,784,-420,401,0,0,-7,-1,-16262,0,2146,-3332,7054,-180,16,-308
3473769892,3480,-5344,-7204,654,169,394,-16261,0,-15537,0,8160,8192,2048,-3870,7458,-146,603,11
3473819892,3342,-5730,-5890,38,568,77,-16258,0,-15537,0,8160,8192,1562,-3912,6946,-39,200,-109
3473869892,3260,-4880,-7022,60,191,228,-17257,0,-15537,0,8160,8192,2022,-4380,7086,-174,245,-253
3473919892,4186,-5684,-6102,888,302,407,-16255,0,-15537,0,8160,8192,1768,-4604,6908,-157,1048,195
3473969892,3910,-7038,-6592,211,874,561,-16253,0,-15537,0,8160,8192,1696,-4726,7314,-250,161,-159
3474019892,3040,-4240,-6426,88,757,359,0,0,-7,-1,-16251,0,1580,-3928,6660,40,440,-135
3474069892,2720,-6216,-5624,652,1047,800,-17248,0,-15537,0,8160,8192,1362,-5136,6606,-254,1331,180
3474119892,3142,-7988,-4396,1071,1721,1376,8160,8192,6532,-12526,645,8192,-1108,-5676,6436,-174,2560,-36
3474169892,3266,-7228,-4816,947,1300,722,0,0,-7,-1,-16244,0,-1856,-5658,7096,-266,1548,72
3474219892,2800,-7664,-4326,74,-335,-593,-16241,0,-15537,0,8160,8192,-244,-5558,6618,207,-534,209
3474269892,2888,-6834,-3856,237,-239,-186,-16239,0,-15537,0,8160,8192,-1056,-5124,5980,264,-621,-393
3474319892,2890,-6980,-4080,566,-1023,-339,-16237,0,-15537,0,8160,8192,-1006,-4864,5500,86,-747,11
3474369892,1866,-8112,-2158,17,-2299,-907,0,0,-7,-1,-16235,0,-1704,-6014,5406,2,-1467,-271
3474419892,3200,-6064,-6078,-395,-2414,-1083,0,0,-7,-1,-16233,0,342,-4778,6402,15,-2186,-345
3474469892,6124,-5932,-5190,80,-1670,-574,0,0,-7,-1,-17231,0,1788,-3372,7398,-246,-2084,632
3474519892,4416,-4916,-7722,520,-1858,-718,0,0,-7,-1,-16229,0,4352,-3050,8556,-43,-329,926
3474569892,6388,-4568,-6974,1602,-343,-436,-16227,0,-15537,0,8160,8192,2414,-2360,9126,20,1429,1031
3474619892,5648,-4684,-6232,902,-695,-359,8160,8192,-17756,-12519,645,8192,2448,-1824,9108,183,1123,986
3474669892,5748,-5144,-6380,1252,-264,-289,8160,8192,0,0,645,8192,2550,-2234,8916,205,1450,672
3474719892,4838,-5168,-4628,768,880,-675,-16221,0,-15537,0,8160,8192,380,-3518,8606,1014,1104,201
3474769892,5032,-7000,-5296,-380,-1359,-2138,-16219,0,-15537,0,8160,8192,1300,-3530,7806,2041,-1700,-869
3474819892,4318,-4574,-5144,-2575,-725,-1828,-18217,0,-15537,0,8160,8192,1282,-2326,7216,2535,-1132,-1958
3474869892,4470,-3916,-5416,-2072,700,-1404,-16214,0,-15537,0,8160,8192,1056,-1878,6322,2404,-1420,-2313
3474919892,4870,-3352,-4430,-915,-1328,-1558,-16212,0,-15537,0,8160,8192,-190,-1550,6334,1936,-2996,-2635
3474969892,1354,-4142,-5876,-1387,-1059,-2365,8160,8192,4564,-12513,645,8192,4878,-1742,4460,1814,-5276,-2589
3475019892,3296,-696,-7478,-2782,-1447,-325,0,0,-7,-1,-16208,0,6068,776,4210,1208,-2002,-3535
3475069892,2542,358,-6904,-2670,-1238,84,0,0,-7,-1,-16206,0,2946,1306,5648,1370,-457,-2282
3475119892,5452,-1344,-7408,-18,-2252,-349,0,0,-7,-1,-16203,0,2134,2438,5202,966,863,-427
3475169892,6080,-4348,-6748,152,-2329,1334,-16200,0,-15537,0,8160,8192,-664,1128,5256,-143,-1265,1608
3475219892,10996,-1938,-952,-2906,-5166,-981,0,0,-7,-1,-17198,0,32767,32767,32767,-10410,4846,6650
3475269892,-16320,-12580,-25056,8956,-3971,932,-16196,0,-15537,0,8160,8192,-308,-5796,24800,-1780,4324,1872
3475319892,13932,-5458,-19694,-5119,5624,-1497,8160,8192,0,0,645,8192,8198,7418,20762,-1532,1092,-1188
3475369892,17692,-8414,-13198,2896,2747,1742,-17192,0,-15537,0,8160,8192,9304,-1150,24210,883,1789,-563
3475419892,9458,-7460,-12744,279,8413,-4106,0,0,-7,-1,-16189,0,8756,-4596,18154,5200,8394,-1885
3475469892,4144,-6934,-8574,1126,7290,-4838,-16187,0,-15537,0,8160,8192,3708,-5104,7148,7158,6102,-1780
3475519892,-3644,-1892,-4028,-641,5462,-7360,8160,8192,30276,-12505,645,8192,5694,-4116,-2142,7862,3455,-2187
3475569892,-1576,436,-2806,864,4480,-4624,-16182,0,-15537,0,8160,8192,-508,-436,-6872,5488,3342,-2129
3475619892,-2358,2482,-416,934,894,-1612,8160,8192,-796,-12504,645,8192,-834,1162,-7338,2098,1199,-232
3475669892,-2042,1460,632,-1089,-1934,0,-18178,0,-15537,0,8160,8192,-2630,606,-6896,-472,-1893,376
3475719892,-1334,1472,-794,294,-4100,2329,8160,8192,-31868,-12502,645,8192,-1060,-272,-3862,-2918,-4395,1684
3475769892,2830,-2546,-6264,1763,-5986,3980,0,0,-7,-1,-16173,0,1806,638,1342,-4381,-5202,3289
3475819892,12060,-780,-7710,-1217,-5267,3823,-18172,0,-15537,0,8160,8192,5834,2512,12084,-5253,-4427,4019
3475869892,9030,-1246,-10162,144,-5421,1761,8160,8192,-12940,-12500,645,8192,7130,2278,14436,-3179,-2423,3305
3475919892,9568,-2672,-10710,265,-3968,754,8160,8192,0,0,645,8192,7296,2226,13040,-1442,-3283,2383
3475969892,6922,-2144,-9868,-173,-2744,124,8160,8192,0,0,645,8192,7202,1348,11154,-512,-1685,848
3476019892,4548,-1696,-8748,95,-1115,362,-16163,0,-15537,0,8160,8192,4978,896,8006,46,-989,3
3476069892,5138,-2646,-7408,-166,-841,328,8160,8192,-9548,-12497,645,8192,4022,916,6540,-154,-943,-81
3476119892,3462,-1782,-7654,-256,-1054,-10,-16159,0,-15537,0,8160,8192,4312,246,5944,-465,-801,32
3476169892,3368,-2078,-7352,91,-812,477,0,0,-7,-1,-17157,0,3860,-264,6092,-550,-607,520
3476219892,3776,-2416,-8424,508,-1393,81,8160,8192,0,0,645,8192,4790,314,6606,-464,-624,842
3476269892,4046,-1440,-8760,489,-987,126,0,0,-7,-1,-17153,0,5916,470,6802,-654,-650,1123
3476319892,3498,-1916,-9226,646,-806,80,8160,8192,0,0,645,8192,5708,140,6954,-440,-3,1033
3476369892,3254,-2020,-8338,420,-736,-306,0,0,-7,-1,-16149,0,6068,-474,6596,-91,-557,821
3476419892,2866,-2296,-8976,131,-628,-444,8160,8192,0,0,645,8192,6162,-720,6204,312,-346,518
3476469892,2876,-2506,-9172,-37,-461,-611,0,0,-7,-1,-16144,0,6164,-766,6268,460,-449,278
3476519892,2854,-2146,-8612,-59,-303,-568,0,0,-7,-1,-17141,0,5758,-680,6270,458,-360,191
3476569892,2756,-2068,-8722,167,-141,-569,-16138,0,-15537,0,8160,8192,5596,-338,6256,576,169,161
3476619892,3658,-1916,-8708,366,37,-587,0,0,-7,-1,-16136,0,5378,122,6150,552,118,323
3476669892,3214,-1378,-8742,491,-127,-629,-16134,0,-15537,0,8160,8192,5564,524,5736,443,217,575
3476719892,2918,-1300,-8940,597,-18,-659,8160,8192,0,0,645,8192,5936,270,5512,194,195,754
3476769892,2892,-1794,-8258,859,65,-219,-17130,0,-15537,0,8160,8192,5830,-252,5700,-33,475,685
3476819892,2884,-1960,-8096,898,147,-71,-17127,0,-15537,0,8160,8192,5154,-372,5568,-87,417,611
3476869892,2772,-2128,-8878,907,-60,-389,-17125,0,-15537,0,8160,8192,5882,-606,5666,-82,210,735
3476919892,3488,-1956,-8066,930,-98,-64,8160,8192,0,0,645,8192,5432,-74,5950,14,436,802
3476969892,3160,-1924,-8492,630,-59,-490,-16120,0,-15537,0,8160,8192,5498,-118,5980,74,148,798
3477019892,3094,-2008,-8870,618,-254,-574,-16118,0,-15537,0,8160,8192,5976,-160,6158,191,195,698
3477069892,3826,-1974,-8360,423,173,-376,8160,8192,0,0,645,8192,5586,-80,6356,205,363,518
3477119892,3660,-2036,-8284,444,71,-364,-16114,0,-15537,0,8160,8192,5310,-20,6220,227,421,365
3477169892,3930,-2040,-7986,406,218,-295,-16113,0,-15537,0,8160,8192,5204,100,6296,179,551,242
3477219892,4112,-1852,-7796,504,350,-98,8160,8192,26340,-12479,645,8192,4768,278,6242,100,693,153
3477269892,3810,-2174,-7756,407,151,-133,8160,8192,0,0,645,8192,4768,-252,6048,99,353,218
3477319892,3164,-2106,-7912,406,-245,-171,0,0,-7,-1,-16106,0,4778,-464,6006,165,192,348
3477369892,3340,-2820,-7528,213,-582,-283,-16105,0,-15537,0,8160,8192,4680,-698,6068,290,-88,253
3477419892,3070,-2654,-7168,106,-521,-241,-17103,0,-15537,0,8160,8192,4396,-772,6134,350,-31,31
3477469892,3396,-2744,-7166,292,-482,-39,8160,8192,14196,-12475,645,8192,4216,-466,6326,433,55,-209
3477519892,3770,-2370,-8086,214,-423,3,0,0,-7,-1,-16098,0,4576,376,6244,139,7,-149
3477569892,3488,-2208,-8138,529,-328,184,8160,8192,-16876,-12474,645,8192,4724,324,6120,-119,257,101
3477619892,3512,-2326,-8044,386,-499,200,8160,8192,0,0,645,8192,4434,260,6192,-212,-77,360
3477669892,3106,-2310,-7694,383,-740,-138,0,0,-7,-1,-16090,0,5034,50,6010,-75,-459,407
3477719892,2356,-2254,-8272,-13,-629,-256,0,0,-7,-1,-17087,0,5102,-628,5712,213,-333,382
3477769892,2118,-2798,-8850,-227,-1141,-596,-16086,0,-15537,0,8160,8192,5608,-802,5736,488,-1053,575
3477819892,2240,-2826,-8496,-357,-1447,-700,-16084,0,-15537,0,8160,8192,5788,-774,5820,615,-1286,570
3477869892,2674,-2786,-8798,-655,-1262,-626,-16083,0,-15537,0,8160,8192,5968,-504,6148,514,-1143,373
3477919892,2760,-2346,-9018,-291,-1041,-416,0,0,-7,-1,-16081,0,5930,-28,6190,355,-837,264
3477969892,2994,-2134,-9086,-45,-691,-166,-16078,0,-15537,0,8160,8192,6242,308,6370,188,-357,263
3478019892,2958,-2250,-8878,201,-149,-17,-16075,0,-15537,0,8160,8192,5752,172,6338,59,222,182
3478069892,2840,-2560,-8970,132,0,-222,-16072,0,-15537,0,8160,8192,5950,-242,6494,41,25,165
3478119892,2714,-2494,-8834,300,196,-200,8160,8192,8836,-12465,645,8192,5850,-130,6434,108,406,31
3478169892,3270,-2272,-8686,510,412,-101,-16069,0,-15537,0,8160,8192,5552,320,6280,83,443,43
3478219892,2948,-1772,-8254,617,509,-170,0,0,-7,-1,-16066,0,5406,434,5816,140,761,-75
3478269892,2820,-2080,-8384,758,673,-45,0,0,-7,-1,-16063,0,5374,288,5644,1,784,-20
3478319892,2636,-2104,-7880,664,384,-36,-16061,0,-15537,0,8160,8192,5224,78,5390,-16,668,-30
3478369892,2432,-2244,-8094,791,328,68,-16058,0,-15537,0,8160,8192,5026,78,5316,-130,595,-21
3478419892,3306,-2292,-8486,794,13,183,-17056,0,-15537,0,8160,8192,5300,650,5848,-319,302,74
3478469892,3042,-2626,-8672,865,26,333,-16055,0,-15537,0,8160,8192,5378,222,6264,-572,518,292
3478519892,3016,-2992,-8362,767,28,377,-17052,0,-15537,0,8160,8192,5106,-176,6444,-618,569,408
3478569892,2958,-3066,-7992,625,-180,150,-17050,0,-15537,0,8160,8192,5002,-316,6374,-405,238,423
3478619892,3104,-2996,-7616,596,-232,92,-18048,0,-15537,0,8160,8192,4776,-212,6316,-183,182,348
3478669892,2888,-3146,-7766,425,-198,-130,8160,8192,-30988,-12457,645,8192,4744,-376,6214,-64,159,307
3478719892,2926,-3522,-7852,443,-248,-68,8160,8192,19012,-12456,645,8192,4698,-558,6134,-62,149,358
3478769892,2684,-3606,-7956,287,-330,-137,-18043,0,-15537,0,8160,8192,4898,-770,6362,-157,18,418
3478819892,2960,-3752,-7770,514,-261,154,-16043,0,-15537,0,8160,8192,4880,-770,6498,-291,122,416
3478869892,3184,-3662,-7732,437,-104,169,8160,8192,-27596,-12454,645,8192,4708,-566,6706,-318,205,230
3478919892,3104,-3470,-8006,483,-72,123,0,0,-7,-1,-16039,0,4938,-506,6656,-296,185,235
3478969892,3144,-3598,-7912,424,-123,120,-17036,0,-15537,0,8160,8192,4656,-532,6552,-227,271,310
3479019892,2922,-3630,-7934,310,-135,-4,0,0,-7,-1,-16035,0,5002,-738,6588,-224,131,300
3479069892,2874,-3672,-7748,265,-105,46,-16034,0,-15537,0,8160,8192,4806,-846,6612,-164,145,217
3479119892,3038,-3684,-7768,188,-117,33,-16032,0,-15537,0,8160,8192,4554,-730,6496,-91,42,97
3479169892,2896,-3648,-7750,210,-129,30,-18030,0,-15537,0,8160,8192,4724,-740,6518,-123,116,74
3479219892,2884,-3694,-7580,217,-45,88,8160,8192,0,0,645,8192,4442,-870,6442,-128,154,65
3479269892,2704,-3766,-7666,131,-139,21,-16026,0,-15537,0,8160,8192,4606,-980,6494,-141,89,108
3479319892,2790,-3936,-7602,200,-122,47,-16023,0,-15537,0,8160,8192,4420,-1082,6538,-107,70,95
3479369892,2934,-3886,-7556,176,-154,24,-17021,0,-15537,0,8160,8192,4510,-968,6520,-105,-18,90
3479419892,2902,-3818,-7708,140,-169,10,-16019,0,-15537,0,8160,8192,4490,-982,6488,-91,20,135
3479469892,2808,-3990,-7562,177,-233,25,0,0,-7,-1,-16017,0,4502,-1054,6546,-85,21,190
3479519892,2858,-3942,-7534,121,-221,-21,-17014,0,-15537,0,8160,8192,4544,-1058,6592,-94,-37,163
3479569892,2904,-3884,-7718,223,-190,42,-16012,0,-15537,0,8160,8192,4634,-946,6498,-121,35,158
3479619892,2948,-3874,-7648,198,-193,72,0,0,-7,-1,-17010,0,4528,-878,6424,-157,1,171
3479669892,2822,-3784,-7680,179,-209,39,-16008,0,-15537,0,8160,8192,4632,-816,6524,-148,63,110
3479719892,2904,-3842,-7742,248,-90,94,-16006,0,-15537,0,8160,8192,4488,-894,6686,-170,116,119
3479769892,2962,-3974,-7614,185,-145,74,-17004,0,-15537,0,8160,8192,4662,-942,6632,-157,86,92
3479819892,2834,-3876,-7720,132,-98,60,8160,8192,4900,-12439,645,8192,4622,-980,6604,-101,25,61
3479869892,2784,-3812,-7738,73,-136,17,0,0,-7,-1,-15999,0,4640,-956,6470,-61,22,30
3479919892,2738,-3880,-7714,56,-165,-18,0,0,-7,-1,-15997,0,4652,-1014,6460,-43,-84,44
3479969892,2834,-3898,-7564,-11,-219,41,-15995,0,-15537,0,8160,8192,4592,-1018,6510,-59,-58,33
3480019892,2726,-3928,-7756,12,-192,17,-16993,0,-15537,0,8160,8192,4644,-1072,6508,-64,-82,11
3480069892,2790,-3898,-7742,74,-203,36,-15991,0,-15537,0,8160,8192,4560,-1046,6546,-70,-53,34
3480119892,2894,-3740,-7600,70,-204,22,0,0,-7,-1,-16990,0,4482,-832,6552,-62,-53,67
3480169892,2982,-3854,-7652,115,-144,24,8160,8192,27220,-12434,645,8192,4558,-950,6658,-86,77,90
3480219892,2852,-3992,-7794,216,-91,4,0,0,-7,-1,-15986,0,4626,-1046,6602,-110,159,147
3480269892,2742,-3894,-7814,241,-118,18,-15985,0,-15537,0,8160,8192,4676,-1002,6516,-141,165,188
3480319892,2612,-3908,-7778,168,-65,9,-16982,0,-15537,0,8160,8192,4776,-1200,6500,-171,102,163
3480369892,2756,-3844,-7766,266,-81,66,-15981,0,-15537,0,8160,8192,4686,-1010,6440,-109,113,123
3480419892,2818,-3844,-7726,133,-134,-16,0,0,-7,-1,-15978,0,4590,-1090,6540,-56,56,120
3480469892,2870,-3904,-7734,91,-199,-37,-15976,0,-15537,0,8160,8192,4588,-1058,6578,3,-17,97
3480519892,2896,-3894,-7732,57,-190,-38,8160,8192,-15996,-12429,645,8192,4656,-988,6590,-6,-23,62
3480569892,2780,-3898,-7704,70,-138,-12,-15974,0,-15537,0,8160,8192,4504,-1048,6552,-17,18,36
3480619892,2876,-3830,-7752,117,-126,-1,-15972,0,-15537,0,8160,8192,4616,-898,6558,-47,30,47
3480669892,2918,-3928,-7702,139,-88,33,0,0,-7,-1,-15970,0,4538,-926,6540,-83,81,63
3480719892,2718,-3886,-7736,97,-134,-3,0,0,-7,-1,-15967,0,4684,-1084,6528,-85,37,83
3480769892,2792,-3790,-7686,130,-106,22,-15965,0,-15537,0,8160,8192,4654,-934,6476,-97,52,88
3480819892,2738,-3904,-7686,118,-85,36,-15964,0,-15537,0,8160,8192,4664,-1032,6486,-104,93,68
3480869892,2880,-3910,-7610,133,-103,81,0,0,-7,-1,-15963,0,4612,-1016,6528,-94,-4,23
3480919892,2788,-3770,-7586,19,-156,-10,-16960,0,-15537,0,8160,8192,4526,-1038,6494,-38,-16,23
3480969892,2856,-3992,-7718,33,-205,-23,-15956,0,-15537,0,8160,8192,4540,-1052,6526,-8,-75,64
3481019892,2904,-3948,-7702,95,-176,28,-15951,0,-15537,0,8160,8192,4600,-970,6650,-97,17,62
3481069892,2918,-4024,-7606,197,-61,115,8160,8192,9716,-12420,645,8192,4522,-1084,6670,-186,128,56
3481119892,2934,-3950,-7668,232,11,160,-15947,0,-15537,0,8160,8192,4568,-1010,6702,-212,212,29
3481169892,2886,-3884,-7746,244,35,121,8160,8192,-21356,-12419,645,8192,4448,-974,6622,-188,213,34
3481219892,2876,-3966,-7770,197,-58,21,-15942,0,-15537,0,8160,8192,4586,-1040,6616,-123,152,92
3481269892,2884,-3988,-7710,182,-52,0,8160,8192,13108,-12417,645,8192,4610,-1044,6606,-114,114,119
3481319892,2812,-3992,-7686,101,-55,-13,8160,8192,0,0,645,8192,4530,-1068,6594,-85,88,60
3481369892,2854,-3912,-7560,133,-75,5,0,0,-7,-1,-16933,0,4502,-1004,6576,-33,38,19
3481419892,2896,-3912,-7624,72,-84,3,-15930,0,-15537,0,8160,8192,4466,-996,6540,-31,32,21
3481469892,2892,-3936,-7644,45,-155,8,-15928,0,-15537,0,8160,8192,4478,-966,6548,-54,-13,39
3481519892,2872,-3936,-7566,57,-141,23,-17925,0,-15537,0,8160,8192,4478,-996,6630,-84,6,20
3481569892,2956,-3902,-7602,34,-126,37,-15923,0,-15537,0,8160,8192,4460,-940,6646,-68,-22,6
3481619892,2878,-3820,-7676,91,-88,61,0,0,-7,-1,-16921,0,4464,-948,6628,-96,71,-13
3481669892,2990,-3840,-7602,57,-134,56,8160,8192,19892,-12411,645,8192,4452,-890,6598,-91,-32,5
