timestamp_us,a1x,a1y,a1z,g1x,g1y,g1z,a2x,a2y,a2z,g2x,g2y,g2z,a3x,a3y,a3z,g3x,g3y,g3z
2783819892,-5876,5838,-1350,95,-106,63,-15601,0,-15537,0,8160,8192,5850,158,-6038,-107,31,29
2783869892,-5994,5724,-1188,94,-99,49,8160,8192,0,0,645,8192,5770,92,-6030,-106,33,30
2783919892,-5970,5700,-1314,99,-109,61,-15597,0,-15537,0,8160,8192,5764,244,-6004,-107,30,29
2783969892,-5888,5876,-1258,103,-118,65,-15595,0,-15537,0,8160,8192,5790,276,-6056,-105,29,29
2784019892,-5942,5796,-1222,99,-107,46,8160,8192,0,0,645,8192,5766,138,-6090,-106,36,31
2784069892,-6002,5684,-1246,95,-99,57,-15590,0,-15537,0,8160,8192,5758,210,-5994,-105,31,32
2784119892,-5930,5806,-1344,103,-114,66,-15588,0,-15537,0,8160,8192,5796,228,-6002,-108,33,32
2784169892,-5902,5860,-1326,100,-116,57,-15586,0,-15537,0,8160,8192,5830,170,-6022,-105,31,30
2784219892,-5978,5778,-1234,96,-100,46,8160,8192,4004,-23053,645,8192,5786,78,-6038,-104,36,30
2784269892,-5964,5732,-1198,95,-103,68,-15582,0,-15537,0,8160,8192,5778,236,-6014,-107,31,28
2784319892,-5884,5866,-1300,102,-119,67,-17580,0,-15537,0,8160,8192,5816,258,-6006,-105,28,32
2784369892,-5906,5842,-1296,98,-112,48,8160,8192,22932,-23051,645,8192,5844,104,-6052,-106,33,32
2784419892,-5968,5674,-1190,91,-97,54,-15575,0,-15537,0,8160,8192,5758,124,-6034,-108,33,30
2784469892,-5948,5718,-1242,98,-111,70,8160,8192,-8140,-23050,645,8192,5762,228,-5990,-107,31,30
2784519892,-5890,5902,-1330,102,-121,55,-16570,0,-15537,0,8160,8192,5836,182,-6036,-106,33,31
2784569892,-5960,5774,-1284,95,-102,52,0,0,-7,-1,-15568,0,5846,110,-6026,-107,35,31
2784619892,-5962,5734,-1292,96,-99,57,0,0,-7,-1,-16566,0,5762,134,-6058,-106,31,29
2784669892,-5906,5806,-1310,104,-116,69,0,0,-7,-1,-16563,0,5758,244,-6020,-106,33,31
2784719892,-5886,5894,-1270,100,-116,54,0,0,-7,-1,-15561,0,5802,160,-6088,-106,32,32
2784769892,-5994,5740,-1232,91,-100,52,-15559,0,-15537,0,8160,8192,5804,108,-6086,-110,33,29
2784819892,-5964,5732,-1218,100,-103,65,-15557,0,-15537,0,8160,8192,5744,222,-6032,-106,31,29
2784869892,-5890,5842,-1346,101,-119,66,0,0,-7,-1,-15555,0,5810,262,-6012,-107,31,29
2784919892,-5952,5890,-1286,100,-112,51,0,0,-7,-1,-16552,0,5822,146,-6078,-105,35,30
2784969892,-5980,5768,-1250,93,-100,50,8160,8192,0,0,645,8192,5772,134,-6028,-107,35,31
2785019892,-5946,5766,-1292,99,-111,71,-18549,0,-15537,0,8160,8192,5770,254,-5938,-107,30,29
2785069892,-5940,5840,-1270,104,-117,63,-15546,0,-15537,0,8160,8192,5768,182,-5998,-106,30,30
2785119892,-5910,5810,-1360,95,-112,51,-17545,0,-15537,0,8160,8192,5810,140,-6026,-104,33,30
2785169892,-6016,5710,-1262,92,-93,51,-15543,0,-15537,0,8160,8192,5758,128,-6068,-105,34,29
2785219892,-5964,5764,-1306,96,-109,70,8160,8192,20964,-23038,645,8192,5782,236,-6020,-106,30,31
2785269892,-5814,5802,-1324,102,-123,60,8160,8192,5428,-23037,645,8192,5810,226,-5930,-104,32,31
2785319894,-5926,5924,-1216,93,-106,41,-15538,0,-15537,0,8160,8192,5816,72,-6088,-104,33,30
2785369892,-5960,5646,-1230,94,-95,67,-16535,0,-15537,0,8160,8192,5690,174,-6032,-105,33,30
2785419892,-5984,5796,-1278,90,-101,60,-16533,0,-15537,0,8160,8192,5846,200,-6026,-105,31,30
2785469892,-5908,5806,-1340,105,-119,62,8160,8192,0,0,645,8192,5740,244,-5990,-107,33,30
2785519892,-5972,5840,-1268,92,-100,45,-16530,0,-15537,0,8160,8192,5788,116,-6042,-105,32,28
2785569892,-5926,5914,-1334,106,-114,60,-18529,0,-15537,0,8160,8192,6076,94,-5742,-107,39,34
2785619892,-5958,5748,-1120,115,-90,92,-17526,0,-15537,0,8160,8192,5654,276,-6164,-104,28,29
2785669892,-5918,6016,-1430,102,-137,59,0,0,-7,-1,-16524,0,5860,314,-6002,-104,30,29
2785719892,-5924,5826,-1312,99,-111,40,-16522,0,-15537,0,8160,8192,5866,208,-5984,-106,33,33
2785769892,-5960,5760,-1084,88,-82,79,0,0,-7,-1,-16520,0,5676,180,-6118,-104,32,27
2785819892,-5946,5746,-1430,93,-127,54,8160,8192,31140,-23029,645,8192,5874,200,-5956,-108,30,28
2785869892,-5940,5870,-1326,98,-116,50,-18516,0,-15537,0,8160,8192,5872,250,-5964,-107,29,33
2785919892,-5900,5950,-1076,109,-99,49,-16514,0,-15537,0,8160,8192,5718,126,-6176,-105,32,32
2785969892,-6022,5682,-1282,94,-101,67,0,0,-7,-1,-16511,0,5844,178,-5980,-104,35,29
2786019892,-5902,5786,-1278,102,-125,66,0,0,-7,-1,-16509,0,5758,282,-6030,-106,25,30
2786069892,-5904,5866,-1160,107,-106,57,-16507,0,-15537,0,8160,8192,5756,198,-6080,-109,33,30
2786119892,-5954,5776,-1370,88,-103,59,-17504,0,-15537,0,8160,8192,5840,104,-6064,-102,32,29
2786169892,-5950,5714,-1250,97,-115,40,-16501,0,-15537,0,8160,8192,5798,168,-5974,-106,34,32
2786219892,-5968,5744,-1236,108,-105,71,0,0,-7,-1,-17499,0,5760,224,-6076,-106,29,33
2786269892,-5882,5884,-1270,105,-114,73,8160,8192,22388,-23022,645,8192,5780,232,-6056,-105,33,29
2786319892,-5926,5766,-1360,94,-118,50,8160,8192,6852,-23021,645,8192,5838,156,-5920,-109,35,31
2786369892,-5960,5750,-1228,92,-100,50,0,0,-7,-1,-16495,0,5722,134,-6064,-108,33,29
2786419892,-5954,5762,-1220,97,-103,67,8160,8192,-24220,-23020,645,8192,5736,182,-6052,-108,34,28
2786469892,-5934,5800,-1364,99,-120,62,-18490,0,-15537,0,8160,8192,5872,230,-5972,-107,29,30
2786519892,-5884,5886,-1224,108,-120,48,-16489,0,-15537,0,8160,8192,5782,140,-6104,-104,32,30
2786569892,-5944,5764,-1194,100,-98,58,0,0,-7,-1,-16487,0,5778,118,-6062,-106,31,32
2786619892,-5994,5732,-1228,98,-103,70,-18485,0,-15537,0,8160,8192,5770,216,-6026,-104,32,28
2786669892,-5946,5842,-1274,107,-122,58,-17483,0,-15537,0,8160,8192,5828,278,-6000,-108,30,31
2786719892,-5908,5880,-1258,105,-109,61,-18481,0,-15537,0,8160,8192,5818,188,-6016,-105,32,33
2786769892,-5970,5812,-1328,91,-106,49,-16481,0,-15537,0,8160,8192,5826,134,-6076,-106,35,31
2786819892,-5976,5722,-1250,94,-109,55,0,0,-7,-1,-17479,0,5790,188,-5946,-105,30,29
2786869892,-5914,5826,-1234,107,-112,69,-17477,0,-15537,0,8160,8192,5730,248,-6048,-107,28,30
2786919892,-5938,5842,-1276,101,-111,64,0,0,-7,-1,-16475,0,5852,200,-6012,-107,33,29
2786969892,-5972,5810,-1284,93,-107,52,-16473,0,-15537,0,8160,8192,5850,178,-6060,-107,30,30
2787019892,-5974,5722,-1236,97,-103,53,-16471,0,-15537,0,8160,8192,5766,138,-6066,-104,31,30
2787069892,-5968,5760,-1278,99,-103,70,8160,8192,-29580,-23010,645,8192,5786,212,-5948,-106,33,30
2787119892,-5896,5850,-1342,101,-119,63,-16466,0,-15537,0,8160,8192,5796,228,-5968,-106,32,30
2787169892,-5932,5848,-1182,103,-110,52,-16464,0,-15537,0,8160,8192,5816,188,-6058,-106,29,31
2787219892,-5992,5780,-1302,96,-100,62,-16461,0,-15537,0,8160,8192,5788,166,-6056,-104,34,29
2787269892,-5918,5734,-1246,93,-104,60,-16459,0,-15537,0,8160,8192,5818,216,-5976,-108,34,30
2787319892,-5930,5766,-1246,103,-112,64,-18458,0,-15537,0,8160,8192,5770,218,-6020,-107,29,32
2787369892,-5916,5864,-1286,104,-112,59,8160,8192,0,0,645,8192,5810,170,-6022,-106,33,31
2787419892,-5938,5770,-1260,98,-109,55,-16455,0,-15537,0,8160,8192,5846,162,-5992,-105,31,30
2787469892,-5932,5760,-1224,96,-107,55,8160,8192,0,0,645,8192,5792,166,-6048,-107,32,30
2787519892,-5912,5760,-1194,101,-106,65,-16453,0,-15537,0,8160,8192,5756,210,-6096,-107,30,31
2787569892,-5906,5812,-1334,99,-112,67,-16451,0,-15537,0,8160,8192,5782,206,-6040,-109,35,27
2787619892,-5910,5832,-1280,94,-113,52,-16449,0,-15537,0,8160,8192,5840,162,-6052,-108,34,31
2787669892,-5930,5762,-1298,93,-104,52,0,0,-7,-1,-16447,0,5816,92,-6080,-105,34,29
2787719892,-5932,5724,-1192,96,-103,62,-16445,0,-15537,0,8160,8192,5796,186,-6056,-111,30,30
2787769892,-5918,5758,-1286,100,-112,63,0,0,-7,-1,-17443,0,5776,222,-6010,-109,33,30
2787819892,-5932,5870,-1250,105,-113,62,-16441,0,-15537,0,8160,8192,5808,232,-6092,-108,31,28
2787869892,-5952,5794,-1264,99,-108,58,8160,8192,-16012,-22998,645,8192,5840,202,-6040,-105,30,28
2787919892,-5940,5752,-1318,91,-103,60,-17438,0,-15537,0,8160,8192,5808,190,-6024,-105,33,31
2787969892,-5964,5760,-1240,101,-105,58,0,0,-7,-1,-16435,0,5752,194,-6034,-106,27,30
2788019892,-5880,5784,-1292,105,-113,65,8160,8192,2916,-22995,645,8192,5804,254,-6056,-102,31,30
2788069892,-5922,5856,-1308,100,-113,58,-16432,0,-15537,0,8160,8192,5836,180,-6020,-105,30,30
2788119892,-5956,5788,-1314,96,-108,51,8160,8192,-28156,-22994,645,8192,5840,100,-6014,-105,32,28
2788169892,-5966,5724,-1244,96,-105,58,-16427,0,-15537,0,8160,8192,5750,180,-6060,-106,31,30
2788219892,-5912,5776,-1274,97,-107,64,-17425,0,-15537,0,8160,8192,5744,214,-6038,-106,32,30
2788269892,-5928,5812,-1280,103,-114,60,8160,8192,-9228,-22992,645,8192,5802,190,-6038,-106,35,30
2788319892,-5944,5876,-1312,101,-111,57,-16420,0,-15537,0,8160,8192,5830,182,-6070,-106,33,30
2788369892,-5910,5786,-1348,100,-108,59,-16418,0,-15537,0,8160,8192,5780,144,-6016,-106,33,29
2788419892,-5946,5762,-1302,93,-104,54,-16416,0,-15537,0,8160,8192,5780,188,-6022,-106,31,29
2788469892,-5968,5776,-1248,101,-105,59,-16413,0,-15537,0,8160,8192,5770,172,-6026,-107,34,30
2788519892,-5866,5824,-1292,102,-112,63,-16411,0,-15537,0,8160,8192,5798,234,-6044,-106,33,30
2788569892,-5918,5846,-1296,97,-113,57,-16409,0,-15537,0,8160,8192,5830,174,-6062,-106,33,29
2788619892,-5968,5758,-1232,92,-105,55,8160,8192,0,0,645,8192,5798,116,-6008,-104,30,28
2788669892,-5936,5724,-1196,92,-104,61,-17405,0,-15537,0,8160,8192,5764,178,-6000,-106,31,30
2788719892,-5902,5768,-1322,98,-110,59,-16402,0,-15537,0,8160,8192,5802,198,-6002,-103,28,31
2788769892,-5908,5816,-1216,103,-113,61,0,0,-7,-1,-16400,0,5802,214,-6002,-107,33,30
2788819892,-5928,5808,-1292,98,-113,58,0,0,-7,-1,-16398,0,5822,208,-6018,-105,32,31
2788869892,-5968,5802,-1284,95,-104,54,8160,8192,0,0,645,8192,5830,138,-5982,-106,34,31
2788919892,-5948,5750,-1288,93,-103,59,-17394,0,-15537,0,8160,8192,5776,176,-6038,-106,34,32
2788969892,-5952,5774,-1208,97,-106,62,0,0,-7,-1,-16393,0,5780,208,-6046,-105,32,29
2789019892,-5870,5782,-1268,102,-116,66,-16391,0,-15537,0,8160,8192,5770,220,-5996,-106,30,30
2789069892,-5854,5672,-1204,108,-112,68,0,0,-7,-1,-16389,0,5654,238,-5992,-108,33,29
2789119892,-5990,5870,-1308,81,-100,49,8160,8192,-11196,-22979,645,8192,5864,22,-6044,-101,31,30
2789169892,-5960,5564,-1214,98,-99,55,0,0,-7,-1,-16384,0,5724,168,-6024,-108,34,30
2789219892,-6000,5814,-1244,94,-104,49,-17381,0,-15537,0,8160,8192,5834,182,-6056,-106,30,30
2789269892,-5908,5878,-1214,112,-115,74,0,0,-7,-1,-16381,0,5806,242,-6072,-105,30,31
2789319892,-5900,5866,-1304,108,-122,58,-16378,0,-15537,0,8160,8192,5794,216,-5990,-104,32,30
2789369892,-5942,5798,-1302,96,-107,57,-16376,0,-15537,0,8160,8192,5770,178,-6040,-107,32,29
2789419892,-5984,5728,-1252,95,-103,60,-16374,0,-15537,0,8160,8192,5778,140,-6018,-106,31,28
2789469892,-5950,5700,-1314,95,-103,68,0,0,-7,-1,-17372,0,5808,212,-6020,-105,34,28
2789519892,-3846,4338,726,182,321,76,-16370,0,-15537,0,8160,8192,6402,3740,-9360,-29,509,112
2789569892,-10940,15186,258,-10,149,18,8160,8192,0,0,645,8192,14872,1472,-6576,-109,138,78
2789619892,-4034,8120,1478,639,-951,-513,8160,8192,0,0,645,8192,7536,-1322,-7974,-163,-509,-36
2789669892,-6340,3254,-212,513,129,502,-16365,0,-15537,0,8160,8192,5068,788,-6372,-103,26,26
2789719892,-7240,5332,-2456,138,-52,-49,-16363,0,-15537,0,8160,8192,5674,376,-5614,-77,262,59
2789769892,-4908,5322,-1734,33,-484,-162,-16361,0,-15537,0,8160,8192,5422,16,-5370,-145,-237,-11
2789819892,-5816,5052,-564,-5,277,152,0,0,-7,-1,-16360,0,4976,542,-6546,-99,76,34
2789869892,-5788,5640,-1726,244,-296,165,-16358,0,-15537,0,8160,8192,5948,130,-5864,-97,113,34
2789919892,-6484,6196,-1174,0,35,110,8160,8192,2372,-22966,645,8192,6016,-84,-5912,-109,57,32
2789969892,-5636,5592,-976,21,-195,-150,0,0,-7,-1,-16353,0,5564,-134,-6634,-114,-42,17
2790019892,-5856,5430,-1270,85,54,222,-18350,0,-15537,0,8160,8192,5582,136,-5998,-98,71,32
2790069892,-5790,5554,-1624,135,-241,-11,-16348,0,-15537,0,8160,8192,5606,244,-5920,-105,83,41
2790119892,-6690,6616,-1534,57,-116,52,0,0,-7,-1,-17346,0,6166,220,-6102,-109,-48,23
2790169892,-5658,5798,-1218,119,-104,64,8160,8192,-9772,-22963,645,8192,5660,208,-6076,-103,30,27
2790219892,-5862,5590,-1366,140,-138,55,0,0,-7,-1,-16341,0,5892,232,-5896,-107,52,34
2790269892,-5774,5518,-1134,131,-115,81,-16339,0,-15537,0,8160,8192,5578,144,-6252,-104,39,28
2790319892,-5932,5696,-1292,90,-75,68,8160,8192,9156,-22960,645,8192,5734,190,-6142,-101,31,28
2790369892,-6032,5784,-1378,100,-115,72,-17331,0,-15537,0,8160,8192,5948,218,-5904,-108,30,32
2790419892,-5860,5838,-1192,106,-114,40,0,0,-7,-1,-16330,0,5728,248,-6110,-105,30,29
2790469892,-5914,5826,-1284,101,-97,87,0,0,-7,-1,-17328,0,5784,196,-6066,-105,32,29
2790519892,-5950,5710,-1412,85,-115,41,-16326,0,-15537,0,8160,8192,5928,172,-5940,-107,35,31
2790569892,-5920,5836,-1150,96,-101,33,-16324,0,-15537,0,8160,8192,5790,158,-6072,-106,30,29
2790619892,-5954,5776,-1170,110,-95,78,8160,8192,-18524,-22956,645,8192,5714,178,-6132,-105,34,30
2790669892,-5928,5802,-1386,103,-118,79,-18320,0,-15537,0,8160,8192,5814,266,-5962,-107,30,29
2790719892,-5892,5906,-1306,108,-121,48,8160,8192,15940,-22954,645,8192,5816,278,-6068,-108,29,30
2790769892,-5886,5924,-1216,99,-100,69,-16318,0,-15537,0,8160,8192,5746,188,-6110,-104,31,29
2790819892,-5902,5718,-1350,85,-108,57,-18316,0,-15537,0,8160,8192,5830,166,-5938,-105,34,30
2790869892,-5938,5736,-1270,90,-107,38,8160,8192,-30668,-22952,645,8192,5778,126,-6018,-105,32,30
2790919892,-5954,5746,-1192,102,-97,62,-16311,0,-15537,0,8160,8192,5710,166,-6084,-103,29,31
2790969892,-5898,5784,-1332,102,-113,71,-16309,0,-15537,0,8160,8192,5806,180,-6002,-106,30,30
2791019892,-5922,5842,-1304,107,-125,54,-16306,0,-15537,0,8160,8192,5808,256,-6020,-105,31,29
2791069892,-5872,5924,-1178,100,-106,55,-17303,0,-15537,0,8160,8192,5800,194,-6132,-106,36,30
2791119892,-5928,5716,-1260,86,-99,51,-16300,0,-15537,0,8160,8192,5786,108,-6020,-104,35,28
2791169892,-5960,5690,-1232,89,-107,48,-16298,0,-15537,0,8160,8192,5818,152,-5928,-105,31,32
2791219892,-5922,5754,-1194,104,-104,55,-16297,0,-15537,0,8160,8192,5746,186,-6030,-108,30,29
2791269892,-5904,5826,-1234,109,-108,76,0,0,-7,-1,-16294,0,5766,218,-6060,-107,30,28
2791319892,-5906,5842,-1306,100,-117,61,-18292,0,-15537,0,8160,8192,5840,270,-5950,-108,31,32
2791369892,-5900,5912,-1290,98,-117,51,-17291,0,-15537,0,8160,8192,5828,206,-6058,-106,32,28
2791419892,-5886,5786,-1278,87,-103,50,0,0,-7,-1,-16288,0,5774,120,-6032,-106,32,29
2791469892,-5936,5692,-1276,85,-104,50,-18286,0,-15537,0,8160,8192,5808,124,-5960,-107,33,29
2791519892,-5902,5770,-1234,99,-105,52,-16284,0,-15537,0,8160,8192,5798,162,-6062,-108,30,31
2791569892,-5880,5768,-1312,108,-109,70,0,0,-7,-1,-17282,0,5786,228,-6042,-108,32,31
2791619892,-5856,5864,-1298,103,-117,65,-16280,0,-15537,0,8160,8192,5842,246,-6010,-107,29,31
2791669892,-5868,5884,-1344,98,-120,52,-16278,0,-15537,0,8160,8192,5794,212,-6048,-106,32,29
2791719892,-5856,5814,-1192,92,-109,46,-16276,0,-15537,0,8160,8192,5732,130,-6028,-104,32,30
2791769892,-5964,5762,-1272,90,-106,53,0,0,-7,-1,-16274,0,5776,120,-6048,-105,35,30
2791819892,-5992,5782,-1232,95,-100,53,-16272,0,-15537,0,8160,8192,5840,200,-6082,-105,35,31
2791869892,-5902,5740,-1256,105,-108,65,-16271,0,-15537,0,8160,8192,5774,288,-6026,-105,31,29
2791919892,-5886,5896,-1312,107,-117,74,8160,8192,0,0,645,8192,5840,276,-6022,-106,29,29
2791969892,-5916,5896,-1314,104,-118,61,-18268,0,-15537,0,8160,8192,5828,212,-5952,-106,32,31
2792019892,-5898,5820,-1324,94,-111,50,8160,8192,0,0,645,8192,5798,208,-6070,-107,33,30
2792069892,-5926,5818,-1262,87,-105,50,-17264,0,-15537,0,8160,8192,5780,150,-6092,-107,33,28
2792119892,-5910,5722,-1246,92,-104,58,-16262,0,-15537,0,8160,8192,5738,156,-6040,-109,32,30
2792169892,-5928,5800,-1286,98,-105,61,-16261,0,-15537,0,8160,8192,5802,186,-6040,-107,34,30
2792219892,-5972,5820,-1256,106,-112,66,0,0,-7,-1,-16260,0,5822,230,-6040,-104,32,29
2792269892,-6080,6016,-752,115,-203,291,8160,8192,-6924,-22931,645,8192,6086,-44,-5994,-100,-134,29
2792319892,-4078,2366,244,199,153,251,0,0,-7,-1,-17255,0,4778,-1176,-5978,-91,186,18
2792369892,-6352,4770,-860,-160,-269,572,8160,8192,27540,-22929,645,8192,6310,-380,-5978,-50,-470,-28
2792419892,-4428,3498,-3612,445,-345,0,-18251,0,-15537,0,8160,8192,2814,-1544,-8738,-88,105,17
2792469892,-4802,4508,-148,21,97,504,-16248,0,-15537,0,8160,8192,7768,66,-5240,-103,22,20
2792519892,-6184,5620,-1924,162,-96,335,0,0,-7,-1,-16246,0,6442,-202,-5034,-96,30,29
2792569892,-4982,5102,-1136,105,15,367,-15994,0,-15537,0,8160,8192,4802,-80,-7328,-105,46,28
2792619892,-4248,4766,-1354,189,50,523,-16243,0,-15537,0,8160,8192,4802,142,-6080,-100,53,28
2792669892,-4182,4824,-336,100,-76,288,-16241,0,-15537,0,8160,8192,6620,96,-5100,-98,21,24
2792719892,-8896,7954,-2206,81,174,474,-16240,0,-15537,0,8160,8192,2840,-1012,-7438,-94,7,32
2792769892,-5758,6450,-1124,173,249,724,-16238,0,-15537,0,8160,8192,5768,-654,-6864,-87,30,30
2792819892,-4238,3914,60,95,441,563,-16236,0,-15537,0,8160,8192,5546,-1552,-6378,-93,96,16
2792869892,-7646,8410,-1356,87,197,484,-18234,0,-15537,0,8160,8192,5396,1134,-5424,-86,37,48
2792919892,-6862,8102,-1192,34,345,549,-16232,0,-15537,0,8160,8192,5942,1810,-7612,-89,11,38
2792969892,-5966,6752,-1476,-25,267,410,0,0,-7,-1,-16230,0,8572,-188,-2762,-110,6,11
2793019892,-6880,9792,-2234,83,89,296,-16229,0,-15537,0,8160,8192,430,-1292,-8284,-121,69,24
2793069892,-2476,5664,-1020,57,65,260,8160,8192,6644,-22918,645,8192,6540,706,-6826,-122,48,36
2793119892,-5986,8062,-2316,100,190,536,-16224,0,-15537,0,8160,8192,6398,1392,-6052,-100,32,38
2793169892,-5538,7508,-2318,-25,292,660,-16222,0,-15537,0,8160,8192,6446,552,-5376,-116,29,25
2793219892,-3984,6688,-1704,13,121,354,-16220,0,-15537,0,8160,8192,4696,-178,-6132,-114,49,34
2793269892,-4540,7808,-1986,61,-73,57,-16218,0,-15537,0,8160,8192,5752,744,-5610,-113,7,36
2793319892,-4650,7946,-2788,79,-126,82,-16215,0,-15537,0,8160,8192,5528,1222,-5802,-120,46,40
2793369892,-4520,7618,-2264,101,-26,209,8160,8192,-21036,-22914,645,8192,4596,1154,-6476,-119,43,32
2793419892,-3662,6748,-1892,50,113,400,-16212,0,-15537,0,8160,8192,4988,650,-6208,-113,40,33
2793469892,-4528,7342,-2388,37,74,345,8160,8192,13428,-22912,645,8192,5402,1034,-6156,-104,39,42
2793519892,-4442,7174,-1734,114,58,316,-16207,0,-15537,0,8160,8192,5908,470,-6030,-108,50,29
2793569892,-4142,6798,-1602,57,115,460,8160,8192,-17644,-22911,645,8192,5684,64,-6256,-104,37,31
2793619892,-4224,6582,-1686,-23,185,410,-16203,0,-15537,0,8160,8192,5686,370,-6164,-101,13,31
2793669892,-3910,6448,-1506,114,-143,94,-16201,0,-15537,0,8160,8192,5620,170,-6022,-106,41,26
2793719892,-3924,6860,-1698,2,0,200,8160,8192,0,0,645,8192,5296,160,-6278,-105,21,29
2793769892,-4244,6864,-1386,48,10,110,0,0,-7,-1,-17196,0,5374,204,-6166,-105,47,30
2793819892,-4236,6924,-1502,68,71,379,-18193,0,-15537,0,8160,8192,5598,-46,-6122,-108,48,30
2793869892,-3950,6294,-1526,-21,155,417,-18191,0,-15537,0,8160,8192,5418,96,-6178,-103,44,35
2793919892,-4044,6678,-1412,71,-1,236,-16189,0,-15537,0,8160,8192,5914,136,-5988,-106,42,30
2793969892,-3848,7070,-1840,106,-167,-63,-16188,0,-15537,0,8160,8192,5134,506,-6206,-107,59,38
2794019892,-4068,8106,-2622,166,-302,-206,-18186,0,-15537,0,8160,8192,5588,938,-6114,-114,64,31
2794069892,-3780,8250,-2566,383,-91,-182,8160,8192,23604,-22903,645,8192,5826,1146,-6068,-126,431,36
2794119892,-4106,8314,-2042,36,-20,-39,-16181,0,-15537,0,8160,8192,7058,634,-5672,-115,-209,15
2794169892,-2732,6056,-1732,23,41,133,-16180,0,-15537,0,8160,8192,6160,-136,-6196,-120,-100,10
2794219892,-3976,6412,-2202,59,85,139,8160,8192,0,0,645,8192,5688,368,-5894,-106,41,31
2794269892,-3892,6356,-2072,78,-232,-92,-16176,0,-15537,0,8160,8192,5578,308,-5972,-104,107,34
2794319892,-3962,7020,-2028,121,-277,-147,-17175,0,-15537,0,8160,8192,5594,388,-5984,-106,63,29
2794369892,-3852,6680,-2020,146,-232,-12,0,0,-7,-1,-16174,0,5728,466,-6064,-101,107,34
2794419892,-3988,6774,-1904,94,-70,79,-18172,0,-15537,0,8160,8192,5666,312,-6078,-102,68,27
2794469892,-5496,8010,-2258,-89,-248,304,-17170,0,-15537,0,8160,8192,5146,-196,-6166,-80,-388,18
2794519892,-4950,5364,-1610,-23,334,407,-17169,0,-15537,0,8160,8192,3646,-492,-8086,-77,272,-13
2794569892,-5344,7838,-2440,153,-100,153,8160,8192,-684,-22896,645,8192,6882,-178,-4962,-109,149,27
2794619892,-1564,1862,-598,454,-368,-372,-16164,0,-15537,0,8160,8192,4656,450,-5944,-99,213,51
2794669892,-2990,5514,-866,137,-69,16,-16161,0,-15537,0,8160,8192,5334,-716,-6478,-103,325,44
2794719892,-5646,9630,-2138,-249,151,463,-16159,0,-15537,0,8160,8192,5526,-134,-7064,-109,-151,14
2794769892,-5346,8164,-1568,1,73,232,0,0,-7,-1,-17156,0,7006,-186,-5632,-103,-189,27
2794819892,-4036,6174,-1784,310,-119,132,0,0,-7,-1,-16153,0,5346,-448,-6162,-105,105,37
2794869892,-4032,6690,-1406,17,46,283,8160,8192,-28364,-22891,645,8192,5734,-564,-6260,-102,90,24
2794919892,-3902,6010,-1296,-177,24,539,-17148,0,-15537,0,8160,8192,5880,-522,-5818,-89,-211,31
2794969892,-7024,12298,-2794,-6,-198,256,-16146,0,-15537,0,8160,8192,4126,-230,-7096,-107,-43,30
2795019892,-5960,12528,-3260,257,-236,-346,-17143,0,-15537,0,8160,8192,6004,780,-6238,-108,-14,31
2795069892,-3052,8458,-2832,-18,-359,-88,-16141,0,-15537,0,8160,8192,5870,924,-5940,-112,6,33
2795119892,-1800,5230,-1122,688,116,124,0,0,-7,-1,-16139,0,3852,-236,-6638,-175,821,59
2795169892,-3628,6632,-1792,-101,-166,502,0,0,-7,-1,-16137,0,5894,70,-5876,-135,22,58
2795219892,-3310,6974,-2690,41,-296,-95,0,0,-7,-1,-17135,0,5704,492,-5856,-108,55,31
2795269892,-3532,7560,-1868,337,-95,208,-17133,0,-15537,0,8160,8192,5628,524,-6100,-109,90,28
2795319892,-3646,7370,-2354,-77,-37,52,0,0,-7,-1,-17130,0,5950,554,-5930,-107,27,34
2795369892,-3838,7174,-1780,187,-31,197,0,0,-7,-1,-16128,0,5782,246,-6046,-103,4,33
2795419892,-3970,6866,-2094,85,-174,106,-16126,0,-15537,0,8160,8192,5786,-10,-6014,-111,125,31
2795469892,-3940,7126,-2084,89,-28,259,8160,8192,-18188,-22882,645,8192,5488,44,-5982,-113,100,55
2795519892,-4598,7218,-1736,76,-97,117,8160,8192,31812,-22881,645,8192,5980,-466,-6100,-110,-1,34
2795569892,-3890,7162,-1832,73,60,362,-16121,0,-15537,0,8160,8192,5776,386,-5916,-105,7,21
2795619892,-3072,7216,-2436,13,-354,-282,0,0,-7,-1,-16118,0,5670,1420,-6066,-107,-11,32
2795669892,-2840,7844,-2498,439,-675,-607,8160,8192,-14796,-22879,645,8192,5956,1160,-5932,-98,10,29
2795719892,-3992,7288,-1482,126,108,525,8160,8192,-30332,-22878,645,8192,5500,-624,-6194,-103,35,28
2795769892,-4722,6924,-1592,-358,681,1084,0,0,-7,-1,-16113,0,5788,-466,-6020,-105,26,27
2795819892,-5012,6948,-1290,105,32,134,8160,8192,4132,-22876,645,8192,5896,-1000,-6132,-105,17,26
2795869892,-4512,7384,-1538,190,-209,133,-16109,0,-15537,0,8160,8192,5968,-496,-6094,-109,17,24
2795919892,-4130,6872,-1510,-11,33,282,0,0,-7,-1,-16106,0,5684,-588,-6138,-106,30,21
2795969892,-4040,7420,-1900,108,-164,146,0,0,-7,-1,-17104,0,5868,36,-5868,-98,20,28
2796019892,-3428,7122,-1874,136,-359,-254,8160,8192,7524,-22873,645,8192,5296,238,-6304,-98,22,28
2796069892,-3844,8166,-2756,218,-475,-325,-17101,0,-15537,0,8160,8192,5750,548,-6064,-105,16,22
2796119892,-3282,7710,-2000,128,-293,-145,0,0,-7,-1,-16099,0,5736,838,-5818,-96,38,29
2796169892,-3292,7484,-2266,88,-399,-155,8160,8192,0,0,645,8192,5718,640,-6008,-101,27,28
2796219892,-3140,7662,-2266,154,-229,-118,-16096,0,-15537,0,8160,8192,5662,1318,-6006,-97,11,24
2796269892,-3058,7542,-2306,121,-13,-24,8160,8192,-4620,-22870,645,8192,5548,874,-6016,-107,29,31
2796319892,-3906,7360,-1792,59,221,518,0,0,-7,-1,-16093,0,5860,-26,-6060,-105,31,32
2796369892,-4272,7324,-1670,-116,223,620,-16090,0,-15537,0,8160,8192,5816,24,-6012,-108,41,30
2796419892,-4044,7162,-1912,119,-285,-254,0,0,-7,-1,-16088,0,5968,-336,-6072,-103,13,36
2796469892,-3834,7478,-1612,244,-154,114,8160,8192,-1228,-22867,645,8192,5850,168,-6040,-107,42,30
2796519892,-3664,7300,-2056,-40,-88,-52,-17084,0,-15537,0,8160,8192,5888,54,-6002,-105,37,31
2796569892,-3760,7496,-1714,205,1,306,8160,8192,-32300,-22865,645,8192,5758,228,-6018,-104,33,31
2796619892,-3774,7252,-1892,-44,-92,150,-16080,0,-15537,0,8160,8192,5790,282,-6000,-106,9,32
2796669892,-3424,7298,-2182,182,-274,-158,8160,8192,2164,-22863,645,8192,5782,596,-5976,-107,19,30
2796719892,-3422,7502,-2056,158,-292,-191,-16077,0,-15537,0,8160,8192,5778,520,-6012,-109,19,30
2796769892,-3198,7566,-2246,62,-234,-33,0,0,-7,-1,-17075,0,5774,906,-6044,-105,36,27
2796819892,-3708,7404,-1880,175,-12,122,8160,8192,21092,-22861,645,8192,5916,390,-6062,-107,41,31
2796869892,-3694,7304,-2082,93,-157,30,0,0,-7,-1,-17072,0,5702,644,-5996,-102,61,28
2796919892,-4132,7212,-1584,185,-70,-14,8160,8192,-9980,-22860,645,8192,5768,-442,-6022,-106,55,35
2796969892,-4084,7100,-1790,10,-98,130,0,0,-7,-1,-16067,0,5800,-32,-6022,-108,58,30
2797019892,-3944,7016,-1936,124,-261,-197,0,0,-7,-1,-16064,0,5756,-34,-5968,-105,30,30
2797069892,-3980,7316,-1720,153,-147,38,-16062,0,-15537,0,8160,8192,5868,216,-5984,-107,27,28
2797119892,-3774,7392,-2074,57,-262,-181,-17061,0,-15537,0,8160,8192,5838,398,-5992,-105,22,28
2797169892,-4136,7378,-1612,245,-26,105,-16059,0,-15537,0,8160,8192,5972,-146,-5920,-99,58,26
2797219892,-3740,7208,-1948,-64,-142,-14,-18058,0,-15537,0,8160,8192,5638,860,-5946,-111,15,29
2797269892,-3334,6984,-2136,283,-471,-479,-18056,0,-15537,0,8160,8192,5780,270,-5788,-113,37,35
2797319892,-4178,7346,-1674,139,-3,131,-16053,0,-15537,0,8160,8192,5846,384,-6050,-95,17,26
2797369892,-4194,7068,-1538,9,97,387,0,0,-7,-1,-17051,0,5780,228,-6030,-104,68,32
2797419892,-4262,7038,-1708,75,55,211,8160,8192,31268,-22852,645,8192,5890,28,-6066,-98,51,30
2797469892,-4322,7164,-1704,150,-154,-178,8160,8192,0,0,645,8192,5942,-224,-6028,-109,10,35
2797519892,-4098,7244,-1878,90,-230,14,0,0,-7,-1,-16046,0,5964,198,-5844,-110,35,30
2797569892,-4010,7108,-1860,86,-156,-8,-16044,0,-15537,0,8160,8192,5800,116,-6016,-95,33,22
2797619892,-4050,7198,-1652,149,-159,-54,-16041,0,-15537,0,8160,8192,5766,114,-6120,-107,24,31
2797669892,-4010,7072,-1756,65,-88,117,-16041,0,-15537,0,8160,8192,5770,64,-6002,-108,-1,31
2797719892,-4050,6960,-1746,96,-99,80,-16039,0,-15537,0,8160,8192,5788,-88,-6012,-108,33,32
2797769892,-4108,7202,-1750,69,-174,1,8160,8192,-11948,-22847,645,8192,5710,-246,-6122,-107,33,30
2797819892,-4120,7278,-1754,67,-72,73,-16035,0,-15537,0,8160,8192,5794,222,-6020,-105,33,29
2797869892,-4004,7230,-2056,83,-199,-79,0,0,-7,-1,-16035,0,5964,518,-5900,-97,7,23
2797919892,-3880,7320,-1740,231,-101,-78,8160,8192,6980,-22844,645,8192,5734,228,-6148,-104,42,23
2797969892,-4230,7204,-1648,75,-38,212,-16030,0,-15537,0,8160,8192,5826,-132,-6034,-115,60,36
2798019892,-4172,6996,-1970,33,-31,177,-16027,0,-15537,0,8160,8192,5888,180,-5986,-109,43,35
2798069892,-4220,6874,-1636,179,-85,22,-16025,0,-15537,0,8160,8192,5704,-180,-6054,-106,45,32
2798119892,-4122,7038,-1970,12,-161,72,-18023,0,-15537,0,8160,8192,5762,40,-6118,-105,9,27
2798169892,-3930,7112,-1840,94,-159,47,8160,8192,0,0,645,8192,5830,360,-6030,-108,9,31
2798219892,-3808,7364,-2042,58,-153,33,8160,8192,-20700,-22840,645,8192,5928,462,-5970,-103,11,30
2798269892,-3842,7196,-1956,112,-79,85,0,0,-7,-1,-17016,0,5692,500,-6070,-105,17,26
2798319892,-3806,7386,-1956,83,-144,-10,8160,8192,0,0,645,8192,5864,464,-5918,-104,3,26
2798369892,-4384,6914,-1536,164,-7,173,-16013,0,-15537,0,8160,8192,5838,-412,-6082,-104,7,30
2798419892,-4220,7136,-1968,-53,-103,76,-18011,0,-15537,0,8160,8192,5858,154,-5918,-105,23,30
2798469892,-4172,7250,-1678,207,-113,37,-16011,0,-15537,0,8160,8192,5776,148,-6102,-102,44,27
2798519892,-4072,7278,-1708,77,-162,-76,-16010,0,-15537,0,8160,8192,5760,110,-6024,-108,41,32
2798569892,-4190,7126,-1734,137,-46,169,0,0,-7,-1,-16009,0,5862,54,-6056,-106,55,32
2798619892,-4280,7320,-1644,81,-12,113,-16006,0,-15537,0,8160,8192,5920,378,-6076,-108,61,37
2798669892,-3718,7192,-2330,119,-336,-234,0,0,-7,-1,-16003,0,5916,646,-5886,-105,28,30
2798719892,-4056,7320,-1524,205,26,169,8160,8192,0,0,645,8192,5748,-102,-6124,-96,30,23
2798769892,-4102,7196,-1876,-79,-94,176,-15999,0,-15537,0,8160,8192,5884,384,-5978,-115,18,36
2798819892,-4010,7092,-1814,202,-119,10,-15997,0,-15537,0,8160,8192,5724,38,-6054,-107,10,34
2798869892,-4060,7158,-1822,35,-157,27,-15995,0,-15537,0,8160,8192,5846,228,-5942,-103,20,32
2798919892,-4008,7146,-1858,109,-167,34,0,0,-7,-1,-16993,0,5826,48,-6058,-98,22,24
2798969892,-4020,7244,-1650,129,-43,63,0,0,-7,-1,-16991,0,5720,166,-6118,-111,35,33
2799019892,-4036,7112,-1970,62,-187,56,-17990,0,-15537,0,8160,8192,5840,192,-5948,-110,32,36
2799069892,-4104,7204,-1802,143,-46,55,8160,8192,-22668,-22827,645,8192,5812,218,-6040,-103,30,25
2799119892,-4062,7160,-1872,70,-182,45,0,0,-7,-1,-15986,0,5832,136,-6006,-105,27,28
2799169892,-4034,7210,-1698,118,-22,53,-16985,0,-15537,0,8160,8192,5702,148,-6150,-104,32,29
2799219892,-4080,6898,-1676,84,-106,60,8160,8192,-3740,-22825,645,8192,5768,126,-6002,-107,43,33
2799269892,-4028,7226,-1822,96,-109,58,-17982,0,-15537,0,8160,8192,5762,218,-6022,-110,34,30
2799319892,-4084,7134,-1930,92,-140,22,-15979,0,-15537,0,8160,8192,5796,168,-5948,-101,16,27
2799369892,-4136,7240,-1884,97,-73,77,-17977,0,-15537,0,8160,8192,5876,256,-6042,-101,24,24
2799419892,-4212,7314,-1644,102,-39,119,-15974,0,-15537,0,8160,8192,5726,-6,-6116,-109,48,30
2799469892,-4044,7200,-1816,94,-133,45,-15972,0,-15537,0,8160,8192,5798,216,-6004,-114,63,33
2799519892,-3958,7270,-1954,126,-136,26,0,0,-7,-1,-16972,0,5820,328,-6000,-108,56,33
2799569892,-4052,7186,-1876,106,-72,95,8160,8192,0,0,645,8192,5850,-2,-6006,-108,50,29
2799619892,-4076,7210,-1790,69,-11,166,-15966,0,-15537,0,8160,8192,5778,224,-6038,-105,48,26
2799669892,-3934,7168,-1936,112,-164,-48,0,0,-7,-1,-15963,0,5742,362,-6054,-103,58,30
2799719892,-3808,7308,-1890,138,-148,-3,-17961,0,-15537,0,8160,8192,5818,448,-6012,-106,43,30
2799769892,-3900,7218,-1932,79,-139,68,8160,8192,21972,-22816,645,8192,5762,378,-6026,-104,32,28
2799819892,-3910,7192,-1882,120,-124,27,8160,8192,0,0,645,8192,5724,308,-6090,-103,23,25
2799869892,-3872,7284,-1912,105,-151,49,0,0,-7,-1,-16953,0,5768,438,-6020,-106,30,30
2799919892,-4116,7036,-1738,151,-140,15,8160,8192,0,0,645,8192,5800,-24,-6006,-106,36,28
2799969892,-4104,7178,-1866,62,-127,43,-15949,0,-15537,0,8160,8192,5838,214,-5948,-110,22,30
2800019892,-4190,7154,-1728,115,-117,67,-17947,0,-15537,0,8160,8192,5850,200,-6056,-106,23,28
2800069892,-4286,7084,-1706,118,-63,48,-15945,0,-15537,0,8160,8192,5806,-100,-6044,-104,24,26
2800119892,-4088,7140,-1864,71,-148,6,-15944,0,-15537,0,8160,8192,5792,208,-6044,-106,33,27
2800169892,-4260,7222,-1734,141,-106,82,8160,8192,28756,-22810,645,8192,5854,96,-6018,-107,35,30
2800219892,-4002,7188,-1914,80,-166,-52,-15939,0,-15537,0,8160,8192,5796,312,-5960,-107,49,29
2800269892,-4238,7156,-1682,180,-100,35,8160,8192,-2316,-22809,645,8192,5854,-90,-5966,-105,51,34
2800319892,-4294,7130,-1736,32,-3,172,0,0,-7,-1,-15934,0,5870,80,-6002,-102,47,32
2800369892,-4222,7138,-1812,137,-113,11,8160,8192,0,0,645,8192,5736,8,-6124,-108,38,32
2800419892,-3934,7174,-2002,81,-187,-18,0,0,-7,-1,-16931,0,5776,458,-6066,-106,19,29
2800469892,-3980,7114,-1946,130,-172,35,0,0,-7,-1,-15928,0,5802,248,-6078,-103,15,29
2800519892,-4064,7252,-1996,74,-89,92,0,0,-7,-1,-16927,0,5874,366,-6032,-105,23,31
2800569892,-4060,7160,-1946,98,-146,37,-15924,0,-15537,0,8160,8192,5794,298,-5964,-105,0,27
2800619892,-3802,7168,-2182,59,-267,-165,8160,8192,20004,-22803,645,8192,5882,592,-5916,-104,-17,24
2800669892,-3836,7336,-1846,175,-224,12,-15920,0,-15537,0,8160,8192,5776,428,-6006,-104,-27,29
2800719892,-4162,7180,-1838,34,-48,296,-16917,0,-15537,0,8160,8192,5824,404,-6040,-97,-10,28
2800769892,-4276,7072,-1632,81,-37,270,-15915,0,-15537,0,8160,8192,5702,-228,-6038,-104,-6,32
2800819892,-4798,6944,-1454,27,-14,310,-15913,0,-15537,0,8160,8192,5910,-706,-5994,-104,-23,31
2800869892,-4668,6964,-1420,-15,41,209,-15911,0,-15537,0,8160,8192,5866,-466,-5972,-101,-35,30
2800919892,-4430,7016,-1404,64,-162,35,8160,8192,0,0,645,8192,5678,-2,-6184,-106,-43,32
2800969892,-3780,7482,-1998,0,-316,-99,-17904,0,-15537,0,8160,8192,5916,722,-6000,-109,-71,35
2801019892,-3594,7448,-2042,141,-171,-14,0,0,-7,-1,-15903,0,5656,730,-6150,-106,42,29
2801069892,-3530,7318,-2176,118,-154,-57,-15900,0,-15537,0,8160,8192,5848,650,-6054,-114,99,41
2801119892,-3782,7570,-2340,108,-65,101,-15897,0,-15537,0,8160,8192,5728,848,-5990,-105,104,25
2801169892,-4146,7052,-1588,181,-45,94,8160,8192,-19820,-22795,645,8192,5872,-32,-6068,-109,38,36
2801219892,-4104,7130,-1940,-31,-114,178,0,0,-7,-1,-15894,0,5840,244,-5980,-104,14,30
2801269892,-4142,7238,-1560,232,-152,-88,-15890,0,-15537,0,8160,8192,5612,120,-6180,-103,37,32
2801319892,-4130,7070,-1740,119,-209,-3,0,0,-7,-1,-15887,0,5770,-10,-6026,-110,83,32
2801369892,-4190,7046,-1704,136,-29,90,-15885,0,-15537,0,8160,8192,5578,-82,-6256,-107,98,29
2801419892,-4350,7070,-1706,124,-129,13,-15882,0,-15537,0,8160,8192,5836,36,-6032,-113,98,36
2801469892,-4446,6978,-1572,145,37,182,0,0,-7,-1,-16880,0,5920,-338,-5996,-106,78,28
2801519892,-4104,7220,-1892,48,-115,22,-15877,0,-15537,0,8160,8192,5838,160,-5930,-111,57,32
2801569892,-4248,7086,-1668,165,-78,95,-15876,0,-15537,0,8160,8192,5912,-192,-5890,-107,51,24
2801619892,-4136,6948,-1628,-18,62,215,8160,8192,0,0,645,8192,5808,-98,-6062,-108,37,31
2801669892,-4524,6858,-1578,41,139,488,8160,8192,21428,-22787,645,8192,5734,-324,-6092,-106,50,31
2801719892,-3600,7464,-2106,-84,-109,-117,0,0,-7,-1,-15873,0,5876,874,-5960,-109,-28,35
2801769892,-3798,7312,-1578,450,-309,-225,-15871,0,-15537,0,8160,8192,5664,102,-6020,-114,-8,48
2801819892,-3896,7268,-1796,-89,140,517,8160,8192,0,0,645,8192,5668,106,-6402,-100,21,36
2801869892,-4010,7194,-2142,-196,192,464,-16866,0,-15537,0,8160,8192,5782,528,-6070,-103,9,31
2801919892,-3722,7254,-1964,203,-200,-108,-16864,0,-15537,0,8160,8192,5814,146,-5900,-109,45,28
2801969892,-3872,7412,-1782,123,-26,228,0,0,-7,-1,-15861,0,5788,362,-6014,-107,38,24
2802019892,-4214,7060,-1756,31,93,83,0,0,-7,-1,-15859,0,5914,284,-6068,-103,90,25
2802069892,-4266,9068,-2654,186,-142,4,-16859,0,-15537,0,8160,8192,6244,658,-5568,-111,55,29
2802119892,-3716,7190,-1968,137,-126,-45,0,0,-7,-1,-15857,0,5884,44,-5952,-113,55,30
2802169892,-4344,7364,-1396,93,222,733,0,0,-7,-1,-15856,0,5902,-568,-6092,-103,56,30
2802219892,-4114,7108,-1866,-181,194,227,-17854,0,-15537,0,8160,8192,5732,134,-6030,-113,58,39
2802269892,-3408,6166,-1840,277,-306,59,0,0,-7,-1,-15852,0,5544,-180,-6620,-104,54,42
2802319892,-3144,7364,-1868,82,-256,-183,-17850,0,-15537,0,8160,8192,6020,554,-5902,-104,59,40
2802369892,-3970,7294,-1686,315,-238,-8,-15846,0,-15537,0,8160,8192,6090,-614,-5800,-118,50,44
2802419892,-3686,7328,-2220,-15,-32,179,-15843,0,-15537,0,8160,8192,5992,508,-5780,-107,72,29
2802469892,-4146,7334,-1666,245,-19,185,-15841,0,-15537,0,8160,8192,5912,-312,-5948,-115,59,32
2802519892,-4124,7398,-1786,-12,3,410,0,0,-7,-1,-15840,0,5962,-10,-5884,-109,46,29
2802569892,-3878,7464,-1988,107,-201,-102,-17838,0,-15537,0,8160,8192,5624,-2,-6094,-108,13,38
2802619892,-3404,7458,-2186,282,-481,-385,0,0,-7,-1,-15835,0,5814,452,-6118,-104,35,32
2802669892,-3640,7332,-1408,202,6,187,0,0,-7,-1,-16831,0,5416,-264,-6128,-107,80,38
2802719892,-4152,6842,-1938,-71,97,399,8160,8192,22852,-22771,645,8192,6004,376,-5864,-109,47,40
2802769892,-3770,7584,-2048,142,-191,-82,0,0,-7,-1,-16826,0,6078,470,-5990,-104,25,32
2802819892,-3278,7302,-1874,272,-307,-324,-15820,0,-15537,0,8160,8192,5770,420,-5990,-106,44,38
2802869892,-3256,7496,-2358,91,-174,-108,8160,8192,0,0,645,8192,5982,912,-5862,-101,33,31
2802919892,-4054,7452,-1722,176,55,386,-15816,0,-15537,0,8160,8192,5760,-582,-6020,-113,-8,29
2802969892,-3706,7220,-2176,-255,134,508,-15814,0,-15537,0,8160,8192,5948,898,-6046,-112,-57,24
2803019892,-3520,7436,-2048,197,-309,-131,8160,8192,0,0,645,8192,5708,108,-5992,-106,-35,30
2803069892,-3422,7478,-1750,114,-124,31,0,0,-7,-1,-16811,0,5748,414,-5996,-106,-31,34
2803119892,-3804,7342,-1962,4,-63,134,8160,8192,29636,-22765,645,8192,5888,540,-6074,-106,-4,32
2803169892,-3152,7502,-2474,158,-374,-207,-15805,0,-15537,0,8160,8192,5760,1018,-5966,-108,-2,30
2803219892,-3142,7454,-2348,235,-421,-507,-17803,0,-15537,0,8160,8192,5732,872,-6024,-103,12,27
2803269892,-3534,7588,-1944,170,-130,71,-15800,0,-15537,0,8160,8192,5716,254,-6052,-103,37,26
2803319892,-3568,7318,-2102,-99,129,350,0,0,-7,-1,-16799,0,5782,478,-6024,-105,42,30
2803369892,-4060,7182,-1716,140,-2,118,8160,8192,0,0,645,8192,5620,404,-6148,-103,50,31
2803419892,-3706,7428,-1936,106,-194,-56,-15795,0,-15537,0,8160,8192,5736,278,-6040,-103,55,29
2803469892,-3724,6944,-1684,218,-302,-266,0,0,-7,-1,-15791,0,5718,176,-6164,-105,75,31
2803519892,-3952,7378,-1754,205,-244,-281,-15788,0,-15537,0,8160,8192,5690,342,-6018,-100,73,33
2803569892,-4074,7318,-1812,111,-132,22,-15785,0,-15537,0,8160,8192,5950,-148,-6034,-104,67,29
2803619892,-4266,6992,-1580,39,79,274,8160,8192,5348,-22757,645,8192,5696,-52,-6132,-101,70,22
2803669892,-3892,6812,-1830,66,-193,-144,-15781,0,-15537,0,8160,8192,6114,412,-5832,-110,37,32
2803719892,-4132,7234,-1810,197,-202,-62,-17779,0,-15537,0,8160,8192,5948,-44,-5846,-105,23,30
2803769892,-4168,7110,-1708,8,-106,72,0,0,-7,-1,-16775,0,5696,30,-6140,-107,-19,25
2803819892,-4146,7140,-1844,110,-232,-50,-15772,0,-15537,0,8160,8192,5926,14,-5916,-105,-33,29
2803869892,-4282,7184,-1712,101,-176,-52,-15770,0,-15537,0,8160,8192,5832,-8,-6084,-105,-25,30
2803919892,-4326,7148,-1692,77,-187,-62,0,0,-7,-1,-15768,0,5922,-334,-6012,-105,-21,32
2803969892,-4296,7102,-1676,77,-85,72,-17765,0,-15537,0,8160,8192,5806,-142,-6112,-106,20,30
2804019892,-4116,7122,-1768,93,-130,56,-15759,0,-15537,0,8160,8192,5726,102,-6036,-109,41,33
2804069892,-4078,7132,-1832,133,-141,7,0,0,-7,-1,-15755,0,5812,128,-6012,-106,59,32
2804119892,-3986,7234,-1944,90,-138,29,0,0,-7,-1,-16750,0,5746,346,-6060,-106,25,29
2804169892,-3892,7172,-1930,93,-169,32,8160,8192,0,0,645,8192,5782,354,-5966,-106,15,32
2804219892,-4074,7196,-1902,101,-115,44,-17746,0,-15537,0,8160,8192,5800,252,-6024,-106,6,31
2804269892,-4152,7160,-1800,100,-133,30,8160,8192,-12,-22748,645,8192,5922,126,-5966,-110,40,30
2804319892,-4086,7112,-1896,145,-107,1,8160,8192,-15548,-22747,645,8192,5862,222,-6038,-104,100,28
2804369892,-4098,7178,-1844,165,-123,-23,-15738,0,-15537,0,8160,8192,5776,286,-6042,-104,89,29
2804419892,-3964,7152,-2018,126,-177,-70,8160,8192,0,0,645,8192,5740,356,-6032,-102,84,26
2804469892,-4260,7174,-1778,178,-128,-83,-17734,0,-15537,0,8160,8192,5824,82,-6060,-104,64,29
2804519892,-4094,7168,-1848,113,-129,12,0,0,-7,-1,-16731,0,5716,344,-5994,-105,52,23
2804569892,-4436,7426,-2242,137,-206,-245,-15729,0,-15537,0,8160,8192,5578,428,-6156,-105,47,29
2804619892,-4190,7210,-1780,236,-160,58,0,0,-7,-1,-16727,0,5736,-190,-6100,-105,41,27
2804669892,-2498,5454,-890,-26,-11,340,-15725,0,-15537,0,8160,8192,6724,-142,-5108,-111,23,22
2804719892,-4004,6752,-2016,83,-128,100,-15722,0,-15537,0,8160,8192,5300,6,-6122,-93,84,17
2804769892,-4856,6906,-1068,140,163,447,0,0,-7,-1,-15720,0,5778,-980,-6088,-106,34,27
2804819892,-4478,6722,-1870,-184,-73,228,-15718,0,-15537,0,8160,8192,5990,124,-5830,-114,29,38
2804869892,-4368,7020,-1452,304,-163,-160,8160,8192,0,0,645,8192,6486,-160,-5636,-104,24,34
2804919892,-4034,7140,-1796,-8,-193,-84,-15715,0,-15537,0,8160,8192,5800,-68,-6044,-109,3,36
2804969892,-3620,7182,-2032,-4,-78,320,8160,8192,-20908,-22737,645,8192,5428,854,-6938,-86,29,30
2805019892,-4182,7342,-1962,125,-99,-233,-15712,0,-15537,0,8160,8192,6228,-40,-5814,-113,-44,37
2805069892,-4184,7346,-1684,7,11,433,-15711,0,-15537,0,8160,8192,5902,220,-5982,-107,-46,29
2805119892,-4442,7006,-1624,-37,107,202,0,0,-7,-1,-15708,0,5742,-180,-6230,-101,-24,30
2805169892,-4442,7338,-1600,174,-89,89,8160,8192,-17516,-22734,645,8192,5960,-248,-6082,-111,13,32
2805219892,-3918,7236,-1898,-37,-37,144,-15703,0,-15537,0,8160,8192,5748,250,-6086,-103,53,27
2805269892,-3516,7300,-2254,139,-237,-50,0,0,-7,-1,-16700,0,5728,936,-5950,-106,61,32
2805319892,-3718,7382,-1940,196,-119,-82,-17698,0,-15537,0,8160,8192,5778,166,-6020,-101,39,27
2805369892,-4102,7218,-1792,14,63,371,-16696,0,-15537,0,8160,8192,5854,58,-6066,-106,34,27
2805419892,-3970,7084,-2060,0,-48,113,-17695,0,-15537,0,8160,8192,5874,556,-6010,-100,46,25
2805469892,-4016,7334,-1724,291,-189,-224,8160,8192,20340,-22729,645,8192,5768,58,-6074,-106,31,30
2805519892,-4136,7190,-1594,61,-78,196,-15690,0,-15537,0,8160,8192,5732,-182,-6102,-106,39,25
2805569892,-4226,7046,-1726,22,64,240,0,0,-7,-1,-15688,0,5776,-66,-6056,-106,47,28
2805619892,-4116,7226,-1892,128,-133,6,0,0,-7,-1,-15686,0,5848,56,-5982,-109,62,33
2805669892,-3910,7178,-1784,101,-71,48,0,0,-7,-1,-15684,0,5738,174,-6018,-101,91,32
2805719892,-3724,7294,-2032,130,-144,-29,-17681,0,-15537,0,8160,8192,5808,448,-6006,-111,95,38
2805769892,-3778,7320,-2162,157,-52,61,-15679,0,-15537,0,8160,8192,5908,538,-6024,-101,145,32
2805819892,-3972,7576,-1652,216,95,67,0,0,-7,-1,-15677,0,6184,-8,-5804,-107,205,30
2805869892,-4606,7574,-2316,158,-77,113,-15674,0,-15537,0,8160,8192,6256,-210,-5692,-118,114,40
2805919892,-3964,7082,-2100,25,-123,96,0,0,-7,-1,-15671,0,5882,268,-5904,-106,22,32
2805969892,-3514,6684,-2264,65,-341,-150,8160,8192,0,0,645,8192,5526,494,-5912,-100,-171,28
2806019892,-3402,7602,-2824,19,-635,-294,-15668,0,-15537,0,8160,8192,6382,392,-6344,-116,-174,17
2806069892,-3516,7320,-2144,155,-276,-164,-17667,0,-15537,0,8160,8192,5826,370,-5876,-99,-77,23
2806119892,-4242,7232,-1778,62,-121,219,8160,8192,14980,-22719,645,8192,5572,-180,-6120,-93,-101,28
2806169892,-4348,7580,-1594,-147,-97,305,-17662,0,-15537,0,8160,8192,5878,-238,-6178,-84,-217,13
2806219892,-4374,6952,-1536,145,-63,122,-15659,0,-15537,0,8160,8192,5686,-372,-6162,-100,46,22
2806269892,-4706,7166,-1520,199,61,211,-15656,0,-15537,0,8160,8192,6004,-370,-6026,-108,192,27
2806319892,-5114,7112,-1246,141,66,153,0,0,-7,-1,-16653,0,5932,-1054,-6052,-104,89,24
2806369892,-4280,7116,-1386,62,62,205,8160,8192,2836,-22715,645,8192,5730,-432,-6056,-109,122,32
2806419892,-4230,7378,-1850,72,46,169,8160,8192,0,0,645,8192,5790,0,-5898,-103,95,19
2806469892,-3992,7086,-1776,154,30,90,8160,8192,-28236,-22714,645,8192,5788,-186,-6122,-100,60,20
2806519892,-3554,7188,-2006,28,-90,171,0,0,-7,-1,-15644,0,5888,462,-6028,-98,52,22
2806569892,-3554,7322,-2272,146,-206,-153,-15642,0,-15537,0,8160,8192,5638,870,-6140,-106,47,24
2806619892,-3338,7530,-2116,241,-237,-187,0,0,-7,-1,-15640,0,5940,772,-5832,-105,46,32
2806669892,-3480,7398,-2104,41,-10,226,-15638,0,-15537,0,8160,8192,5784,592,-6008,-105,9,31
2806719892,-3476,7110,-2194,-4,33,378,8160,8192,25156,-22710,645,8192,5688,890,-5908,-106,8,28
2806769892,-3964,7308,-1890,152,-128,34,-17633,0,-15537,0,8160,8192,5906,202,-5984,-104,23,30
2806819892,-3854,7296,-1866,116,-163,41,8160,8192,-5916,-22709,645,8192,5846,276,-5964,-109,39,30
2806869892,-4382,7124,-1490,151,-22,115,-17629,0,-15537,0,8160,8192,5790,-392,-6044,-103,40,29
2806919892,-4064,7158,-1876,16,-35,165,8160,8192,28548,-22707,645,8192,5928,224,-5814,-108,23,30
2806969892,-3450,7056,-2162,76,-250,-125,0,0,-7,-1,-15623,0,5878,684,-5922,-106,18,31
2807019892,-3478,7216,-1992,162,-193,-3,8160,8192,-2524,-22706,645,8192,5562,514,-6082,-105,19,26
2807069892,-4292,7144,-1652,79,-25,200,0,0,-7,-1,-15617,0,5866,-406,-5896,-107,-6,31
2807119892,-4470,7006,-1394,-19,120,423,-15615,0,-15537,0,8160,8192,6046,-672,-5924,-104,1,32
2807169892,-3954,7212,-1884,16,-96,-44,8160,8192,0,0,645,8192,5648,412,-6256,-106,40,26
2807219892,-3486,7240,-2044,277,-377,-335,0,0,-7,-1,-15609,0,5734,266,-5890,-106,9,38
2807269892,-3484,7288,-2330,-50,-45,361,-15607,0,-15537,0,8160,8192,5874,598,-5956,-93,-16,32
2807319892,-4188,7206,-1780,-9,113,401,-15605,0,-15537,0,8160,8192,5668,-154,-6124,-93,-73,24
2807369892,-3942,7362,-1812,-65,-191,217,-15603,0,-15537,0,8160,8192,5800,196,-5908,-106,-143,32
2807419892,-4328,7544,-1222,133,-63,-133,-15601,0,-15537,0,8160,8192,6100,176,-5190,-122,-37,54
2807469892,-4038,7476,-1952,248,-97,-253,8160,8192,0,0,645,8192,5860,16,-5924,-109,88,23
2807519892,-4058,7404,-1742,156,112,427,0,0,-7,-1,-15597,0,5584,406,-6142,-108,191,30
2807569892,-3678,7126,-2394,-95,-136,-203,-15594,0,-15537,0,8160,8192,5824,492,-5890,-110,37,34
2807619892,-4132,7442,-1332,328,-71,292,-15591,0,-15537,0,8160,8192,5774,-542,-6158,-101,36,27
2807669892,-3732,7136,-2036,-189,64,173,8160,8192,0,0,645,8192,5670,904,-6004,-115,36,38
2807719892,-3766,7288,-1830,396,-297,-270,8160,8192,0,0,645,8192,5816,226,-6028,-99,52,28
2807769892,-3522,7458,-1820,97,-185,-95,-16585,0,-15537,0,8160,8192,5680,272,-6132,-106,58,28
2807819892,-3956,7204,-1860,72,-34,120,8160,8192,11044,-22693,645,8192,5848,-168,-6004,-110,50,30
2807869892,-4216,7150,-1610,75,70,334,0,0,-7,-1,-15580,0,5712,-4,-6122,-105,67,26
2807919892,-4010,7126,-1886,64,-143,-28,8160,8192,-20028,-22692,645,8192,5814,-54,-6014,-109,73,27
2807969892,-4004,7398,-1722,152,-20,313,0,0,-7,-1,-15569,0,5860,-122,-5988,-104,60,28
2808019892,-3966,7144,-1824,-13,2,110,-15566,0,-15537,0,8160,8192,5894,-42,-5946,-110,38,32
2808069892,-3904,7200,-1622,282,-195,-67,8160,8192,0,0,645,8192,5926,-152,-6022,-105,33,26
2808119892,-3504,7292,-2036,59,-157,-73,0,0,-7,-1,-15559,0,5720,506,-6072,-105,35,27
2808169892,-3544,7486,-2216,121,-173,26,8160,8192,-32172,-22688,645,8192,5832,530,-6052,-106,10,34
2808219892,-3406,7364,-2234,35,-101,97,8160,8192,17828,-22687,645,8192,5722,826,-6032,-106,-7,31
2808269892,-3502,7468,-2110,127,-173,25,-17552,0,-15537,0,8160,8192,5818,644,-5966,-106,0,27
2808319892,-3494,7500,-2066,122,-183,-56,0,0,-7,-1,-15550,0,5744,442,-6124,-101,25,28
2808369892,-3376,7426,-2302,116,-301,-288,8160,8192,-28780,-22685,645,8192,5678,800,-6120,-105,40,25
2808419892,-4106,7264,-1764,202,-154,-59,8160,8192,21220,-22684,645,8192,5896,636,-6094,-109,33,33
2808469892,-3516,7624,-2354,22,-307,-231,8160,8192,5684,-22683,645,8192,5686,726,-6056,-109,45,29
2808519892,-3888,7466,-1984,290,-259,-176,0,0,-7,-1,-15540,0,5542,326,-6174,-101,58,20
2808569893,-4024,7436,-1982,81,-195,-99,-17538,0,-15537,0,8160,8192,5192,112,-6440,-103,53,33
2808619892,-4600,7886,-2544,80,-230,-137,-17536,0,-15537,0,8160,8192,5724,456,-5828,-95,45,27
2808669892,-3538,6860,-1756,145,-265,-145,-16534,0,-15537,0,8160,8192,5918,934,-6032,-99,38,36
2808719892,-3722,7532,-2422,201,-565,-485,0,0,-7,-1,-16532,0,5518,1140,-6288,-112,56,20
2808769892,-4058,7738,-2460,346,-544,-626,-16531,0,-15537,0,8160,8192,5158,1138,-6758,-112,62,37
2808819892,-2820,6270,-1650,156,-496,-323,8160,8192,28004,-22678,645,8192,6118,890,-5322,-113,38,38
2808869892,-3756,6984,-1642,112,-105,226,0,0,-7,-1,-17526,0,6502,670,-5148,-104,16,20
2808919892,-4702,6608,-1294,21,271,732,-16525,0,-15537,0,8160,8192,6660,-530,-5594,-113,22,22
2808969892,-4080,5694,-514,-117,340,831,0,0,-7,-1,-16523,0,5496,-1398,-6092,-102,31,23
2809019892,-5810,6910,-1386,-55,343,574,-17520,0,-15537,0,8160,8192,5994,-1424,-5994,-103,29,39
2809069892,-4612,6346,-1120,26,-79,-22,-18518,0,-15537,0,8160,8192,6054,-504,-6160,-103,40,34
2809119892,-4612,6922,-1506,273,-330,-290,-16516,0,-15537,0,8160,8192,5584,-412,-6142,-101,49,25
2809169892,-4732,7168,-1534,131,-371,-76,8160,8192,0,0,645,8192,5654,-614,-6110,-115,36,39
2809219892,-4388,6830,-1716,-21,-156,163,-16512,0,-15537,0,8160,8192,5614,-212,-6164,-97,30,22
2809269892,-4388,7074,-1672,166,-127,-111,-16511,0,-15537,0,8160,8192,5862,-18,-5968,-111,14,37
2809319892,-4290,7150,-1792,82,-84,136,0,0,-7,-1,-16508,0,5794,204,-6034,-110,17,29
2809369892,-4102,7200,-1980,62,-144,-50,-16506,0,-15537,0,8160,8192,5788,320,-6064,-107,17,31
2809419892,-4044,7188,-1930,106,-236,19,-16503,0,-15537,0,8160,8192,5878,284,-5944,-107,26,31
2809469892,-4174,7266,-2028,66,-38,73,-16501,0,-15537,0,8160,8192,5838,336,-6022,-105,19,34
2809519892,-3886,7188,-2004,121,-139,-3,0,0,-7,-1,-16499,0,5792,572,-5992,-102,32,28
2809569892,-3888,7124,-2000,127,-176,-90,-18497,0,-15537,0,8160,8192,5760,258,-6114,-103,34,28
2809619892,-4520,7002,-1462,115,27,353,-17494,0,-15537,0,8160,8192,5846,-362,-6014,-109,29,30
2809669892,-4440,6820,-1684,-22,26,245,8160,8192,0,0,645,8192,5774,-18,-6092,-104,42,32
2809719892,-4368,7068,-1768,203,-231,-218,-16491,0,-15537,0,8160,8192,5836,64,-5982,-109,18,32
2809769892,-4194,7214,-1752,104,-214,-41,0,0,-7,-1,-17488,0,5914,220,-5992,-104,28,30
2809819892,-4036,7198,-1970,63,-184,11,-16485,0,-15537,0,8160,8192,5774,484,-6056,-107,31,29
2809869892,-3870,7282,-2062,121,-148,-42,-16483,0,-15537,0,8160,8192,5710,756,-6064,-107,36,28
2809919892,-4178,7204,-1818,152,-78,2,0,0,-7,-1,-16481,0,5908,230,-5934,-108,26,28
2809969892,-4656,7004,-1528,65,115,437,8160,8192,0,0,645,8192,5804,-410,-6042,-106,18,27
2810019892,-4854,6860,-1416,38,47,277,8160,8192,0,0,645,8192,5920,-528,-5998,-109,37,31
2810069892,-4708,6964,-1592,155,-141,-37,-16474,0,-15537,0,8160,8192,5840,-370,-6006,-108,80,33
2810119892,-4346,6760,-1604,114,-169,-35,0,0,-7,-1,-16471,0,5836,-76,-6078,-107,84,36
2810169892,-4070,7012,-1846,86,-177,30,-16469,0,-15537,0,8160,8192,5790,156,-6054,-113,66,37
2810219892,-4020,7304,-2126,79,-182,-14,-18466,0,-15537,0,8160,8192,5858,438,-5956,-113,34,30
2810269892,-3976,7174,-1946,119,-68,125,-16463,0,-15537,0,8160,8192,5884,302,-5988,-109,21,31
2810319892,-4398,7042,-1718,39,64,303,0,0,-7,-1,-16461,0,5906,-204,-5964,-111,4,33
2810369892,-4280,7288,-1782,14,10,234,8160,8192,5140,-22654,645,8192,5826,422,-6012,-110,3,29
2810419892,-4192,7330,-2114,120,-177,-37,-16460,0,-15537,0,8160,8192,5800,486,-5948,-107,16,27
2810469892,-3696,7360,-2140,120,-292,-143,-16458,0,-15537,0,8160,8192,5890,670,-6018,-107,9,33
2810519892,-3830,7384,-1886,161,-165,1,0,0,-7,-1,-16455,0,5828,518,-6006,-107,18,31
2810569892,-3772,7334,-2082,60,-95,83,0,0,-7,-1,-16453,0,5726,850,-6146,-109,29,30
2810619892,-3750,7350,-2036,169,-127,60,-17451,0,-15537,0,8160,8192,5678,714,-6012,-107,38,29
2810669892,-4304,6938,-1640,132,0,118,-16448,0,-15537,0,8160,8192,5854,110,-6060,-106,35,30
2810719892,-4528,6964,-1646,50,-17,213,8160,8192,27460,-22649,645,8192,5796,-104,-5978,-103,53,28
2810769892,-4296,6892,-1486,148,-127,-62,0,0,-7,-1,-16443,0,5820,-374,-5962,-103,39,31
2810819892,-4326,7000,-1656,112,-173,-127,8160,8192,-3612,-22648,645,8192,5836,20,-5998,-103,34,27
2810869892,-4570,7040,-1556,139,-53,111,-16438,0,-15537,0,8160,8192,5868,-376,-6092,-102,28,29
2810919892,-4444,7018,-1666,25,-43,133,8160,8192,30852,-22646,645,8192,5830,-40,-6002,-107,26,30
2810969892,-4336,7074,-1786,128,-159,-31,-16434,0,-15537,0,8160,8192,5848,18,-6042,-106,25,30
2811019892,-4072,7192,-1922,86,-182,-53,8160,8192,0,0,645,8192,5762,378,-5990,-106,25,29
2811069892,-4106,7092,-1726,137,-147,69,-16431,0,-15537,0,8160,8192,5796,28,-6058,-105,28,29
2811119892,-4636,7034,-1416,85,123,337,0,0,-7,-1,-16429,0,5854,-546,-6076,-110,37,29
2811169892,-4576,6740,-1402,10,107,412,8160,8192,18708,-22642,645,8192,5814,-674,-5972,-106,48,27
2811219892,-4250,7142,-1824,81,-176,-72,-16424,0,-15537,0,8160,8192,5642,194,-5960,-110,39,32
2811269892,-3656,7172,-2160,165,-491,-412,8160,8192,-12364,-22641,645,8192,5782,372,-5988,-105,34,29
2811319892,-4004,7238,-1706,146,-97,7,8160,8192,-27900,-22640,645,8192,5814,212,-5990,-105,22,32
2811369892,-4202,7186,-1704,12,159,423,-16419,0,-15537,0,8160,8192,5802,-8,-6068,-107,23,29
2811419892,-4614,7094,-1550,-3,324,583,0,0,-7,-1,-16417,0,5854,-616,-6026,-103,31,31
2811469892,-4678,6410,-1304,-42,186,365,0,0,-7,-1,-16414,0,6088,-616,-6028,-109,37,34
2811519892,-4724,6944,-1462,129,-100,95,0,0,-7,-1,-16412,0,5724,-602,-6118,-104,37,35
2811569892,-4560,7246,-1332,118,-67,75,0,0,-7,-1,-16409,0,5716,-1276,-5924,-113,46,26
2811619892,-6396,8458,-2042,2,248,668,0,0,-7,-1,-16407,0,5410,-1380,-6726,-99,64,46
2811669892,-4036,6228,-900,-173,394,493,-16404,0,-15537,0,8160,8192,3824,-986,-7428,-111,78,36
2811719892,-4944,7360,-1586,92,109,308,-17401,0,-15537,0,8160,8192,5572,-334,-6654,-105,26,41
2811769892,-4206,7682,-1586,83,-8,76,-17398,0,-15537,0,8160,8192,5726,2,-5888,-115,32,33
2811819892,-4254,7834,-2188,204,-277,-66,8160,8192,13348,-22632,645,8192,5214,1266,-7492,-108,24,39
2811869892,-2278,6522,-1588,203,-254,-119,-16394,0,-15537,0,8160,8192,8904,746,-3332,-106,6,45
2811919892,-2678,6878,-1462,173,-60,144,-17391,0,-15537,0,8160,8192,5102,1282,-6100,-106,10,48
2811969892,-3606,8040,-2448,137,-190,40,8160,8192,32276,-22630,645,8192,5138,270,-6504,-111,40,41
2812019892,-3430,7920,-2302,242,-282,-113,8160,8192,0,0,645,8192,5626,556,-5588,-114,53,36
2812069892,-2350,6558,-1730,232,-129,114,8160,8192,1204,-22628,645,8192,3822,120,-7302,-121,60,34
2812119892,-2662,6818,-2288,97,60,394,8160,8192,-14332,-22628,645,8192,7088,734,-5600,-119,40,33
2812169892,-2534,7078,-2126,44,94,449,8160,8192,0,0,645,8192,5966,814,-5878,-106,34,38
2812219892,-2630,7680,-2400,135,-114,90,-16378,0,-15537,0,8160,8192,5798,1642,-6056,-105,38,44
2812269892,-3234,7568,-2030,227,-125,84,-16376,0,-15537,0,8160,8192,5380,348,-6256,-102,43,27
2812319892,-3710,7738,-1960,31,218,716,-16374,0,-15537,0,8160,8192,5638,-238,-6104,-110,36,34
2812369892,-2812,7376,-2372,76,11,278,-16371,0,-15537,0,8160,8192,5810,1128,-5932,-108,16,34
2812419892,-2204,7528,-2602,242,-432,-421,-18369,0,-15537,0,8160,8192,5662,1602,-6116,-109,9,38
2812469892,-2544,7910,-2376,229,-285,-79,-16367,0,-15537,0,8160,8192,5792,810,-5966,-105,20,31
2812519892,-3520,7512,-2014,-60,295,698,-17365,0,-15537,0,8160,8192,5736,112,-5982,-101,44,23
2812569892,-3394,7544,-2110,101,-178,19,8160,8192,-23084,-22621,645,8192,6050,466,-5960,-110,28,32
2812619892,-3372,7570,-2108,245,-217,-95,0,0,-7,-1,-16362,0,5860,402,-5990,-99,39,27
2812669892,-3436,7536,-1988,174,-267,-182,-16360,0,-15537,0,8160,8192,5772,-28,-5882,-108,60,26
2812719892,-3846,7298,-1928,106,-74,95,-16358,0,-15537,0,8160,8192,5588,40,-6004,-108,45,32
2812769892,-3306,7506,-2258,127,-201,-110,0,0,-7,-1,-16357,0,6104,546,-6000,-105,46,27
2812819892,-3302,7660,-2302,233,-348,-301,0,0,-7,-1,-16355,0,5766,524,-6026,-106,45,25
2812869892,-3740,7396,-1868,192,-278,-247,-15562,0,-15537,0,8160,8192,5756,-246,-6112,-107,21,29
2812919892,-3752,7318,-2160,48,-208,-87,-16351,0,-15537,0,8160,8192,5688,122,-6140,-103,13,24
2812969892,-3828,7490,-1876,111,-117,11,-18349,0,-15537,0,8160,8192,5794,88,-5994,-104,12,23
2813019892,-3838,7102,-1932,18,-79,170,8160,8192,0,0,645,8192,5878,-152,-6104,-106,8,25
2813069892,-4078,7120,-1924,31,-60,68,0,0,-7,-1,-16346,0,5946,-424,-5898,-109,19,28
2813119892,-3610,7300,-2178,113,-242,-165,-16345,0,-15537,0,8160,8192,5928,326,-6006,-111,23,25
2813169892,-3694,7284,-1868,154,-124,79,-16343,0,-15537,0,8160,8192,5792,32,-5852,-120,22,25
2813219892,-3046,7514,-2534,40,-232,-125,8160,8192,0,0,645,8192,5648,1138,-6138,-105,23,27
2813269892,-4182,7344,-1740,300,-266,-119,8160,8192,21556,-22610,645,8192,5834,-252,-6294,-100,32,22
2813319892,-3778,7492,-2144,35,-219,-239,8160,8192,6020,-22609,645,8192,5798,348,-6018,-104,18,20
2813369892,-4136,7252,-1940,102,-41,263,-16336,0,-15537,0,8160,8192,5716,222,-5990,-101,18,24
2813419892,-3704,7404,-2290,58,-333,-402,-16334,0,-15537,0,8160,8192,5876,698,-6026,-103,12,29
2813469892,-3782,7360,-2060,363,-512,-424,-16332,0,-15537,0,8160,8192,5780,182,-6042,-106,6,31
2813519892,-4408,7086,-1488,100,0,229,0,0,-7,-1,-17330,0,5912,-782,-6010,-105,37,25
2813569892,-4208,7122,-1766,-102,188,536,-17328,0,-15537,0,8160,8192,5684,-148,-6158,-109,20,31
2813619892,-4118,7220,-1962,65,-31,175,8160,8192,0,0,645,8192,5938,156,-5984,-107,30,33
2813669892,-3540,7416,-2210,136,-277,-210,-18324,0,-15537,0,8160,8192,5800,492,-6016,-107,41,33
2813719892,-3858,7326,-1878,132,-4,185,-17323,0,-15537,0,8160,8192,5738,86,-6048,-101,63,35
2813769892,-4204,7174,-1788,8,119,371,8160,8192,-2732,-22603,645,8192,5792,-328,-6002,-109,52,40
2813819892,-4146,7124,-1742,63,66,324,-16319,0,-15537,0,8160,8192,5818,-186,-6014,-106,60,28
2813869892,-3688,7386,-2108,63,-32,149,0,0,-7,-1,-16318,0,5956,256,-5972,-109,43,37
2813919892,-3478,7330,-2160,50,44,326,-16316,0,-15537,0,8160,8192,5816,368,-6110,-103,42,30
2813969892,-3722,7304,-1930,-6,96,325,-17315,0,-15537,0,8160,8192,6192,206,-6014,-112,32,35
2814019892,-3824,7272,-1716,41,170,494,-16313,0,-15537,0,8160,8192,6038,-78,-5938,-107,40,31
2814069892,-3912,7318,-1878,-16,172,507,0,0,-7,-1,-17310,0,5898,-172,-5968,-112,34,34
2814119892,-3566,7336,-2042,65,-25,169,0,0,-7,-1,-17308,0,5940,530,-6040,-111,29,41
2814169892,-2950,7576,-2462,175,-202,-130,8160,8192,4052,-22596,645,8192,5872,830,-5888,-103,55,32
2814219892,-2796,7958,-2348,190,-255,-129,-16303,0,-15537,0,8160,8192,5906,846,-5986,-107,37,33
2814269892,-2694,7628,-2474,73,-87,-26,0,0,-7,-1,-16301,0,5758,1302,-6040,-102,44,33
2814319892,-2674,7770,-2774,246,-442,-416,-16298,0,-15537,0,8160,8192,6042,1646,-5914,-112,36,32
2814369892,-3078,8254,-2856,387,-965,-1339,8160,8192,7444,-22593,645,8192,5760,1526,-6260,-108,25,23
2814419892,-3676,8064,-3036,544,-1011,-1301,-16294,0,-15537,0,8160,8192,4716,1634,-6204,-98,25,26
2814469892,-3470,7186,-2346,364,-1112,-1221,-16292,0,-15537,0,8160,8192,5838,596,-6018,-110,43,22
2814519892,-6024,7808,-2772,232,-256,-209,8160,8192,26372,-22591,645,8192,9066,-62,-4472,-105,10,24
2814569892,-3250,7326,-1798,-190,134,543,0,0,-7,-1,-16288,0,6174,2300,-4732,-99,73,34
2814619892,-4686,6986,-1846,112,34,187,0,0,-7,-1,-16286,0,6706,28,-5606,-99,32,33
2814669892,-3868,7200,-2624,-104,-130,124,-17283,0,-15537,0,8160,8192,5580,1278,-5812,-107,67,22
2814719892,-4154,7150,-2292,255,-620,-754,-18281,0,-15537,0,8160,8192,5434,694,-5944,-114,41,22
2814769892,-4504,7312,-2122,435,-855,-728,0,0,-7,-1,-17280,0,5242,1302,-7520,-105,54,17
2814819892,-4072,6592,-1642,115,-401,-302,0,0,-7,-1,-16278,0,5394,-484,-5872,-120,48,22
2814869892,-4872,6752,-1368,74,14,722,8160,8192,-16844,-22586,645,8192,6812,-826,-5874,-101,16,15
2814919892,-5178,6126,-1270,-168,288,1012,-16274,0,-15537,0,8160,8192,7076,-686,-5204,-98,8,31
2814969892,-6926,7330,-2384,-111,5,622,-17271,0,-15537,0,8160,8192,5064,-1954,-7174,-110,3,27
2815019892,-4770,5632,-830,-7,126,260,0,0,-7,-1,-16269,0,6886,-362,-5546,-101,7,20
2815069892,-4834,6540,-1458,84,-127,-191,-16268,0,-15537,0,8160,8192,5888,68,-5418,-112,38,33
2815119892,-5506,7502,-1776,129,-399,-216,8160,8192,-28988,-22582,645,8192,5162,-682,-6022,-108,47,21
2815169892,-5040,6658,-1070,38,-39,234,-16263,0,-15537,0,8160,8192,6162,-716,-5744,-104,25,35
2815219892,-5460,6382,-1030,17,-104,333,-16261,0,-15537,0,8160,8192,5902,-990,-5902,-105,34,31
2815269892,-4990,6480,-1088,37,-161,85,-16258,0,-15537,0,8160,8192,5748,-986,-6130,-102,17,27
2815319892,-5534,6534,-826,186,289,264,-16257,0,-15537,0,8160,8192,5942,-1700,-5880,-111,28,30
2815369892,-5992,6900,-750,-37,368,408,-17255,0,-15537,0,8160,8192,5790,-2144,-6058,-112,14,27
2815419892,-6132,6712,-710,23,439,768,-16253,0,-15537,0,8160,8192,5834,-2306,-6000,-119,29,31
2815469892,-5718,6608,-944,-64,394,578,8160,8192,-6668,-22577,645,8192,4510,-2196,-6640,-104,49,36
2815519892,-5660,7364,-1744,54,89,275,8160,8192,0,0,645,8192,4316,834,-6758,-109,45,25
2815569892,-4620,8234,-2158,167,-301,-255,-16247,0,-15537,0,8160,8192,4178,708,-6218,-106,77,49
2815619892,-4712,7508,-2102,234,-260,-529,-16244,0,-15537,0,8160,8192,5490,462,-5442,-101,44,47
2815669892,-3690,7958,-2614,191,-334,-322,0,0,-7,-1,-17241,0,6122,1554,-5438,-119,62,29
2815719892,-2852,5970,-2876,230,-311,-590,0,0,-7,-1,-16240,0,5380,1438,-6852,-112,11,31
2815769892,-3140,7482,-2684,80,187,308,-16239,0,-15537,0,8160,8192,8214,1586,-4802,-104,12,36
2815819892,-3824,7676,-2518,-120,407,831,-17237,0,-15537,0,8160,8192,5322,648,-6138,-98,8,31
2815869892,-3790,7196,-2074,-147,675,1177,0,0,-7,-1,-16235,0,5646,516,-6304,-117,28,31
2815919892,-4176,7030,-2044,-47,289,515,-16232,0,-15537,0,8160,8192,5982,354,-5896,-100,47,35
2815969892,-3808,7184,-1520,224,-39,422,-18230,0,-15537,0,8160,8192,6842,-48,-5364,-106,10,33
2816019892,-2954,8192,-3212,-14,-284,-436,8160,8192,0,0,645,8192,5430,2344,-6500,-109,34,21
2816069892,-2014,8002,-2988,418,-586,-522,-16225,0,-15537,0,8160,8192,5550,1972,-6072,-107,-2,26
2816119892,-2432,7812,-2812,74,-39,167,-16223,0,-15537,0,8160,8192,5572,1136,-6084,-99,38,24
2816169892,-3666,7334,-2048,-52,233,706,-17220,0,-15537,0,8160,8192,5754,216,-6144,-110,-10,29
2816219892,-4604,7042,-1352,1,380,842,8160,8192,22436,-22565,645,8192,5488,-1208,-6262,-106,30,30
2816269892,-3502,7272,-2166,-150,66,163,8160,8192,6900,-22564,645,8192,5452,442,-6080,-112,24,34
2816319892,-3046,7494,-2384,360,-543,-611,0,0,-7,-1,-17214,0,6018,760,-5808,-109,32,30
2816369892,-3776,7408,-1710,231,-56,203,0,0,-7,-1,-17212,0,5998,-738,-6072,-103,48,28
2816419892,-4326,7292,-1768,-320,633,1214,0,0,-7,-1,-17210,0,5746,-800,-6162,-116,40,26
2816469892,-3764,7758,-1976,85,-43,96,-16208,0,-15537,0,8160,8192,5844,618,-6196,-103,31,31
2816519892,-3528,7974,-1750,459,-394,27,-18206,0,-15537,0,8160,8192,5296,-434,-6266,-104,40,23
2816569892,-3404,7508,-2044,-63,19,195,8160,8192,0,0,645,8192,5586,198,-6178,-113,9,36
2816619892,-2556,7788,-2546,93,-193,26,8160,8192,29220,-22559,645,8192,5734,1270,-5852,-108,15,34
2816669892,-3558,7518,-1662,179,28,312,0,0,-7,-1,-17198,0,5572,-26,-6072,-101,50,28
2816719892,-2516,7730,-2928,-31,-275,-417,-16196,0,-15537,0,8160,8192,6032,1742,-6100,-109,37,36
2816769892,-2790,7712,-2322,477,-430,-180,-16194,0,-15537,0,8160,8192,5986,732,-6022,-112,46,25
2816819892,-4462,6684,-1730,43,163,617,-16192,0,-15537,0,8160,8192,5894,-1000,-5944,-104,47,24
2816869892,-1740,7524,-3392,-163,-269,-315,8160,8192,17076,-22555,645,8192,5890,2360,-5758,-100,14,21
2816919892,-3524,7636,-1682,693,-724,-484,-18187,0,-15537,0,8160,8192,5976,-584,-6064,-98,6,18
2816969892,-4202,7490,-1338,-127,115,322,8160,8192,-13996,-22554,645,8192,5912,-626,-6076,-114,19,31
2817019892,-4134,7048,-1838,-10,180,367,8160,8192,0,0,645,8192,5828,-122,-6022,-107,46,36
2817069892,-3424,7528,-1838,235,-313,-97,-18182,0,-15537,0,8160,8192,5806,70,-5964,-114,31,35
2817119892,-3690,7316,-1816,58,-42,50,0,0,-7,-1,-16179,0,5946,-116,-5974,-102,36,28
2817169892,-3542,7400,-1868,2,127,536,8160,8192,0,0,645,8192,5608,-30,-6098,-103,37,36
2817219892,-3542,7164,-1892,-34,65,228,-16176,0,-15537,0,8160,8192,5670,288,-6148,-107,40,40
2817269892,-2976,7510,-2104,174,-209,-110,8160,8192,0,0,645,8192,5790,384,-5780,-104,57,30
2817319892,-3384,7542,-1816,109,-13,143,0,0,-7,-1,-16172,0,6032,124,-5942,-110,43,38
2817369892,-3446,7280,-1954,-10,111,472,0,0,-7,-1,-17170,0,5654,0,-5890,-103,24,32
2817419892,-3540,7414,-1732,151,-95,95,-16169,0,-15537,0,8160,8192,5844,-406,-5820,-108,41,35
2817469892,-3322,7480,-1882,134,-76,154,0,0,-7,-1,-16166,0,5834,-192,-6058,-104,43,35
2817519892,-2998,7318,-2012,122,-101,53,-16165,0,-15537,0,8160,8192,5818,536,-6046,-111,42,38
2817569892,-2962,7812,-2530,176,-290,-287,-16164,0,-15537,0,8160,8192,5688,794,-6176,-112,59,33
2817619892,-3058,7650,-2092,296,-344,-288,-17161,0,-15537,0,8160,8192,5626,396,-6100,-96,61,32
2817669892,-3006,7396,-2424,51,-198,-44,-16159,0,-15537,0,8160,8192,5544,682,-5924,-105,35,34
2817719892,-3352,7650,-2222,108,-117,45,0,0,-7,-1,-16157,0,6188,562,-5876,-109,3,37
2817769892,-3260,7538,-2296,134,-344,-354,8160,8192,0,0,645,8192,5818,770,-6152,-97,13,26
2817819892,-3784,7948,-2438,284,-537,-623,-16152,0,-15537,0,8160,8192,5622,656,-5916,-102,29,32
2817869892,-3350,7436,-2364,303,-603,-687,8160,8192,-31500,-22540,645,8192,6060,676,-6052,-102,50,32
2817919892,-3672,8070,-3030,178,-391,-480,-16148,0,-15537,0,8160,8192,5068,1572,-6416,-112,66,26
2817969892,-3166,7708,-2600,438,-1009,-1289,-16146,0,-15537,0,8160,8192,5200,1492,-6506,-109,32,29
2818019892,-2266,7090,-3036,314,-1071,-1338,0,0,-7,-1,-17144,0,5868,2342,-5472,-103,41,26
2818069892,-3726,7494,-2932,321,-1203,-1316,0,0,-7,-1,-16142,0,5982,2022,-5136,-92,-10,40
2818119892,-3818,7114,-2150,195,-571,-399,0,0,-7,-1,-16140,0,4192,52,-5696,-115,44,15
2818169892,-4160,5678,-1584,92,86,471,-16137,0,-15537,0,8160,8192,7146,254,-5106,-100,1,30
2818219892,-1992,4646,180,-20,436,1236,0,0,-7,-1,-16134,0,2970,-1980,-9294,-112,27,13
2818269892,-3404,6676,-1064,-224,403,984,0,0,-7,-1,-16133,0,5742,176,-6164,-102,51,28
2818319892,-4962,7222,-1692,50,-29,406,0,0,-7,-1,-17131,0,6092,-470,-5868,-99,24,23
2818369892,-4216,6284,-1220,87,-82,-94,0,0,-7,-1,-16129,0,6410,-1428,-6466,-105,55,19
2818419892,-4170,6760,-1242,158,-624,-124,-16127,0,-15537,0,8160,8192,7958,-32,-4366,-102,0,25
2818469892,-5590,6188,-1262,66,-123,270,8160,8192,0,0,645,8192,7724,-674,-5682,-104,15,19
2818519892,-5512,6896,-992,20,-44,188,-16124,0,-15537,0,8160,8192,5444,-1164,-5996,-104,51,30
2818569892,-5260,5660,-624,96,263,350,8160,8192,13140,-22529,645,8192,5770,-1524,-6066,-107,30,32
2818619892,-6012,6784,-820,-11,389,390,-16119,0,-15537,0,8160,8192,6122,-1892,-5920,-108,18,25
2818669892,-5894,6332,-496,26,223,431,8160,8192,-17932,-22528,645,8192,6080,-2548,-5938,-115,6,22
2818719892,-6398,6386,-282,-54,503,902,-16115,0,-15537,0,8160,8192,5920,-3014,-5796,-108,23,32
2818769892,-5930,6126,-554,-104,315,558,-16114,0,-15537,0,8160,8192,5896,-2028,-6154,-113,11,32
2818819892,-4980,5414,-84,189,171,357,-16113,0,-15537,0,8160,8192,5468,-2516,-6944,-101,70,48
2818869892,-4998,5978,-1324,50,-35,12,0,0,-7,-1,-16111,0,5138,-1826,-6574,-118,9,28
2818919892,-4758,7648,-1938,165,-222,-102,-17109,0,-15537,0,8160,8192,4870,566,-8012,-129,74,43
2818969892,-3562,7954,-2238,139,-321,-556,8160,8192,19924,-22523,645,8192,1898,2454,-8656,-103,29,45
2819019892,-2590,7932,-2816,246,-597,-782,-16105,0,-15537,0,8160,8192,7030,2084,-4832,-105,14,35
2819069892,-2052,7744,-3138,145,-36,50,8160,8192,-11148,-22522,645,8192,6660,2998,-5356,-101,-10,42
2819119892,-2690,7968,-2646,117,325,710,-17101,0,-15537,0,8160,8192,5682,276,-5356,-118,22,25
2819169892,-2232,7624,-2876,-147,562,1170,0,0,-7,-1,-16099,0,5824,2328,-5794,-112,25,35
2819219892,-2296,8424,-4340,-174,34,170,-16096,0,-15537,0,8160,8192,5872,3562,-6142,-101,-11,21
2819269892,-2106,8340,-3296,484,-596,-673,-18094,0,-15537,0,8160,8192,6004,2396,-6060,-98,46,24
2819319892,-2674,7836,-2724,130,-49,348,8160,8192,-23292,-22518,645,8192,5998,822,-5980,-109,8,14
2819369892,-4714,6668,-1642,-110,335,977,0,0,-7,-1,-16090,0,6030,-1706,-5972,-98,20,26
2819419892,-5870,6446,-292,-122,648,1376,-18087,0,-15537,0,8160,8192,5864,-3290,-5960,-117,1,24
2819469892,-5672,7416,-1188,181,198,750,-18085,0,-15537,0,8160,8192,6236,-1584,-5734,-108,-2,32
2819519892,-2898,7186,-2324,58,-608,-987,-16084,0,-15537,0,8160,8192,5640,500,-6098,-105,-8,30
2819569892,-2686,7284,-1710,352,-169,104,0,0,-7,-1,-17081,0,5198,-26,-6536,-99,64,31
2819619892,-1468,8604,-4416,-243,-393,-831,-16079,0,-15537,0,8160,8192,5896,4394,-6180,-113,48,38
2819669892,-2044,8072,-3018,917,-1056,-1091,0,0,-7,-1,-17076,0,5792,1850,-5854,-107,87,27
2819719892,-3752,7540,-1412,141,276,595,-16074,0,-15537,0,8160,8192,5814,-862,-6094,-83,63,28
2819769892,-4624,7116,-1394,-396,856,1765,-16071,0,-15537,0,8160,8192,6084,-784,-5970,-107,17,32
2819819892,-3990,6872,-2250,-256,283,104,8160,8192,17956,-22510,645,8192,5904,498,-5956,-107,36,23
2819869892,-2668,7576,-2520,716,-1105,-1195,-16069,0,-15537,0,8160,8192,5814,1168,-5850,-101,23,27
2819919892,-2974,7832,-2246,246,-462,-368,-17067,0,-15537,0,8160,8192,5758,-124,-6172,-107,12,27
2819969892,-3858,7334,-1900,-80,220,619,0,0,-7,-1,-16066,0,5858,-26,-5902,-106,23,25
2820019892,-4254,7078,-1676,-53,322,667,8160,8192,21348,-22507,645,8192,5880,-388,-5966,-112,36,24
2820069892,-3620,7254,-1968,137,-275,-206,0,0,-7,-1,-17061,0,5822,310,-5950,-103,42,28
2820119892,-3260,7570,-2308,266,-427,-398,8160,8192,0,0,645,8192,5714,844,-6000,-101,4,26
2820169892,-3264,7648,-2034,162,-188,1,-16056,0,-15537,0,8160,8192,5628,80,-6096,-105,14,24
2820219892,-3766,7352,-1896,28,-8,248,8160,8192,24740,-22504,645,8192,5858,4,-6028,-103,28,31
2820269892,-4034,7158,-1794,145,-59,124,0,0,-7,-1,-16052,0,6072,-92,-6084,-110,50,37
2820319892,-3718,7432,-1954,118,-172,5,-18050,0,-15537,0,8160,8192,5860,-40,-6248,-106,52,37
2820369892,-3596,7374,-2022,62,22,198,-18048,0,-15537,0,8160,8192,5980,250,-5994,-107,44,35
2820419892,-3616,7456,-2038,42,7,259,8160,8192,28132,-22501,645,8192,5666,-40,-6150,-100,45,34
2820469892,-3632,7222,-1914,92,-31,120,-16043,0,-15537,0,8160,8192,5502,-38,-6046,-114,48,35
2820519892,-3400,7494,-2004,125,-118,-13,0,0,-7,-1,-16041,0,6066,326,-6030,-103,48,38
2820569892,-3616,7328,-1832,58,68,395,0,0,-7,-1,-17039,0,6068,10,-5628,-109,38,36
2820619892,-3572,7488,-2312,9,-53,51,-16037,0,-15537,0,8160,8192,6158,388,-5850,-105,42,39
2820669892,-3084,7536,-2286,189,-222,-69,0,0,-7,-1,-16034,0,5988,728,-5604,-109,30,39
2820719892,-3122,7520,-2360,111,-221,-108,0,0,-7,-1,-17032,0,5132,906,-6418,-106,14,32
2820769892,-3440,7726,-2292,136,-214,-84,0,0,-7,-1,-16030,0,5466,466,-6238,-102,11,29
2820819892,-3594,7446,-1840,116,-190,24,-16028,0,-15537,0,8160,8192,5618,164,-6224,-105,8,30
2820869892,-2904,7182,-2576,147,-512,-641,-18027,0,-15537,0,8160,8192,5994,1140,-5822,-102,44,36
2820919892,-2942,7058,-1556,460,-641,-626,-18025,0,-15537,0,8160,8192,6102,526,-5580,-108,61,27
2820969892,-3022,7824,-3208,194,-759,-1041,0,0,-7,-1,-16024,0,5642,2044,-6098,-105,62,27
2821019892,-3198,7684,-2678,488,-908,-980,-16021,0,-15537,0,8160,8192,7246,1318,-5252,-101,74,31
2821069892,-2620,7182,-2770,94,-746,-801,8160,8192,22772,-22491,645,8192,5958,1188,-6044,-102,21,31
2821119892,-4668,8668,-2922,208,-476,-435,-18016,0,-15537,0,8160,8192,5558,1096,-6724,-98,25,28
2821169892,-3952,7040,-2196,164,-318,-1,8160,8192,-8300,-22490,645,8192,6646,740,-5940,-114,41,24
2821219892,-3878,6618,-1428,56,-99,195,-16013,0,-15537,0,8160,8192,5120,-556,-6324,-105,21,17
2821269892,-4154,5312,-828,-16,376,815,0,0,-7,-1,-16011,0,7030,74,-4796,-104,7,22
2821319892,-6770,9314,-2344,-68,207,626,0,0,-7,-1,-16010,0,6376,-50,-5178,-108,41,28
2821369892,-4784,5970,-898,62,33,319,-16007,0,-15537,0,8160,8192,5700,-328,-6324,-106,23,30
2821419892,-5438,6348,-1742,82,-295,-134,-16004,0,-15537,0,8160,8192,7490,-468,-4622,-112,48,29
2821469892,-3822,6006,-1084,100,-429,-156,-16001,0,-15537,0,8160,8192,5742,-776,-6038,-102,34,31
2821519892,-5132,8526,-2116,99,-281,32,8160,8192,0,0,645,8192,6818,90,-5244,-92,18,23
2821569892,-4400,6252,-1132,43,-193,133,-16997,0,-15537,0,8160,8192,6604,-528,-5664,-105,1,16
2821619892,-4538,5190,-376,96,46,325,0,0,-7,-1,-15994,0,6482,-508,-5340,-104,13,24
2821669892,-5334,6624,-1236,-25,101,301,-15993,0,-15537,0,8160,8192,5784,-1120,-6122,-101,-16,34
2821719892,-5724,6568,-626,80,310,627,-15991,0,-15537,0,8160,8192,5984,-1658,-6104,-99,13,24
2821769892,-5786,6566,-584,-23,372,326,8160,8192,1876,-22480,645,8192,5994,-1996,-6134,-107,48,25
2821819892,-6322,7082,-802,151,217,489,-15988,0,-15537,0,8160,8192,4756,-2886,-6658,-116,85,32
2821869892,-5182,6040,-808,-53,303,423,0,0,-7,-1,-15986,0,6552,-2172,-5308,-100,90,35
2821919892,-6544,7570,-1002,114,271,483,-17984,0,-15537,0,8160,8192,6970,-1370,-4586,-120,26,28
2821969892,-5702,7758,-1936,-157,132,357,-16981,0,-15537,0,8160,8192,8688,-578,-4802,-108,13,29
2822019892,-3222,5994,-2554,81,-434,-834,0,0,-7,-1,-15978,0,10446,3304,-42,-104,8,34
2822069892,-2190,6610,-2790,605,-1223,-1367,0,0,-7,-1,-15976,0,5864,944,-4930,-113,9,31
2822119892,-2198,7924,-2608,230,-385,-456,-16974,0,-15537,0,8160,8192,6266,1680,-5804,-107,30,24
2822169892,-3668,7728,-2244,-45,855,1491,-16972,0,-15537,0,8160,8192,5506,404,-6348,-99,2,35
2822219892,-4326,7088,-2012,-503,1257,2067,0,0,-7,-1,-15970,0,6378,782,-5902,-113,20,31
2822269892,-4320,6990,-1422,-275,851,1394,-15966,0,-15537,0,8160,8192,6090,-440,-5788,-117,38,31
2822319892,-4018,7420,-1614,147,-194,86,-17965,0,-15537,0,8160,8192,6990,418,-4990,-105,11,41
2822369892,-3046,7314,-1988,122,-240,-400,-17962,0,-15537,0,8160,8192,5944,1226,-5858,-116,22,33
2822419892,428,8314,-4744,478,-1314,-1529,0,0,-7,-1,-15959,0,5142,6322,-6120,-95,15,32
2822469892,210,9720,-5318,773,-2461,-3950,0,0,-7,-1,-15957,0,6122,5028,-5690,-115,88,18
2822519892,-4536,5660,-786,1174,-50,1121,0,0,-7,-1,-15955,0,5990,-3340,-5876,-88,115,37
2822569892,-6468,6580,50,-1319,2770,3889,8160,8192,15444,-22468,645,8192,5572,-3548,-6100,-109,29,45
2822619892,-3126,7566,-3212,-810,1502,1373,0,0,-7,-1,-16952,0,5596,3598,-6066,-111,46,29
2822669892,-2428,7870,-2690,1143,-1606,-1624,-15950,0,-15537,0,8160,8192,5972,776,-5894,-94,27,17
2822719892,-3840,7366,-1724,87,-102,-39,-15946,0,-15537,0,8160,8192,5798,-264,-6010,-98,2,31
2822769892,-3904,7426,-1996,-309,362,786,8160,8192,0,0,645,8192,6054,124,-5930,-114,27,27
2822819892,-4152,7148,-1996,285,-359,-388,-17940,0,-15537,0,8160,8192,6168,14,-5802,-109,30,26
2822869892,-2704,7642,-2290,323,-615,-714,-17938,0,-15537,0,8160,8192,5796,1194,-6008,-100,28,26
2822919892,-3658,7426,-1854,146,-87,256,-15937,0,-15537,0,8160,8192,5568,-570,-6132,-110,23,25
2822969892,-4574,6860,-1564,-124,309,579,-15934,0,-15537,0,8160,8192,5984,-354,-6094,-108,6,23
2823019892,-3190,7090,-2458,119,-328,-169,-16930,0,-15537,0,8160,8192,5564,786,-6080,-109,12,21
2823069892,-4380,7168,-1024,374,-210,162,-15928,0,-15537,0,8160,8192,5634,-1348,-5972,-110,26,19
2823119892,-1964,7570,-3412,-353,-154,-337,0,0,-7,-1,-15925,0,5350,2964,-6112,-101,14,20
2823169892,-3288,7020,-2012,787,-883,-830,8160,8192,25620,-22459,645,8192,5512,242,-6216,-95,-2,35
2823219892,-4450,7392,-1248,132,-169,224,-15920,0,-15537,0,8160,8192,6106,-934,-6032,-113,11,37
2823269892,-5126,6798,-1480,-365,796,1263,0,0,-7,-1,-15920,0,5980,-1384,-5852,-116,47,37
2823319892,-4546,6960,-1570,-121,335,763,8160,8192,0,0,645,8192,5996,-144,-6030,-109,49,32
2823369892,-3132,7430,-2656,118,-471,-744,-15914,0,-15537,0,8160,8192,6002,998,-6088,-104,44,30
2823419892,-2716,7886,-2632,466,-666,-607,8160,8192,0,0,645,8192,5758,1396,-5992,-106,35,32
2823469892,-3512,7238,-1830,80,-44,162,0,0,-7,-1,-16913,0,5564,-88,-6068,-109,38,39
2823519892,-3926,7446,-1712,14,293,716,8160,8192,-17596,-22454,645,8192,5814,-456,-5926,-112,34,41
2823569892,-4076,7120,-1638,-5,210,687,-16910,0,-15537,0,8160,8192,5380,-530,-5832,-114,46,30
2823619892,-3402,7358,-2504,108,-263,-372,-15908,0,-15537,0,8160,8192,5588,300,-6232,-102,43,35
2823669892,-3326,7608,-2096,376,-452,-303,-16906,0,-15537,0,8160,8192,5342,114,-6228,-107,38,40
2823719892,-3440,7136,-1980,-45,151,422,0,0,-7,-1,-15904,0,6292,128,-5930,-105,57,37
2823769892,-3722,7308,-1978,-31,217,600,-15901,0,-15537,0,8160,8192,5774,330,-6240,-103,41,31
2823819892,-2564,7436,-2770,135,-395,-457,-17900,0,-15537,0,8160,8192,5740,1688,-6348,-104,32,36
2823869892,-1994,7712,-2820,422,-826,-1120,-15898,0,-15537,0,8160,8192,5420,1918,-6146,-103,29,33
2823919892,-2396,8208,-2634,239,-458,-263,8160,8192,-10812,-22448,645,8192,5924,1764,-6214,-104,34,31
2823969892,-2858,7450,-3224,198,-1111,-1580,0,0,-7,-1,-15890,0,6940,2270,-5512,-109,26,19
2824019892,-3382,8048,-2732,625,-1168,-1304,8160,8192,23652,-22446,645,8192,4408,1028,-6136,-116,67,25
2824069892,-4100,6520,-2302,133,-492,-511,-17886,0,-15537,0,8160,8192,5494,-960,-6620,-99,39,23
2824119892,-5132,6828,-2132,91,33,463,0,0,-7,-1,-16884,0,6202,-554,-6032,-99,11,25
2824169892,-3918,6270,-1390,-31,143,584,0,0,-7,-1,-15881,0,4932,-132,-6266,-96,25,25
2824219892,-4146,6822,-1434,75,-168,155,0,0,-7,-1,-15877,0,5044,1682,-5484,-106,33,35
2824269892,-4732,5916,-1562,155,-251,4,-15875,0,-15537,0,8160,8192,5082,-2724,-8924,-101,70,17
2824319892,-4570,6798,-1682,87,-121,113,-15874,0,-15537,0,8160,8192,6596,634,-5396,-90,10,28
2824369892,-4516,6538,-1684,4,-250,207,-15873,0,-15537,0,8160,8192,5130,36,-6484,-102,64,22
2824419892,-5476,7046,-1560,62,-270,171,-15870,0,-15537,0,8160,8192,4958,428,-6950,-87,47,40
2824469892,-4822,6332,-1450,3,-114,238,-15867,0,-15537,0,8160,8192,6500,-668,-5352,-115,-12,19
2824519892,-4448,6406,-782,37,-136,156,0,0,-7,-1,-16865,0,6202,-1042,-5792,-102,29,33
2824569892,-5094,6452,-1094,74,185,263,0,0,-7,-1,-16863,0,5490,-702,-6266,-107,35,27
2824619892,-5520,6830,-1246,-17,-182,42,-17861,0,-15537,0,8160,8192,6528,-942,-5736,-105,34,35
2824669892,-5080,6574,-1060,85,-275,9,0,0,-7,-1,-15859,0,5822,-1134,-6196,-101,26,31
2824719892,-5624,6550,-744,107,125,269,0,0,-7,-1,-15857,0,5838,-1754,-5968,-106,13,30
2824769892,-6206,6362,-314,60,308,508,8160,8192,-12780,-22435,645,8192,5896,-2858,-6024,-108,16,25
2824819892,-6322,6266,-324,-38,692,712,8160,8192,-28316,-22434,645,8192,5750,-2668,-6098,-111,38,29
2824869892,-7354,7864,-1416,-33,555,707,-15849,0,-15537,0,8160,8192,4824,-2612,-6970,-107,72,35
2824919892,-5538,7054,-672,20,435,698,8160,8192,6148,-22432,645,8192,8228,-3060,-6444,-118,38,22
2824969892,-3586,4416,472,-26,303,503,8160,8192,0,0,645,8192,8148,-2808,-5102,-129,37,37
2825019892,-3500,5864,-1050,27,-143,70,0,0,-7,-1,-15840,0,5398,-454,-6932,-116,-13,40
2825069892,-2892,6004,-2986,251,-736,-1236,-17838,0,-15537,0,8160,8192,5750,1506,-3192,-116,13,42
2825119892,-488,6496,-1946,491,-1201,-1432,0,0,-7,-1,-15836,0,5924,3064,-5922,-95,-7,43
2825169892,-1512,7536,-3644,132,-444,-671,-15832,0,-15537,0,8160,8192,6500,2834,-5078,-94,-6,39
2825219892,-2160,7810,-3150,105,584,1043,0,0,-7,-1,-15830,0,5030,1942,-6080,-108,13,27
2825269892,-3254,7944,-2690,-346,1130,1923,8160,8192,28468,-22427,645,8192,4978,1012,-6570,-111,33,26
2825319892,-3730,7098,-2214,-357,934,1420,-16825,0,-15537,0,8160,8192,5800,36,-6194,-113,56,20
2825369892,-5760,7540,-1108,77,612,1375,-15823,0,-15537,0,8160,8192,5290,-2612,-6494,-105,44,16
2825419892,-5694,7400,-870,334,115,1097,0,0,-7,-1,-15821,0,6802,-1202,-5346,-88,-17,45
2825469892,814,7938,-5538,-531,-1526,-3501,-16819,0,-15537,0,8160,8192,5614,7622,-6128,-95,-9,29
2825519892,-664,9562,-4574,1758,-3617,-4621,0,0,-7,-1,-15816,0,5698,3478,-5966,-116,76,22
2825569892,-4410,6392,-660,754,501,1290,-15815,0,-15537,0,8160,8192,5854,-3230,-6088,-81,130,32
2825619892,-7008,6400,-516,-1385,3066,4192,0,0,-7,-1,-16814,0,5944,-1642,-6236,-112,7,34
2825669892,-3914,8122,-5944,-1249,810,878,-16810,0,-15537,0,8160,8192,5140,2968,-6342,-117,101,28
2825719892,-2826,7748,-1754,1305,-837,-600,0,0,-7,-1,-15809,0,5554,422,-6116,-86,67,25
2825769892,-3838,7260,-1754,-13,-49,96,8160,8192,4180,-22419,645,8192,6134,-468,-6062,-111,-14,26
2825819892,-4008,7216,-2180,-66,-68,175,-15806,0,-15537,0,8160,8192,6018,-198,-6104,-106,1,21
2825869892,-3996,7182,-1968,225,-341,-80,-15803,0,-15537,0,8160,8192,5582,-28,-6168,-108,10,20
2825919892,-3498,7710,-2440,211,-451,-597,0,0,-7,-1,-15802,0,5536,292,-6106,-109,-2,25
2825969892,-3472,7752,-2376,105,-45,325,-15799,0,-15537,0,8160,8192,5580,616,-6184,-107,20,19
2826019892,-4362,7100,-1826,-1,164,432,-15798,0,-15537,0,8160,8192,5682,-230,-5818,-108,7,28
2826069892,-4426,7104,-1778,138,-163,138,-15796,0,-15537,0,8160,8192,5720,-406,-5998,-111,3,12
2826119892,-2678,7756,-3208,26,-429,-833,-15794,0,-15537,0,8160,8192,5574,1892,-5948,-92,26,17
2826169892,-4098,7676,-1870,557,-553,-245,0,0,-7,-1,-16792,0,5832,-328,-6170,-106,18,36
2826219892,-4612,7300,-1124,-75,206,470,-15790,0,-15537,0,8160,8192,5794,-1242,-6114,-115,29,39
2826269892,-4388,6748,-1492,-155,502,1035,0,0,-7,-1,-15787,0,5672,-790,-5878,-108,49,38
2826319892,-3556,7040,-2134,-31,-136,-133,-15785,0,-15537,0,8160,8192,5482,644,-5948,-106,27,31
2826369892,-2898,7464,-2248,414,-617,-703,-15783,0,-15537,0,8160,8192,5844,992,-5778,-102,33,34
2826419892,-3228,7584,-2180,208,-282,-215,-15781,0,-15537,0,8160,8192,5476,332,-5936,-103,40,31
2826469892,-3836,7474,-2136,4,91,440,-15779,0,-15537,0,8160,8192,5446,-192,-6248,-108,36,38
2826519892,-4272,7034,-1622,-46,317,679,8160,8192,-32252,-22408,645,8192,5754,-388,-5828,-109,35,33
2826569892,-4150,6962,-1908,8,-39,143,0,0,-7,-1,-15775,0,6060,-346,-5958,-104,39,32
2826619892,-3662,7418,-1938,177,-198,-60,-17771,0,-15537,0,8160,8192,5970,16,-5742,-110,14,40
2826669892,-3224,7576,-2524,77,-208,-100,-16769,0,-15537,0,8160,8192,5978,944,-6110,-106,40,37
2826719892,-2100,7752,-3114,170,-468,-626,8160,8192,-28860,-22405,645,8192,5884,2792,-5670,-104,33,39
2826769892,-1992,8570,-3902,390,-874,-1053,-17763,0,-15537,0,8160,8192,5280,3262,-5952,-97,33,31
2826819892,-2884,8174,-3382,422,-1362,-1745,8160,8192,0,0,645,8192,5826,2548,-6216,-113,57,20
2826869892,-4382,9232,-3824,397,-1470,-1721,-15759,0,-15537,0,8160,8192,4988,2454,-6400,-111,30,18
2826919892,-4650,8146,-2806,242,-602,-610,-15757,0,-15537,0,8160,8192,5386,1162,-5436,-92,12,33
2826969892,-5092,7746,-2302,141,-19,531,-15753,0,-15537,0,8160,8192,5092,272,-6238,-107,51,15
2827019892,-4318,5872,-830,-22,584,1345,0,0,-7,-1,-15751,0,6098,-1048,-6356,-108,42,19
2827069892,-5404,6096,-1244,-242,433,1140,-15750,0,-15537,0,8160,8192,7660,-1148,-5094,-106,47,16
2827119892,-4054,5450,-908,-1,-215,234,0,0,-7,-1,-15747,0,4474,-722,-6968,-101,22,24
2827169892,-4858,6982,-1934,156,-438,-381,0,0,-7,-1,-15743,0,5586,464,-4722,-94,72,24
2827219892,-3542,5176,-1194,244,-644,-535,-15740,0,-15537,0,8160,8192,5876,164,-5818,-93,46,26
2827269892,-4862,6752,-1938,69,-482,-96,-15738,0,-15537,0,8160,8192,6006,-52,-6228,-106,46,16
2827319892,-4160,6004,-760,-33,-387,309,-17735,0,-15537,0,8160,8192,7472,-662,-5326,-101,28,32
2827369892,-5622,7046,-1468,18,53,462,-15734,0,-15537,0,8160,8192,6102,-1748,-4890,-113,26,21
2827419892,-5298,6192,-780,54,119,81,-16731,0,-15537,0,8160,8192,6004,-1206,-5928,-99,39,32
2827469892,-5600,6436,-888,77,221,144,8160,8192,244,-22393,645,8192,6144,-1186,-5592,-106,47,30
2827519892,-5774,6802,-730,18,179,208,-15727,0,-15537,0,8160,8192,5842,-1784,-5992,-104,29,29
2827569892,-5530,6272,-666,-29,549,686,0,0,-7,-1,-15725,0,5828,-1936,-6062,-107,21,26
2827619892,-5600,6544,-760,-168,724,551,-17724,0,-15537,0,8160,8192,5646,-1644,-6240,-107,15,35
2827669892,-5560,6492,-920,58,118,423,0,0,-7,-1,-15722,0,6136,-1974,-5802,-110,25,28
2827719892,-5346,6234,-304,168,353,789,-15718,0,-15537,0,8160,8192,6940,-2286,-5336,-118,7,18
2827769892,-5752,6196,-394,-188,534,921,8160,8192,0,0,645,8192,5830,-2592,-7106,-99,23,38
2827819892,-6144,6328,-304,19,532,966,8160,8192,22564,-22388,645,8192,4862,-632,-6646,-102,66,56
2827869892,-3830,4146,1004,-1,190,146,-15712,0,-15537,0,8160,8192,5722,600,-5568,-101,38,47
2827919892,-3856,7310,-1164,137,-70,23,-17710,0,-15537,0,8160,8192,9632,3222,-3018,-117,33,51
2827969892,-2140,6506,-2340,2,-440,-762,0,0,-7,-1,-15707,0,3332,346,-7794,-125,61,44
2828019892,-2474,8146,-3888,616,-665,-952,-15705,0,-15537,0,8160,8192,4212,2118,-5816,-138,94,30
2828069892,-420,7406,-3926,532,-887,-1144,-16703,0,-15537,0,8160,8192,4668,4266,-7008,-100,28,38
2828119892,-766,7926,-3740,276,-463,-528,-15697,0,-15537,0,8160,8192,6166,4618,-5552,-117,41,17
2828169892,-1984,8730,-3176,234,244,796,0,0,-7,-1,-15695,0,4994,2234,-6402,-76,68,12
2828219892,-1860,8128,-4396,-159,342,407,0,0,-7,-1,-16694,0,5494,4786,-6096,-108,11,36
2828269892,-2066,8252,-3092,540,-892,-942,0,0,-7,-1,-16692,0,5568,1228,-6072,-109,74,28
2828319892,-4942,6836,-408,40,1234,2279,8160,8192,-1724,-22381,645,8192,5960,-2600,-5934,-90,96,23
2828369892,-5592,6548,-1094,-1031,1475,2289,0,0,-7,-1,-15686,0,5802,-1268,-6004,-107,17,35
2828419892,-2674,6574,-3506,-118,-731,-1127,-15683,0,-15537,0,8160,8192,5562,2408,-6088,-97,17,19
2828469892,-3090,8318,-1738,1295,-1537,-1618,-15680,0,-15537,0,8160,8192,5992,-72,-6018,-101,20,24
2828519892,-4280,7270,-1542,-12,120,423,-15679,0,-15537,0,8160,8192,5768,-654,-6038,-104,12,29
2828569892,-3910,7222,-2356,-167,153,480,-16677,0,-15537,0,8160,8192,5800,70,-5950,-101,63,26
2828619892,-4022,7226,-1968,170,-46,13,0,0,-7,-1,-15674,0,5992,236,-6162,-107,77,29
2828669892,-3896,7186,-2254,17,-13,43,8160,8192,0,0,645,8192,5360,62,-6118,-110,78,36
2828719892,-4210,7176,-1964,113,-280,-47,8160,8192,0,0,645,8192,5592,28,-6166,-106,-36,23
2828769892,-3788,7434,-1976,124,-186,-143,-15666,0,-15537,0,8160,8192,6198,0,-5924,-112,-22,16
2828819892,-3602,7336,-2096,92,-226,67,-16662,0,-15537,0,8160,8192,5782,456,-6090,-109,-23,15
2828869892,-3608,7316,-2336,122,-269,-264,8160,8192,23988,-22372,645,8192,6044,640,-6070,-110,0,25
2828919892,-4020,7202,-2008,249,-314,-121,-15658,0,-15537,0,8160,8192,5746,-222,-6198,-96,8,21
2828969892,-3634,7060,-2182,-91,-9,317,8160,8192,-7084,-22371,645,8192,5798,934,-5914,-101,-32,22
2829019892,-4022,7744,-2060,227,-381,-280,8160,8192,-22620,-22370,645,8192,5558,-402,-6284,-109,0,33
2829069892,-4360,7136,-1442,126,104,499,0,0,-7,-1,-16649,0,5956,-524,-5938,-113,59,32
2829119892,-4086,7010,-1948,-78,169,365,-15647,0,-15537,0,8160,8192,5714,246,-6106,-107,39,34
2829169892,-3550,7446,-2314,171,-291,-194,0,0,-7,-1,-16645,0,5802,592,-6286,-100,32,31
2829219892,-3538,7554,-2192,155,-172,-120,0,0,-7,-1,-15642,0,5852,488,-6168,-104,41,28
2829269892,-3184,7602,-2566,104,-254,-109,-17639,0,-15537,0,8160,8192,5902,1510,-5856,-105,51,30
2829319892,-2852,7128,-2040,223,-465,-524,8160,8192,15236,-22365,645,8192,5724,1200,-6002,-107,48,27
2829369892,-3402,7724,-2972,382,-947,-1078,0,0,-7,-1,-15631,0,5896,1210,-6130,-104,80,28
2829419892,-3526,7734,-2780,304,-813,-965,-17629,0,-15537,0,8160,8192,5380,746,-6774,-100,53,29
2829469892,-3926,8062,-3142,200,-666,-543,8160,8192,-31372,-22363,645,8192,5164,1344,-6094,-105,19,34
2829519892,-3740,7290,-2502,145,-443,-389,-15627,0,-15537,0,8160,8192,6076,836,-5446,-99,16,36
2829569892,-3452,7074,-2128,131,-434,-236,-15623,0,-15537,0,8160,8192,6802,1814,-5186,-106,46,22
2829619892,-4578,6744,-2250,179,-152,81,-15620,0,-15537,0,8160,8192,6292,292,-6358,-96,28,25
2829669892,-7400,9098,-3484,155,178,672,-15618,0,-15537,0,8160,8192,3804,804,-6298,-103,24,16
2829719892,-6142,8442,-1806,20,466,1079,8160,8192,22020,-22359,645,8192,4470,188,-7010,-102,48,32
2829769892,-4236,5182,-268,-149,182,696,-17611,0,-15537,0,8160,8192,6388,-614,-6036,-93,14,27
2829819892,-4746,5648,-1546,29,-435,-113,0,0,-7,-1,-15608,0,3350,-804,-7536,-111,79,15
2829869892,-4206,6490,-2068,139,-685,-688,8160,8192,-24588,-22357,645,8192,6412,-216,-5830,-94,52,38
2829919892,-4940,7096,-1574,204,-608,-326,0,0,-7,-1,-15605,0,5448,-1020,-6802,-110,56,24
2829969892,-5460,7812,-2082,1,-364,185,8160,8192,9876,-22355,645,8192,6614,-188,-5104,-103,35,35
2830019892,-5046,6366,-1322,-4,-326,333,-15600,0,-15537,0,8160,8192,6294,-662,-5888,-110,39,22
2830069892,-5134,6876,-1464,-11,-167,117,8160,8192,-21196,-22354,645,8192,6796,-544,-5258,-97,20,25
2830119892,-4920,6426,-1728,0,-159,10,-15594,0,-15537,0,8160,8192,5480,-566,-6178,-103,6,33
2830169892,-4534,6220,-938,81,625,324,-17591,0,-15537,0,8160,8192,6274,-714,-5818,-103,14,26
2830219892,-5544,6982,-1176,-43,453,197,8160,8192,-2268,-22352,645,8192,5690,-570,-6074,-106,18,27
2830269892,-4712,6442,-962,57,-233,295,0,0,-7,-1,-16587,0,5950,-840,-5900,-105,17,30
2830319892,-4834,6640,-1378,8,348,229,-15586,0,-15537,0,8160,8192,5834,-786,-6056,-100,22,28
2830369892,-5360,6710,-1082,45,329,203,0,0,-7,-1,-15584,0,5752,-1022,-6176,-110,22,31
2830419892,-5502,6896,-1144,92,-58,255,-15584,0,-15537,0,8160,8192,5920,-1526,-6014,-112,29,31
2830469892,-5452,6974,-1170,13,250,525,0,0,-7,-1,-16582,0,5134,-1466,-6428,-110,39,27
2830519892,-5300,6488,-1072,-20,416,418,-17580,0,-15537,0,8160,8192,5728,-1690,-6242,-114,32,31
2830569892,-5266,6432,-472,109,508,762,0,0,-7,-1,-15573,0,6062,-1728,-6242,-118,36,31
2830619892,-5442,6240,-798,-195,555,847,0,0,-7,-1,-15571,0,5314,-1700,-5272,-107,13,31
2830669892,-4498,5946,-1314,23,136,359,0,0,-7,-1,-15569,0,6842,-1318,-5542,-114,46,43
2830719892,-5466,7914,-1258,257,-139,-28,-15566,0,-15537,0,8160,8192,2070,-2430,-6426,-97,36,56
2830769892,-5204,6968,-1906,98,-100,56,0,0,-7,-1,-16562,0,3986,-1332,-6668,-109,50,52
2830819892,-1654,3790,-194,11,-93,2,8160,8192,7908,-22342,645,8192,3458,-176,-9470,-116,37,50
2830869892,-2334,7454,-2312,26,36,129,8160,8192,-7628,-22342,645,8192,3906,1244,-6446,-111,40,56
2830919892,-1956,7576,-3420,444,-612,-790,-15557,0,-15537,0,8160,8192,5310,2696,-6196,-116,20,37
2830969892,-720,7908,-2806,373,-434,-338,0,0,-7,-1,-15554,0,4926,2524,-6068,-103,31,35
2831019892,-2158,8430,-3798,22,-229,-137,-15553,0,-15537,0,8160,8192,5670,3286,-6182,-113,35,36
2831069892,-1366,8220,-3744,196,-353,-253,0,0,-7,-1,-15550,0,5728,3336,-6026,-101,52,20
2831119892,-2932,7600,-2368,306,-77,219,-15547,0,-15537,0,8160,8192,6420,1070,-5766,-108,22,37
2831169892,-3510,7274,-1936,-111,576,1263,0,0,-7,-1,-15545,0,5678,366,-6018,-115,57,35
2831219892,-3902,7102,-2112,-285,654,896,-15541,0,-15537,0,8160,8192,5554,458,-6056,-98,58,20
2831269893,-3914,7022,-1790,273,-286,-13,-15539,0,-15537,0,8160,8192,5724,462,-6290,-111,38,35
2831319895,-2882,7556,-2524,204,-592,-783,-15537,0,-15537,0,8160,8192,5450,892,-6334,-97,30,17
2831369892,-4032,7346,-2444,369,-461,-332,0,0,-7,-1,-17536,0,6012,-34,-5828,-104,28,18
2831419892,-4454,7258,-1112,55,148,533,-16534,0,-15537,0,8160,8192,5920,-1190,-5890,-113,27,20
2831469892,-3786,7098,-2014,-161,295,627,0,0,-7,-1,-16533,0,5664,142,-6114,-115,43,23
2831519892,-3680,7124,-2156,213,-251,-95,0,0,-7,-1,-16531,0,5776,470,-5622,-111,29,23
2831569892,-3122,7322,-2300,240,-525,-556,8160,8192,0,0,645,8192,5772,784,-5930,-100,12,19
2831619892,-3676,7182,-1942,121,-203,39,-16526,0,-15537,0,8160,8192,5828,198,-6048,-101,-3,20
2831669892,-3598,7140,-2062,29,-71,108,-16524,0,-15537,0,8160,8192,6036,242,-5890,-96,13,26
2831719892,-3976,7128,-1638,183,-193,-10,8160,8192,0,0,645,8192,6040,-164,-5966,-103,1,27
2831769892,-4130,7106,-1718,119,-180,-94,-18519,0,-15537,0,8160,8192,6094,-344,-5884,-105,29,28
2831819892,-4214,7156,-1928,137,-118,92,0,0,-7,-1,-17517,0,5894,-70,-5868,-109,33,30
2831869892,-4058,7312,-2068,89,-160,-50,-16514,0,-15537,0,8160,8192,5746,170,-6040,-105,28,33
2831919892,-3824,7314,-2152,125,-169,-12,-16512,0,-15537,0,8160,8192,5554,322,-6088,-104,39,30
2831969892,-3974,7118,-1766,89,-22,194,8160,8192,0,0,645,8192,5760,-128,-6054,-107,53,36
2832019892,-4082,7006,-1934,43,-4,226,-16509,0,-15537,0,8160,8192,6068,-192,-5910,-108,42,40
2832069892,-3746,7254,-2264,85,-131,-11,-16507,0,-15537,0,8160,8192,5606,488,-6064,-103,45,28
2832119892,-3436,7254,-2120,125,-154,31,0,0,-7,-1,-17504,0,5888,522,-5966,-107,27,36
2832169892,-3704,7192,-2168,59,-33,184,8160,8192,0,0,645,8192,5950,228,-6068,-107,38,29
2832219892,-4008,7028,-1874,124,-102,85,0,0,-7,-1,-17501,0,5568,30,-5910,-102,42,32
2832269892,-3930,6892,-1638,104,-70,118,-18500,0,-15537,0,8160,8192,6114,-466,-5836,-112,32,39
2832319892,-4320,7238,-1804,28,91,372,8160,8192,580,-22319,645,8192,5978,-546,-6038,-107,31,34
2832369892,-4180,7008,-1920,-40,197,482,-18496,0,-15537,0,8160,8192,5774,-320,-6124,-111,24,37
2832419892,-3844,7748,-2672,62,-164,-84,-16494,0,-15537,0,8160,8192,5894,526,-5992,-109,41,38
2832469892,-2728,7556,-2672,220,-326,-345,8160,8192,19508,-22317,645,8192,5880,1702,-5796,-102,48,35
2832519892,-2834,7950,-2888,205,-435,-331,-18491,0,-15537,0,8160,8192,5754,1592,-5976,-104,16,32
2832569892,-2518,7454,-3090,79,-443,-584,0,0,-7,-1,-17489,0,5198,2282,-6386,-107,3,37
2832619892,-2950,7752,-2944,430,-1097,-1283,-16488,0,-15537,0,8160,8192,6036,2090,-5892,-106,6,21
2832669892,-3654,7952,-2936,366,-981,-1170,-16486,0,-15537,0,8160,8192,7306,1622,-4738,-99,34,32
2832719892,-4888,8432,-2566,169,-390,-353,-18484,0,-15537,0,8160,8192,5184,1206,-6382,-105,53,26
2832769892,-4702,7402,-1702,122,116,561,0,0,-7,-1,-17483,0,5842,538,-4844,-94,30,34
2832819892,-5672,7268,-1934,-21,415,892,-16481,0,-15537,0,8160,8192,5158,-398,-6826,-96,57,28
2832869892,-5634,7364,-2014,-103,164,634,-16479,0,-15537,0,8160,8192,5630,-252,-6200,-108,41,24
2832919892,-4668,7848,-1954,100,-313,-240,-16478,0,-15537,0,8160,8192,4038,-640,-7590,-104,50,24
2832969892,-5070,7620,-2278,337,-592,-661,0,0,-7,-1,-17477,0,1792,-1154,-8586,-117,66,27
2833019892,-4846,7194,-2108,232,-543,-376,8160,8192,-20316,-22309,645,8192,5874,-188,-5632,-102,55,31
2833069892,-5172,7306,-2246,86,-299,4,0,0,-7,-1,-16474,0,5786,-16,-6152,-106,65,28
2833119892,-4362,6712,-1348,65,-9,402,-17473,0,-15537,0,8160,8192,5478,-180,-5860,-111,45,16
2833169892,-4056,5962,-782,33,97,421,0,0,-7,-1,-17470,0,5686,-374,-6384,-95,44,28
2833219892,-5032,6592,-1516,-14,63,310,-17468,0,-15537,0,8160,8192,6848,-80,-5158,-114,27,27
2833269892,-3700,5002,-542,-7,-194,-4,8160,8192,-32460,-22305,645,8192,6536,-680,-5776,-112,15,24
2833319892,-4852,6586,-1318,124,-145,-68,8160,8192,0,0,645,8192,5628,-176,-6174,-106,27,30
2833369892,-5356,7410,-1890,33,-337,-22,-18462,0,-15537,0,8160,8192,4916,-376,-6428,-108,39,28
2833419892,-4308,6448,-1250,70,-654,-101,8160,8192,0,0,645,8192,5740,-172,-5984,-102,-19,22
2833469892,-4900,7232,-1400,120,-121,-5,-16457,0,-15537,0,8160,8192,5902,-808,-6102,-99,10,31
2833519892,-5434,6492,-886,90,266,327,8160,8192,0,0,645,8192,6050,-1660,-5908,-104,26,29
2833569892,-5914,6414,-528,13,568,835,-16454,0,-15537,0,8160,8192,5952,-2136,-6042,-110,38,24
2833619892,-6370,6118,-154,-52,776,822,0,0,-7,-1,-17451,0,6456,-2388,-5892,-113,29,27
2833669892,-6418,6632,-370,2,738,918,8160,8192,-25676,-22299,645,8192,6610,-2994,-5500,-104,51,30
2833719892,-6220,6946,-554,-61,472,759,8160,8192,0,0,645,8192,5446,-3064,-5632,-114,21,23
2833769892,-3184,3432,766,-49,131,505,-18444,0,-15537,0,8160,8192,5922,-2250,-7428,-132,36,26
2833819892,-4720,7728,-1932,91,-273,-200,-16443,0,-15537,0,8160,8192,6958,-1378,-5902,-118,-6,35
2833869892,-3664,6028,-1936,309,-559,-811,-16440,0,-15537,0,8160,8192,7128,-892,-3986,-100,2,47
2833919892,-1970,9104,-3848,223,-824,-1275,0,0,-7,-1,-16438,0,3664,3378,-6814,-107,41,50
2833969892,-2178,8654,-3612,362,-470,-560,-18437,0,-15537,0,8160,8192,6272,3642,-5910,-103,6,39
2834019892,-2176,7400,-2764,125,557,1036,0,0,-7,-1,-16434,0,6890,2238,-4772,-116,32,27
2834069892,-2766,7532,-2558,-360,1061,1767,-16432,0,-15537,0,8160,8192,4988,148,-7246,-104,33,34
2834119892,-3328,7522,-2724,-230,663,993,-16430,0,-15537,0,8160,8192,5696,1568,-5952,-102,21,30
2834169892,-2882,7802,-2816,246,-405,-220,-16428,0,-15537,0,8160,8192,6184,1188,-5912,-101,31,26
2834219892,-2440,8116,-3080,285,-541,-677,-17426,0,-15537,0,8160,8192,5674,2088,-5952,-110,20,34
2834269892,-2598,7762,-2590,408,-642,-481,8160,8192,0,0,645,8192,5758,1226,-5920,-107,43,30
2834319892,-3538,7628,-2104,97,-44,109,-16421,0,-15537,0,8160,8192,5668,276,-6132,-106,59,22
2834369892,-3596,7302,-2204,-90,349,648,-16420,0,-15537,0,8160,8192,5594,350,-6086,-110,48,29
2834419892,-3676,7158,-1860,-71,243,613,-18418,0,-15537,0,8160,8192,5944,146,-5806,-98,19,21
2834469892,-4228,7088,-1868,127,-177,-38,8160,8192,-12108,-22287,645,8192,6120,-114,-6020,-104,9,21
2834519892,-3538,7252,-1808,271,-465,-425,0,0,-7,-1,-17413,0,5582,-164,-5968,-104,12,26
2834569892,-3966,7434,-1920,134,-126,37,-17411,0,-15537,0,8160,8192,5810,-220,-6160,-106,15,28
2834619892,-3514,7312,-2304,14,-45,175,0,0,-7,-1,-16410,0,5650,672,-5960,-107,36,27
2834669892,-3906,7226,-1846,189,-153,31,8160,8192,0,0,645,8192,6036,-22,-5880,-107,23,24
2834719892,-3598,7364,-2210,61,-192,-105,0,0,-7,-1,-16406,0,5530,532,-6232,-108,15,26
2834769892,-3564,7286,-2136,167,-182,53,0,0,-7,-1,-17404,0,5790,608,-5846,-102,21,21
2834819892,-3696,7432,-2302,134,-329,-341,-16403,0,-15537,0,8160,8192,5600,366,-6248,-102,24,28
2834869892,-4248,7114,-1496,228,-109,132,-16401,0,-15537,0,8160,8192,5988,-622,-5958,-112,41,33
2834919892,-4092,6944,-1976,-31,88,354,-16398,0,-15537,0,8160,8192,5630,-98,-6098,-106,46,30
2834969892,-3994,7308,-2078,129,-123,28,8160,8192,29140,-22279,645,8192,5856,274,-5928,-107,42,30
2835019892,-3510,7332,-2104,130,-229,-164,-16394,0,-15537,0,8160,8192,5866,316,-5802,-101,38,30
2835069892,-3864,7248,-2014,97,-69,116,0,0,-7,-1,-17392,0,5678,10,-5988,-105,34,33
2835119892,-4258,7152,-1848,52,25,256,-16391,0,-15537,0,8160,8192,5760,-262,-6192,-110,40,36
2835169892,-4130,7066,-1810,43,23,301,-16389,0,-15537,0,8160,8192,6048,-280,-5884,-105,34,31
2835219892,-3634,7190,-1902,26,-23,131,0,0,-7,-1,-16387,0,6018,216,-6074,-115,26,42
2835269892,-3714,7134,-1902,87,-73,65,8160,8192,0,0,645,8192,5750,280,-6144,-98,30,27
2835319892,-4080,7400,-2008,57,65,316,8160,8192,0,0,645,8192,5492,-98,-6220,-116,27,43
2835369892,-4104,7446,-1906,16,170,480,-18378,0,-15537,0,8160,8192,5518,-152,-6088,-108,42,36
2835419892,-4274,7352,-1928,24,143,406,-16376,0,-15537,0,8160,8192,5722,-242,-6146,-109,50,34
2835469892,-3436,7510,-2266,94,-163,-42,-18374,0,-15537,0,8160,8192,6108,226,-5828,-111,35,37
2835519892,-2918,7504,-2500,128,-217,-146,8160,8192,0,0,645,8192,5846,1202,-5974,-110,29,40
2835569892,-2832,7922,-2782,208,-342,-348,-16371,0,-15537,0,8160,8192,5652,1276,-6340,-103,59,26
2835619892,-3472,7414,-2170,193,-121,118,-16369,0,-15537,0,8160,8192,5826,322,-6110,-106,48,35
2835669892,-3564,7270,-2076,-15,98,379,-16367,0,-15537,0,8160,8192,5716,362,-5948,-107,36,33
2835719892,-2530,7298,-2790,4,-289,-311,0,0,-7,-1,-16365,0,5824,1806,-5846,-103,9,27
2835769892,-2204,7972,-2804,407,-850,-1021,-16363,0,-15537,0,8160,8192,5370,2038,-6136,-109,39,32
2835819892,-2338,7202,-2690,382,-1077,-1213,8160,8192,27172,-22266,645,8192,6212,1732,-5734,-103,17,34
2835869892,-3638,8062,-3088,348,-842,-874,-16360,0,-15537,0,8160,8192,5758,886,-6192,-109,60,20
2835919892,-2026,6550,-2318,64,-408,-409,8160,8192,0,0,645,8192,4974,2064,-5880,-97,40,26
2835969892,-4528,7808,-1986,162,-60,353,8160,8192,-19436,-22264,645,8192,3568,146,-8100,-96,48,31
2836019892,-4412,6846,-1678,-75,196,576,8160,8192,30564,-22263,645,8192,5464,98,-6532,-106,25,28
2836069892,-3906,6234,-1584,65,-270,40,-17353,0,-15537,0,8160,8192,6978,-140,-5434,-100,23,29
2836119892,-5028,7930,-2166,223,-509,-506,-16350,0,-15537,0,8160,8192,4518,46,-6608,-104,37,28
2836169892,-4554,7382,-1972,249,-427,-262,0,0,-7,-1,-16348,0,6642,-224,-5524,-118,56,23
2836219892,-5220,7764,-2576,96,-248,113,8160,8192,-31580,-22260,645,8192,6732,-732,-5784,-106,51,23
2836269892,-5496,7766,-2012,51,-103,333,-16342,0,-15537,0,8160,8192,3782,-198,-7090,-105,70,26
2836319892,-4324,5764,-774,24,41,346,-16339,0,-15537,0,8160,8192,6188,482,-4922,-99,65,27
2836369892,-6076,8384,-2328,54,-145,253,-18339,0,-15537,0,8160,8192,6480,-1274,-6412,-104,23,21
2836419892,-5676,7808,-1770,78,-27,196,-16336,0,-15537,0,8160,8192,4100,-816,-6720,-111,42,16
2836469892,-5040,6456,-700,75,11,179,-17333,0,-15537,0,8160,8192,5724,-1420,-6300,-101,55,29
2836519892,-5822,6684,-914,36,165,415,0,0,-7,-1,-16331,0,5744,-1712,-5936,-107,33,31
2836569892,-6004,6178,-450,24,130,444,-16329,0,-15537,0,8160,8192,5654,-2190,-6120,-111,35,13
2836619892,-6816,6562,-134,79,536,700,0,0,-7,-1,-17327,0,5818,-3028,-6088,-113,-14,31
2836669892,-7642,7172,-966,-168,505,728,-16326,0,-15537,0,8160,8192,7128,-2352,-5670,-103,-4,30
2836719892,-6002,6798,-788,-4,374,540,0,0,-7,-1,-16326,0,7762,-1346,-4116,-101,16,50
2836769892,-4520,5284,0,48,122,273,-17324,0,-15537,0,8160,8192,5704,-1564,-7334,-108,30,48
2836819892,-5306,6638,-2122,115,-86,11,-16321,0,-15537,0,8160,8192,7556,-3476,-6046,-107,51,43
2836869892,-3594,4670,-1580,86,-287,-207,8160,8192,28596,-22250,645,8192,7466,598,-3818,-115,20,47
2836919892,-2398,7754,-3392,89,-474,-702,-17318,0,-15537,0,8160,8192,7144,2648,-5390,-104,22,60
2836969892,-384,8086,-3572,415,-635,-888,-17316,0,-15537,0,8160,8192,9024,4054,-3388,-112,15,41
2837019892,-1796,8396,-4400,251,-85,242,-18315,0,-15537,0,8160,8192,6064,2804,-6792,-92,21,21
2837069892,-2348,7920,-2904,-127,434,834,0,0,-7,-1,-16315,0,5944,2092,-5518,-90,2,30
2837119892,-2606,7450,-2672,-100,301,758,-17313,0,-15537,0,8160,8192,5544,1212,-6268,-102,49,21
2837169892,-3746,7362,-2220,42,300,554,0,0,-7,-1,-16311,0,6302,328,-5754,-107,33,31
2837219892,-3048,7568,-2644,127,-302,-97,-17308,0,-15537,0,8160,8192,5690,1388,-6138,-110,21,28
2837269892,-2574,7548,-2528,242,-379,-444,8160,8192,-30156,-22244,645,8192,5996,1118,-5714,-101,35,31
2837319892,-3684,7644,-2280,144,28,365,8160,8192,19844,-22243,645,8192,5600,494,-6124,-115,35,33
2837369892,-3484,7314,-2224,-44,118,352,0,0,-7,-1,-17303,0,5710,460,-5812,-104,50,21
2837419892,-3840,7546,-2186,191,-183,-65,-16301,0,-15537,0,8160,8192,6476,428,-5688,-105,52,26
2837469892,-3550,7432,-2348,172,-344,-325,8160,8192,0,0,645,8192,6222,414,-5876,-106,50,26
2837519892,-4216,7066,-1702,233,-209,-12,-17297,0,-15537,0,8160,8192,5792,-330,-6122,-109,36,22
2837569892,-4090,7296,-2076,59,-125,-92,-18296,0,-15537,0,8160,8192,6118,-192,-5994,-114,20,17
2837619892,-3898,7190,-2000,105,-11,459,-16293,0,-15537,0,8160,8192,6062,-124,-5598,-100,-20,18
2837669892,-3990,7364,-2174,31,-111,0,8160,8192,-23372,-22238,645,8192,6268,248,-5846,-105,-11,24
2837719892,-3780,7478,-2218,190,-312,-196,0,0,-7,-1,-16290,0,6052,346,-6018,-102,-5,26
2837769892,-3564,7278,-2278,113,-313,-279,-17288,0,-15537,0,8160,8192,5886,478,-5912,-98,-4,26
2837819892,-3876,7470,-2164,168,-312,-185,-16286,0,-15537,0,8160,8192,6036,124,-5912,-107,-14,29
2837869892,-3696,7258,-2146,72,-186,-12,0,0,-7,-1,-16283,0,6080,298,-5968,-102,8,22
2837919892,-3956,7186,-1840,131,-99,123,8160,8192,0,0,645,8192,5874,-28,-6052,-104,56,24
2837969892,-3818,7308,-2518,16,-2,93,8160,8192,14484,-22233,645,8192,5608,912,-5984,-106,47,25
2838019892,-3252,7304,-2724,174,-429,-355,8160,8192,-1052,-22233,645,8192,5432,1448,-5998,-100,57,24
2838069892,-4156,7614,-2394,375,-660,-730,8160,8192,0,0,645,8192,4868,452,-6206,-103,68,33
2838119892,-4208,6958,-1636,240,-375,-255,8160,8192,0,0,645,8192,6004,-698,-5836,-99,35,35
2838169892,-5116,7030,-1702,-10,158,435,0,0,-7,-1,-16271,0,5828,-834,-5916,-113,29,39
2838219892,-4384,6898,-1934,-77,81,428,-16269,0,-15537,0,8160,8192,6052,-96,-5944,-110,28,35
2838269892,-3994,7060,-2144,64,-277,-321,8160,8192,-13196,-22229,645,8192,5596,100,-6238,-106,41,38
2838319892,-4264,7032,-1662,241,-375,-255,8160,8192,0,0,645,8192,5470,392,-6304,-103,29,41
2838369892,-4200,7214,-2078,77,-343,-316,-16264,0,-15537,0,8160,8192,5974,710,-5918,-103,38,37
2838419892,-3986,7212,-2112,240,-345,-198,8160,8192,0,0,645,8192,5730,1100,-6010,-102,52,33
2838469892,-3978,7182,-2260,114,-447,-493,-16259,0,-15537,0,8160,8192,5106,424,-6444,-101,41,33
2838519892,-4094,8548,-3688,206,-644,-499,8160,8192,0,0,645,8192,5146,2454,-6140,-106,80,34
2838569892,-2666,6902,-2668,257,-1110,-1311,8160,8192,24660,-22224,645,8192,6110,1544,-5884,-110,30,25
2838619892,-3924,7146,-2396,284,-506,-370,8160,8192,9124,-22223,645,8192,7202,1738,-5182,-102,8,27
2838669892,-3422,6418,-1388,4,119,556,-16252,0,-15537,0,8160,8192,3236,898,-6598,-105,36,33
2838719892,-5282,6380,-1714,72,424,1178,-16250,0,-15537,0,8160,8192,4604,-1638,-7036,-112,56,25
2838769892,-4840,5896,-1068,-110,472,860,-16247,0,-15537,0,8160,8192,6410,-674,-5488,-98,55,28
2838819892,-5410,6334,-1134,54,34,407,8160,8192,12516,-22220,645,8192,5672,-1018,-6372,-107,73,31
2838869892,-5448,6940,-1786,89,-194,7,-16242,0,-15537,0,8160,8192,6922,-692,-5966,-107,38,27
2838919892,-4504,6328,-1044,120,-355,-95,-16241,0,-15537,0,8160,8192,6276,-606,-5992,-96,40,32
2838969892,-5042,6418,-1382,43,-306,-53,-16239,0,-15537,0,8160,8192,5344,-710,-6294,-103,78,30
2839019892,-4910,6826,-1312,50,-308,79,8160,8192,15908,-22217,645,8192,5514,-612,-6214,-111,62,21
2839069892,-4566,5970,-678,68,-143,29,8160,8192,0,0,645,8192,5184,-636,-6008,-103,44,40
2839119892,-5398,6604,-912,128,31,243,-16232,0,-15537,0,8160,8192,6230,-1330,-6096,-100,13,27
2839169892,-5550,6326,-576,39,290,515,8160,8192,-30700,-22215,645,8192,5670,-2048,-6078,-112,24,20
2839219892,-5058,5052,516,-37,1010,1148,0,0,-7,-1,-17229,0,6266,-3036,-5972,-107,-29,27
2839269892,-8102,7660,-718,-269,1349,1387,0,0,-7,-1,-17228,0,3962,-2776,-6596,-108,21,45
2839319892,-6710,5840,-1264,-221,375,877,8160,8192,0,0,645,8192,9512,-1942,-5198,-131,-15,23
2839369892,-4802,6234,-814,177,-95,200,0,0,-7,-1,-16225,0,2282,-3096,-7126,-113,2,41
2839419892,-5370,9320,-2838,157,-604,-549,8160,8192,22692,-22211,645,8192,5346,-324,-5048,-122,-7,45
2839469892,-6418,9896,-3962,388,-498,-885,-16221,0,-15537,0,8160,8192,5460,910,-6174,-114,23,45
2839519892,-2166,8026,-3288,265,-583,-746,0,0,-7,-1,-16220,0,5098,2880,-5970,-99,24,48
2839569892,-1656,7640,-2766,161,122,197,-16218,0,-15537,0,8160,8192,5726,2262,-5374,-121,55,28
2839619892,-2702,8048,-3074,-53,568,1064,-16216,0,-15537,0,8160,8192,5036,1986,-6054,-95,42,39
2839669892,-2540,7658,-3272,-213,490,820,-18215,0,-15537,0,8160,8192,5894,2710,-5880,-91,15,26
2839719892,-2346,7922,-3190,165,-349,-159,-16213,0,-15537,0,8160,8192,5278,2140,-6254,-99,30,25
2839769892,-3620,7760,-2290,242,-37,197,-18211,0,-15537,0,8160,8192,5876,392,-5740,-95,27,21
2839819892,-4092,7004,-1610,58,163,538,-17209,0,-15537,0,8160,8192,5592,-12,-6174,-111,41,29
2839869892,-2902,7862,-3220,-11,-130,-85,-16206,0,-15537,0,8160,8192,6082,1816,-5802,-104,39,30
2839919892,-2818,7838,-2428,333,-353,-164,-18204,0,-15537,0,8160,8192,6252,932,-5742,-105,36,32
2839969892,-3932,7268,-2164,-11,100,348,-18202,0,-15537,0,8160,8192,5100,66,-6306,-106,46,22
2840019892,-4056,7092,-1796,100,-51,177,8160,8192,0,0,645,8192,5600,-292,-6094,-101,46,19
2840069892,-3852,7348,-2104,88,-193,-133,0,0,-7,-1,-16199,0,6088,366,-5840,-105,19,30
2840119892,-3736,7228,-2258,180,-287,-148,-16198,0,-15537,0,8160,8192,6078,532,-5906,-109,31,25
2840169892,-3598,7260,-1904,166,-256,-101,8160,8192,-13740,-22200,645,8192,5874,136,-5918,-105,11,21
2840219892,-3932,7204,-1768,69,13,315,-18195,0,-15537,0,8160,8192,5778,-2,-6184,-107,11,24
2840269892,-4134,7202,-2136,24,-11,189,-16192,0,-15537,0,8160,8192,5914,-62,-6022,-104,31,26
2840319892,-3980,7308,-2090,147,-199,-36,-16190,0,-15537,0,8160,8192,5732,298,-6138,-112,34,29
2840369892,-3216,7290,-2364,85,-257,-218,-18187,0,-15537,0,8160,8192,5674,632,-6030,-101,18,24
2840419892,-3794,7308,-2030,131,-122,210,8160,8192,0,0,645,8192,6034,466,-5908,-110,-11,28
2840469892,-3844,7316,-2344,59,-231,-314,0,0,-7,-1,-16184,0,5612,86,-6268,-100,2,26
2840519892,-3996,7174,-1616,226,-189,100,0,0,-7,-1,-16183,0,5654,-188,-6172,-104,36,30
2840569892,-4380,7108,-1878,-6,45,269,0,0,-7,-1,-17182,0,5994,-616,-5802,-111,40,33
2840619892,-3808,7228,-1918,60,-14,220,-17179,0,-15537,0,8160,8192,5540,228,-6180,-106,48,31
2840669892,-3610,7324,-2060,78,-9,153,-16176,0,-15537,0,8160,8192,6038,320,-5820,-104,37,33
2840719892,-4006,7326,-1942,119,-36,217,-18175,0,-15537,0,8160,8192,5608,-306,-6182,-102,42,33
2840769892,-3958,7050,-1870,19,93,309,8160,8192,-3564,-22191,645,8192,5960,-408,-6140,-115,36,42
2840819892,-3916,7244,-1892,25,92,360,-18171,0,-15537,0,8160,8192,5514,-114,-6090,-114,48,41
2840869892,-4254,7450,-1974,73,21,208,0,0,-7,-1,-16170,0,5934,42,-6328,-113,31,40
2840919892,-3052,7462,-2378,88,-207,-143,-18168,0,-15537,0,8160,8192,5692,708,-6040,-110,30,36
2840969892,-3774,7554,-1988,184,-70,178,8160,8192,-172,-22188,645,8192,5500,394,-6420,-104,35,39
2841019892,-2940,7356,-2520,17,-82,118,-16164,0,-15537,0,8160,8192,5590,1040,-6136,-105,32,35
2841069892,-2420,7540,-2814,208,-399,-436,-17162,0,-15537,0,8160,8192,5586,1708,-5992,-103,39,35
2841119892,-2798,7762,-2912,221,-442,-534,-16160,0,-15537,0,8160,8192,6102,1782,-5834,-105,31,35
2841169892,-3322,7822,-2754,180,-455,-631,-16157,0,-15537,0,8160,8192,5512,1750,-6038,-105,29,32
2841219892,-2320,8150,-3456,308,-1110,-1325,8160,8192,-12316,-22184,645,8192,6010,2676,-5816,-104,32,28
2841269892,-2452,7292,-2764,435,-1101,-1383,0,0,-7,-1,-17152,0,6860,1748,-4956,-105,54,27
2841319892,-4160,8448,-2666,294,-579,-346,-16149,0,-15537,0,8160,8192,5866,-6,-6112,-103,84,22
2841369892,-1136,6052,-590,20,-221,126,8160,8192,6612,-22181,645,8192,1670,-186,-9556,-112,59,35
2841419892,-4142,5912,-1152,77,181,804,-17145,0,-15537,0,8160,8192,6490,-246,-4812,-99,42,25
2841469892,-3844,5196,-750,8,98,583,-16144,0,-15537,0,8160,8192,6360,-242,-5820,-102,21,43
2841519892,-4624,6278,-1016,112,-31,338,-16142,0,-15537,0,8160,8192,6272,-268,-6412,-97,75,35
2841569892,-4380,6444,-1124,86,-277,-144,8160,8192,0,0,645,8192,4006,16,-7096,-97,87,38
2841619892,-4430,6378,-1652,132,-617,-373,8160,8192,-5532,-22178,645,8192,6162,2,-6188,-95,61,21
2841669892,-4496,6792,-1542,116,-447,-153,-16136,0,-15537,0,8160,8192,6744,-138,-5970,-96,23,26
2841719892,-6382,7410,-1908,22,-124,285,-18134,0,-15537,0,8160,8192,6070,-780,-5854,-100,12,21
2841769892,-5272,5738,-544,0,96,519,-16132,0,-15537,0,8160,8192,5874,-1600,-5954,-113,-9,13
2841819892,-5090,4958,-220,-9,111,475,0,0,-7,-1,-16130,0,6916,-1998,-5832,-107,0,25
2841869892,-5686,6496,-780,-62,335,581,-17128,0,-15537,0,8160,8192,5824,-2150,-6144,-106,16,20
2841919892,-6704,6888,-776,-10,951,823,0,0,-7,-1,-17126,0,6252,-2396,-6072,-105,-12,22
2841969892,-5914,5536,108,-146,749,1019,-16125,0,-15537,0,8160,8192,5108,-2274,-7376,-102,8,38
2842019892,-5286,6334,-84,-41,109,406,0,0,-7,-1,-17125,0,5028,-2536,-6330,-124,8,25
2842069892,-5562,6854,-1244,170,-243,-59,-18124,0,-15537,0,8160,8192,7644,-1800,-5628,-118,-8,38
2842119892,-5218,7722,-2308,156,-344,-305,8160,8192,-29820,-22170,645,8192,8446,1938,-4906,-114,9,50
2842169892,-3692,7978,-2856,148,-394,-302,0,0,-7,-1,-16121,0,7398,2194,-5686,-119,11,43
2842219892,-2718,7654,-2796,121,-275,-349,-16118,0,-15537,0,8160,8192,3464,50,-6318,-107,15,53
2842269892,-2534,8816,-4004,118,-195,-431,8160,8192,-10892,-22168,645,8192,5918,2510,-5490,-128,48,33
2842319892,-1616,7256,-3216,276,-79,169,-16113,0,-15537,0,8160,8192,8528,3148,-4448,-103,21,22
2842369892,-2202,7686,-2716,-74,312,582,-16110,0,-15537,0,8160,8192,5082,1848,-6600,-99,14,24
2842419892,-3520,7300,-2084,-86,602,1155,0,0,-7,-1,-16109,0,5400,532,-6228,-101,14,29
2842469892,-3686,7642,-2300,-184,438,778,8160,8192,-7500,-22165,645,8192,6116,580,-5830,-101,36,19
2842519892,-3500,7442,-2008,217,-70,112,-16106,0,-15537,0,8160,8192,5662,296,-6130,-110,52,24
2842569892,-2542,7552,-2690,232,-563,-511,8160,8192,0,0,645,8192,5832,1648,-5684,-107,27,31
2842619892,-2520,7786,-2826,305,-587,-713,-17102,0,-15537,0,8160,8192,5570,1564,-6314,-105,18,29
2842669892,-3166,7636,-2338,205,-306,-149,-18100,0,-15537,0,8160,8192,5800,782,-5974,-107,18,26
2842719892,-3748,7530,-1964,38,242,591,0,0,-7,-1,-16099,0,6292,-72,-5422,-105,55,23
2842769892,-4428,7082,-1834,-133,355,804,8160,8192,30356,-22160,645,8192,5940,-166,-5946,-100,33,23
2842819892,-3752,6972,-2132,58,-264,-233,-16097,0,-15537,0,8160,8192,6066,718,-5916,-111,1,30
2842869892,-3740,7822,-2320,416,-715,-673,8160,8192,-716,-22159,645,8192,6090,54,-5950,-109,14,19
2842919892,-3370,7328,-2128,26,-73,34,-16093,0,-15537,0,8160,8192,5576,178,-6008,-99,31,23
2842969892,-4088,7204,-1884,40,104,504,-18091,0,-15537,0,8160,8192,6020,52,-6070,-113,21,31
2843019892,-4124,7264,-2074,96,-139,-65,0,0,-7,-1,-17088,0,5656,198,-6196,-103,34,26
2843069892,-3210,7334,-2092,199,-376,-255,-16086,0,-15537,0,8160,8192,5846,414,-5866,-106,10,28
2843119892,-3980,7472,-2308,106,-132,83,0,0,-7,-1,-17084,0,5812,320,-6144,-104,3,23
2843169892,-3346,7308,-2200,75,-198,-152,-16081,0,-15537,0,8160,8192,5942,688,-5880,-95,14,25
2843219892,-4428,7264,-1888,169,-52,204,-16079,0,-15537,0,8160,8192,5800,-500,-6160,-107,38,30
2843269892,-4032,7048,-1648,-10,53,307,0,0,-7,-1,-16077,0,5938,-314,-5868,-114,51,35
2843319892,-4404,7126,-1874,89,100,297,-16074,0,-15537,0,8160,8192,5728,-158,-6180,-104,59,36
2843369892,-3864,7344,-2050,81,-133,-6,-16073,0,-15537,0,8160,8192,5902,42,-6138,-103,47,37
2843419892,-3916,7290,-1812,94,-46,129,0,0,-7,-1,-16071,0,5790,-132,-5940,-106,39,39
2843469892,-3618,7242,-2014,-43,112,328,-16068,0,-15537,0,8160,8192,6082,214,-5864,-111,30,39
2843519892,-3756,7182,-2024,62,1,255,0,0,-7,-1,-17066,0,6100,-88,-5812,-109,43,38
2843569892,-3762,7286,-1960,76,8,160,0,0,-7,-1,-17065,0,5718,0,-6064,-104,46,33
2843619892,-3084,7298,-2168,121,-182,-72,-16063,0,-15537,0,8160,8192,5714,358,-6072,-102,49,38
2843669892,-3392,7356,-2066,147,-82,70,0,0,-7,-1,-17061,0,5568,426,-6080,-106,49,34
2843719892,-3132,7578,-2592,49,-125,-22,8160,8192,-2684,-22146,645,8192,5618,968,-6266,-107,48,33
2843769892,-2650,7726,-2982,172,-333,-298,0,0,-7,-1,-17056,0,6020,1682,-5782,-105,35,33
2843819892,-2550,7624,-2830,225,-579,-684,0,0,-7,-1,-16054,0,5506,1700,-6126,-103,11,35
2843869892,-2662,7258,-2650,394,-964,-1088,-17052,0,-15537,0,8160,8192,6548,1816,-5340,-103,-5,30
2843919892,-2296,7376,-3022,265,-1015,-1223,-16052,0,-15537,0,8160,8192,5112,1808,-6078,-109,47,25
2843969892,-2562,7570,-2498,275,-881,-960,0,0,-7,-1,-17050,0,2180,1462,-7760,-105,34,35
2844019892,-4106,7730,-2120,116,-343,-186,0,0,-7,-1,-17048,0,4544,1298,-6450,-93,42,29
2844069892,-5060,7326,-2528,151,-105,291,-16045,0,-15537,0,8160,8192,4710,680,-6324,-110,73,23
2844119892,-4560,6964,-1456,9,172,704,8160,8192,4100,-22139,645,8192,6876,-132,-6210,-105,56,16
2844169892,-4704,6132,-932,-4,234,647,0,0,-7,-1,-17040,0,8638,-612,-3986,-114,51,29
2844219892,-4728,5506,-432,67,82,455,0,0,-7,-1,-16038,0,6460,-1146,-5922,-96,78,12
2844269892,-5294,6580,-1142,70,-177,65,-16036,0,-15537,0,8160,8192,5474,-1088,-6206,-106,68,34
2844319892,-5030,5932,-1010,151,-300,-101,-16034,0,-15537,0,8160,8192,6068,-1126,-5804,-104,78,19
2844369892,-5088,6790,-1490,82,-266,-227,8160,8192,-8044,-22136,645,8192,5604,-802,-6130,-99,57,28
2844419892,-5050,7156,-1878,103,-521,-124,-17030,0,-15537,0,8160,8192,5878,-634,-6010,-101,37,25
2844469892,-5376,7196,-1448,88,-79,138,0,0,-7,-1,-16027,0,5694,-918,-6104,-100,18,28
2844519892,-5104,6256,-896,71,35,228,-16024,0,-15537,0,8160,8192,5754,-982,-5918,-106,26,27
2844569892,-5350,6822,-1086,54,-94,243,8160,8192,-4652,-22133,645,8192,5920,-1440,-6076,-104,14,19
2844619892,-5788,6518,-664,71,489,611,-16021,0,-15537,0,8160,8192,5622,-1858,-6256,-106,-22,22
2844669892,-5910,5646,-850,-54,379,573,-16019,0,-15537,0,8160,8192,7378,-2106,-5036,-111,-7,21
2844719892,-4794,5644,-404,55,338,611,8160,8192,14276,-22130,645,8192,6222,-2262,-5782,-112,-9,27
2844769892,-5012,6392,-740,-53,339,456,0,0,-7,-1,-16015,0,8452,-2250,-5474,-116,10,32
2844819892,-5864,7450,-2686,30,0,162,-16013,0,-15537,0,8160,8192,9408,818,-5156,-110,9,40
2844869892,-5440,9276,-2562,176,-224,-375,-17010,0,-15537,0,8160,8192,2828,-1484,-8558,-115,73,44
2844919892,-3742,7800,-2640,185,-417,-443,-16008,0,-15537,0,8160,8192,4320,2628,-7650,-120,38,43
2844969892,-3142,8838,-4108,91,-412,-691,0,0,-7,-1,-16005,0,5174,2878,-6626,-113,23,29
2845019892,-2442,8046,-3094,309,3,283,0,0,-7,-1,-17002,0,5690,1288,-6036,-108,23,31
2845069892,-3850,8138,-2630,-180,817,1317,-18001,0,-15537,0,8160,8192,5194,260,-6526,-110,43,30
2845119892,-3110,6896,-2304,-316,789,1223,-15999,0,-15537,0,8160,8192,6480,868,-5474,-103,12,39
2845169892,-2780,7618,-2652,155,-314,-143,-16997,0,-15537,0,8160,8192,5290,1202,-6126,-98,11,40
2845219892,-2734,7560,-2378,394,-522,-506,-15994,0,-15537,0,8160,8192,5910,620,-5694,-108,36,26
2845269892,-3328,7762,-2344,100,-62,159,-15991,0,-15537,0,8160,8192,5476,380,-6308,-109,49,30
2845319892,-2922,7316,-2524,-50,240,519,8160,8192,24452,-22121,645,8192,5748,950,-6186,-110,31,28
2845369892,-3528,7526,-2568,98,-59,227,-15986,0,-15537,0,8160,8192,5362,768,-6326,-108,15,33
2845419892,-3274,7570,-2602,102,-219,-165,0,0,-7,-1,-15984,0,5718,868,-6064,-106,10,22
2845469892,-3868,7330,-1928,219,-279,-126,-15982,0,-15537,0,8160,8192,5416,-256,-6322,-103,41,18
2845519892,-4160,7156,-1798,29,-2,153,8160,8192,0,0,645,8192,5692,-738,-5984,-105,43,23
2845569892,-4290,7158,-2022,-23,121,402,-15978,0,-15537,0,8160,8192,5800,-58,-6048,-113,24,27
2845619892,-3622,7232,-2246,107,-195,-152,0,0,-7,-1,-16976,0,5668,436,-6288,-108,67,26
2845669892,-3788,7376,-1824,209,-194,11,8160,8192,0,0,645,8192,5986,-14,-5830,-105,36,20
2845719892,-3492,7120,-2142,31,-37,61,-15973,0,-15537,0,8160,8192,5746,-10,-5992,-104,36,21
2845769892,-3642,7362,-2050,56,69,608,8160,8192,15700,-22114,645,8192,5472,1020,-6058,-107,6,19
2845819892,-2204,7626,-3168,45,-564,-1052,0,0,-7,-1,-15968,0,5626,1632,-6160,-95,25,22
2845869892,-3374,7650,-2106,613,-789,-401,-15966,0,-15537,0,8160,8192,6516,80,-5174,-100,11,33
2845919892,-4242,7378,-1764,-110,208,361,-15963,0,-15537,0,8160,8192,5776,-666,-6072,-110,38,31
2845969892,-4666,6862,-1640,15,261,765,-15961,0,-15537,0,8160,8192,5754,-700,-6166,-102,27,30
2846019892,-4516,7140,-1782,-128,205,464,-16957,0,-15537,0,8160,8192,6122,-616,-6034,-111,17,37
2846069892,-4640,7408,-1648,73,-64,236,8160,8192,-11980,-22110,645,8192,5512,-682,-6414,-100,26,39
2846119892,-3784,7438,-2090,48,-94,-35,8160,8192,-27516,-22109,645,8192,5258,48,-6236,-111,46,34
2846169892,-3090,7690,-2466,257,-379,-338,-15951,0,-15537,0,8160,8192,6336,1114,-5840,-104,55,39
2846219892,-3346,7486,-2310,188,-204,-126,8160,8192,0,0,645,8192,5618,662,-6110,-102,62,38
2846269892,-3788,7318,-1830,0,277,636,-15949,0,-15537,0,8160,8192,6248,-578,-6222,-103,57,37
2846319892,-3754,7416,-2462,-177,306,571,-17947,0,-15537,0,8160,8192,6384,764,-5742,-108,21,38
2846369892,-2970,7754,-2914,182,-395,-423,-15945,0,-15537,0,8160,8192,5440,1596,-6144,-102,27,32
2846419892,-2280,7498,-2454,387,-639,-702,-16943,0,-15537,0,8160,8192,6032,1084,-5930,-98,34,32
2846469892,-3476,7538,-2360,71,-205,-7,-15941,0,-15537,0,8160,8192,6206,488,-5648,-98,32,30
2846519892,-2776,7816,-2806,130,-466,-712,0,0,-7,-1,-15939,0,5610,2338,-6148,-104,46,32
2846569892,-1312,7210,-2998,538,-1221,-1540,-16938,0,-15537,0,8160,8192,6376,3360,-5348,-115,75,23
2846619892,-5504,9328,-3472,574,-1289,-1422,-17936,0,-15537,0,8160,8192,3914,-130,-6484,-108,57,14
2846669892,-2084,6224,-1806,60,-447,-339,-16935,0,-15537,0,8160,8192,6220,814,-6076,-99,20,25
2846719892,-4140,7278,-2152,125,-396,-122,0,0,-7,-1,-15934,0,6188,1706,-6182,-108,5,25
2846769892,-4492,7064,-2042,119,-46,382,-15932,0,-15537,0,8160,8192,7142,186,-5262,-98,14,13
2846819892,-6144,8734,-2826,95,246,811,0,0,-7,-1,-15929,0,5208,-920,-6186,-117,62,31
2846869892,-5684,7150,-1532,27,187,687,-15927,0,-15537,0,8160,8192,5010,-368,-6484,-99,87,28
2846919892,-4596,6482,-1136,17,-153,251,0,0,-7,-1,-15925,0,5160,-1392,-5990,-100,99,27
2846969892,-5232,7154,-1426,108,-164,90,-15922,0,-15537,0,8160,8192,4152,-1510,-6880,-89,106,32
2847019892,-5176,6406,-742,39,-232,-57,-15919,0,-15537,0,8160,8192,6096,-1420,-6246,-100,73,23
2847069892,-4846,6412,-436,37,-325,-52,8160,8192,4980,-22094,645,8192,6402,-1324,-5484,-118,29,23
2847119892,-5388,6050,-522,28,80,356,-15913,0,-15537,0,8160,8192,6064,-1748,-5724,-98,22,29
2847169892,-5814,6262,-298,1,473,563,-15912,0,-15537,0,8160,8192,5990,-2396,-5990,-106,-9,26
2847219892,-6382,6462,-306,-86,1093,1091,-15910,0,-15537,0,8160,8192,5530,-2742,-6180,-108,-35,25
2847269892,-5036,5950,28,-324,742,901,-15908,0,-15537,0,8160,8192,6394,-2218,-6526,-101,-14,33
2847319892,-6208,7454,-1256,43,65,137,0,0,-7,-1,-16904,0,5092,-1640,-6244,-104,26,44
2847369892,-6150,8310,-1740,275,-347,-301,0,0,-7,-1,-16901,0,6066,-1842,-6246,-110,20,46
2847419892,-4296,7254,-1620,139,-257,-279,-15899,0,-15537,0,8160,8192,4594,-958,-6616,-118,56,42
2847469892,-1510,5842,-590,131,-207,-99,8160,8192,11764,-22088,645,8192,886,1562,-8724,-119,19,41
2847519892,-4710,8832,-3136,103,9,-3,-16895,0,-15537,0,8160,8192,4212,264,-6726,-116,24,40
2847569892,-2884,7550,-2348,79,13,213,8160,8192,0,0,645,8192,5156,1398,-6394,-118,39,36
2847619892,-3214,8246,-3280,-56,167,304,8160,8192,0,0,645,8192,5342,1964,-6382,-118,50,35
2847669892,-1922,6668,-2118,162,37,347,-15888,0,-15537,0,8160,8192,6138,924,-5890,-109,12,36
2847719892,-2678,7596,-2346,55,83,304,0,0,-7,-1,-16885,0,5862,1690,-5946,-95,24,32
2847769892,-3106,7442,-2554,21,291,630,-16882,0,-15537,0,8160,8192,5298,598,-6490,-95,28,23
2847819892,-2878,7584,-2548,9,-170,30,-16879,0,-15537,0,8160,8192,5318,1492,-6064,-96,21,31
2847869892,-3138,7774,-2682,204,-195,-152,-17877,0,-15537,0,8160,8192,5992,838,-5930,-104,39,30
2847919892,-3378,7610,-2428,256,-285,-150,-15875,0,-15537,0,8160,8192,6068,1122,-5760,-105,53,27
2847969892,-2896,7712,-2660,114,-165,-34,8160,8192,0,0,645,8192,6002,842,-5780,-108,32,24
2848019892,-3392,7506,-2296,-18,203,486,0,0,-7,-1,-15870,0,5906,752,-5864,-103,29,27
2848069892,-3408,7272,-2194,-9,-37,172,-15868,0,-15537,0,8160,8192,5782,428,-6070,-111,18,25
2848119892,-4066,7276,-2020,216,-218,-89,-15866,0,-15537,0,8160,8192,5780,-482,-5928,-106,25,20
2848169892,-3662,7140,-2068,51,-142,53,-17864,0,-15537,0,8160,8192,5992,260,-5668,-104,0,19
2848219892,-3726,7312,-2158,140,-265,-207,-15863,0,-15537,0,8160,8192,6074,372,-5878,-102,2,24
2848269892,-3512,7278,-1942,182,-254,-93,-15860,0,-15537,0,8160,8192,5784,178,-5862,-103,18,26
2848319892,-3484,7292,-2144,79,-136,-9,0,0,-7,-1,-16857,0,6002,282,-5824,-105,29,27
2848369892,-4008,7252,-2058,150,-191,-34,-15856,0,-15537,0,8160,8192,5844,94,-6116,-105,31,29
2848419892,-4068,7160,-1694,141,-205,-137,-17852,0,-15537,0,8160,8192,5570,-230,-6234,-105,21,30
2848469892,-3890,7146,-1774,97,-103,90,-15850,0,-15537,0,8160,8192,6038,-60,-5792,-105,27,31
2848519892,-4004,7322,-2132,95,-132,-4,-15847,0,-15537,0,8160,8192,5842,200,-6194,-106,34,30
2848569892,-3630,7352,-1756,155,-130,61,-16842,0,-15537,0,8160,8192,5750,148,-5982,-108,41,35
2848619892,-3970,7280,-1912,83,45,292,-15841,0,-15537,0,8160,8192,5878,34,-5936,-107,41,34
2848669892,-3638,7282,-2058,60,-64,154,-15839,0,-15537,0,8160,8192,5576,64,-6066,-106,38,33
2848719892,-3800,7268,-2176,94,-130,-15,8160,8192,16580,-22069,645,8192,6010,286,-5930,-101,28,27
2848769892,-3182,7348,-2282,117,-282,-184,-15834,0,-15537,0,8160,8192,5874,1100,-6040,-110,21,32
2848819892,-3628,7486,-2270,221,-318,-245,-15832,0,-15537,0,8160,8192,5656,668,-5964,-102,37,21
2848869892,-3916,7290,-2198,190,-309,-259,-15829,0,-15537,0,8160,8192,5948,246,-5618,-110,33,30
2848919892,-4050,7262,-1832,71,-36,189,0,0,-7,-1,-16825,0,5732,-72,-6212,-104,32,30
2848969892,-4268,7244,-2140,-5,55,312,-15822,0,-15537,0,8160,8192,5678,-98,-5940,-109,30,31
2849019892,-4376,7092,-1672,81,23,295,8160,8192,-11100,-22065,645,8192,6062,-172,-6082,-103,40,37
2849069892,-4092,7236,-2018,91,-228,-181,0,0,-7,-1,-16819,0,5946,474,-6056,-104,50,38
2849119892,-3486,7506,-2416,195,-515,-672,-16817,0,-15537,0,8160,8192,5722,894,-6210,-105,44,34
2849169892,-3484,7562,-2702,302,-716,-895,-15812,0,-15537,0,8160,8192,5516,1514,-6246,-109,36,33
2849219892,-3044,6494,-1830,263,-490,-485,-15810,0,-15537,0,8160,8192,6008,336,-5910,-104,21,34
2849269892,-4046,6936,-2148,110,-116,127,-16807,0,-15537,0,8160,8192,5632,324,-6024,-102,42,26
2849319892,-4578,7406,-2130,74,-36,232,0,0,-7,-1,-15805,0,5530,82,-6572,-99,49,27
2849369892,-4250,8340,-3196,34,-478,-540,0,0,-7,-1,-15803,0,4902,1900,-6112,-96,38,39
2849419892,-4386,7406,-2366,351,-600,-435,8160,8192,-4316,-22059,645,8192,4752,718,-6732,-109,29,24
2849469892,-3344,6444,-1720,78,-298,-145,0,0,-7,-1,-15798,0,4890,900,-6718,-101,35,26
2849519892,-4180,7140,-2020,161,-319,-100,8160,8192,0,0,645,8192,5552,70,-5694,-110,61,27
2849569892,-4158,6158,-1438,151,72,417,8160,8192,0,0,645,8192,6366,190,-5432,-105,50,27
2849619892,-6140,7538,-2324,-5,189,548,-15791,0,-15537,0,8160,8192,5584,42,-6042,-100,56,29
2849669892,-4878,6982,-1806,116,-152,206,-17789,0,-15537,0,8160,8192,5132,-668,-6278,-112,34,29
2849719892,-4836,7064,-1728,86,-174,128,0,0,-7,-1,-16788,0,5586,-684,-6320,-111,10,22
2849769892,-4392,6016,-1338,65,-244,35,0,0,-7,-1,-16786,0,6034,-416,-6026,-102,41,26
2849819892,-5218,7418,-1872,92,-153,103,-15783,0,-15537,0,8160,8192,5906,-238,-5782,-107,33,23
2849869892,-4328,6694,-1604,59,-329,-100,-17780,0,-15537,0,8160,8192,5966,-172,-5746,-100,56,28
2849919892,-4544,6558,-1598,135,-364,-141,-17778,0,-15537,0,8160,8192,6164,-280,-5876,-104,9,28
2849969892,-4358,6572,-1362,93,-120,71,0,0,-7,-1,-15776,0,6248,-460,-6010,-105,14,29
2850019892,-4468,6796,-1198,38,-115,177,0,0,-7,-1,-15773,0,5762,-258,-6158,-98,35,29
2850069892,-5386,6226,-764,128,297,504,-15772,0,-15537,0,8160,8192,6026,-1682,-5948,-101,11,24
2850119892,-6048,6440,-624,-59,576,736,-17770,0,-15537,0,8160,8192,6098,-2248,-5968,-103,19,28
2850169892,-5314,6076,-190,-105,462,686,-15767,0,-15537,0,8160,8192,5696,-1858,-6156,-101,48,39
2850219892,-6024,6286,-774,26,478,603,-17764,0,-15537,0,8160,8192,5338,-2082,-6150,-117,28,30
2850269892,-6012,7064,-1570,-3,137,361,-15762,0,-15537,0,8160,8192,4840,-186,-6930,-111,14,42
2850319892,-5196,7644,-1888,71,-112,46,-15756,0,-15537,0,8160,8192,2648,-78,-7486,-106,46,52
2850369892,-4844,7552,-2190,125,-207,-332,0,0,-7,-1,-15754,0,6722,-676,-5140,-113,17,43
2850419892,-3244,8192,-2472,110,-314,-268,0,0,-7,-1,-16752,0,4382,2250,-6896,-118,39,47
2850469892,-2526,7710,-3114,129,-335,-596,-15749,0,-15537,0,8160,8192,4972,1766,-6648,-103,8,40
2850519892,-2964,8346,-2818,203,153,454,0,0,-7,-1,-15746,0,5494,920,-6376,-115,30,27
2850569892,-3384,7742,-2760,-170,617,1079,-15745,0,-15537,0,8160,8192,5802,1290,-6074,-111,28,30
2850619892,-4056,8304,-3152,-75,355,755,0,0,-7,-1,-16744,0,5384,1228,-6574,-107,13,28
2850669892,-2434,7784,-3032,143,-277,-227,-15743,0,-15537,0,8160,8192,6334,1664,-5556,-100,21,34
2850719892,-2546,7706,-2590,358,-440,-287,-17739,0,-15537,0,8160,8192,5684,844,-6018,-96,49,29
2850769892,-3340,7348,-2050,-13,222,561,-17736,0,-15537,0,8160,8192,5926,208,-6016,-101,28,25
2850819892,-3800,7222,-2224,-135,467,941,0,0,-7,-1,-16735,0,6404,372,-5694,-109,21,27
2850869892,-3390,7488,-2406,25,-42,35,8160,8192,0,0,645,8192,5794,1066,-5874,-104,22,25
2850919892,-3196,7624,-2418,366,-485,-408,8160,8192,-11644,-22036,645,8192,5818,686,-5908,-104,31,22
2850969892,-3426,7486,-1978,113,-175,-58,-15731,0,-15537,0,8160,8192,5878,276,-5998,-109,3,24
2851019892,-4202,7110,-1768,44,115,512,-15728,0,-15537,0,8160,8192,6062,-462,-5876,-104,20,24
2851069892,-4044,7120,-1902,-62,78,263,0,0,-7,-1,-16726,0,5264,-132,-6186,-110,25,24
2851119892,-3478,7300,-2100,149,-211,-105,-15725,0,-15537,0,8160,8192,5736,450,-5844,-106,53,31
2851169892,-3544,7410,-2176,254,-289,-206,-15724,0,-15537,0,8160,8192,6028,154,-5814,-109,57,31
2851219892,-3408,7390,-2326,62,-100,80,-16721,0,-15537,0,8160,8192,5438,520,-6252,-109,18,31
2851269892,-3520,7138,-1998,64,-47,163,0,0,-7,-1,-16719,0,5966,158,-5862,-97,12,24
2851319892,-4058,7356,-2200,104,-209,-130,-15715,0,-15537,0,8160,8192,5666,66,-6186,-103,20,25
2851369892,-3744,7188,-1762,125,-142,56,8160,8192,0,0,645,8192,5994,-284,-5916,-106,20,29
2851419892,-4180,7374,-2020,45,-30,120,8160,8192,0,0,645,8192,5682,-138,-6136,-107,51,35
2851469892,-3754,7242,-2004,103,-61,149,8160,8192,0,0,645,8192,6004,74,-5954,-108,45,34
2851519892,-3636,7330,-2148,79,-90,53,8160,8192,-1468,-22027,645,8192,5574,282,-6114,-110,40,35
2851569892,-3638,7422,-2120,108,-100,93,0,0,-7,-1,-15701,0,5984,150,-5880,-105,40,32
2851619892,-3444,7282,-1978,43,4,196,8160,8192,-32540,-22025,645,8192,5720,162,-6016,-103,43,32
2851669892,-3800,7350,-1902,94,-40,174,8160,8192,17460,-22024,645,8192,5906,-234,-5990,-111,34,36
2851719892,-4126,7384,-1884,37,67,258,-17691,0,-15537,0,8160,8192,5590,-68,-6368,-112,39,36
2851769892,-3564,7382,-2130,105,-113,-5,-15689,0,-15537,0,8160,8192,5846,244,-6068,-103,44,30
2851819892,-3122,7670,-2086,140,-191,-25,-17687,0,-15537,0,8160,8192,5874,326,-5982,-101,26,33
2851869892,-3696,7478,-2028,61,-25,189,0,0,-7,-1,-15685,0,5890,30,-6068,-105,32,34
2851919892,-3320,7738,-2638,56,-131,-52,-15683,0,-15537,0,8160,8192,5756,932,-5980,-106,64,36
2851969892,-3406,7668,-2460,224,-250,-138,-15680,0,-15537,0,8160,8192,6254,576,-5856,-106,44,36
2852019892,-3554,7532,-2304,77,-149,-44,0,0,-7,-1,-15678,0,6042,478,-5778,-106,33,34
2852069892,-2942,7182,-2626,179,-464,-440,-15676,0,-15537,0,8160,8192,5660,1152,-6110,-100,15,27
2852119892,-3060,7428,-2748,409,-818,-1010,-17674,0,-15537,0,8160,8192,6166,1326,-5864,-99,38,32
2852169892,-3014,7804,-2990,378,-989,-1079,-15674,0,-15537,0,8160,8192,5560,1628,-6042,-115,46,26
2852219892,-1780,5822,-2364,177,-845,-1047,-15672,0,-15537,0,8160,8192,4310,866,-6960,-114,14,10
2852269892,-4458,7904,-2620,228,-447,-373,0,0,-7,-1,-16670,0,6406,1520,-5274,-112,48,31
2852319892,-3752,7110,-1944,37,45,395,8160,8192,12100,-22014,645,8192,5704,532,-6376,-99,29,26
2852369892,-4174,6614,-1404,73,121,489,-17665,0,-15537,0,8160,8192,5866,-268,-6164,-108,42,29
2852419892,-4544,6202,-1342,30,108,593,-16663,0,-15537,0,8160,8192,7308,514,-5042,-107,26,21
2852469892,-7150,9396,-2982,101,-87,237,0,0,-7,-1,-15661,0,6792,-614,-5662,-107,34,26
2852519892,-5176,7784,-1884,184,-386,-243,0,0,-7,-1,-15659,0,5836,284,-5876,-96,68,37
2852569892,-4082,6616,-1340,147,-402,-313,-17658,0,-15537,0,8160,8192,5098,-262,-6424,-98,55,23
2852619892,-4864,7118,-1898,106,-324,-74,-15657,0,-15537,0,8160,8192,5688,-610,-6234,-98,28,23
2852669892,-4426,6904,-1536,38,-196,98,0,0,-7,-1,-15655,0,6164,-104,-5948,-98,16,24
2852719892,-5374,6960,-1750,112,13,267,-15652,0,-15537,0,8160,8192,5838,-772,-5946,-99,48,22
2852769892,-5468,7008,-1500,22,105,369,8160,8192,3348,-22007,645,8192,5800,-586,-6088,-108,33,24
2852819892,-5278,6462,-1102,89,-19,329,0,0,-7,-1,-15647,0,5978,-1402,-6022,-101,48,30
2852869892,-5634,6386,-868,51,178,296,-15646,0,-15537,0,8160,8192,6022,-1956,-6094,-108,25,27
2852919892,-5540,6544,-964,23,127,393,0,0,-7,-1,-16644,0,5690,-2270,-6160,-105,20,32
2852969892,-4524,5394,-116,18,307,445,0,0,-7,-1,-16638,0,5566,-1750,-5860,-107,19,34
2853019892,-5280,6326,-870,-24,281,456,-15636,0,-15537,0,8160,8192,6078,-1334,-5828,-117,38,38
2853069892,-3484,5080,-432,-16,95,218,8160,8192,-24332,-22003,645,8192,9636,1194,-2710,-105,0,43
2853119892,-5770,9692,-2566,99,-70,-30,-17631,0,-15537,0,8160,8192,2490,-490,-6314,-109,57,52
2853169892,-4050,7686,-2706,39,-195,-160,8160,8192,10132,-22001,645,8192,4940,744,-6590,-120,27,38
2853219892,-2916,8108,-3162,135,-350,-553,0,0,-7,-1,-15627,0,6384,4122,-4248,-106,8,41
2853269892,-2968,8040,-3022,212,-37,118,8160,8192,0,0,645,8192,4632,2010,-7318,-118,59,23
2853319892,-3860,8416,-3330,1,332,632,0,0,-7,-1,-16620,0,5340,1234,-6250,-110,49,27
2853369892,-3536,8176,-2662,-6,326,705,-17618,0,-15537,0,8160,8192,6300,1500,-5416,-107,31,26
2853419892,-3240,7054,-2236,11,236,443,-16614,0,-15537,0,8160,8192,5712,522,-5764,-104,29,33
2853469892,-3488,7346,-2124,109,-24,247,-15612,0,-15537,0,8160,8192,5494,868,-6388,-103,16,32
2853519892,-3676,7442,-2126,68,46,301,8160,8192,0,0,645,8192,5886,202,-5828,-103,17,24
2853569892,-3582,7502,-2216,49,44,318,-16607,0,-15537,0,8160,8192,5772,300,-6108,-106,24,20
2853619892,-3114,7314,-2372,93,-147,-55,-15607,0,-15537,0,8160,8192,5786,1154,-6062,-107,23,27
2853669892,-3304,7712,-2404,195,-215,11,0,0,-7,-1,-15605,0,5942,864,-5864,-108,15,28
2853719892,-3346,7476,-2144,75,-37,111,-15603,0,-15537,0,8160,8192,6058,228,-5884,-111,26,23
2853769892,-3570,7378,-2014,80,26,307,0,0,-7,-1,-15601,0,5624,482,-6068,-105,38,27
2853819892,-4190,7310,-2048,109,-66,104,-15600,0,-15537,0,8160,8192,5942,-340,-6110,-106,40,29
2853869892,-3470,7400,-2124,112,-222,-193,0,0,-7,-1,-15598,0,5980,268,-5998,-106,39,26
2853919892,-3882,7266,-1890,182,-87,168,-15596,0,-15537,0,8160,8192,5734,60,-5956,-112,41,32
2853969892,-3556,7226,-2204,30,-42,62,-15594,0,-15537,0,8160,8192,5878,254,-5992,-104,42,33
2854019892,-3190,7330,-2128,156,-254,-127,0,0,-7,-1,-15591,0,5786,656,-5998,-102,18,29
2854069892,-3448,7356,-2240,103,-201,-70,-15588,0,-15537,0,8160,8192,5670,440,-6128,-102,17,30
2854119892,-4046,7272,-1934,125,-104,146,8160,8192,-22908,-21987,645,8192,5754,-284,-6142,-106,26,29
2854169892,-4020,7316,-1910,40,-18,175,8160,8192,27092,-21986,645,8192,5828,-226,-5988,-105,40,28
2854219892,-3664,7244,-2024,117,-149,12,-17582,0,-15537,0,8160,8192,5952,260,-5968,-106,38,34
2854269892,-3238,7176,-2052,99,-122,10,8160,8192,-3980,-21985,645,8192,5876,492,-5930,-108,36,32
2854319892,-3464,7350,-2296,67,-58,123,0,0,-7,-1,-16577,0,5806,462,-5946,-104,35,30
2854369892,-4016,7226,-2098,86,-37,197,8160,8192,30484,-21983,645,8192,5834,92,-5868,-104,25,28
2854419892,-3994,7330,-2024,61,-52,158,-16572,0,-15537,0,8160,8192,5742,92,-6098,-111,21,37
2854469892,-3816,7346,-2076,104,-54,160,8160,8192,0,0,645,8192,5572,94,-6068,-98,42,25
2854519892,-3902,7390,-2286,45,-44,174,0,0,-7,-1,-15567,0,5550,-56,-6306,-107,33,32
2854569892,-3870,7332,-2030,16,62,239,8160,8192,-31660,-21980,645,8192,5766,-158,-6156,-111,33,35
2854619892,-4152,7478,-1840,59,74,331,8160,8192,18340,-21979,645,8192,5524,-510,-6122,-107,29,33
2854669892,-3680,7480,-2222,0,76,378,-15561,0,-15537,0,8160,8192,5804,570,-6014,-103,35,34
2854719892,-2718,7294,-2798,128,-347,-367,8160,8192,-12732,-21978,645,8192,5686,1154,-5990,-107,49,30
2854769892,-2458,7636,-2470,403,-641,-731,8160,8192,0,0,645,8192,5982,1194,-5912,-103,46,35
2854819892,-2818,7572,-2310,115,-110,108,0,0,-7,-1,-15555,0,5938,1050,-5850,-100,54,27
2854869892,-3300,7608,-2556,31,-160,-53,8160,8192,6196,-21975,645,8192,5752,942,-5954,-102,30,30
2854919892,-2560,7298,-2762,61,-252,-178,0,0,-7,-1,-16550,0,6030,1922,-5764,-102,22,36
2854969892,-1166,6578,-3152,271,-1007,-1277,-15548,0,-15537,0,8160,8192,5922,2540,-6158,-98,10,29
2855019892,-3576,8338,-3098,654,-1329,-1455,8160,8192,25124,-21973,645,8192,4824,1330,-6146,-107,63,21
2855069892,-4038,7010,-1952,175,-487,-592,-15542,0,-15537,0,8160,8192,7666,2062,-3948,-96,47,22
2855119892,-4566,8156,-2816,42,-242,-39,-16540,0,-15537,0,8160,8192,7426,426,-4778,-96,19,34
2855169893,-4744,7234,-1786,169,28,395,-15539,0,-15537,0,8160,8192,7394,976,-4738,-111,46,21
2855219894,-4324,5980,-1450,-16,90,495,8160,8192,28516,-21970,645,8192,5798,-620,-6138,-99,6,25
2855269892,-3526,4466,-1516,67,-239,237,0,0,-7,-1,-17535,0,8566,-322,-4200,-112,8,20
2855319892,-6018,7268,-2030,188,-258,-71,-18532,0,-15537,0,8160,8192,2266,-2860,-9958,-106,62,22
2855369892,-4626,6554,-1582,85,-407,-103,0,0,-7,-1,-16530,0,6496,-172,-6478,-96,35,17
2855419892,-4586,6286,-1214,79,-162,109,-16528,0,-15537,0,8160,8192,6398,-838,-5746,-94,28,28
2855469892,-5050,6624,-1394,44,-81,187,-18526,0,-15537,0,8160,8192,6592,-982,-5544,-99,11,18
2855519892,-5182,6224,-956,96,-61,187,-16525,0,-15537,0,8160,8192,5542,-1212,-6226,-101,21,33
2855569892,-5774,7366,-1348,24,5,239,-17523,0,-15537,0,8160,8192,5902,-1270,-5950,-95,29,35
2855619892,-5554,6626,-710,118,-37,209,0,0,-7,-1,-16521,0,5896,-1334,-5946,-105,37,28
2855669892,-5416,6436,-942,79,-54,59,-16519,0,-15537,0,8160,8192,5824,-1554,-6082,-109,41,28
2855719892,-5058,6480,-1230,113,-65,24,0,0,-7,-1,-16517,0,5572,-1064,-6168,-108,29,28
2855769892,-4738,6620,-1326,105,26,165,0,0,-7,-1,-16515,0,5218,-1290,-6250,-116,30,22
2855819892,-5648,7646,-1476,57,391,609,-17513,0,-15537,0,8160,8192,5780,-1164,-6202,-110,6,33
2855869892,-5174,6688,-1288,-113,432,622,-16511,0,-15537,0,8160,8192,6860,-1316,-5094,-111,4,34
2855919892,-4326,5634,-278,86,369,594,-16508,0,-15537,0,8160,8192,5926,-1758,-5972,-122,56,29
2855969892,-4486,6412,-686,-86,219,399,-16506,0,-15537,0,8160,8192,4556,-1316,-6448,-105,10,47
2856019892,-2120,5386,-412,109,-256,-498,-16503,0,-15537,0,8160,8192,5808,-888,-5602,-111,14,35
2856069892,-3430,7766,-2522,282,-515,-639,-18501,0,-15537,0,8160,8192,5350,1480,-5976,-106,34,43
2856119892,-2252,8118,-3384,66,-335,-379,-16499,0,-15537,0,8160,8192,3770,1706,-7630,-114,44,32
2856169892,-2166,7694,-2646,111,220,439,0,0,-7,-1,-17497,0,5548,1786,-6184,-115,27,26
2856219892,-2118,6014,-2188,5,236,622,0,0,-7,-1,-16495,0,6974,1644,-5406,-108,24,30
2856269892,-3178,7650,-2696,-26,263,558,-16494,0,-15537,0,8160,8192,6318,1464,-5486,-105,16,32
2856319892,-3006,7344,-2090,114,63,403,8160,8192,0,0,645,8192,5962,1268,-6054,-104,14,32
2856369892,-3338,7254,-2068,36,87,312,0,0,-7,-1,-17490,0,5688,166,-5838,-105,17,25
2856419892,-3318,7494,-2294,46,78,408,0,0,-7,-1,-16488,0,5808,684,-5808,-110,33,24
2856469892,-3164,7400,-2612,81,-171,-144,0,0,-7,-1,-17486,0,5948,902,-5930,-104,40,29
2856519892,-3310,7686,-2290,261,-270,-168,-16484,0,-15537,0,8160,8192,5864,622,-6134,-106,44,30
2856569892,-3632,7300,-2006,51,30,256,-17482,0,-15537,0,8160,8192,5694,392,-6110,-111,45,29
2856619892,-3848,7192,-2010,40,107,359,-18479,0,-15537,0,8160,8192,5888,-28,-5680,-104,68,29
2856669892,-3912,7228,-1866,85,-76,74,8160,8192,0,0,645,8192,5968,132,-5962,-103,47,25
2856719892,-3236,7216,-2168,161,-309,-283,8160,8192,0,0,645,8192,5924,152,-5848,-107,15,26
2856769892,-3446,7594,-2066,141,-141,105,8160,8192,5652,-21946,645,8192,6004,184,-6020,-108,8,28
2856819892,-3746,7426,-2276,24,-18,154,0,0,-7,-1,-16471,0,5622,318,-6260,-105,16,26
2856869892,-3762,7386,-2052,155,-217,-44,-18469,0,-15537,0,8160,8192,5648,152,-6152,-103,10,29
2856919892,-3482,7282,-2038,69,-131,87,8160,8192,24580,-21944,645,8192,5926,422,-5874,-107,10,29
2856969892,-3374,7426,-2380,132,-284,-257,0,0,-7,-1,-17464,0,5922,586,-5992,-101,20,28
2857019892,-3942,7462,-1974,215,-247,-19,0,0,-7,-1,-16463,0,5784,-252,-6104,-103,27,31
2857069892,-3554,7278,-1892,7,25,260,-16461,0,-15537,0,8160,8192,5792,28,-6058,-109,39,36
2857119892,-3918,7142,-1834,111,16,291,-16459,0,-15537,0,8160,8192,5918,-142,-6072,-105,45,35
2857169892,-4034,7314,-2070,101,-144,2,-17456,0,-15537,0,8160,8192,5758,-10,-6176,-106,38,32
2857219892,-3404,7346,-2088,114,-165,-29,-16454,0,-15537,0,8160,8192,6012,346,-5908,-105,34,31
2857269892,-3698,7456,-2142,91,-63,123,0,0,-7,-1,-16453,0,5500,178,-6310,-105,28,30
2857319892,-3510,7248,-1990,57,-41,181,-16452,0,-15537,0,8160,8192,5532,354,-6154,-102,31,29
2857369892,-3802,7444,-2186,121,-122,36,8160,8192,15828,-21937,645,8192,5752,114,-6342,-113,36,40
2857419892,-3828,7370,-1834,92,-33,189,-17449,0,-15537,0,8160,8192,5698,-218,-6122,-97,39,28
2857469892,-3916,7300,-2112,1,39,266,-16446,0,-15537,0,8160,8192,5600,112,-6070,-112,34,39
2857519892,-3830,7298,-1882,99,-10,221,8160,8192,-30780,-21935,645,8192,6022,-2,-5952,-105,36,35
2857569892,-3294,7220,-2264,52,-95,82,-16442,0,-15537,0,8160,8192,5556,146,-6124,-105,41,32
2857619892,-3312,7448,-2086,133,-145,5,0,0,-7,-1,-17440,0,5694,192,-5978,-109,43,37
2857669892,-2968,7460,-2598,89,-190,-131,-16440,0,-15537,0,8160,8192,5992,1128,-5974,-103,49,32
2857719892,-3182,7838,-2508,208,-248,-74,8160,8192,-27388,-21932,645,8192,6020,442,-6066,-104,39,33
2857769892,-3326,7476,-2190,49,-59,96,-16435,0,-15537,0,8160,8192,5838,496,-6290,-105,29,30
2857819892,-4092,7126,-2192,142,-129,85,0,0,-7,-1,-17433,0,5750,40,-6144,-101,30,24
2857869892,-3288,7150,-2050,142,-356,-311,-17430,0,-15537,0,8160,8192,5670,454,-6000,-106,19,37
2857919892,-3044,7594,-2396,253,-478,-451,-17427,0,-15537,0,8160,8192,5814,284,-5866,-99,36,29
2857969892,-3390,7166,-2084,146,-182,-59,8160,8192,26004,-21928,645,8192,6028,534,-5948,-108,42,38
2858019892,-3284,7204,-2350,61,-162,-60,-16424,0,-15537,0,8160,8192,5912,696,-5770,-97,56,28
2858069892,-3600,7480,-2640,202,-455,-601,-16422,0,-15537,0,8160,8192,6162,1510,-5658,-115,46,26
2858119892,-3624,7824,-2710,416,-982,-956,-16421,0,-15537,0,8160,8192,5872,814,-6060,-104,44,20
2858169892,-5270,9198,-3442,229,-505,-629,-16418,0,-15537,0,8160,8192,3950,1454,-6536,-105,32,29
2858219892,-3022,6668,-1908,156,-455,-184,8160,8192,0,0,645,8192,6238,828,-5564,-103,39,25
2858269892,-3812,6544,-1612,60,-8,259,-17412,0,-15537,0,8160,8192,6546,604,-5536,-97,11,27
2858319892,-3800,6772,-1902,137,-285,98,-17410,0,-15537,0,8160,8192,6156,60,-5916,-111,18,25
2858369892,-4408,6754,-1712,208,-410,-200,-17408,0,-15537,0,8160,8192,5970,340,-6062,-97,26,27
2858419892,-4966,6714,-1800,191,-312,-158,8160,8192,17252,-21921,645,8192,5508,-718,-5814,-106,47,28
2858469892,-4024,6260,-1480,70,-179,100,8160,8192,1716,-21920,645,8192,4798,-240,-6804,-113,39,25
2858519892,-4628,7028,-1568,80,6,308,8160,8192,-13820,-21920,645,8192,5694,-128,-5498,-103,39,32
2858569892,-4314,6238,-1134,51,7,305,0,0,-7,-1,-16399,0,6112,-174,-5868,-109,37,26
2858619892,-5126,7158,-1746,50,-183,24,8160,8192,0,0,645,8192,5740,-250,-5846,-107,20,32
2858669892,-5224,6738,-996,159,69,257,8160,8192,5108,-21917,645,8192,5998,-1056,-5746,-101,39,29
2858719892,-5652,6532,-902,8,155,465,0,0,-7,-1,-17395,0,5658,-1376,-5946,-104,44,27
2858769892,-5428,6556,-920,36,99,445,-16393,0,-15537,0,8160,8192,5940,-1698,-5930,-109,33,27
2858819892,-5610,6620,-852,45,186,346,-16391,0,-15537,0,8160,8192,6700,-1386,-5386,-103,15,34
2858869892,-5394,6708,-1274,31,-20,158,-18389,0,-15537,0,8160,8192,5800,-1418,-6444,-110,19,35
2858919892,-6194,8642,-2132,104,24,102,8160,8192,-7036,-21914,645,8192,4112,-1298,-7844,-106,35,41
2858969892,-5804,7838,-2334,6,106,278,-16385,0,-15537,0,8160,8192,4820,-984,-6844,-107,31,50
2859019892,-3980,5606,-1652,76,-52,112,-18383,0,-15537,0,8160,8192,7270,-1160,-5700,-110,28,36
2859069892,-4910,8212,-2382,99,-1,156,8160,8192,11892,-21911,645,8192,5030,-108,-6710,-116,48,38
2859119892,-3534,7148,-2380,18,-70,25,-16379,0,-15537,0,8160,8192,6704,1444,-5744,-102,18,38
2859169892,-3468,8654,-3376,119,-128,-38,8160,8192,-19180,-21910,645,8192,5604,1914,-6592,-117,57,29
2859219892,-2960,8004,-2736,88,120,397,0,0,-7,-1,-17376,0,5326,1042,-6308,-112,42,28
2859269892,-4246,8702,-3274,-48,343,645,-16376,0,-15537,0,8160,8192,5210,1576,-6452,-102,24,28
2859319892,-2488,7216,-2422,28,15,340,8160,8192,-252,-21908,645,8192,5986,1344,-5882,-98,-11,32
2859369892,-2890,7960,-2940,113,-175,-65,0,0,-7,-1,-16371,0,5744,1748,-6196,-103,15,21
2859419892,-3240,7664,-2558,183,-141,48,8160,8192,-31324,-21906,645,8192,5726,876,-6160,-100,29,26
2859469892,-3324,7456,-2262,6,191,473,-16368,0,-15537,0,8160,8192,5780,360,-6036,-101,43,23
2859519892,-3414,7332,-2232,-28,180,494,0,0,-7,-1,-16365,0,5658,634,-6150,-108,40,34
2859569892,-4026,7308,-2064,136,-78,121,-16363,0,-15537,0,8160,8192,5812,-118,-6092,-105,48,32
2859619892,-3786,7222,-1736,111,-66,104,0,0,-7,-1,-17361,0,5798,-178,-5916,-102,51,27
2859669892,-3664,7420,-2348,59,-45,124,8160,8192,22068,-21902,645,8192,5810,364,-5906,-105,39,30
2859719892,-3320,7496,-2288,166,-203,-103,8160,8192,6532,-21901,645,8192,5648,674,-6270,-106,32,26
2859769892,-3348,7492,-2246,108,-120,72,-16353,0,-15537,0,8160,8192,5962,520,-6028,-109,23,27
2859819892,-3766,7288,-1998,108,-44,195,8160,8192,0,0,645,8192,5704,36,-6166,-109,32,24
2859869892,-3838,7306,-2034,68,-69,134,8160,8192,25460,-21899,645,8192,5750,-156,-6064,-111,16,24
2859919892,-3834,7290,-2040,114,-155,-16,8160,8192,0,0,645,8192,5950,96,-6048,-109,19,28
2859969892,-3444,7388,-2040,106,-87,111,8160,8192,-5612,-21898,645,8192,5944,280,-6016,-104,42,28
2860019892,-3568,7506,-2246,128,-136,-88,-16344,0,-15537,0,8160,8192,5888,124,-5934,-105,41,29
2860069892,-3442,7304,-2028,63,-31,281,-16343,0,-15537,0,8160,8192,5944,438,-5880,-109,10,33
2860119892,-3146,7520,-2666,65,-252,-271,-16341,0,-15537,0,8160,8192,5718,864,-6070,-104,10,30
2860169892,-3416,7182,-1770,297,-369,-191,0,0,-7,-1,-16340,0,5806,-376,-6004,-102,18,28
2860219892,-4250,7358,-1892,-28,63,258,-16338,0,-15537,0,8160,8192,5732,-452,-6162,-108,18,29
2860269892,-3946,7168,-1760,107,-83,140,8160,8192,0,0,645,8192,5838,-182,-6020,-109,31,31
2860319892,-3606,7352,-2158,58,-86,34,-16334,0,-15537,0,8160,8192,5810,110,-5934,-108,43,32
2860369892,-3438,7436,-2366,66,-129,13,-16332,0,-15537,0,8160,8192,5990,612,-5970,-108,33,33
2860419892,-3392,7394,-1990,115,-110,71,-16330,0,-15537,0,8160,8192,5976,256,-6038,-104,31,31
2860469892,-3756,7510,-2242,58,-39,173,0,0,-7,-1,-16328,0,5716,54,-6192,-104,42,33
2860519892,-3730,7358,-2032,99,-41,162,-16325,0,-15537,0,8160,8192,6128,-154,-6024,-107,44,35
2860569892,-3756,7182,-1786,91,-40,200,8160,8192,4564,-21888,645,8192,5854,-290,-5886,-109,31,34
2860619892,-3986,7384,-2006,15,55,246,8160,8192,0,0,645,8192,5822,-274,-6346,-106,36,33
2860669892,-3990,7378,-1918,54,74,366,-18320,0,-15537,0,8160,8192,5996,-350,-5962,-107,29,33
2860719892,-3466,7208,-1730,37,35,295,8160,8192,23492,-21886,645,8192,5946,156,-5898,-107,39,40
2860769892,-3044,7292,-2376,110,-224,-171,-16316,0,-15537,0,8160,8192,5978,1170,-5836,-102,27,35
2860819892,-2422,7778,-2700,280,-539,-557,-16314,0,-15537,0,8160,8192,5708,1308,-5980,-103,24,30
2860869892,-2790,7876,-2530,208,-303,-176,-16313,0,-15537,0,8160,8192,6096,998,-5898,-110,19,34
2860919892,-3356,7908,-2814,51,-80,82,-16310,0,-15537,0,8160,8192,5864,776,-6240,-106,25,30
2860969892,-2970,7512,-2222,92,-128,152,8160,8192,11348,-21882,645,8192,6072,550,-5932,-106,12,27
2861019892,-3350,7406,-2084,96,-193,-87,-16306,0,-15537,0,8160,8192,5840,742,-6056,-105,0,28
2861069892,-3486,7766,-2358,225,-500,-437,-16303,0,-15537,0,8160,8192,5858,570,-6042,-103,18,29
2861119892,-3766,7754,-2516,282,-571,-734,-17301,0,-15537,0,8160,8192,6236,584,-5764,-102,51,33
2861169892,-3942,7410,-2028,256,-351,-79,8160,8192,14740,-21879,645,8192,6238,324,-5688,-108,33,26
2861219892,-3832,7518,-2764,43,-338,-448,0,0,-7,-1,-16297,0,5704,780,-6232,-108,48,26
2861269892,-5284,8628,-2990,410,-539,-475,0,0,-7,-1,-16294,0,5086,868,-6578,-98,80,30
2861319892,-3098,6188,-1924,130,-454,-490,-16292,0,-15537,0,8160,8192,5822,600,-6246,-102,68,26
2861369892,-5554,8224,-3082,271,-438,-309,-16290,0,-15537,0,8160,8192,6200,462,-5640,-104,48,33
2861419892,-4626,6888,-1948,147,-278,-90,-18289,0,-15537,0,8160,8192,6118,688,-6202,-110,49,28
2861469892,-4582,7016,-1678,104,-200,39,0,0,-7,-1,-16287,0,4702,-778,-6644,-105,41,34
2861519892,-4562,6890,-1754,93,-83,155,8160,8192,0,0,645,8192,6384,-398,-5362,-111,33,23
2861569892,-4560,6238,-1750,87,-149,271,-16283,0,-15537,0,8160,8192,7766,-370,-5540,-114,5,23
2861619892,-4608,7138,-2034,36,-109,89,-16281,0,-15537,0,8160,8192,5722,-256,-6416,-103,30,24
2861669892,-3870,6116,-1204,119,-151,48,-16280,0,-15537,0,8160,8192,7216,36,-4574,-92,3,27
2861719892,-4420,6868,-1654,32,-252,-94,-18278,0,-15537,0,8160,8192,5342,152,-6118,-103,28,25
2861769892,-4288,6154,-1592,163,-348,-71,0,0,-7,-1,-17276,0,5938,-656,-6030,-98,9,24
2861819892,-4842,6878,-1226,70,16,245,8160,8192,0,0,645,8192,6188,-1074,-5924,-98,31,26
2861869892,-5372,6634,-1096,36,193,580,0,0,-7,-1,-16273,0,5916,-1544,-6110,-105,33,28
2861919892,-5504,6264,-962,-10,269,529,-16271,0,-15537,0,8160,8192,5860,-1692,-6004,-109,40,26
2861969892,-5308,6230,-718,29,197,394,-16269,0,-15537,0,8160,8192,6096,-1662,-5826,-108,30,30
2862019892,-5618,6970,-1378,74,223,315,0,0,-7,-1,-16267,0,6470,-1188,-5308,-115,60,30
2862069892,-5394,7942,-1530,29,66,236,-17265,0,-15537,0,8160,8192,4012,-1542,-7168,-112,33,34
2862119892,-5188,7416,-1732,37,41,161,-18263,0,-15537,0,8160,8192,3726,-920,-8352,-105,25,40
2862169892,-4020,6942,-2550,42,-171,-228,8160,8192,31700,-21864,645,8192,6476,1616,-5296,-103,11,34
2862219892,-3406,7718,-2554,224,-377,-417,0,0,-7,-1,-16261,0,6114,1122,-5540,-115,31,29
2862269892,-3128,7074,-1974,75,69,302,0,0,-7,-1,-16261,0,6456,1306,-5814,-96,12,38
2862319892,-3580,7292,-2538,-67,301,561,-16258,0,-15537,0,8160,8192,5276,694,-6602,-108,30,25
2862369892,-3638,7208,-2214,-75,496,920,-16256,0,-15537,0,8160,8192,6326,338,-6042,-104,-8,34
2862419892,-3256,7142,-1974,-35,265,438,-16255,0,-15537,0,8160,8192,5358,1134,-6770,-105,33,31
2862469892,-2938,7566,-2556,234,-321,-147,0,0,-7,-1,-17253,0,5818,866,-5948,-106,22,37
2862519892,-2978,7732,-2718,185,-269,-204,8160,8192,-11516,-21859,645,8192,5834,980,-5916,-102,32,38
2862569892,-2912,7778,-2438,122,-16,206,-16250,0,-15537,0,8160,8192,5638,1096,-6010,-104,57,27
2862619892,-3456,7208,-2096,7,264,655,-16250,0,-15537,0,8160,8192,5756,388,-6102,-106,48,30
2862669892,-3576,7260,-2280,-57,199,415,-18249,0,-15537,0,8160,8192,6076,414,-5834,-110,32,29
2862719892,-3818,7634,-2180,151,-94,105,0,0,-7,-1,-16247,0,5810,412,-6176,-107,28,28
2862769892,-3492,7378,-2190,81,-100,28,-17245,0,-15537,0,8160,8192,5536,396,-6144,-105,32,28
2862819892,-3382,7562,-2292,149,-199,-55,-16242,0,-15537,0,8160,8192,5758,312,-6060,-113,33,27
2862869892,-3456,7392,-2182,140,-116,-2,-18240,0,-15537,0,8160,8192,5832,360,-5952,-109,47,29
2862919892,-3538,7352,-2066,89,-35,209,-16239,0,-15537,0,8160,8192,5650,162,-5942,-110,39,25
2862969892,-3780,7352,-2046,63,-37,175,-16236,0,-15537,0,8160,8192,5756,174,-5982,-107,22,28
2863019892,-3780,7526,-2186,147,-263,-172,0,0,-7,-1,-16235,0,5778,44,-6110,-112,-3,26
2863069892,-3842,7356,-1762,148,-81,155,0,0,-7,-1,-16232,0,5768,-288,-6028,-99,18,18
2863119892,-3454,7300,-2160,-37,20,234,-16230,0,-15537,0,8160,8192,5780,674,-5952,-106,17,24
2863169892,-3074,7640,-2628,222,-459,-543,-18229,0,-15537,0,8160,8192,5564,808,-6228,-105,26,31
2863219892,-3748,7446,-1562,233,-253,-37,0,0,-7,-1,-16227,0,5930,-520,-5936,-107,17,30
2863269892,-4136,7222,-2050,-98,149,337,8160,8192,17588,-21847,645,8192,5772,-218,-6066,-110,30,34
2863319892,-4048,6950,-1672,168,-100,161,0,0,-7,-1,-16223,0,6058,-122,-5960,-107,23,30
2863369892,-3676,7464,-2126,63,-178,-68,-16142,0,-15537,0,8160,8192,5860,92,-5930,-107,19,27
2863419892,-3444,7428,-1928,118,-41,185,0,0,-7,-1,-16219,0,5908,232,-6124,-104,30,29
2863469892,-3806,7324,-2016,39,12,218,0,0,-7,-1,-16217,0,5702,-38,-6040,-108,35,36
2863519892,-3454,7308,-2048,103,-48,146,8160,8192,0,0,645,8192,5870,396,-6032,-107,48,39
2863569892,-3654,7442,-2044,121,-88,92,-16213,0,-15537,0,8160,8192,5828,204,-5998,-105,46,33
2863619892,-3574,7330,-1948,43,21,244,8160,8192,-25628,-21842,645,8192,5722,-26,-6114,-114,36,38
2863669892,-3644,7270,-1922,29,3,204,0,0,-7,-1,-16208,0,5912,-26,-5852,-105,15,40
2863719892,-3772,7346,-1894,68,8,298,-16206,0,-15537,0,8160,8192,5682,-568,-6076,-102,37,35
2863769892,-3592,7246,-2320,32,-67,-26,-16204,0,-15537,0,8160,8192,5746,570,-6014,-105,55,33
2863819892,-2694,7584,-2532,244,-423,-458,8160,8192,-22236,-21839,645,8192,5924,1308,-6000,-105,58,33
2863869892,-2946,7694,-2370,291,-376,-327,-16200,0,-15537,0,8160,8192,5794,604,-6158,-102,64,30
2863919892,-3318,7554,-2382,33,33,255,8160,8192,0,0,645,8192,5902,300,-6002,-104,53,30
2863969892,-3222,7096,-2168,82,-68,87,0,0,-7,-1,-16195,0,5836,476,-5956,-104,46,33
2864019892,-3212,7166,-2172,172,-197,-22,-16192,0,-15537,0,8160,8192,5700,668,-5890,-101,50,27
2864069892,-3520,7448,-2676,161,-529,-770,0,0,-7,-1,-16190,0,5620,1160,-6148,-104,42,35
2864119892,-3294,7032,-2280,432,-806,-886,-17189,0,-15537,0,8160,8192,5960,652,-5938,-99,31,22
2864169892,-3292,7470,-2508,200,-651,-687,0,0,-7,-1,-16188,0,6270,942,-5654,-109,13,28
2864219892,-3852,7036,-1990,137,-17,130,-16187,0,-15537,0,8160,8192,5356,54,-6580,-103,17,20
2864269892,-5472,9002,-3086,-34,29,459,0,0,-7,-1,-16185,0,6532,-96,-5398,-114,14,24
2864319892,-5048,7822,-2430,-40,89,265,-18183,0,-15537,0,8160,8192,5802,6,-6054,-99,21,32
2864369892,-3800,6884,-1864,233,-467,-425,8160,8192,0,0,645,8192,7462,444,-4784,-95,20,33
2864419892,-3578,5912,-1760,307,-721,-719,-16179,0,-15537,0,8160,8192,6228,570,-5590,-103,32,30
2864469892,-2904,5662,-1540,227,-738,-705,-16177,0,-15537,0,8160,8192,7878,820,-4758,-102,14,27
2864519892,-3310,6162,-2080,155,-518,-497,8160,8192,22404,-21828,645,8192,5788,626,-6088,-109,25,27
2864569892,-4246,7442,-1962,184,-291,-80,-16171,0,-15537,0,8160,8192,5432,786,-6028,-102,26,31
2864619892,-4380,6862,-2026,46,-14,298,0,0,-7,-1,-16170,0,7198,422,-5284,-102,14,19
2864669892,-3860,6436,-1772,82,-84,248,-18168,0,-15537,0,8160,8192,6558,188,-5594,-101,38,34
2864719892,-3916,5314,-1244,62,-65,197,0,0,-7,-1,-16165,0,5928,-148,-5972,-109,24,15
2864769892,-4938,7194,-2072,68,-161,181,-16163,0,-15537,0,8160,8192,6782,134,-5568,-101,14,32
2864819892,-3734,5992,-1606,83,-317,-87,-17161,0,-15537,0,8160,8192,5136,204,-6522,-109,34,20
2864869892,-4320,7170,-1542,163,-205,16,8160,8192,-20812,-21823,645,8192,5924,-182,-6212,-97,24,30
2864919892,-5198,6806,-1608,29,-34,236,8160,8192,29188,-21822,645,8192,5870,-498,-6062,-103,11,31
2864969892,-4966,6108,-852,61,164,549,-16154,0,-15537,0,8160,8192,6034,-988,-5980,-103,24,27
2865019892,-5528,6636,-880,12,226,463,0,0,-7,-1,-16152,0,5924,-1590,-6050,-106,57,26
2865069892,-5472,6480,-852,46,44,214,-18149,0,-15537,0,8160,8192,5744,-1624,-6114,-106,53,28
2865119892,-5256,6558,-966,89,96,148,8160,8192,0,0,645,8192,6128,-1478,-5818,-109,26,33
2865169892,-5090,6698,-1252,60,9,169,-16146,0,-15537,0,8160,8192,5956,-918,-6110,-109,19,33
2865219892,-4710,7060,-1692,70,28,119,8160,8192,1508,-21817,645,8192,6198,-610,-5298,-118,42,34
2865269892,-3532,5794,-1198,58,21,109,-16142,0,-15537,0,8160,8192,6114,-168,-6410,-116,33,33
2865319892,-4590,7854,-2150,64,-20,96,-16140,0,-15537,0,8160,8192,5748,176,-6154,-105,37,47
2865369892,-3868,6180,-1632,72,91,162,8160,8192,0,0,645,8192,6696,28,-5470,-110,28,35
2865419892,-3854,6594,-1360,33,191,395,0,0,-7,-1,-17136,0,5230,-832,-6072,-117,37,36
2865469892,-4420,7498,-2348,-23,176,407,-16134,0,-15537,0,8160,8192,6376,430,-5832,-102,7,43
2865519892,-3632,7344,-2634,46,-57,49,-16131,0,-15537,0,8160,8192,4544,842,-7122,-116,30,29
2865569892,-2580,6780,-1768,99,73,318,0,0,-7,-1,-16129,0,6270,966,-5910,-115,26,31
2865619892,-2456,6022,-1828,13,174,491,-16126,0,-15537,0,8160,8192,7508,610,-4798,-108,5,31
2865669892,-3226,7604,-2486,57,4,270,-16124,0,-15537,0,8160,8192,5612,814,-5964,-103,-4,40
2865719892,-2660,7584,-2796,90,-177,-109,0,0,-7,-1,-16122,0,6258,1748,-5348,-109,9,26
2865769892,-2812,7924,-2900,223,-318,-232,-16120,0,-15537,0,8160,8192,5860,1524,-6120,-105,22,22
2865819892,-2924,7824,-2588,94,53,288,-18117,0,-15537,0,8160,8192,5880,1022,-5980,-98,35,18
2865869892,-3436,7476,-2292,6,174,522,-16115,0,-15537,0,8160,8192,5546,426,-6140,-106,32,31
2865919892,-3824,7476,-2166,23,95,296,-18113,0,-15537,0,8160,8192,5878,378,-5882,-106,48,29
2865969892,-3650,7188,-2108,147,-183,-16,-16111,0,-15537,0,8160,8192,5898,198,-5916,-103,43,23
2866019892,-3902,7164,-1836,144,-164,-21,0,0,-7,-1,-16108,0,5866,-94,-6096,-101,27,25
2866069892,-3544,7336,-2128,62,-131,19,0,0,-7,-1,-17106,0,5736,196,-6088,-101,25,27
2866119892,-3564,7250,-2036,136,-162,-5,8160,8192,-15996,-21804,645,8192,5692,270,-5926,-109,30,31
2866169892,-3548,7240,-2042,108,-140,17,8160,8192,0,0,645,8192,5894,192,-6172,-107,36,29
2866219892,-3526,7290,-2044,111,-128,36,-17099,0,-15537,0,8160,8192,5876,216,-6062,-107,27,26
2866269892,-3656,7334,-2020,101,-159,-10,0,0,-7,-1,-16097,0,5818,142,-5992,-104,15,27
2866319892,-3782,7400,-2148,114,-157,-5,0,0,-7,-1,-16095,0,5806,338,-6188,-104,22,24
2866369892,-3684,7390,-2192,139,-200,-90,-16093,0,-15537,0,8160,8192,5908,318,-5906,-102,40,26
2866419892,-3830,7326,-1938,126,-84,210,0,0,-7,-1,-16090,0,5800,264,-6058,-106,24,27
2866469892,-3310,7296,-2380,76,-233,-179,8160,8192,0,0,645,8192,5784,766,-5914,-103,16,31
2866519892,-3646,7408,-1900,289,-369,-241,8160,8192,-9212,-21798,645,8192,5792,-152,-6022,-103,26,30
2866569892,-3982,7264,-2028,28,-29,129,-16084,0,-15537,0,8160,8192,5834,52,-6012,-105,35,29
2866619892,-4136,7242,-1660,98,24,398,8160,8192,25252,-21796,645,8192,5894,-512,-6040,-107,40,35
2866669892,-4056,7230,-1840,-40,255,507,0,0,-7,-1,-17081,0,5786,-202,-5950,-105,43,33
2866719892,-3866,7216,-2124,93,-82,179,8160,8192,-5820,-21795,645,8192,5752,130,-6012,-111,33,33
2866769892,-3430,7398,-2196,168,-305,-300,-16078,0,-15537,0,8160,8192,5736,388,-5980,-109,33,33
2866819892,-3512,7362,-2052,122,-82,120,8160,8192,28644,-21793,645,8192,5798,222,-6086,-107,28,36
2866869892,-3784,7318,-2126,-23,115,388,0,0,-7,-1,-16074,0,6030,96,-5900,-108,37,33
2866919892,-4036,7260,-1836,100,29,248,0,0,-7,-1,-16072,0,5722,-220,-6070,-107,46,33
2866969892,-3666,7418,-2254,77,-116,65,-17070,0,-15537,0,8160,8192,5702,224,-6150,-109,40,37
2867019892,-3524,7350,-2164,139,-91,106,-18067,0,-15537,0,8160,8192,5794,248,-6038,-105,46,31
2867069892,-3364,7392,-2156,71,-136,26,-18064,0,-15537,0,8160,8192,5846,252,-5970,-105,38,33
2867119892,-3392,7410,-2004,112,-53,176,-18061,0,-15537,0,8160,8192,5856,104,-5988,-110,28,34
2867169892,-3630,7370,-2146,62,-22,173,-16059,0,-15537,0,8160,8192,5950,102,-6102,-101,34,28
2867219892,-3168,7546,-2354,96,-137,-18,-16057,0,-15537,0,8160,8192,5620,674,-5982,-110,28,37
2867269892,-3208,7442,-2138,181,-166,12,-16056,0,-15537,0,8160,8192,5614,420,-5936,-102,47,28
2867319892,-3300,7338,-2420,54,-116,24,0,0,-7,-1,-16054,0,5572,732,-6062,-106,35,31
2867369892,-3376,7436,-2196,130,-213,-115,8160,8192,0,0,645,8192,5840,398,-6104,-104,19,32
2867419892,-3374,7226,-2430,85,-254,-154,-18050,0,-15537,0,8160,8192,5858,666,-6082,-105,29,31
2867469892,-3148,7318,-2218,230,-494,-551,8160,8192,23284,-21783,645,8192,5886,874,-5770,-107,30,33
2867519892,-3930,7672,-2282,305,-510,-470,-16047,0,-15537,0,8160,8192,5826,28,-5952,-102,30,32
2867569892,-3676,7376,-1894,45,-60,115,0,0,-7,-1,-17045,0,5684,-302,-6026,-102,44,32
2867619892,-4210,7034,-1858,8,183,520,8160,8192,0,0,645,8192,5810,-270,-6146,-107,50,28
2867669892,-3954,7100,-2032,7,-57,108,8160,8192,26676,-21780,645,8192,5560,110,-6170,-111,32,29
2867719892,-3740,7280,-2096,227,-452,-510,-16040,0,-15537,0,8160,8192,5978,602,-6024,-106,25,30
2867769892,-3236,7976,-2708,303,-800,-975,-16038,0,-15537,0,8160,8192,5988,1132,-5850,-106,35,30
2867819892,-3298,6860,-2538,366,-819,-853,0,0,-7,-1,-16037,0,5590,780,-6514,-113,41,18
2867869892,-2998,6992,-2560,173,-567,-621,-16034,0,-15537,0,8160,8192,6046,1070,-5862,-103,29,28
2867919892,-1496,5602,-1622,162,-449,-221,0,0,-7,-1,-16032,0,5334,1116,-6660,-99,20,30
2867969892,-4558,7272,-2368,96,-102,102,8160,8192,0,0,645,8192,5682,966,-6162,-90,32,35
2868019892,-4288,6688,-1766,68,56,408,8160,8192,0,0,645,8192,6406,472,-5274,-108,46,22
2868069892,-5118,7068,-1844,83,15,396,-16024,0,-15537,0,8160,8192,6178,790,-5280,-104,31,23
2868119892,-4982,6984,-1926,159,-394,-242,-18024,0,-15537,0,8160,8192,8234,24,-4380,-99,22,29
2868169892,-4418,7332,-1844,249,-457,-191,-16021,0,-15537,0,8160,8192,6210,182,-5714,-108,22,14
2868219892,-3200,5482,-1140,57,-275,15,-16019,0,-15537,0,8160,8192,6898,-494,-6412,-104,2,21
2868269892,-4210,6310,-1084,94,-19,359,0,0,-7,-1,-16018,0,7226,-612,-5350,-103,36,14
2868319892,-5080,6216,-1164,19,142,466,0,0,-7,-1,-16017,0,5842,-918,-6004,-99,33,24
2868369892,-5036,6468,-1420,6,-84,283,-16015,0,-15537,0,8160,8192,5704,-864,-6222,-97,28,29
2868419892,-5616,6672,-818,185,55,188,-17012,0,-15537,0,8160,8192,6016,-1700,-6004,-101,29,26
2868469892,-5542,6458,-1072,-26,75,312,-16011,0,-15537,0,8160,8192,5944,-1596,-6082,-107,32,27
2868519892,-5712,7378,-1690,81,27,251,-16009,0,-15537,0,8160,8192,5932,-1506,-5880,-107,23,30
2868569892,-4990,6476,-1152,46,74,117,-16007,0,-15537,0,8160,8192,6166,-1184,-5782,-108,29,33
2868619892,-4356,5976,-774,88,124,286,8160,8192,-6364,-21766,645,8192,7792,-1292,-4748,-103,21,40
2868669892,-6366,7462,-2132,-58,315,553,8160,8192,-21900,-21765,645,8192,8278,-1904,-4762,-110,24,35
2868719892,-2626,4546,-138,0,209,332,8160,8192,28100,-21764,645,8192,5976,-924,-6610,-111,48,38
2868769892,-4460,6988,-2214,86,-126,-130,-15998,0,-15537,0,8160,8192,7590,616,-5042,-116,36,38
2868819892,-3222,7480,-2490,133,-377,-453,0,0,-7,-1,-15997,0,5840,1560,-5824,-103,21,41
2868869892,-3428,8240,-3068,179,-232,-187,8160,8192,0,0,645,8192,5544,1470,-6062,-115,17,28
2868919892,-2946,7820,-2436,-19,340,690,-15992,0,-15537,0,8160,8192,5460,954,-6246,-116,14,30
2868969892,-3504,7192,-2328,-69,540,939,8160,8192,15956,-21760,645,8192,6768,680,-6036,-107,11,29
2869019892,-3086,7140,-2292,11,126,469,8160,8192,0,0,645,8192,6098,606,-5618,-108,12,32
2869069892,-3410,7410,-2256,131,-84,87,-15986,0,-15537,0,8160,8192,5746,616,-6044,-97,1,32
2869119892,-3160,7378,-2314,145,-155,29,0,0,-7,-1,-15984,0,5682,858,-6192,-111,32,32
2869169892,-3110,7448,-2338,85,-17,260,0,0,-7,-1,-16983,0,6066,828,-5844,-105,30,27
2869219892,-3536,7560,-2318,80,3,176,8160,8192,3812,-21756,645,8192,5764,880,-5994,-107,40,30
2869269892,-2860,7614,-2580,116,-132,30,-15978,0,-15537,0,8160,8192,5886,1044,-6068,-108,50,30
2869319892,-3390,7492,-2124,170,-75,96,-17977,0,-15537,0,8160,8192,6022,338,-5854,-105,61,32
2869369892,-3552,7448,-2204,41,27,256,0,0,-7,-1,-15975,0,5766,456,-5960,-108,57,29
2869419892,-3624,7276,-2138,156,-133,17,8160,8192,7204,-21753,645,8192,5740,110,-6048,-105,48,27
2869469892,-3626,7392,-2140,120,-192,-33,-15971,0,-15537,0,8160,8192,5682,302,-6122,-102,15,27
2869519892,-3800,7306,-2010,122,-168,40,0,0,-7,-1,-15970,0,6030,76,-5986,-105,7,24
2869569892,-3588,7296,-1960,95,-136,31,-15968,0,-15537,0,8160,8192,5864,62,-5924,-109,18,27
2869619892,-3960,7268,-1884,116,-59,140,-16967,0,-15537,0,8160,8192,5694,-228,-6122,-110,37,29
2869669892,-3488,7186,-2128,39,-38,169,-15964,0,-15537,0,8160,8192,5730,512,-5990,-108,32,33
2869719892,-3406,7482,-2172,138,-158,14,-17960,0,-15537,0,8160,8192,5758,590,-6030,-108,28,28
2869769892,-3244,7550,-2380,122,-230,-168,0,0,-7,-1,-16953,0,5880,656,-6042,-102,23,28
2869819892,-3776,7366,-1980,160,-78,161,-15951,0,-15537,0,8160,8192,5778,122,-6010,-104,35,28
2869869892,-3800,7304,-2098,43,-113,61,-15949,0,-15537,0,8160,8192,5832,92,-5962,-105,26,30
2869919892,-4144,7240,-1798,122,-117,90,0,0,-7,-1,-15947,0,5786,-220,-6078,-108,25,30
2869969892,-3790,7264,-2038,71,-125,-36,-15946,0,-15537,0,8160,8192,5746,-32,-6026,-106,40,29
2870019892,-3720,7350,-1924,121,-43,186,0,0,-7,-1,-15944,0,5810,-48,-6068,-106,38,29
2870069892,-3386,7394,-2364,28,-63,56,8160,8192,1844,-21743,645,8192,5800,572,-5988,-107,38,32
2870119892,-3492,7566,-2104,182,-192,-18,8160,8192,0,0,645,8192,5832,250,-5998,-107,33,28
2870169892,-3648,7238,-2042,60,-36,131,-16934,0,-15537,0,8160,8192,5830,128,-5932,-107,35,34
2870219892,-3770,7282,-2046,99,-126,61,0,0,-7,-1,-15931,0,5898,112,-6082,-105,19,31
2870269892,-3818,7366,-2146,84,-139,1,-15929,0,-15537,0,8160,8192,5828,96,-6004,-107,14,33
2870319892,-3890,7428,-2046,97,-66,131,8160,8192,0,0,645,8192,5800,-70,-6248,-103,31,31
2870369892,-3758,7394,-1986,44,9,256,0,0,-7,-1,-16924,0,5720,14,-5854,-107,34,33
2870419892,-3740,7242,-1944,106,-42,148,-15919,0,-15537,0,8160,8192,6088,-118,-5838,-108,42,37
2870469892,-3808,7202,-1768,48,75,337,-15917,0,-15537,0,8160,8192,5986,-38,-6034,-107,38,32
2870519892,-3780,7462,-2158,17,54,290,0,0,-7,-1,-15915,0,5838,-118,-5858,-113,34,41
2870569892,-3232,7528,-2350,69,-88,69,-15913,0,-15537,0,8160,8192,5682,508,-6176,-105,44,34
2870619892,-2806,7622,-2452,194,-315,-248,8160,8192,0,0,645,8192,5654,1102,-5994,-106,28,30
2870669892,-2936,7776,-2510,229,-370,-305,-16909,0,-15537,0,8160,8192,6076,988,-5926,-108,19,39
2870719892,-2806,7476,-2510,111,-185,-56,0,0,-7,-1,-15905,0,5494,876,-6168,-106,38,28
2870769892,-3588,7422,-2364,117,-124,79,0,0,-7,-1,-15903,0,5512,664,-6242,-106,18,29
2870819892,-3576,7458,-2458,98,-351,-379,8160,8192,0,0,645,8192,5326,694,-6260,-109,20,37
2870869892,-3092,7646,-2766,277,-624,-677,0,0,-7,-1,-15899,0,5552,952,-5974,-98,29,31
2870919892,-3714,7796,-2278,294,-520,-475,-15896,0,-15537,0,8160,8192,5772,400,-6224,-109,24,27
2870969892,-3118,7196,-2576,147,-567,-570,0,0,-7,-1,-15894,0,4986,1322,-6580,-106,15,24
2871019892,-3628,7474,-2416,301,-681,-638,8160,8192,-31196,-21729,645,8192,4328,712,-6634,-101,45,36
2871069892,-3188,5686,-1480,160,-315,-206,0,0,-7,-1,-15890,0,6758,416,-5876,-104,49,32
2871119892,-4728,7358,-1986,86,-64,252,-15888,0,-15537,0,8160,8192,6020,-226,-6194,-96,40,34
2871169892,-4518,6632,-1498,90,-3,304,0,0,-7,-1,-15885,0,5664,-434,-6298,-109,56,22
2871219892,-4566,6582,-1624,135,-287,-67,-16884,0,-15537,0,8160,8192,5230,-396,-6330,-102,38,34
2871269892,-4976,7292,-1882,203,-403,-281,-17880,0,-15537,0,8160,8192,5354,-280,-6424,-104,57,20
2871319892,-3460,5574,-1266,154,-376,-148,-17877,0,-15537,0,8160,8192,5562,-578,-6526,-110,43,17
2871369892,-3172,5614,-1492,78,-297,-82,-15875,0,-15537,0,8160,8192,7316,-108,-5034,-103,34,18
2871419892,-5940,8314,-2572,135,-169,69,-15872,0,-15537,0,8160,8192,4584,-300,-6736,-103,53,23
2871469892,-5338,7630,-2174,39,-122,91,8160,8192,0,0,645,8192,5202,328,-6184,-98,34,30
2871519892,-4990,7030,-1916,87,-119,132,-17865,0,-15537,0,8160,8192,5272,-162,-6118,-99,19,26
2871569892,-4786,6846,-1724,44,-91,175,0,0,-7,-1,-16862,0,6214,-244,-5772,-98,19,26
2871619892,-4938,6716,-1208,126,2,316,0,0,-7,-1,-15860,0,5686,-1250,-6164,-99,46,26
2871669892,-5444,6432,-936,14,264,565,8160,8192,0,0,645,8192,6044,-1360,-5910,-105,26,29
2871719892,-5392,6534,-1076,39,34,329,0,0,-7,-1,-15857,0,5826,-1324,-6064,-107,21,26
2871769892,-5020,6674,-1170,145,-34,-6,8160,8192,0,0,645,8192,6232,-1308,-5782,-109,26,32
2871819892,-4582,6022,-860,81,61,239,8160,8192,-17628,-21717,645,8192,6420,-1092,-5934,-111,55,34
2871869892,-5732,7714,-1642,-53,366,510,8160,8192,32372,-21716,645,8192,4858,-1024,-6262,-108,40,39
2871919892,-5132,7310,-1582,-19,239,455,0,0,-7,-1,-15848,0,5256,-1884,-7478,-106,35,45
2871969892,-4500,7024,-2040,6,-31,-18,8160,8192,1300,-21714,645,8192,6152,332,-5684,-105,10,44
2872019892,-3674,7508,-2098,182,-299,-307,0,0,-7,-1,-15842,0,4634,222,-6352,-119,39,32
2872069892,-4246,8144,-2968,69,-90,7,-15840,0,-15537,0,8160,8192,6236,714,-5620,-115,41,33
2872119892,-2290,6894,-2338,39,82,341,0,0,-7,-1,-16838,0,7008,1026,-5250,-116,21,27
2872169892,-3632,7820,-3052,-47,384,709,8160,8192,4692,-21711,645,8192,6878,630,-4936,-111,18,31
2872219892,-2650,6836,-2324,11,89,288,-16834,0,-15537,0,8160,8192,6478,1156,-5550,-104,20,33
2872269892,-3092,7582,-2510,168,-142,17,-15833,0,-15537,0,8160,8192,5986,1060,-6108,-102,21,39
2872319892,-3116,7456,-2416,103,-20,117,-15830,0,-15537,0,8160,8192,5782,970,-6160,-110,31,29
2872369892,-3632,7414,-2322,63,158,498,-15826,0,-15537,0,8160,8192,5866,302,-5980,-106,26,32
2872419892,-3454,7372,-2320,-63,248,620,8160,8192,0,0,645,8192,5900,372,-5964,-107,22,28
2872469892,-3276,7420,-2414,32,-24,180,-15821,0,-15537,0,8160,8192,5780,812,-6010,-105,20,28
2872519892,-2814,7482,-2482,186,-308,-248,-15819,0,-15537,0,8160,8192,5768,1060,-5992,-104,36,30
2872569892,-3144,7782,-2596,204,-306,-157,0,0,-7,-1,-15812,0,5754,688,-6090,-108,26,28
2872619892,-3308,7466,-2270,123,-95,80,0,0,-7,-1,-15810,0,5842,244,-5904,-104,60,25
2872669892,-4048,7142,-1832,80,82,371,-15805,0,-15537,0,8160,8192,5858,-222,-5952,-101,61,27
2872719892,-3916,7424,-1798,54,-36,198,-17803,0,-15537,0,8160,8192,5862,-168,-6038,-105,34,29
2872769892,-3692,7418,-1830,189,-201,-112,-16801,0,-15537,0,8160,8192,5926,120,-5928,-107,22,27
2872819892,-3308,7494,-2246,181,-222,-125,-15798,0,-15537,0,8160,8192,5866,462,-6036,-103,48,25
2872869892,-3674,7372,-2082,159,-91,107,-15794,0,-15537,0,8160,8192,5768,8,-6016,-108,41,25
2872919892,-3742,7356,-2220,16,-13,187,8160,8192,-31740,-21700,645,8192,5778,142,-6150,-107,27,25
2872969892,-3838,7174,-2056,114,-145,64,0,0,-7,-1,-15789,0,5834,150,-5916,-109,14,27
2873019892,-3550,7378,-2098,109,-181,-57,0,0,-7,-1,-15787,0,5834,136,-5974,-105,18,26
2873069892,-3404,7400,-2266,78,-116,61,0,0,-7,-1,-15785,0,5692,440,-6050,-106,20,28
2873119892,-3706,7432,-2136,115,-167,-43,8160,8192,-28348,-21697,645,8192,5822,204,-6076,-109,7,31
2873169892,-3704,7292,-2004,112,-136,98,-15776,0,-15537,0,8160,8192,5770,86,-5970,-109,24,28
2873219892,-3880,7290,-1910,95,-91,55,8160,8192,6116,-21695,645,8192,5778,-118,-6036,-103,33,30
2873269892,-3708,7260,-1876,89,-85,110,0,0,-7,-1,-15772,0,5994,22,-5834,-108,31,37
2873319892,-3504,7402,-2252,49,-109,0,-17770,0,-15537,0,8160,8192,5826,458,-5962,-104,27,30
2873369892,-3498,7366,-2172,117,-158,56,0,0,-7,-1,-16768,0,5786,240,-6062,-108,14,38
2873419892,-3738,7294,-1984,71,-56,122,8160,8192,0,0,645,8192,5828,4,-6098,-105,16,30
2873469892,-3834,7312,-2020,88,-130,50,8160,8192,-6028,-21692,645,8192,5710,98,-6152,-106,18,34
2873519892,-3830,7432,-2072,99,-78,84,-15762,0,-15537,0,8160,8192,5638,-18,-6032,-110,35,34
2873569892,-3718,7476,-1964,60,-31,138,-17760,0,-15537,0,8160,8192,5612,68,-5972,-107,38,34
2873619892,-3576,7384,-2298,66,-75,79,-15757,0,-15537,0,8160,8192,5972,402,-5920,-105,55,34
2873669892,-3236,7316,-2286,132,-155,-62,-15755,0,-15537,0,8160,8192,5766,610,-6220,-103,61,33
2873719892,-3428,7672,-2320,132,-166,-43,-15752,0,-15537,0,8160,8192,5912,756,-5914,-105,46,37
2873769892,-3220,7252,-2384,166,-314,-305,-15749,0,-15537,0,8160,8192,5790,988,-5988,-102,52,31
2873819892,-3276,7322,-2000,317,-524,-508,0,0,-7,-1,-16746,0,5948,366,-5934,-99,46,29
2873869892,-3890,7630,-2590,192,-456,-509,-17743,0,-15537,0,8160,8192,5582,594,-6256,-103,28,30
2873919892,-2764,7436,-2576,180,-576,-510,-15742,0,-15537,0,8160,8192,5700,1282,-6220,-110,17,26
2873969892,-3892,7508,-2264,254,-324,-190,0,0,-7,-1,-15738,0,5420,594,-6416,-100,38,24
2874019892,-3280,6178,-1590,42,-85,70,-15736,0,-15537,0,8160,8192,4658,576,-6888,-105,34,30
2874069892,-3916,6584,-1680,84,-118,109,-15734,0,-15537,0,8160,8192,5412,602,-6138,-106,59,25
2874119892,-3680,6606,-1494,91,-221,-94,0,0,-7,-1,-15732,0,6546,456,-5480,-98,49,30
2874169892,-2120,4024,-882,214,-538,-360,-16730,0,-15537,0,8160,8192,7782,340,-4956,-101,25,27
2874219892,-4502,7292,-1990,193,-514,-444,-17727,0,-15537,0,8160,8192,5644,198,-5942,-105,48,26
2874269892,-4074,6474,-1822,175,-471,-389,8160,8192,7540,-21679,645,8192,7008,-44,-5516,-107,30,28
2874319892,-4264,6800,-1830,136,-193,14,-15723,0,-15537,0,8160,8192,6138,88,-5812,-102,27,27
2874369892,-5328,7240,-2448,77,-80,193,-17721,0,-15537,0,8160,8192,5582,-140,-6596,-105,12,34
2874419892,-5168,7152,-2188,79,-78,182,-15719,0,-15537,0,8160,8192,6326,-222,-5716,-104,11,27
2874469892,-4256,6442,-1436,109,-111,48,-15718,0,-15537,0,8160,8192,4380,-234,-7112,-105,38,26
2874519892,-5414,7498,-1640,82,-62,88,0,0,-7,-1,-15716,0,5924,-262,-5794,-100,35,27
2874569892,-4678,6740,-1840,89,-172,85,8160,8192,0,0,645,8192,6378,-142,-5698,-96,42,23
2874619892,-5026,6870,-1508,121,-7,187,-15712,0,-15537,0,8160,8192,5384,-788,-6296,-98,50,28
2874669892,-4966,6588,-1354,19,47,365,-15710,0,-15537,0,8160,8192,5890,-692,-6046,-104,23,26
2874719892,-5090,6578,-1240,68,-19,267,-15709,0,-15537,0,8160,8192,5914,-1142,-5916,-104,20,24
2874769892,-5554,6640,-904,96,186,379,0,0,-7,-1,-15706,0,5878,-1416,-6132,-102,13,25
2874819892,-5002,6262,-980,36,34,218,0,0,-7,-1,-16704,0,5548,-1184,-6314,-111,39,30
2874869892,-4482,6078,-630,143,110,221,-15702,0,-15537,0,8160,8192,7308,-1040,-5010,-102,39,45
2874919892,-2718,3910,166,-46,207,418,-15700,0,-15537,0,8160,8192,6518,-1100,-5442,-108,37,35
2874969892,-5488,7392,-1664,-27,355,579,-15699,0,-15537,0,8160,8192,7084,-854,-6130,-115,42,40
2875019892,-3888,6550,-1968,-34,-52,-24,-16695,0,-15537,0,8160,8192,4340,-386,-7250,-111,46,44
2875069892,-3178,7092,-2076,213,-351,-491,-15694,0,-15537,0,8160,8192,6138,414,-6054,-110,37,43
2875119892,-2650,6554,-1544,124,-56,25,0,0,-7,-1,-16691,0,5864,842,-5822,-119,38,35
2875169892,-1566,6000,-1532,-82,388,751,-15689,0,-15537,0,8160,8192,8216,598,-4508,-112,-5,32
2875219892,-3046,6608,-1802,-128,608,933,0,0,-7,-1,-15687,0,6214,304,-6428,-110,10,35
2875269892,-3470,7446,-2640,81,-42,166,8160,8192,0,0,645,8192,5544,1242,-6274,-104,5,34
2875319892,-2886,7482,-2830,221,-347,-195,8160,8192,8964,-21663,645,8192,5860,1434,-5966,-106,10,33
2875369892,-2682,7898,-2660,169,-196,-11,8160,8192,0,0,645,8192,5562,1364,-6002,-112,41,30
2875419892,-2908,7490,-2408,50,113,453,-17673,0,-15537,0,8160,8192,5812,860,-6032,-105,30,29
2875469892,-3436,7490,-2344,-51,295,656,-16670,0,-15537,0,8160,8192,5962,728,-6034,-106,31,31
2875519892,-3548,7336,-2178,45,38,287,-15668,0,-15537,0,8160,8192,5924,562,-5940,-106,34,29
2875569892,-3510,7554,-2264,155,-170,-59,-15666,0,-15537,0,8160,8192,5656,408,-6058,-107,48,29
2875619892,-3470,7504,-2028,156,-139,9,-15662,0,-15537,0,8160,8192,5870,312,-6208,-106,52,30
2875669892,-3438,7394,-2098,94,-58,132,-15661,0,-15537,0,8160,8192,5874,300,-6104,-109,44,26
2875719892,-3444,7432,-2256,104,-162,-29,8160,8192,0,0,645,8192,5804,388,-5944,-105,34,24
2875769892,-3764,7256,-2076,164,-170,23,8160,8192,212,-21656,645,8192,5650,-72,-6010,-109,26,25
2875819892,-3624,7400,-2208,57,-181,-88,8160,8192,-15324,-21656,645,8192,5752,114,-6040,-103,12,28
2875869892,-3722,7254,-2124,107,-126,76,0,0,-7,-1,-15653,0,5748,74,-6086,-106,9,26
2875919892,-3564,7402,-2162,75,-212,-117,8160,8192,19140,-21654,645,8192,5720,412,-6090,-102,17,25
2875969892,-3560,7354,-2214,191,-288,-129,-15647,0,-15537,0,8160,8192,5902,324,-5932,-105,21,28
2876019892,-3668,7286,-2098,89,-153,-7,-15645,0,-15537,0,8160,8192,5882,-44,-5968,-103,24,31
2876069892,-3792,7284,-2106,86,-134,16,8160,8192,-27468,-21652,645,8192,5886,214,-6002,-105,26,28
2876119892,-4144,7304,-1904,152,-173,-17,8160,8192,22532,-21651,645,8192,5816,-338,-6062,-105,27,27
2876169892,-3710,7284,-2138,56,-110,49,8160,8192,6996,-21650,645,8192,5756,178,-6064,-107,31,28
2876219892,-3674,7282,-2338,110,-189,-95,0,0,-7,-1,-15638,0,5800,490,-6050,-103,35,30
2876269892,-3656,7330,-2038,158,-190,-30,-17634,0,-15537,0,8160,8192,5822,100,-6058,-106,38,29
2876319892,-4014,7194,-1930,80,-36,171,-16633,0,-15537,0,8160,8192,5738,-196,-6032,-106,39,31
2876369892,-3928,7190,-2012,71,-91,59,8160,8192,10388,-21647,645,8192,5882,62,-6020,-107,25,33
2876419892,-3842,7298,-2074,110,-140,34,8160,8192,-5148,-21647,645,8192,5908,146,-5964,-106,25,30
2876469892,-3612,7334,-2166,75,-82,62,-15627,0,-15537,0,8160,8192,5862,208,-5926,-103,33,28
2876519892,-3720,7290,-2072,88,-59,160,0,0,-7,-1,-16624,0,5852,144,-6026,-107,37,35
2876569892,-3778,7206,-1986,69,-48,145,-15621,0,-15537,0,8160,8192,5798,80,-6110,-105,35,32
2876619892,-3822,7308,-2008,96,-78,100,0,0,-7,-1,-16619,0,5810,20,-6000,-107,39,31
2876669892,-3826,7362,-2112,69,-23,190,-15618,0,-15537,0,8160,8192,5874,156,-5936,-112,38,32
2876719892,-3842,7412,-1816,104,4,231,0,0,-7,-1,-15615,0,5922,-104,-6014,-106,38,34
2876769892,-3618,7408,-2052,4,41,302,0,0,-7,-1,-15611,0,5880,22,-5936,-109,28,39
2876819892,-3592,7388,-2052,61,-11,228,0,0,-7,-1,-15609,0,5532,102,-6056,-105,35,31
2876869892,-3868,7502,-2028,89,-49,126,-17607,0,-15537,0,8160,8192,6126,-114,-6078,-110,42,36
2876919892,-3790,7318,-1988,33,81,236,0,0,-7,-1,-15604,0,5808,246,-6164,-105,40,32
2876969892,-3138,7524,-2392,89,-189,-75,8160,8192,0,0,645,8192,5604,440,-6006,-108,25,34
2877019892,-3250,7456,-2120,115,-87,73,-15600,0,-15537,0,8160,8192,5824,294,-5994,-108,19,31
2877069892,-3402,7262,-2036,44,4,308,-15597,0,-15537,0,8160,8192,5804,204,-6088,-103,23,30
2877119892,-3300,7446,-2226,43,-50,76,-15595,0,-15537,0,8160,8192,5766,462,-5996,-110,26,35
2877169892,-3300,7370,-2158,145,-139,34,-15594,0,-15537,0,8160,8192,5822,312,-5958,-102,31,27
2877219892,-3342,7508,-2432,76,-153,-35,0,0,-7,-1,-16593,0,5770,546,-6000,-109,22,33
2877269892,-3162,7596,-2292,142,-222,-62,-16590,0,-15537,0,8160,8192,5656,642,-6162,-102,28,25
2877319892,-2916,7374,-2372,137,-295,-214,-15588,0,-15537,0,8160,8192,5870,656,-5986,-107,39,28
2877369892,-3270,7616,-2500,174,-326,-208,0,0,-7,-1,-15586,0,5844,560,-5954,-102,46,27
2877419892,-3458,7244,-2028,228,-440,-392,-15585,0,-15537,0,8160,8192,6048,-10,-5798,-103,34,34
2877469892,-3822,7752,-2610,-11,-100,-69,0,0,-7,-1,-16582,0,5752,326,-6124,-104,34,30
2877519892,-3406,7426,-2298,51,-228,-61,0,0,-7,-1,-16579,0,5678,686,-6136,-101,34,27
2877569892,-3788,7470,-2208,156,-276,-259,0,0,-7,-1,-15577,0,6040,434,-5922,-107,33,26
2877619892,-3992,7234,-2174,393,-725,-743,8160,8192,0,0,645,8192,6018,486,-5986,-104,43,18
2877669892,-3580,7120,-2112,207,-569,-672,0,0,-7,-1,-15571,0,5282,882,-6050,-102,46,33
2877719892,-3658,6932,-1872,152,-329,-161,8160,8192,0,0,645,8192,5236,326,-6344,-101,25,29
2877769892,-4008,7468,-2520,16,-46,234,8160,8192,-31404,-21626,645,8192,5756,632,-6056,-103,41,32
2877819892,-3640,7072,-1944,130,-180,50,8160,8192,0,0,645,8192,5986,886,-5866,-95,39,37
2877869892,-4468,7444,-2078,224,-495,-346,8160,8192,3060,-21624,645,8192,4656,340,-6838,-102,32,28
2877919892,-4216,7188,-1960,242,-615,-570,8160,8192,-12476,-21624,645,8192,5682,232,-6208,-108,49,23
2877969892,-4638,6910,-1870,222,-407,-274,-16559,0,-15537,0,8160,8192,6524,-154,-5456,-100,49,23
2878019892,-4288,6950,-1844,71,-106,108,-15554,0,-15537,0,8160,8192,6424,30,-5542,-104,46,24
2878069892,-4364,6578,-2200,94,-189,230,-16551,0,-15537,0,8160,8192,7952,-44,-5104,-103,8,17
2878119892,-3714,6584,-1500,53,-136,89,0,0,-7,-1,-16549,0,3948,950,-6440,-100,49,27
2878169892,-4074,6090,-1330,108,-245,-64,-15547,0,-15537,0,8160,8192,6176,82,-5744,-96,28,20
2878219892,-5154,7174,-1698,94,-46,205,0,0,-7,-1,-16546,0,5416,-568,-6244,-94,29,27
2878269892,-5096,6610,-1164,10,149,538,0,0,-7,-1,-16544,0,6422,-1100,-5964,-101,38,19
2878319892,-4896,5402,-508,-7,232,564,8160,8192,0,0,645,8192,5946,-1508,-5904,-103,37,23
2878369892,-5588,6548,-940,-4,125,427,-17539,0,-15537,0,8160,8192,5786,-1310,-6042,-106,29,29
2878419892,-5656,6544,-952,49,102,276,0,0,-7,-1,-16537,0,6202,-1626,-5818,-104,13,29
2878469892,-5688,7050,-1284,68,12,143,0,0,-7,-1,-16531,0,6148,-1332,-5888,-110,18,31
2878519892,-5254,6502,-1338,82,32,243,8160,8192,-2300,-21615,645,8192,6186,-1168,-6026,-111,46,33
2878569892,-5666,7972,-1600,-2,259,340,8160,8192,-17836,-21614,645,8192,3216,-1724,-7406,-112,43,40
2878619892,-5096,7068,-1928,-28,194,328,8160,8192,0,0,645,8192,6736,-578,-4848,-98,45,47
2878669892,-4336,7356,-2052,44,-46,-64,-16522,0,-15537,0,8160,8192,5568,-294,-5410,-114,65,41
2878719892,-3012,6596,-1798,135,-196,-208,-18520,0,-15537,0,8160,8192,5142,812,-6276,-106,42,47
2878769892,-3736,7582,-2794,81,-1,83,0,0,-7,-1,-17518,0,7844,652,-4740,-119,26,32
2878819892,-2836,7582,-2698,-52,343,641,0,0,-7,-1,-17516,0,4890,794,-7136,-116,45,32
2878869892,-3066,7268,-2222,-31,250,534,8160,8192,20020,-21609,645,8192,5176,1468,-6816,-111,10,37
2878919892,-3128,8018,-2728,82,-92,97,0,0,-7,-1,-16510,0,6270,1304,-5472,-104,3,39
2878969892,-2290,7174,-2456,197,-193,-36,-18509,0,-15537,0,8160,8192,5698,1172,-5912,-114,35,27
2879019892,-2814,7666,-2730,107,-68,127,-18507,0,-15537,0,8160,8192,5642,1370,-6116,-104,24,23
2879069892,-2896,7532,-2466,77,71,383,0,0,-7,-1,-16504,0,5734,1048,-6086,-105,18,27
2879119892,-3370,7548,-2434,14,137,398,8160,8192,7876,-21605,645,8192,5672,738,-5994,-110,32,31
2879169892,-3402,7456,-2450,117,-145,-19,-17501,0,-15537,0,8160,8192,5802,756,-6012,-103,62,29
2879219892,-3688,7210,-2040,243,-269,-228,-16498,0,-15537,0,8160,8192,5778,12,-6128,-100,65,24
2879269892,-3866,7108,-1810,112,-186,-28,-18495,0,-15537,0,8160,8192,5878,-484,-5972,-103,23,25
2879319892,-3972,7300,-1778,35,45,343,0,0,-7,-1,-17493,0,6006,-308,-6036,-99,4,26
2879369892,-3712,7268,-2076,45,-47,145,8160,8192,-4268,-21602,645,8192,5846,310,-5980,-104,8,25
2879419892,-3792,7310,-2116,198,-256,-94,-18488,0,-15537,0,8160,8192,5562,158,-6178,-110,16,26
2879469892,-3496,7478,-2220,140,-220,-131,0,0,-7,-1,-16486,0,5698,148,-6030,-108,31,34
2879519892,-3812,7308,-1842,96,-9,280,-18484,0,-15537,0,8160,8192,5806,0,-6098,-108,39,29
2879569892,-3736,7166,-2018,65,-92,40,8160,8192,-876,-21599,645,8192,5708,182,-6108,-106,39,26
2879619892,-3674,7476,-2070,156,-228,-88,0,0,-7,-1,-16479,0,5728,90,-6004,-107,17,27
2879669892,-3546,7342,-2150,56,-102,17,0,0,-7,-1,-16476,0,5752,390,-6076,-109,16,29
2879719892,-3750,7302,-1990,129,-111,96,8160,8192,18052,-21596,645,8192,5832,144,-5988,-103,29,26
2879769892,-3876,7210,-1982,105,-120,22,-16471,0,-15537,0,8160,8192,5778,-70,-5986,-103,38,28
2879819892,-3760,7336,-2152,101,-157,-17,0,0,-7,-1,-16468,0,5772,246,-6006,-106,35,31
2879869892,-3748,7298,-2064,121,-148,-11,-16466,0,-15537,0,8160,8192,5744,98,-6016,-103,30,29
2879919892,-3810,7328,-1990,84,-72,115,8160,8192,0,0,645,8192,5804,106,-6056,-108,39,28
2879969892,-4050,7340,-1948,98,-53,161,0,0,-7,-1,-16461,0,5928,-140,-6026,-106,30,31
2880019892,-3750,7272,-2032,62,-68,104,0,0,-7,-1,-16459,0,5744,68,-6006,-109,31,33
2880069892,-3510,7302,-2182,87,-77,96,8160,8192,-25164,-21591,645,8192,5714,414,-6080,-105,41,31
2880119892,-3712,7336,-1988,103,-30,209,8160,8192,24836,-21590,645,8192,5676,-22,-6220,-107,43,33
2880169892,-3772,7284,-2014,45,25,212,8160,8192,9300,-21589,645,8192,5710,-2,-5976,-107,45,35
2880219892,-3818,7216,-2004,84,-25,172,-16451,0,-15537,0,8160,8192,5764,-172,-6068,-108,44,33
2880269892,-3592,7442,-2096,73,-62,128,-17449,0,-15537,0,8160,8192,5792,216,-6014,-106,38,33
2880319892,-3536,7414,-2216,77,-43,160,-17448,0,-15537,0,8160,8192,5826,296,-6106,-110,40,35
2880369892,-3690,7404,-2030,94,-1,231,8160,8192,12692,-21586,645,8192,5998,256,-5938,-105,37,37
2880419892,-3510,7474,-2216,80,-61,164,8160,8192,0,0,645,8192,5978,234,-5972,-102,34,36
2880469892,-3396,7396,-2096,103,-123,25,-16441,0,-15537,0,8160,8192,5784,126,-6034,-105,30,32
2880519892,-3330,7526,-2116,82,-83,65,0,0,-7,-1,-16439,0,5810,210,-6010,-106,30,34
2880569892,-3260,7486,-2258,89,-79,98,-16437,0,-15537,0,8160,8192,5930,360,-6060,-104,44,30
2880619892,-3406,7466,-2144,111,-92,121,8160,8192,548,-21582,645,8192,5750,306,-5950,-107,42,33
2880669892,-3290,7458,-2184,89,-97,27,0,0,-7,-1,-16432,0,5778,268,-6040,-105,34,30
2880719892,-3414,7468,-2160,113,-116,67,0,0,-7,-1,-16430,0,5800,306,-6030,-107,28,31
2880769892,-3184,7284,-2320,86,-179,-91,-17428,0,-15537,0,8160,8192,5782,626,-5964,-101,21,24
2880819892,-3144,7480,-2354,142,-289,-232,0,0,-7,-1,-16425,0,5600,646,-6162,-107,28,31
2880869892,-3328,7458,-2368,159,-315,-259,8160,8192,0,0,645,8192,5678,592,-6036,-107,32,26
2880919892,-3166,7284,-2318,225,-577,-697,8160,8192,-27132,-21578,645,8192,5844,834,-6022,-103,39,33
2880969892,-2734,6794,-2428,217,-506,-544,8160,8192,22868,-21577,645,8192,6362,1032,-5626,-99,12,28
2881019892,-3574,7808,-2396,139,-351,-224,8160,8192,0,0,645,8192,5754,616,-6136,-108,7,25
2881069892,-3682,7584,-2114,130,-171,-69,-16179,0,-15537,0,8160,8192,5480,942,-5974,-109,29,28
2881119892,-3412,6008,-1598,204,-385,-227,8160,8192,0,0,645,8192,6820,-18,-5336,-105,28,21
2881169892,-4780,7660,-2420,90,-259,-254,0,0,-7,-1,-16410,0,5352,180,-6356,-108,54,26
2881219892,-3970,6882,-1788,215,-454,-348,-16408,0,-15537,0,8160,8192,5416,-46,-6338,-97,29,37
2881269892,-3998,6674,-1874,171,-504,-401,8160,8192,0,0,645,8192,6160,-6,-5988,-105,14,27
2881319892,-4454,7056,-2024,212,-508,-440,-16404,0,-15537,0,8160,8192,6332,252,-5884,-106,36,28
2881369892,-3298,6360,-1602,145,-329,-39,-16402,0,-15537,0,8160,8192,5698,712,-6484,-101,38,21
2881419892,-4618,7140,-1600,130,-146,119,-16399,0,-15537,0,8160,8192,7162,-336,-5306,-100,39,24
2881469892,-4884,6166,-1430,58,209,498,-16397,0,-15537,0,8160,8192,5738,-296,-5928,-101,38,24
2881519892,-4414,5848,-1066,24,97,427,-17395,0,-15537,0,8160,8192,6028,-706,-5792,-100,42,21
2881569892,-5686,7428,-1672,102,-91,101,8160,8192,0,0,645,8192,4680,-1022,-6742,-105,35,17
2881619892,-5234,6850,-1132,119,21,256,8160,8192,17508,-21567,645,8192,5756,-1230,-5944,-103,51,28
2881669892,-5310,6538,-1172,15,1,306,8160,8192,0,0,645,8192,5974,-994,-6012,-106,43,24
2881719892,-5702,6842,-1072,124,74,260,-16387,0,-15537,0,8160,8192,5756,-1514,-6092,-105,33,34
2881769892,-5470,7196,-1448,8,41,191,0,0,-7,-1,-16384,0,6498,-1080,-5624,-108,31,32
2881819892,-4180,5838,-928,98,64,123,-17382,0,-15537,0,8160,8192,6858,-1114,-5512,-107,8,27
2881869892,-4580,6362,-984,33,293,474,-16379,0,-15537,0,8160,8192,3336,-1156,-7676,-112,62,39
2881919892,-5270,6886,-1638,-101,345,529,-16376,0,-15537,0,8160,8192,6846,-492,-5638,-113,24,43
2881969892,-4468,6534,-1480,14,130,261,0,0,-7,-1,-16375,0,6164,-600,-5924,-108,21,48
2882019892,-2800,6328,-1996,52,-172,-244,-16373,0,-15537,0,8160,8192,3866,1012,-6902,-122,54,33
2882069892,-2940,8032,-2980,154,-188,-91,0,0,-7,-1,-16371,0,6882,892,-4626,-124,34,33
2882119892,-1436,6642,-1912,99,73,249,8160,8192,-6780,-21560,645,8192,5588,1798,-6126,-111,28,32
2882169892,-3102,7806,-2820,70,-2,241,8160,8192,0,0,645,8192,5280,1558,-6178,-106,7,34
2882219892,-2980,7434,-2644,55,107,321,0,0,-7,-1,-17365,0,5706,1222,-6082,-112,25,31
2882269892,-3440,7514,-2470,26,226,580,0,0,-7,-1,-17364,0,5698,954,-6122,-105,24,27
2882319892,-3518,7494,-2338,-30,221,545,8160,8192,0,0,645,8192,5762,252,-5982,-104,10,29
2882369892,-3548,7410,-2194,10,76,394,-18361,0,-15537,0,8160,8192,5666,422,-6106,-108,5,25
2882419892,-3334,7404,-2196,98,-90,102,-16358,0,-15537,0,8160,8192,5692,380,-6052,-109,22,26
2882469892,-3140,7474,-2448,127,-214,-86,8160,8192,0,0,645,8192,5710,770,-6142,-104,33,27
2882519892,-3080,7604,-2386,177,-243,-163,0,0,-7,-1,-16353,0,5824,662,-6052,-104,43,29
2882569892,-3198,7452,-2316,108,-90,89,8160,8192,-15532,-21553,645,8192,5746,626,-5982,-108,49,26
2882619892,-3404,7312,-2248,79,-61,129,-16348,0,-15537,0,8160,8192,5674,276,-6056,-102,42,25
2882669892,-3668,7238,-2036,120,-190,-91,-16344,0,-15537,0,8160,8192,5670,110,-6004,-106,33,25
2882719892,-3878,7222,-1842,164,-247,-148,-18342,0,-15537,0,8160,8192,5958,-118,-5982,-103,35,25
2882769892,-3704,7356,-2110,95,-176,-58,-16340,0,-15537,0,8160,8192,5794,184,-6002,-106,30,27
2882819892,-3778,7212,-2098,13,12,250,-16338,0,-15537,0,8160,8192,5850,196,-5932,-107,25,26
2882869892,-3648,7318,-2170,54,-128,-32,8160,8192,0,0,645,8192,5938,186,-6008,-107,35,30
2882919892,-3690,7366,-1950,126,-178,-49,-16335,0,-15537,0,8160,8192,5762,116,-6106,-102,32,29
2882969892,-3656,7280,-2032,95,-142,-62,-16333,0,-15537,0,8160,8192,5806,194,-6152,-105,32,27
2883019892,-3746,7380,-2084,141,-181,7,0,0,-7,-1,-17331,0,5928,254,-5984,-106,32,26
2883069892,-3982,7294,-1980,115,-135,-30,8160,8192,25716,-21545,645,8192,5888,-154,-6014,-108,26,31
2883119892,-3870,7248,-2012,96,-119,65,-16326,0,-15537,0,8160,8192,5858,66,-6038,-106,31,30
2883169892,-3890,7284,-2034,110,-108,47,-16324,0,-15537,0,8160,8192,5832,82,-5964,-107,32,29
2883219892,-3852,7334,-2058,84,-73,165,-17321,0,-15537,0,8160,8192,5846,92,-6008,-105,21,31
2883269892,-3542,7354,-2284,67,-147,-36,-16320,0,-15537,0,8160,8192,5838,510,-6060,-109,13,31
2883319892,-3624,7414,-1978,135,-153,14,8160,8192,0,0,645,8192,5890,110,-5960,-105,26,30
2883369892,-3828,7246,-2098,50,-2,216,-16317,0,-15537,0,8160,8192,5784,64,-6098,-109,36,30
2883419892,-3832,7242,-2030,117,-146,25,0,0,-7,-1,-16315,0,5810,54,-5966,-107,32,33
2883469892,-3730,7232,-2000,107,-98,81,8160,8192,32500,-21539,645,8192,5878,60,-5980,-107,31,35
2883519892,-3666,7236,-2118,61,-32,142,-17312,0,-15537,0,8160,8192,5668,204,-6104,-106,32,31
2883569892,-3618,7296,-2180,76,-50,174,8160,8192,1428,-21537,645,8192,5722,290,-6038,-108,41,35
2883619892,-3958,7288,-1908,88,7,269,-18307,0,-15537,0,8160,8192,5912,-188,-6132,-105,42,30
2883669892,-3546,7310,-2196,10,17,210,5544,8192,-7,-1,-15711,0,5866,26,-6056,-110,31,38
2883719892,-3834,7426,-2084,113,-63,115,8160,8192,0,0,645,8192,5738,-290,-6242,-107,33,30
2883769892,-3360,7254,-2216,34,-13,158,0,0,-7,-1,-17300,0,5560,236,-6132,-109,49,38
2883819892,-3214,7276,-2268,63,-67,47,-16298,0,-15537,0,8160,8192,5800,696,-5814,-105,37,35
2883869892,-3290,7618,-2432,101,-159,22,0,0,-7,-1,-16295,0,5656,732,-6200,-104,30,34
2883919892,-2970,7610,-2466,116,-174,-79,-16292,0,-15537,0,8160,8192,5792,860,-5906,-104,34,31
2883969892,-3256,7330,-2100,177,-179,-1,0,0,-7,-1,-17290,0,5794,330,-5896,-99,34,25
2884019892,-3580,7256,-2116,76,-166,-66,0,0,-7,-1,-16289,0,5880,332,-5844,-104,25,29
2884069892,-3590,7306,-2056,263,-440,-344,-16287,0,-15537,0,8160,8192,5984,-174,-5882,-102,32,29
2884119892,-3756,7694,-2070,187,-282,-111,0,0,-7,-1,-17285,0,5742,-224,-6066,-99,35,27
2884169892,-3610,7448,-2228,71,-37,234,0,0,-7,-1,-16284,0,5750,512,-5994,-108,44,33
2884219892,-3150,7232,-2448,113,-325,-276,-16281,0,-15537,0,8160,8192,5572,1066,-6150,-105,36,35
2884269892,-4012,7568,-1900,286,-366,-333,8160,8192,0,0,645,8192,5716,182,-5954,-103,34,31
2884319892,-3822,7722,-2660,160,-418,-432,8160,8192,30532,-21526,645,8192,5660,944,-6218,-107,47,23
2884369892,-3854,7236,-2340,294,-454,-394,0,0,-7,-1,-16275,0,5830,606,-5988,-105,38,26
2884419892,-3618,6728,-2056,125,-266,-218,8160,8192,0,0,645,8192,5866,784,-5690,-101,37,32
2884469892,-2866,5916,-1722,45,-233,-54,8160,8192,-16076,-21524,645,8192,6614,336,-5628,-104,13,26
2884519892,-3542,6966,-2238,78,-292,-167,0,0,-7,-1,-16269,0,5856,304,-6114,-102,33,29
2884569892,-4096,7342,-2166,182,-446,-358,-16267,0,-15537,0,8160,8192,5254,252,-6140,-103,35,34
2884619892,-4908,7784,-2706,219,-510,-423,-16264,0,-15537,0,8160,8192,6870,192,-5322,-105,37,26
2884669892,-3582,6554,-1620,188,-445,-308,-18262,0,-15537,0,8160,8192,6352,734,-5932,-105,30,26
2884719892,-5002,7182,-2036,155,-182,65,-17260,0,-15537,0,8160,8192,5324,-106,-5602,-105,32,22
2884769892,-4270,6080,-1492,93,34,366,0,0,-7,-1,-17258,0,7510,-256,-4730,-102,31,23
2884819892,-5690,7414,-2104,35,102,471,-16255,0,-15537,0,8160,8192,6392,-590,-5622,-97,30,29
2884869892,-4840,6152,-1242,52,18,270,-16253,0,-15537,0,8160,8192,7432,-598,-5024,-103,28,25
2884919892,-4694,6478,-860,124,-134,-4,-17251,0,-15537,0,8160,8192,6116,-812,-5796,-94,35,29
2884969892,-5086,6148,-744,109,75,259,-16248,0,-15537,0,8160,8192,5890,-1220,-5934,-100,50,29
2885019892,-5392,6568,-1246,35,16,340,0,0,-7,-1,-16247,0,6086,-1056,-5850,-108,38,23
2885069892,-5598,6720,-1072,97,120,329,8160,8192,-5900,-21515,645,8192,5692,-1518,-6158,-100,12,31
2885119892,-5040,6390,-1042,36,17,140,-16243,0,-15537,0,8160,8192,5480,-1276,-6048,-109,35,34
2885169892,-5070,6862,-1226,82,69,208,-16241,0,-15537,0,8160,8192,5156,-1438,-6472,-110,40,34
2885219892,-4910,7668,-2000,-10,120,317,8160,8192,0,0,645,8192,7718,-608,-4812,-115,11,39
2885269892,-3776,5976,-1048,28,200,424,-16237,0,-15537,0,8160,8192,6008,-696,-6202,-114,36,38
2885319892,-4462,7648,-2334,-14,32,75,-16235,0,-15537,0,8160,8192,5054,354,-6296,-110,27,48
2885369892,-3754,7498,-2876,136,-203,-172,-16233,0,-15537,0,8160,8192,7514,442,-4704,-113,37,33
2885419892,-3838,7838,-3064,82,-18,143,-18230,0,-15537,0,8160,8192,7072,1234,-5102,-114,17,35
2885469892,-2588,6886,-1972,-8,342,599,-16228,0,-15537,0,8160,8192,5166,1370,-6732,-110,33,33
2885519892,-3182,7296,-2524,5,216,560,-16225,0,-15537,0,8160,8192,5734,772,-6042,-109,11,32
2885569892,-3494,7250,-2306,55,98,384,0,0,-7,-1,-16223,0,5710,420,-6108,-106,4,35
2885619892,-3318,7370,-2252,66,-13,137,-18221,0,-15537,0,8160,8192,5764,858,-5946,-108,15,31
2885669892,-2920,7368,-2180,135,-107,121,8160,8192,4276,-21505,645,8192,5770,538,-6040,-111,30,27
2885719892,-3384,7404,-2282,47,69,335,-16216,0,-15537,0,8160,8192,5840,518,-6034,-105,20,26
2885769892,-3716,7244,-1980,26,154,459,0,0,-7,-1,-16213,0,5884,94,-5954,-103,22,28
2885819892,-3246,7420,-2360,11,14,201,0,0,-7,-1,-17211,0,5826,770,-5956,-104,23,31
2885869892,-2800,7698,-2572,172,-264,-87,0,0,-7,-1,-16210,0,5810,1184,-5970,-107,34,33
2885919892,-2934,7612,-2460,149,-221,-126,0,0,-7,-1,-16208,0,5890,896,-5984,-102,35,26
2885969892,-2948,7506,-2528,99,-147,1,-16206,0,-15537,0,8160,8192,5740,1166,-6050,-109,31,27
2886019892,-3284,7416,-2322,109,-140,-13,-16203,0,-15537,0,8160,8192,5716,692,-6016,-99,36,21
2886069892,-4256,7086,-1650,92,22,233,-17200,0,-15537,0,8160,8192,5824,-822,-6042,-101,39,26
2886119892,-4074,7084,-1924,-22,-55,121,-16197,0,-15537,0,8160,8192,5834,-140,-5960,-103,24,26
2886169892,-3710,7382,-2160,200,-344,-313,0,0,-7,-1,-16195,0,5788,162,-6056,-109,18,29
2886219892,-3408,7488,-2112,164,-325,-224,-16194,0,-15537,0,8160,8192,6008,276,-5912,-105,24,29
2886269892,-3728,7408,-2104,73,-18,135,-17191,0,-15537,0,8160,8192,5900,276,-6012,-101,30,26
2886319892,-3934,7322,-2028,111,-106,137,0,0,-7,-1,-17188,0,5812,-118,-6028,-106,36,29
2886369892,-3748,7288,-2014,96,-132,-25,-17185,0,-15537,0,8160,8192,5726,130,-6092,-106,37,32
2886419892,-3578,7278,-2032,149,-175,-28,0,0,-7,-1,-16183,0,5842,166,-5952,-105,43,32
2886469892,-3654,7348,-2130,81,-50,102,-16181,0,-15537,0,8160,8192,5882,202,-6036,-102,46,30
2886519892,-3718,7318,-2178,105,-120,47,8160,8192,2308,-21492,645,8192,5766,194,-5990,-104,39,30
2886569892,-3742,7348,-1994,100,-106,57,-16177,0,-15537,0,8160,8192,5780,106,-6042,-105,31,30
2886619892,-3722,7356,-2132,87,-107,61,-16174,0,-15537,0,8160,8192,5896,100,-5936,-109,32,31
2886669892,-3812,7326,-2050,99,-90,88,0,0,-7,-1,-16171,0,5728,90,-6056,-107,31,28
2886719892,-3468,7342,-2288,84,-144,5,-16167,0,-15537,0,8160,8192,5846,398,-5964,-109,25,29
2886769892,-3728,7312,-2034,119,-94,108,8160,8192,-9836,-21489,645,8192,5828,48,-6022,-106,28,29
2886819892,-3804,7290,-1998,79,-50,117,8160,8192,0,0,645,8192,5848,82,-6046,-107,34,31
2886869892,-3678,7378,-2156,99,-129,49,0,0,-7,-1,-16161,0,5836,222,-6024,-107,29,29
2886919892,-3626,7332,-2222,92,-108,35,-16159,0,-15537,0,8160,8192,5786,228,-6012,-105,23,30
2886969892,-3688,7330,-2194,77,-88,91,8160,8192,-6444,-21486,645,8192,5762,8,-5876,-102,25,33
2887019892,-3692,7298,-2110,89,-108,49,-16157,0,-15537,0,8160,8192,5718,168,-6124,-106,33,31
2887069892,-3754,7326,-2028,94,-89,67,-18155,0,-15537,0,8160,8192,5852,40,-6052,-102,37,29
2887119892,-3902,7236,-1902,73,-19,208,-16153,0,-15537,0,8160,8192,5878,-224,-5996,-107,35,35
2887169892,-3708,7284,-2030,23,-8,190,8160,8192,0,0,645,8192,5852,368,-6082,-107,39,35
2887219892,-3806,7464,-2058,127,-69,144,-16149,0,-15537,0,8160,8192,5938,112,-6006,-102,38,32
2887269892,-3260,7508,-2434,35,-93,33,-16146,0,-15537,0,8160,8192,5738,596,-6134,-107,33,36
2887319892,-3112,7510,-2414,133,-130,57,-17144,0,-15537,0,8160,8192,5748,756,-6054,-102,33,28
2887369892,-3232,7552,-2416,94,-170,-63,0,0,-7,-1,-16143,0,5726,592,-6144,-106,42,32
2887419892,-3598,7326,-2152,131,-111,89,-18141,0,-15537,0,8160,8192,5852,268,-5936,-106,30,30
2887469892,-3474,7284,-2366,106,-347,-358,-16138,0,-15537,0,8160,8192,5674,636,-6058,-105,16,29
2887519892,-3594,7342,-2176,319,-538,-466,0,0,-7,-1,-17136,0,6006,598,-5778,-102,14,31
2887569892,-3644,7518,-2422,165,-464,-610,0,0,-7,-1,-17134,0,5044,988,-6340,-100,38,30
2887619892,-3528,7688,-2532,284,-542,-438,-16132,0,-15537,0,8160,8192,5224,692,-6262,-104,48,33
2887669892,-3372,7456,-2332,103,-165,-44,-16130,0,-15537,0,8160,8192,6054,1174,-5856,-106,41,21
2887719892,-3284,7202,-2176,112,-150,84,-16128,0,-15537,0,8160,8192,5940,572,-6380,-101,39,30
2887769892,-2630,6070,-1570,125,-272,-90,0,0,-7,-1,-17126,0,5420,504,-6096,-100,39,27
2887819892,-4282,7458,-2424,151,-379,-253,-16124,0,-15537,0,8160,8192,5790,670,-6022,-102,43,28
2887869892,-4120,6936,-2240,233,-535,-395,0,0,-7,-1,-16123,0,5428,170,-6160,-105,24,33
2887919892,-4798,7528,-2218,215,-419,-296,-18120,0,-15537,0,8160,8192,6254,-64,-5826,-103,39,27
2887969892,-4846,7368,-2204,165,-306,-111,-16118,0,-15537,0,8160,8192,5754,-146,-5856,-100,45,28
2888019892,-3648,6282,-1624,101,-160,158,0,0,-7,-1,-17115,0,5300,68,-6384,-103,32,23
2888069892,-5528,7412,-1978,137,-74,140,-18114,0,-15537,0,8160,8192,5358,-516,-6138,-107,59,30
2888119892,-4824,7370,-1980,80,-90,220,-17111,0,-15537,0,8160,8192,6060,-492,-5938,-107,40,26
2888169892,-4060,6094,-1252,82,-129,47,-16109,0,-15537,0,8160,8192,5876,-258,-6092,-102,65,30
2888219892,-5168,7284,-1930,135,-178,-41,-16107,0,-15537,0,8160,8192,6046,-106,-5624,-96,71,36
2888269892,-5230,7248,-1682,116,-54,126,-16104,0,-15537,0,8160,8192,5752,-836,-6016,-103,50,26
2888319892,-4840,6526,-1402,57,-73,155,-17102,0,-15537,0,8160,8192,5868,-654,-6000,-104,28,28
2888369892,-4914,6706,-1368,90,-46,133,0,0,-7,-1,-16100,0,5786,-646,-6118,-106,13,28
2888419892,-5060,6666,-1338,83,-33,97,0,0,-7,-1,-17098,0,5830,-920,-6116,-105,19,28
2888469892,-5104,6738,-1332,52,100,349,-17097,0,-15537,0,8160,8192,5982,-1160,-5958,-102,20,28
2888519892,-4724,6080,-1200,4,126,316,8160,8192,-29308,-21462,645,8192,5792,-968,-6088,-107,1,28
2888569892,-5076,7060,-1356,74,67,250,0,0,-7,-1,-17092,0,5924,-888,-6358,-107,-8,28
2888619892,-3418,3964,-494,-22,194,412,0,0,-7,-1,-16089,0,7220,-814,-5696,-107,4,34
2888669892,-4840,6760,-1432,-31,259,450,-16087,0,-15537,0,8160,8192,5858,-1034,-6676,-112,24,37
2888719892,-4676,7282,-2016,-14,122,241,-16085,0,-15537,0,8160,8192,6402,-282,-5816,-112,26,39
2888769892,-3360,7142,-2316,36,-96,-129,-16084,0,-15537,0,8160,8192,5984,968,-6158,-116,37,32
2888819892,-3282,7586,-2552,137,-157,-11,0,0,-7,-1,-16082,0,5658,1264,-5942,-113,25,34
2888869892,-3050,7798,-2736,30,194,355,-16079,0,-15537,0,8160,8192,5784,1418,-5802,-108,37,29
2888919892,-3180,7690,-2600,61,157,556,0,0,-7,-1,-16077,0,5178,982,-6500,-111,21,40
2888969892,-3456,7448,-2324,-10,228,529,-16075,0,-15537,0,8160,8192,6518,964,-5572,-101,19,33
2889019892,-3596,7724,-2390,65,81,291,-16073,0,-15537,0,8160,8192,5886,516,-5836,-110,29,33
2889069892,-3640,7394,-2162,95,25,305,-18071,0,-15537,0,8160,8192,5706,222,-6100,-111,19,32
2889119892,-3484,7426,-2162,1,71,294,-17070,0,-15537,0,8160,8192,5660,216,-6148,-108,-2,27
2889169892,-3420,7272,-2116,54,30,305,-18069,0,-15537,0,8160,8192,5948,426,-6006,-103,10,27
2889219892,-2954,7504,-2682,50,-140,-78,-16066,0,-15537,0,8160,8192,5804,1328,-6014,-95,43,27
2889269892,-2322,7928,-3114,235,-563,-610,-16064,0,-15537,0,8160,8192,5904,1784,-5920,-120,-1,37
2889319892,-2750,7814,-2658,250,-292,-248,0,0,-7,-1,-17062,0,5950,1038,-5934,-96,69,20
2889369892,-4068,7000,-1688,29,240,548,-16061,0,-15537,0,8160,8192,5698,-758,-6046,-100,86,24
2889419892,-4838,6942,-1272,-97,450,941,8160,8192,18724,-21448,645,8192,5896,-1562,-6068,-103,64,25
2889469892,-3548,7158,-2338,-161,49,63,8160,8192,3188,-21447,645,8192,5822,560,-6024,-106,37,32
2889519892,-2816,7418,-2536,434,-712,-670,8160,8192,-12348,-21447,645,8192,5886,702,-5964,-108,36,30
2889569892,-3178,7574,-2284,225,-366,-339,-16054,0,-15537,0,8160,8192,5844,286,-5970,-103,43,27
2889619892,-3800,7246,-2002,55,57,405,0,0,-7,-1,-17052,0,5904,-256,-6044,-110,41,27
2889669892,-3812,7296,-2066,-58,142,376,-18049,0,-15537,0,8160,8192,5876,188,-5958,-104,29,25
2889719892,-3640,7126,-2214,136,-242,-138,-16046,0,-15537,0,8160,8192,5664,156,-5990,-111,23,29
2889769892,-3492,7488,-2082,199,-346,-306,-16044,0,-15537,0,8160,8192,5796,160,-5894,-107,17,24
2889819892,-3606,7372,-2056,90,-57,180,-18044,0,-15537,0,8160,8192,5748,-26,-6100,-111,17,29
2889869892,-3644,7242,-2090,-2,51,289,0,0,-7,-1,-16042,0,5790,222,-5968,-104,26,28
2889919892,-3722,7328,-2058,152,-176,15,-16039,0,-15537,0,8160,8192,5738,102,-5946,-110,27,29
2889969892,-3516,7410,-2130,117,-204,-100,0,0,-7,-1,-17037,0,5712,226,-6070,-106,23,28
2890019892,-3292,7502,-2340,90,-151,9,-17035,0,-15537,0,8160,8192,5846,584,-6046,-106,16,32
2890069892,-3814,7312,-2088,109,-82,125,-16033,0,-15537,0,8160,8192,5824,-46,-5994,-107,24,28
2890119892,-3926,7330,-1934,67,-86,98,0,0,-7,-1,-16032,0,5690,-184,-6084,-104,28,29
2890169892,-3678,7350,-2014,106,-148,-12,-16030,0,-15537,0,8160,8192,5878,84,-6034,-106,27,32
2890219892,-3578,7472,-2134,94,-127,45,-18027,0,-15537,0,8160,8192,5788,170,-5970,-107,28,32
2890269892,-3610,7386,-2214,74,-69,122,-16026,0,-15537,0,8160,8192,5830,296,-6022,-107,29,33
2890319892,-3612,7344,-1990,109,-91,86,8160,8192,0,0,645,8192,5916,22,-5970,-104,34,32
2890369892,-3772,7312,-2026,77,-54,138,-18022,0,-15537,0,8160,8192,5982,8,-5910,-105,35,32
2890419892,-3878,7248,-1942,74,-26,173,8160,8192,-29852,-21433,645,8192,5796,-210,-6118,-108,34,38
2890469892,-3612,7396,-2112,46,-26,189,8160,8192,0,0,645,8192,5644,18,-5956,-106,32,30
2890519892,-3450,7368,-2126,101,-72,111,8160,8192,0,0,645,8192,5822,452,-5910,-110,26,37
2890569892,-3108,7490,-2458,101,-154,-41,8160,8192,0,0,645,8192,5678,582,-6010,-101,32,31
2890619892,-2964,7686,-2566,135,-221,-98,-16010,0,-15537,0,8160,8192,5932,1032,-6028,-104,22,31
2890669892,-3212,7554,-2494,150,-243,-65,-16007,0,-15537,0,8160,8192,5746,564,-6174,-109,46,33
2890719892,-3496,7262,-2398,90,-182,-42,-16004,0,-15537,0,8160,8192,5872,656,-5954,-104,42,30
2890769892,-3606,7274,-2230,205,-431,-441,-17001,0,-15537,0,8160,8192,5918,270,-6044,-103,33,28
2890819892,-3768,7760,-2442,120,-266,-236,-15999,0,-15537,0,8160,8192,5670,624,-6144,-104,33,36
2890869892,-3492,7314,-2178,67,-192,-38,8160,8192,0,0,645,8192,5756,682,-6016,-101,33,26
2890919892,-3520,6964,-2104,165,-268,-215,8160,8192,11396,-21425,645,8192,6218,660,-5746,-108,34,30
2890969892,-3578,7466,-2664,215,-552,-579,0,0,-7,-1,-16993,0,5828,948,-6044,-105,48,26
2891019892,-3478,7142,-2404,261,-540,-553,-15991,0,-15537,0,8160,8192,6452,376,-5168,-101,48,34
2891069892,-3336,6936,-2382,140,-452,-323,-15990,0,-15537,0,8160,8192,6180,788,-5578,-104,33,31
2891119892,-3792,7086,-2292,134,-287,-138,8160,8192,0,0,645,8192,5160,-450,-7244,-104,53,32
2891169892,-5124,7566,-2672,131,-215,-48,-15986,0,-15537,0,8160,8192,5506,366,-6128,-109,32,38
2891219892,-4648,7018,-2140,173,-236,-34,-15964,0,-15537,0,8160,8192,5796,130,-6136,-103,44,30
2891269892,-4094,6510,-1584,135,-375,-156,8160,8192,-31820,-21420,645,8192,5136,-252,-6946,-102,16,27
2891319892,-4484,7068,-2048,138,-347,-119,-17983,0,-15537,0,8160,8192,6680,-102,-5458,-98,2,20
2891369892,-5170,7158,-2000,139,-159,76,0,0,-7,-1,-15982,0,5702,-286,-6284,-101,9,27
2891419892,-5496,7792,-2332,52,-33,175,8160,8192,-12892,-21418,645,8192,5778,578,-5860,-99,43,29
2891469892,-5562,7448,-2014,125,-75,155,-15977,0,-15537,0,8160,8192,5452,-606,-6400,-108,61,22
2891519892,-5152,6858,-1652,96,-44,194,-17975,0,-15537,0,8160,8192,5940,-802,-6040,-95,60,27
2891569892,-5272,6364,-992,92,133,419,-15973,0,-15537,0,8160,8192,5584,-1474,-6132,-101,55,25
2891619892,-5432,6530,-1082,-1,156,441,8160,8192,0,0,645,8192,5844,-1236,-6060,-106,39,34
2891669892,-5316,6522,-1258,106,-24,164,8160,8192,-25036,-21414,645,8192,6046,-1324,-5886,-103,41,34
2891719892,-5352,6770,-1112,93,33,118,8160,8192,24964,-21413,645,8192,6018,-1578,-5804,-109,20,35
2891769892,-4870,6074,-970,54,53,263,8160,8192,0,0,645,8192,6432,-1544,-5892,-112,16,30
2891819892,-6568,8340,-2036,-4,238,341,0,0,-7,-1,-15961,0,4546,-1456,-7118,-111,25,44
2891869892,-4988,6782,-1528,-49,251,406,8160,8192,-21644,-21411,645,8192,5728,-254,-6010,-110,13,41
2891919892,-4896,7140,-1814,15,183,394,0,0,-7,-1,-15955,0,6636,-44,-5406,-112,18,37
2891969892,-4304,7890,-2176,-4,-11,127,-15952,0,-15537,0,8160,8192,7474,1484,-4650,-106,12,46
2892019892,-4206,8294,-3540,93,-167,-135,-17948,0,-15537,0,8160,8192,8270,802,-4326,-122,38,27
2892069892,-2372,7478,-2808,116,-21,10,0,0,-7,-1,-16948,0,5662,1788,-6468,-111,47,33
2892119892,-2510,7168,-2622,135,12,274,8160,8192,0,0,645,8192,5614,1646,-6070,-104,29,37
2892169892,-3234,7814,-3004,18,142,462,-15942,0,-15537,0,8160,8192,5766,1160,-6048,-101,22,27
2892219892,-3326,7894,-2518,24,294,687,-15940,0,-15537,0,8160,8192,5326,840,-6184,-103,38,23
2892269892,-3376,7166,-2322,1,162,454,-16934,0,-15537,0,8160,8192,5866,834,-5966,-105,21,21
2892319892,-3586,7290,-2048,92,28,277,0,0,-7,-1,-15932,0,6072,342,-5998,-106,8,27
2892369892,-3376,7476,-2272,42,11,287,-15930,0,-15537,0,8160,8192,5990,576,-5968,-101,25,31
2892419892,-3282,7402,-2302,115,-161,-110,-15928,0,-15537,0,8160,8192,5684,846,-6092,-106,43,32
2892469892,-2962,7720,-2410,172,-202,-22,0,0,-7,-1,-16926,0,5880,754,-5986,-108,41,34
2892519892,-3234,7478,-2346,92,-48,158,-15924,0,-15537,0,8160,8192,5694,478,-6006,-108,43,27
2892569892,-3396,7492,-2302,78,-117,22,-15923,0,-15537,0,8160,8192,5882,472,-5890,-107,22,26
2892619892,-3908,7190,-1844,116,-94,101,-15920,0,-15537,0,8160,8192,5780,-272,-6114,-105,16,28
2892669892,-3920,7222,-1986,28,-74,84,-15918,0,-15537,0,8160,8192,5882,14,-6016,-104,16,27
2892719892,-3392,7422,-2238,162,-298,-222,0,0,-7,-1,-15916,0,5774,392,-6010,-108,13,29
2892769892,-3300,7512,-2200,176,-268,-157,8160,8192,26388,-21397,645,8192,5774,418,-6030,-107,26,29
2892819892,-3764,7342,-2038,100,-66,75,0,0,-7,-1,-16909,0,5778,126,-6006,-106,41,22
2892869892,-3810,7230,-1940,132,-121,39,8160,8192,-4684,-21396,645,8192,5838,-214,-6034,-105,50,24
2892919892,-3686,7390,-1982,38,1,176,8160,8192,-20220,-21395,645,8192,5768,70,-6066,-107,51,27
2892969892,-3750,7270,-1872,121,-65,167,8160,8192,29780,-21394,645,8192,5746,98,-6086,-109,54,31
2893019892,-3602,7168,-2018,167,-172,-34,-15896,0,-15537,0,8160,8192,5714,56,-6044,-104,56,27
2893069892,-3358,7456,-2218,156,-209,-107,-15894,0,-15537,0,8160,8192,5734,498,-6096,-103,46,30
2893119892,-3840,7340,-1978,131,-99,95,8160,8192,-16828,-21392,645,8192,5816,-156,-6008,-105,29,26
2893169892,-3608,7250,-2146,5,-72,76,-15891,0,-15537,0,8160,8192,5770,376,-6128,-107,15,30
2893219892,-3670,7316,-2120,162,-263,-150,-15888,0,-15537,0,8160,8192,5880,180,-5998,-103,10,28
2893269892,-3788,7348,-1932,97,-102,105,0,0,-7,-1,-15888,0,5864,-74,-6012,-102,20,29
2893319892,-3798,7302,-2014,52,-58,107,-15885,0,-15537,0,8160,8192,5864,160,-5976,-109,29,30
2893369892,-3752,7364,-2070,120,-161,3,8160,8192,0,0,645,8192,5770,160,-6002,-106,28,34
2893419892,-3630,7396,-2124,98,-129,5,-15881,0,-15537,0,8160,8192,5820,224,-6116,-110,28,35
2893469892,-3682,7348,-2112,84,-89,124,-15879,0,-15537,0,8160,8192,5932,188,-5848,-104,19,27
2893519892,-3834,7244,-1992,86,-68,132,0,0,-7,-1,-15876,0,5914,-4,-6064,-105,27,30
2893569892,-3794,7364,-2104,66,-52,144,-15873,0,-15537,0,8160,8192,5722,-180,-6092,-102,27,29
2893619892,-3702,7320,-1984,69,0,213,8160,8192,0,0,645,8192,5886,48,-6214,-112,32,36
2893669892,-3750,7230,-1820,50,65,370,0,0,-7,-1,-15866,0,5868,22,-6100,-102,35,33
2893719892,-3656,7682,-2290,44,18,260,-15865,0,-15537,0,8160,8192,6214,430,-5986,-109,45,42
2893769892,-2976,7418,-2322,130,-136,56,0,0,-7,-1,-16864,0,5624,794,-6010,-101,47,35
2893819892,-3114,7666,-2554,122,-190,-92,-15862,0,-15537,0,8160,8192,5746,806,-6046,-100,43,31
2893869892,-2900,7562,-2408,165,-198,-80,-17858,0,-15537,0,8160,8192,5674,910,-6008,-111,39,35
2893919892,-3028,7570,-2500,110,-162,41,8160,8192,-3260,-21380,645,8192,5788,622,-5980,-99,43,30
2893969892,-3558,7202,-2230,93,-140,-16,-15851,0,-15537,0,8160,8192,5748,418,-5966,-108,42,32
2894019892,-3326,7344,-2592,211,-600,-701,-15848,0,-15537,0,8160,8192,6006,834,-5956,-101,33,30
2894069892,-3482,7868,-2816,403,-786,-865,-17846,0,-15537,0,8160,8192,5616,1270,-6048,-103,30,34
2894119892,-3314,7640,-2806,267,-805,-855,0,0,-7,-1,-15844,0,6030,1004,-5984,-103,28,32
2894169892,-3348,7442,-2430,156,-270,-220,8160,8192,-15404,-21376,645,8192,5454,1240,-6202,-107,55,24
2894219892,-2684,5242,-1900,87,-232,20,0,0,-7,-1,-16840,0,8852,926,-4680,-113,18,18
2894269892,-4142,6812,-1806,57,38,248,-15838,0,-15537,0,8160,8192,6562,90,-5698,-100,18,34
2894319892,-4618,7364,-2030,76,-105,97,-16836,0,-15537,0,8160,8192,5678,110,-6208,-100,29,37
2894369892,-5522,7978,-2536,143,-257,-56,-15829,0,-15537,0,8160,8192,4344,-346,-7222,-105,34,30
2894419892,-4382,6554,-1506,189,-340,-219,0,0,-7,-1,-15826,0,5862,-220,-6094,-104,27,26
2894469892,-5126,7496,-2074,204,-363,-166,8160,8192,22452,-21371,645,8192,4906,-460,-6592,-104,35,28
2894519892,-4562,7164,-1888,120,-279,-137,-15821,0,-15537,0,8160,8192,5698,-390,-6150,-98,30,16
2894569892,-4028,7104,-1554,128,-237,-15,-15820,0,-15537,0,8160,8192,5008,-26,-6518,-99,47,28
2894619892,-4972,7166,-1844,98,-96,141,0,0,-7,-1,-16818,0,6468,120,-5628,-97,33,27
2894669892,-5012,7416,-2054,96,-166,68,0,0,-7,-1,-15815,0,5522,-102,-6222,-102,47,28
2894719892,-4892,7526,-1928,131,-113,81,-16813,0,-15537,0,8160,8192,5390,-542,-6232,-97,54,31
2894769892,-4812,6452,-966,64,62,357,-16810,0,-15537,0,8160,8192,6026,-1178,-5814,-106,34,26
2894819892,-5374,6558,-1038,47,197,540,-15808,0,-15537,0,8160,8192,5752,-1322,-6088,-104,39,25
2894869892,-5262,6366,-950,64,118,267,-15807,0,-15537,0,8160,8192,5594,-1630,-6106,-106,41,31
2894919892,-4874,6238,-1030,91,-28,96,-15802,0,-15537,0,8160,8192,5566,-1090,-6160,-105,45,32
2894969892,-5180,7126,-1412,61,51,197,-15800,0,-15537,0,8160,8192,5372,-1208,-6104,-105,17,33
2895019892,-2720,3874,264,-11,213,378,-16798,0,-15537,0,8160,8192,5420,-1668,-6562,-111,42,37
2895069892,-4786,6622,-1420,-61,336,499,-15796,0,-15537,0,8160,8192,5742,-584,-6752,-114,42,40
2895119892,-3854,6822,-1744,-21,39,94,8160,8192,17092,-21361,645,8192,5446,-74,-6106,-112,28,42
2895169892,-3452,7474,-2348,134,-187,-207,-15790,0,-15537,0,8160,8192,5092,968,-6938,-116,43,33
2895219892,-4104,9304,-3438,89,-86,112,8160,8192,-13980,-21360,645,8192,4358,912,-7490,-115,34,32
2895269892,-3968,8480,-2980,69,228,497,8160,8192,0,0,645,8192,5176,900,-6642,-112,40,32
2895319892,-3046,7088,-2128,-8,219,605,-15783,0,-15537,0,8160,8192,5676,532,-6098,-106,14,37
2895369892,-3284,7978,-2918,-24,83,211,-17781,0,-15537,0,8160,8192,5832,1690,-6140,-108,5,38
2895419892,-2668,7578,-2630,271,-382,-250,-17776,0,-15537,0,8160,8192,5610,996,-5988,-104,23,27
2895469892,-3098,7532,-2358,99,-20,137,0,0,-7,-1,-15774,0,5750,966,-6176,-105,24,25
2895519892,-3410,7396,-2158,51,157,579,-15771,0,-15537,0,8160,8192,5722,162,-6136,-110,16,27
2895569892,-3630,7340,-2244,-87,277,560,-15770,0,-15537,0,8160,8192,5662,338,-6154,-103,29,27
2895619892,-3696,7228,-2046,134,-97,95,-15768,0,-15537,0,8160,8192,5794,-56,-6112,-105,42,28
2895669892,-3548,7398,-2068,147,-170,-97,8160,8192,-22732,-21353,645,8192,5800,136,-6096,-103,53,28
2895719892,-3586,7406,-2150,126,-61,146,-15763,0,-15537,0,8160,8192,5926,156,-5976,-107,55,32
2895769892,-3362,7422,-2342,52,-67,98,-15760,0,-15537,0,8160,8192,5540,508,-6066,-103,37,28
2895819892,-3492,7616,-2322,132,-124,67,-15760,0,-15537,0,8160,8192,5838,226,-6066,-105,30,31
2895869892,-3604,7356,-2152,81,-68,81,-15757,0,-15537,0,8160,8192,5856,188,-6054,-102,41,21
2895919892,-3590,7282,-2006,107,-97,95,-16755,0,-15537,0,8160,8192,5994,124,-6024,-107,27,33
2895969892,-3494,7430,-2158,91,-123,37,-15753,0,-15537,0,8160,8192,5934,150,-5998,-107,28,27
2896019892,-3460,7302,-2054,112,-106,75,8160,8192,-412,-21348,645,8192,5794,224,-6006,-109,27,27
2896069892,-3418,7404,-2122,105,-131,22,8160,8192,-15948,-21347,645,8192,5868,222,-6016,-108,30,27
2896119892,-3684,7412,-2028,101,-79,150,8160,8192,-31484,-21346,645,8192,5772,124,-5990,-108,30,28
2896169892,-3434,7364,-2220,82,-138,-6,0,0,-7,-1,-15746,0,5912,198,-5960,-105,27,31
2896219892,-3586,7394,-2018,131,-125,110,0,0,-7,-1,-16744,0,5820,18,-5948,-108,15,28
2896269892,-3316,7540,-2366,35,-137,-23,-15742,0,-15537,0,8160,8192,5868,510,-5934,-105,8,30
2896319892,-3546,7458,-2064,171,-187,7,8160,8192,0,0,645,8192,5886,90,-5888,-107,18,29
2896369892,-3672,7394,-2022,40,-44,157,-15738,0,-15537,0,8160,8192,5872,90,-6050,-106,28,31
2896419892,-3638,7322,-2104,113,-129,64,0,0,-7,-1,-15736,0,5838,36,-5946,-107,26,32
2896469892,-3566,7342,-2026,87,-117,35,0,0,-7,-1,-15734,0,5918,166,-5894,-108,21,33
2896519892,-3432,7440,-2152,95,-125,30,-15731,0,-15537,0,8160,8192,5692,304,-6032,-107,30,32
2896569892,-3564,7452,-2094,109,-75,106,-15729,0,-15537,0,8160,8192,5802,112,-6034,-106,37,32
2896619892,-3506,7326,-2038,83,-48,127,-15726,0,-15537,0,8160,8192,5872,192,-6060,-102,47,28
2896669892,-3566,7362,-2148,108,-126,31,-15722,0,-15537,0,8160,8192,5936,188,-6186,-112,43,37
2896719892,-3372,7276,-2008,107,-69,90,-16720,0,-15537,0,8160,8192,5824,112,-6276,-100,49,29
2896769892,-3548,7368,-2088,88,-79,131,-15718,0,-15537,0,8160,8192,6070,218,-6076,-107,39,34
2896819892,-3458,7334,-2122,87,-62,113,-15714,0,-15537,0,8160,8192,5598,300,-6436,-101,44,32
2896869892,-3292,7578,-2216,101,-151,-9,8160,8192,-2380,-21335,645,8192,5830,474,-6086,-108,27,29
2896919892,-3508,7480,-2190,103,-104,73,8160,8192,-17916,-21334,645,8192,5926,214,-5852,-109,26,35
2896969892,-3222,7356,-2166,82,-144,-5,8160,8192,0,0,645,8192,5694,566,-5734,-101,29,31
2897019892,-3306,7440,-2370,148,-261,-158,-15704,0,-15537,0,8160,8192,5824,638,-5870,-107,21,35
2897069892,-3148,7418,-2266,129,-236,-117,8160,8192,1012,-21331,645,8192,5694,920,-6112,-102,35,29
2897119892,-3066,7312,-2628,192,-503,-582,-15699,0,-15537,0,8160,8192,6176,1470,-5758,-102,28,33
2897169892,-3180,7552,-2724,400,-774,-817,8160,8192,0,0,645,8192,6070,1006,-5628,-103,22,31
2897219892,-2952,7168,-2194,277,-700,-682,-15695,0,-15537,0,8160,8192,5648,1096,-6092,-107,30,24
2897269892,-3686,7348,-2732,133,-274,-217,-15692,0,-15537,0,8160,8192,6172,966,-5948,-105,35,27
2897319892,-3050,6246,-1954,127,-129,99,-15689,0,-15537,0,8160,8192,6924,306,-5132,-99,25,31
2897369892,-4924,7712,-2528,59,-77,204,0,0,-7,-1,-15686,0,5716,220,-5738,-105,37,33
2897419892,-4538,7692,-2372,140,-307,-102,8160,8192,23332,-21326,645,8192,5044,-18,-6666,-104,29,32
2897469892,-4130,6958,-1684,218,-436,-283,-17682,0,-15537,0,8160,8192,5608,-64,-6174,-108,30,27
2897519892,-4722,7276,-2046,213,-431,-303,8160,8192,0,0,645,8192,5814,-130,-5946,-97,46,26
2897569892,-4340,6736,-1838,148,-264,-82,8160,8192,0,0,645,8192,5514,-336,-5960,-102,35,22
2897619892,-4354,6806,-1818,119,-203,14,0,0,-7,-1,-15675,0,5552,-552,-6164,-104,55,21
2897669892,-4548,6718,-2136,97,-182,131,-15671,0,-15537,0,8160,8192,7302,-620,-5438,-109,24,18
2897719892,-4582,6658,-1454,70,35,280,-15669,0,-15537,0,8160,8192,5018,-444,-6422,-106,60,22
2897769892,-5172,6766,-1576,75,18,298,8160,8192,-19884,-21321,645,8192,6388,-1100,-5734,-100,49,30
2897819892,-5044,6554,-1146,77,-4,265,-15664,0,-15537,0,8160,8192,5938,-1196,-6008,-104,36,27
2897869892,-5170,6768,-1396,81,-37,153,-15662,0,-15537,0,8160,8192,5810,-868,-6062,-111,37,23
2897919892,-5112,6556,-1152,103,-20,244,8160,8192,0,0,645,8192,5774,-1214,-6036,-105,19,31
2897969892,-5462,7414,-1768,11,20,180,-16657,0,-15537,0,8160,8192,4724,-1172,-6802,-106,11,32
2898019892,-6000,7824,-2086,67,70,240,8160,8192,0,0,645,8192,5954,-1494,-5690,-110,27,32
2898069892,-5558,7636,-2012,-47,244,336,-15652,0,-15537,0,8160,8192,6164,-676,-5880,-110,24,37
2898119892,-4006,5714,-1040,26,188,422,-15650,0,-15537,0,8160,8192,5690,-752,-6192,-114,45,38
2898169892,-4810,7298,-1746,-8,179,303,-17648,0,-15537,0,8160,8192,5198,-246,-6082,-104,24,43
2898219892,-3420,7024,-2204,26,-47,22,-16645,0,-15537,0,8160,8192,6040,708,-5594,-113,34,32
2898269892,-2306,6812,-2092,84,-39,128,-15643,0,-15537,0,8160,8192,4498,1820,-7032,-106,23,34
2898319892,-2668,6890,-1872,83,129,258,-17642,0,-15537,0,8160,8192,6676,570,-6396,-108,30,35
2898369892,-3350,7714,-2750,98,5,295,-17640,0,-15537,0,8160,8192,5952,1038,-5802,-105,25,39
2898419892,-2744,7064,-2374,48,100,369,0,0,-7,-1,-15637,0,6162,1224,-5682,-105,29,38
2898469892,-3284,7628,-2514,110,-10,234,-16635,0,-15537,0,8160,8192,5718,982,-6258,-109,30,32
2898519892,-3076,7462,-2422,102,-20,248,-16630,0,-15537,0,8160,8192,5494,796,-6066,-107,26,27
2898569892,-3166,7586,-2402,49,35,271,8160,8192,-6316,-21309,645,8192,5856,618,-5966,-104,21,23
2898619892,-3452,7340,-2034,49,135,465,-15627,0,-15537,0,8160,8192,5796,86,-6002,-104,40,26
2898669892,-3316,7334,-2486,-35,69,183,8160,8192,0,0,645,8192,5772,934,-5984,-105,41,29
2898719892,-2900,7574,-2588,237,-363,-237,-15623,0,-15537,0,8160,8192,5916,820,-5956,-106,33,33
2898769892,-3064,7606,-2424,140,-213,-148,-15620,0,-15537,0,8160,8192,5556,684,-6140,-104,51,25
2898819892,-3468,7486,-2236,128,-56,154,-15617,0,-15537,0,8160,8192,5608,280,-5974,-104,57,21
2898869892,-4072,7288,-1806,97,-34,211,-16615,0,-15537,0,8160,8192,5848,-532,-5996,-102,30,26
2898919892,-3912,7180,-1942,69,-195,-35,8160,8192,0,0,645,8192,5774,-156,-6046,-103,0,28
2898969892,-3552,7302,-2090,164,-279,-200,-15609,0,-15537,0,8160,8192,5824,222,-5978,-107,16,24
2899019892,-3496,7436,-2242,117,-183,-44,-15608,0,-15537,0,8160,8192,5714,204,-6156,-106,31,25
2899069892,-3766,7380,-2036,78,-21,199,-16605,0,-15537,0,8160,8192,5802,6,-5990,-106,42,31
2899119892,-3678,7260,-2006,99,-95,64,-15601,0,-15537,0,8160,8192,5884,100,-6050,-111,46,31
2899169892,-3472,7286,-2108,123,-137,-3,-15599,0,-15537,0,8160,8192,5664,372,-5954,-105,45,29
2899219892,-3894,7302,-1882,99,-33,156,8160,8192,-11676,-21299,645,8192,5894,-184,-5858,-109,19,26
2899269892,-3748,7326,-2112,-43,114,462,0,0,-7,-1,-16595,0,5880,266,-5926,-108,-1,26
2899319892,-3062,7430,-2600,84,-277,-320,0,0,-7,-1,-15593,0,5798,816,-5996,-106,13,30
2899369892,-3218,7684,-2346,269,-335,-169,-15590,0,-15537,0,8160,8192,5738,542,-6086,-103,36,32
2899419892,-3736,7322,-2060,35,-6,225,-17587,0,-15537,0,8160,8192,5746,-78,-6128,-106,42,32
2899469892,-3932,7102,-2114,74,-43,173,-15586,0,-15537,0,8160,8192,6060,-4,-5920,-110,27,36
2899519892,-3834,7264,-1964,94,-156,5,8160,8192,26180,-21294,645,8192,5680,-172,-5962,-108,27,29
2899569892,-3656,7256,-2086,77,-81,81,8160,8192,10644,-21293,645,8192,5766,-140,-6120,-108,32,34
2899619892,-3678,7352,-2178,44,-14,200,-15580,0,-15537,0,8160,8192,5608,26,-6124,-103,39,30
2899669892,-3400,7252,-2198,53,-34,129,8160,8192,-20428,-21292,645,8192,5920,508,-5970,-111,38,37
2899719892,-3156,7368,-2158,133,-153,-8,-15575,0,-15537,0,8160,8192,5530,478,-6062,-102,50,32
2899769892,-3702,7434,-2180,96,-48,146,8160,8192,14036,-21290,645,8192,5858,122,-5922,-107,36,37
2899819892,-3742,7432,-2022,38,53,291,0,0,-7,-1,-15571,0,5766,-206,-6034,-106,40,32
2899869892,-3534,7274,-1984,56,-48,126,-15569,0,-15537,0,8160,8192,5808,70,-5994,-105,28,32
2899919892,-3468,7394,-2242,117,-152,6,0,0,-7,-1,-16566,0,5848,276,-5858,-105,18,39
2899969892,-3474,7550,-2156,112,-91,69,-15564,0,-15537,0,8160,8192,5754,462,-6172,-97,31,32
2900019892,-3190,7746,-2642,117,-224,-147,-15562,0,-15537,0,8160,8192,5922,892,-6194,-106,32,34
2900069892,-2858,7606,-2554,194,-328,-339,-17559,0,-15537,0,8160,8192,5942,806,-6146,-109,38,32
2900119892,-3014,7724,-2824,157,-403,-388,0,0,-7,-1,-16558,0,5838,1172,-6060,-103,42,30
2900169892,-3062,7298,-2620,312,-690,-703,-15556,0,-15537,0,8160,8192,5500,1020,-6028,-109,23,35
2900219892,-3472,7562,-2588,347,-833,-859,-15555,0,-15537,0,8160,8192,6124,690,-5746,-103,0,26
2900269892,-3516,6932,-2134,114,-219,-171,8160,8192,0,0,645,8192,6158,446,-5560,-110,21,26
2900319892,-5690,9136,-3196,17,10,286,0,0,-7,-1,-15551,0,5822,166,-6084,-112,32,25
2900369892,-4500,7362,-2096,47,-46,200,-15549,0,-15537,0,8160,8192,5304,66,-6428,-100,35,29
2900419892,-3986,6870,-1538,150,-256,-212,8160,8192,8676,-21280,645,8192,4878,-296,-6476,-105,36,32
2900469892,-4286,6782,-1686,254,-520,-461,8160,8192,-6860,-21280,645,8192,6514,202,-5556,-101,33,30
2900519892,-4912,7508,-2232,236,-578,-519,-15542,0,-15537,0,8160,8192,5756,284,-6128,-115,54,30
2900569892,-4508,7376,-2096,197,-396,-263,8160,8192,27604,-21278,645,8192,5750,130,-6098,-101,45,29
2900619893,-4494,7042,-1950,129,-151,55,-15539,0,-15537,0,8160,8192,5222,-76,-6460,-105,44,29
2900669895,-4128,6674,-1596,80,-77,199,-15537,0,-15537,0,8160,8192,5654,-232,-6334,-103,38,20
2900719894,-4070,6496,-1606,81,-82,171,0,0,-7,-1,-15537,0,5884,-150,-6150,-103,39,27
2900769892,-4954,7614,-1980,91,-174,-21,8160,8192,0,0,645,8192,5748,-42,-6028,-100,35,24
2900819892,-5940,8402,-2890,109,-204,-104,0,0,-7,-1,-16532,0,5564,38,-6030,-102,43,22
2900869892,-4348,6638,-1594,156,-207,-17,0,0,-7,-1,-16530,0,5612,-276,-6162,-99,59,33
2900919892,-5272,6938,-1436,93,149,463,8160,8192,-15612,-21273,645,8192,5966,-1102,-6058,-100,56,24
2900969892,-5216,6556,-1158,-11,234,587,0,0,-7,-1,-17528,0,5726,-1206,-6070,-106,33,26
2901019892,-5538,6644,-900,107,162,355,0,0,-7,-1,-16526,0,6338,-1642,-5720,-109,23,30
2901069892,-5352,6152,-994,27,194,325,-16524,0,-15537,0,8160,8192,5526,-1786,-6388,-110,23,28
2901119892,-5196,6810,-1532,34,-60,80,-16522,0,-15537,0,8160,8192,5888,-640,-5634,-105,10,44
2901169892,-4188,6550,-658,64,37,95,8160,8192,-27756,-21269,645,8192,4058,-1268,-7368,-112,-1,33
2901219892,-3748,6714,-1474,5,74,195,0,0,-7,-1,-16517,0,6656,62,-5396,-114,37,38
2901269892,-3764,6404,-1504,61,94,187,-16516,0,-15537,0,8160,8192,5194,-392,-6154,-108,30,40
2901319892,-4172,8066,-2620,-32,143,323,-16514,0,-15537,0,8160,8192,3264,-112,-7732,-114,50,32
2901369892,-4248,8048,-3026,25,28,209,-15748,0,-15537,0,8160,8192,6078,398,-5966,-118,34,30
2901419892,-2904,7224,-2488,63,140,368,-16510,0,-15537,0,8160,8192,5996,1502,-5814,-114,32,35
2901469892,-4034,7962,-3022,1,141,389,-16508,0,-15537,0,8160,8192,5618,1118,-6146,-107,18,30
2901519892,-3198,7532,-2422,57,5,229,-16506,0,-15537,0,8160,8192,6078,710,-5912,-103,9,36
2901569892,-3078,7206,-2490,92,-19,205,0,0,-7,-1,-17504,0,5736,742,-5986,-107,28,33
2901619892,-3502,7482,-2428,90,25,276,-16502,0,-15537,0,8160,8192,6182,874,-5922,-104,30,25
2901669892,-3336,7536,-2244,48,107,391,8160,8192,0,0,645,8192,5772,446,-6098,-102,41,21
2901719892,-3278,7568,-2414,57,25,249,-16498,0,-15537,0,8160,8192,5940,680,-6090,-104,41,26
2901769892,-2872,7492,-2618,96,-151,-16,8160,8192,0,0,645,8192,5788,1172,-5878,-102,48,31
2901819892,-2952,7646,-2484,215,-294,-222,-16493,0,-15537,0,8160,8192,5938,976,-6094,-107,42,33
2901869892,-3410,7500,-2346,103,-67,106,-16490,0,-15537,0,8160,8192,5732,458,-5942,-105,43,21
2901919892,-3898,7272,-1868,88,-14,128,-16488,0,-15537,0,8160,8192,5666,-126,-6042,-102,44,23
2901969892,-4168,7056,-1824,116,-131,49,-16486,0,-15537,0,8160,8192,5720,-452,-5936,-103,44,30
2902019892,-3662,7322,-2272,100,-260,-222,0,0,-7,-1,-16484,0,5780,212,-6004,-110,29,30
2902069892,-3654,7386,-2044,189,-264,-121,0,0,-7,-1,-17482,0,5636,24,-5972,-110,18,27
2902119892,-3672,7368,-2104,30,-38,130,-16479,0,-15537,0,8160,8192,5816,232,-5990,-107,11,25
2902169892,-4076,7318,-2060,141,-142,44,0,0,-7,-1,-16476,0,5380,46,-6108,-103,17,25
2902219892,-3824,7302,-2050,129,-224,-113,-16474,0,-15537,0,8160,8192,5706,38,-5946,-105,17,27
2902269892,-3696,7394,-2164,129,-242,-182,-16472,0,-15537,0,8160,8192,5856,160,-6028,-109,31,29
2902319892,-4044,7226,-1790,125,-50,236,-16470,0,-15537,0,8160,8192,5778,-242,-6006,-106,23,26
2902369892,-3828,7150,-2136,8,-43,142,0,0,-7,-1,-16468,0,5780,242,-6004,-107,13,29
2902419892,-3614,7366,-2172,159,-249,-168,-16465,0,-15537,0,8160,8192,5850,352,-6022,-104,24,30
2902469892,-3684,7302,-2058,123,-100,99,-16462,0,-15537,0,8160,8192,5868,74,-5954,-105,33,28
2902519892,-3832,7284,-1964,70,-12,213,-16461,0,-15537,0,8160,8192,5830,58,-5974,-110,32,31
2902569892,-3866,7234,-2066,44,32,246,8160,8192,0,0,645,8192,5832,146,-5952,-107,30,32
2902619892,-3830,7368,-2092,52,-67,126,0,0,-7,-1,-16455,0,5762,254,-6186,-104,33,33
2902669892,-3744,7318,-2048,87,-125,3,-16452,0,-15537,0,8160,8192,5882,118,-5886,-105,31,29
2902719892,-3842,7288,-1862,76,0,220,0,0,-7,-1,-16450,0,5780,-114,-5940,-103,38,31
2902769892,-3830,7272,-1894,27,62,286,-16449,0,-15537,0,8160,8192,5822,144,-6136,-107,44,37
2902819892,-3388,7372,-2256,115,-174,-71,8160,8192,-16156,-21244,645,8192,5800,500,-5922,-107,46,30
2902869892,-3300,7414,-2134,152,-160,-3,-16443,0,-15537,0,8160,8192,5752,370,-6002,-109,46,34
2902919892,-3646,7458,-2176,77,-16,211,0,0,-7,-1,-16441,0,5982,208,-6068,-105,48,36
2902969892,-3682,7368,-2060,71,-24,157,-16439,0,-15537,0,8160,8192,5752,172,-5882,-105,42,31
2903019892,-3590,7348,-2164,127,-167,-48,-16437,0,-15537,0,8160,8192,5930,186,-6062,-109,39,33
2903069892,-3418,7300,-2086,115,-164,-11,-16435,0,-15537,0,8160,8192,5764,246,-5988,-103,35,33
2903119892,-3502,7384,-2190,82,-114,52,0,0,-7,-1,-16432,0,5830,226,-6068,-108,20,33
2903169892,-3532,7384,-2148,96,-150,0,-16430,0,-15537,0,8160,8192,5848,248,-6114,-104,19,29
2903219892,-3192,7476,-2544,112,-325,-302,-16427,0,-15537,0,8160,8192,5680,854,-6022,-104,24,31
2903269892,-3222,7468,-2488,282,-540,-435,-17426,0,-15537,0,8160,8192,5934,720,-6066,-107,13,36
2903319892,-3268,7352,-2528,167,-454,-510,8160,8192,0,0,645,8192,5818,1164,-6074,-103,26,29
2903369892,-3882,7570,-2504,263,-509,-462,8160,8192,9556,-21235,645,8192,5898,732,-5958,-111,33,31
2903419892,-3996,7628,-2374,251,-545,-529,8160,8192,-5980,-21235,645,8192,5818,430,-6004,-102,54,19
2903469892,-3230,6170,-2300,129,-193,-19,8160,8192,-21516,-21234,645,8192,7892,418,-5108,-115,26,20
2903519892,-4250,7602,-2262,51,-27,263,8160,8192,28484,-21233,645,8192,5364,534,-6302,-100,33,30
2903569892,-3686,6142,-1800,12,-83,12,-16414,0,-15537,0,8160,8192,5600,68,-6292,-103,38,32
2903619892,-4088,6940,-1858,227,-425,-329,0,0,-7,-1,-16413,0,5738,194,-6094,-107,32,35
2903669892,-4502,6784,-1950,197,-511,-463,0,0,-7,-1,-16411,0,5532,180,-6324,-105,45,25
2903719892,-3596,6412,-1470,184,-518,-358,0,0,-7,-1,-16410,0,5880,-144,-6158,-103,40,28
2903769892,-4728,7010,-2096,138,-187,19,-16407,0,-15537,0,8160,8192,5128,-300,-6560,-104,44,21
2903819892,-3792,5994,-1296,72,-21,332,0,0,-7,-1,-17405,0,6266,-60,-5750,-103,15,29
2903869892,-3924,5984,-996,9,-6,251,-16402,0,-15537,0,8160,8192,5392,-100,-6152,-98,22,25
2903919892,-4210,6206,-1062,104,-174,-21,0,0,-7,-1,-16400,0,6118,-592,-6056,-103,31,26
2903969892,-4078,5326,-506,96,-29,145,8160,8192,19732,-21226,645,8192,5942,-1118,-5854,-102,28,24
2904019892,-5460,6772,-1400,14,100,422,0,0,-7,-1,-17395,0,5394,-954,-6218,-105,22,25
2904069892,-5268,6570,-1230,26,95,388,0,0,-7,-1,-16392,0,5656,-954,-6134,-109,35,24
2904119892,-5180,6496,-1102,97,-39,115,0,0,-7,-1,-16390,0,5924,-1524,-5968,-105,40,36
2904169892,-3934,5060,-470,79,-92,-11,-16387,0,-15537,0,8160,8192,5692,-968,-6260,-109,38,32
2904219892,-4830,6846,-1310,80,59,161,-16385,0,-15537,0,8160,8192,5438,-1108,-6124,-108,25,33
2904269892,-5648,7596,-1696,-3,337,462,8160,8192,-7948,-21222,645,8192,3676,-1062,-6606,-104,63,49
2904319892,-5092,6978,-1636,-74,363,562,-16380,0,-15537,0,8160,8192,5958,-790,-6234,-109,25,46
2904369892,-4538,7476,-2042,-28,102,281,8160,8192,26516,-21220,645,8192,4752,-6,-6484,-119,35,38
2904419892,-4124,7236,-2144,103,-178,-212,-16377,0,-15537,0,8160,8192,6476,1080,-5320,-116,44,32
2904469892,-4044,7664,-2478,132,-20,86,0,0,-7,-1,-16375,0,5472,1228,-6000,-123,64,25
2904519892,-3468,8046,-2698,-114,357,592,8160,8192,0,0,645,8192,4830,530,-6346,-114,42,30
2904569892,-3702,7570,-2494,-2,267,542,-16371,0,-15537,0,8160,8192,5094,1012,-6356,-108,25,39
2904619892,-3214,8088,-2744,77,-96,69,-16369,0,-15537,0,8160,8192,5776,1258,-5838,-102,17,33
2904669892,-2676,7542,-2768,211,-284,-231,0,0,-7,-1,-16367,0,6122,1558,-5760,-107,35,28
2904719892,-2942,7914,-2658,148,-100,62,8160,8192,-16700,-21215,645,8192,5816,932,-6032,-102,40,23
2904769892,-3446,7400,-2246,-4,265,590,8160,8192,-32236,-21214,645,8192,5766,494,-6092,-106,34,28
2904819892,-3932,7180,-2016,-37,279,637,8160,8192,0,0,645,8192,5854,14,-6006,-105,35,26
2904869892,-3890,7128,-2092,19,17,163,-16359,0,-15537,0,8160,8192,5868,46,-6142,-107,36,29
2904919892,-3474,7338,-2262,146,-207,-95,0,0,-7,-1,-16357,0,5862,246,-5976,-104,43,25
2904969892,-3306,7516,-2214,141,-168,-49,-16354,0,-15537,0,8160,8192,5748,430,-5926,-106,38,31
2905019892,-3554,7444,-2112,99,-9,252,-16352,0,-15537,0,8160,8192,5916,228,-5990,-104,41,26
2905069892,-3464,7390,-2302,40,-8,185,0,0,-7,-1,-17350,0,5784,412,-6016,-108,40,30
2905119892,-3278,7376,-2188,149,-181,-24,8160,8192,-9916,-21209,645,8192,5800,240,-5920,-110,35,26
2905169892,-3450,7446,-2230,104,-159,-55,8160,8192,0,0,645,8192,5672,264,-6078,-107,36,28
2905219892,-3778,7388,-2018,107,-44,171,8160,8192,24548,-21207,645,8192,5772,52,-6116,-109,39,28
2905269892,-3638,7234,-2036,72,-107,69,-16343,0,-15537,0,8160,8192,5864,-12,-5948,-106,16,29
2905319892,-3484,7434,-2192,108,-181,-35,-16341,0,-15537,0,8160,8192,5836,268,-6154,-107,0,28
2905369892,-3462,7326,-2144,121,-167,22,0,0,-7,-1,-16339,0,5794,14,-6074,-109,8,28
2905419892,-3652,7328,-2052,45,-9,217,-17338,0,-15537,0,8160,8192,5792,-14,-5880,-109,20,30
2905469892,-3882,7226,-1858,90,13,286,-16336,0,-15537,0,8160,8192,5750,-226,-6020,-110,28,29
2905519892,-2858,7506,-2682,41,-287,-337,-16334,0,-15537,0,8160,8192,5746,1158,-5984,-103,15,29
2905569892,-3118,7566,-2324,264,-311,-89,-16333,0,-15537,0,8160,8192,5894,534,-6002,-103,23,24
2905619892,-3730,7464,-1922,9,6,219,-16333,0,-15537,0,8160,8192,5894,-156,-5982,-103,22,30
2905669892,-4082,7134,-1836,48,49,299,0,0,-7,-1,-16332,0,5908,-222,-6068,-104,38,33
2905719892,-3812,7126,-1970,103,-171,-56,8160,8192,260,-21199,645,8192,5940,-64,-5868,-110,39,34
2905769892,-3464,7280,-2080,144,-201,-105,0,0,-7,-1,-16328,0,5996,256,-5998,-105,58,35
2905819892,-3530,7490,-2196,79,-42,139,0,0,-7,-1,-17325,0,6062,386,-5908,-108,45,34
2905869892,-3498,7368,-2098,39,32,274,-17323,0,-15537,0,8160,8192,5800,216,-6250,-110,38,32
2905919892,-3554,7340,-2194,61,-53,140,8160,8192,0,0,645,8192,5940,208,-6084,-103,32,32
2905969892,-3468,7488,-2128,108,-109,89,8160,8192,-11884,-21196,645,8192,5992,326,-5864,-107,35,37
2906019892,-3356,7512,-2152,96,-105,35,-18318,0,-15537,0,8160,8192,5596,428,-6244,-103,35,32
2906069892,-3168,7522,-2282,116,-176,-13,5544,8192,-7,-1,-18128,0,5628,352,-6042,-103,27,33
2906119892,-3458,7468,-2214,116,-96,103,-18313,0,-15537,0,8160,8192,5698,352,-6058,-106,29,33
2906169892,-3118,7580,-2602,89,-201,-99,-16310,0,-15537,0,8160,8192,5626,726,-6042,-106,37,29
2906219892,-2818,7538,-2730,154,-389,-335,-16308,0,-15537,0,8160,8192,5916,1280,-5902,-111,14,29
2906269892,-3300,7726,-2298,247,-494,-591,0,0,-7,-1,-17306,0,5962,948,-5762,-101,39,31
2906319892,-3848,8088,-2974,315,-677,-828,0,0,-7,-1,-16305,0,5804,754,-6028,-101,39,29
2906369892,-3560,8112,-2640,223,-548,-488,-16302,0,-15537,0,8160,8192,5696,670,-5872,-106,19,21
2906419892,-3656,7510,-2304,124,-213,-80,-16300,0,-15537,0,8160,8192,6386,532,-6096,-110,23,26
2906469892,-4202,7034,-1968,128,-7,264,8160,8192,0,0,645,8192,4290,474,-6844,-103,43,27
2906519892,-4486,6706,-1902,40,-133,58,8160,8192,13828,-21187,645,8192,5950,-136,-6054,-109,33,31
2906569892,-4304,7012,-1972,233,-456,-392,-17294,0,-15537,0,8160,8192,6206,-74,-5572,-100,62,35
2906619892,-5108,7674,-2714,275,-627,-653,-16292,0,-15537,0,8160,8192,6014,280,-5698,-105,61,29
2906669892,-4510,7402,-2170,217,-609,-547,-18290,0,-15537,0,8160,8192,5370,300,-6204,-105,29,29
2906719892,-4036,6982,-2040,171,-354,-164,-16288,0,-15537,0,8160,8192,6218,338,-5796,-103,22,28
2906769892,-4400,6636,-1782,88,-39,228,-16286,0,-15537,0,8160,8192,5980,-228,-5760,-108,27,18
2906819892,-5878,8352,-2570,45,103,445,-16283,0,-15537,0,8160,8192,5882,-162,-6054,-104,29,21
2906869892,-4826,7144,-1738,66,-39,248,-16281,0,-15537,0,8160,8192,5170,-532,-6528,-101,53,22
2906919892,-5312,7280,-1326,96,-43,108,0,0,-7,-1,-16279,0,5048,-708,-6356,-96,34,22
2906969892,-5988,6938,-974,111,267,676,8160,8192,5076,-21180,645,8192,5872,-1998,-6028,-96,38,24
2907019892,-5550,6582,-1110,-148,334,694,0,0,-7,-1,-17275,0,5614,-1580,-6068,-116,36,23
2907069892,-4924,6046,-1044,43,-95,102,8160,8192,-25996,-21179,645,8192,5872,-1502,-6236,-109,20,29
2907119892,-5452,7504,-1638,157,-171,-188,-18270,0,-15537,0,8160,8192,6506,-1146,-5890,-109,47,29
2907169892,-4192,5934,-1208,106,-182,-58,-18267,0,-15537,0,8160,8192,6042,-708,-6266,-110,27,29
2907219892,-5252,8534,-2274,98,69,175,8160,8192,0,0,645,8192,5854,176,-6098,-106,55,41
2907269892,-4306,6578,-1434,10,211,390,-18263,0,-15537,0,8160,8192,5978,-340,-6352,-109,28,39
2907319892,-4966,7664,-2354,-37,223,454,-16261,0,-15537,0,8160,8192,5528,192,-5932,-112,24,37
2907369892,-3926,7302,-2042,36,15,208,0,0,-7,-1,-17260,0,5828,286,-5892,-112,26,33
2907419892,-2228,5504,-1460,82,-53,80,-16259,0,-15537,0,8160,8192,6510,212,-5672,-113,19,35
2907469892,-2838,6778,-1680,0,186,380,-17256,0,-15537,0,8160,8192,5758,538,-6130,-116,27,27
2907519892,-1840,5300,-1518,17,202,485,-16254,0,-15537,0,8160,8192,6356,1570,-5254,-106,5,37
2907569892,-2762,7638,-2808,118,-228,-76,8160,8192,15252,-21171,645,8192,5774,1516,-6040,-104,4,37
2907619892,-2464,7444,-2826,182,-247,-125,-18249,0,-15537,0,8160,8192,5992,1376,-5874,-109,16,33
2907669892,-3012,7366,-2538,113,7,304,0,0,-7,-1,-17247,0,5830,858,-6028,-107,31,23
2907719892,-3368,7622,-2408,-24,280,686,-16244,0,-15537,0,8160,8192,5808,430,-5920,-108,30,30
2907769892,-3598,7380,-2198,-39,270,633,-18243,0,-15537,0,8160,8192,5678,406,-6130,-108,28,30
2907819892,-3352,7430,-2360,79,-65,162,-18241,0,-15537,0,8160,8192,5720,702,-6132,-109,25,30
2907869892,-2966,7588,-2518,210,-382,-368,0,0,-7,-1,-17239,0,5958,910,-6016,-105,21,25
2907919892,-3068,7602,-2278,197,-291,-178,8160,8192,0,0,645,8192,5804,552,-6018,-103,16,24
2907969892,-3490,7310,-2130,77,-41,190,-16235,0,-15537,0,8160,8192,5750,-2,-6024,-104,26,26
2908019892,-3914,7332,-2066,42,19,294,-16233,0,-15537,0,8160,8192,5648,-58,-6180,-104,38,26
2908069892,-3992,7168,-1970,141,-185,-61,0,0,-7,-1,-17231,0,5770,-96,-6058,-105,45,28
2908119892,-3648,7352,-2244,147,-246,-177,-16230,0,-15537,0,8160,8192,5804,234,-6048,-108,42,31
2908169892,-3638,7254,-2076,121,-63,132,-18229,0,-15537,0,8160,8192,5638,170,-6034,-105,44,26
2908219892,-3554,7322,-2160,82,-118,35,8160,8192,0,0,645,8192,5920,410,-5958,-107,28,26
2908269892,-3846,7348,-1950,149,-173,0,-18227,0,-15537,0,8160,8192,5874,-170,-5912,-107,12,28
2908319892,-3720,7420,-2134,26,-79,92,-18226,0,-15537,0,8160,8192,5892,178,-6032,-107,14,27
2908369892,-3616,7356,-2110,139,-131,38,-16225,0,-15537,0,8160,8192,5918,212,-5956,-105,41,25
2908419892,-3356,7444,-2376,107,-153,-42,-16224,0,-15537,0,8160,8192,5860,524,-5992,-112,49,30
2908469892,-3910,7294,-1964,166,-96,98,8160,8192,-2252,-21158,645,8192,5788,-284,-5988,-108,54,32
2908519892,-4118,7212,-1814,36,56,282,0,0,-7,-1,-17219,0,5740,-220,-6102,-105,31,25
2908569892,-3178,7370,-2652,58,-232,-109,-16217,0,-15537,0,8160,8192,5780,1040,-6098,-103,11,29
2908619892,-3446,7456,-2160,232,-338,-219,-16214,0,-15537,0,8160,8192,5922,74,-6010,-104,7,30
2908669892,-3614,7388,-2114,19,-33,197,-16212,0,-15537,0,8160,8192,5820,182,-6038,-108,16,31
2908719892,-4076,7172,-1878,92,-59,146,-16211,0,-15537,0,8160,8192,5874,-298,-6086,-106,30,36
2908769892,-4022,7256,-1956,79,-119,29,0,0,-7,-1,-16209,0,5790,-274,-6046,-106,29,31
2908819892,-3702,7402,-2170,83,-91,65,-16206,0,-15537,0,8160,8192,5578,184,-6262,-109,27,32
2908869892,-3554,7428,-2220,100,-83,67,0,0,-7,-1,-16204,0,6084,342,-5944,-105,35,33
2908919892,-3570,7480,-2234,81,-69,133,8160,8192,0,0,645,8192,5920,170,-6090,-109,40,38
2908969892,-3620,7230,-2018,83,4,207,-16199,0,-15537,0,8160,8192,5970,244,-6008,-102,52,30
2909019892,-3676,7390,-2196,101,-141,29,0,0,-7,-1,-16196,0,5728,134,-6088,-108,38,37
2909069892,-3720,7378,-1970,108,-52,111,8160,8192,7924,-21148,645,8192,5766,-22,-6080,-105,43,31
2909119892,-3656,7214,-2076,52,-26,205,8160,8192,-7612,-21148,645,8192,5362,-34,-6072,-108,34,37
2909169892,-3396,7156,-2076,64,-54,105,-16189,0,-15537,0,8160,8192,5766,358,-5870,-103,26,30
2909219892,-3612,7498,-2316,89,-124,74,-17187,0,-15537,0,8160,8192,5976,364,-6020,-108,16,33
2909269892,-3100,7524,-2276,84,-143,-11,0,0,-7,-1,-16185,0,6008,696,-5892,-109,22,35
2909319892,-3090,7386,-2410,101,-164,-39,0,0,-7,-1,-17183,0,5934,852,-5926,-99,36,27
2909369892,-3066,7288,-2266,171,-300,-244,-16181,0,-15537,0,8160,8192,5932,702,-5952,-105,33,37
2909419892,-3116,7320,-2486,191,-461,-471,8160,8192,30244,-21143,645,8192,5982,1170,-5960,-99,39,30
2909469892,-3492,7878,-2874,343,-701,-789,8160,8192,14708,-21142,645,8192,6288,1234,-5538,-100,41,27
2909519892,-2888,6978,-2268,341,-819,-874,-16176,0,-15537,0,8160,8192,5586,1144,-6260,-108,42,25
2909569892,-3680,8034,-2634,177,-611,-600,0,0,-7,-1,-17174,0,6058,1102,-6076,-102,40,27
2909619892,-4044,7098,-2134,132,-105,114,-16172,0,-15537,0,8160,8192,5354,-60,-6602,-103,31,30
2909669892,-4650,7582,-1936,26,113,480,-16171,0,-15537,0,8160,8192,4498,928,-6416,-100,41,38
2909719892,-4818,7372,-2238,46,-85,181,-16170,0,-15537,0,8160,8192,6004,-114,-5912,-102,13,38
2909769892,-3974,6484,-1838,184,-355,-179,8160,8192,0,0,645,8192,6008,-120,-5936,-106,41,27
2909819892,-4254,6352,-1376,192,-441,-323,0,0,-7,-1,-17165,0,5748,-620,-6202,-103,35,26
2909869892,-4102,6678,-1718,111,-365,-235,-16163,0,-15537,0,8160,8192,5770,36,-6014,-99,31,20
2909919892,-4288,7094,-1916,148,-314,-86,-16161,0,-15537,0,8160,8192,6670,312,-5308,-100,27,29
2909969892,-5202,7426,-2080,100,-126,66,-17160,0,-15537,0,8160,8192,5652,0,-6134,-96,26,29
2910019892,-4308,6128,-1000,81,20,256,-17158,0,-15537,0,8160,8192,5174,-732,-6594,-108,42,31
2910069892,-4376,6718,-1204,18,44,305,-16156,0,-15537,0,8160,8192,4984,-546,-6788,-105,31,28
2910119892,-5038,6730,-1410,117,-42,117,0,0,-7,-1,-16155,0,5734,-612,-6110,-101,57,29
2910169892,-5120,7080,-1642,104,-109,22,-16152,0,-15537,0,8160,8192,6086,-750,-5930,-104,45,29
2910219892,-5196,6612,-1242,124,37,285,8160,8192,0,0,645,8192,5876,-836,-5960,-108,40,25
2910269892,-5370,6580,-1046,47,154,442,-16148,0,-15537,0,8160,8192,6038,-1360,-5880,-102,26,30
2910319892,-5112,6692,-1132,47,108,274,-18146,0,-15537,0,8160,8192,5744,-1586,-5936,-106,24,32
2910369892,-5734,7066,-1852,53,17,161,0,0,-7,-1,-16144,0,5480,-1256,-6308,-111,2,30
2910419892,-5230,7442,-1924,17,115,288,0,0,-7,-1,-17142,0,5486,-1024,-6110,-114,36,40
2910469892,-4196,6620,-1354,29,181,405,-18140,0,-15537,0,8160,8192,6378,-556,-6298,-110,23,44
2910519892,-3822,6728,-1406,-24,187,362,8160,8192,0,0,645,8192,4982,-130,-6548,-118,41,39
2910569892,-4724,7752,-2570,2,43,52,-16136,0,-15537,0,8160,8192,4424,140,-6708,-118,77,31
2910619892,-816,4878,-1572,142,-111,-99,0,0,-7,-1,-16134,0,8684,1252,-3576,-116,26,28
2910669892,-3872,8142,-2852,120,118,374,-16133,0,-15537,0,8160,8192,4478,708,-6724,-115,45,31
2910719892,-3500,7780,-2834,-6,175,412,-16131,0,-15537,0,8160,8192,5548,762,-6064,-105,31,35
2910769892,-3350,7498,-2238,48,191,497,-16128,0,-15537,0,8160,8192,5712,778,-6424,-103,15,34
2910819892,-3250,7376,-2474,63,13,193,-16126,0,-15537,0,8160,8192,5974,702,-6226,-104,24,22
2910869892,-2938,7510,-2362,135,-112,107,-16124,0,-15537,0,8160,8192,5468,770,-6086,-104,12,25
2910919892,-3340,7298,-2058,64,74,337,8160,8192,0,0,645,8192,5798,156,-6106,-100,6,21
2910969892,-3382,7384,-2160,-82,294,616,-18118,0,-15537,0,8160,8192,5802,524,-6054,-106,25,31
2911019892,-3250,7596,-2522,61,-50,165,0,0,-7,-1,-16116,0,5638,1130,-6158,-105,41,30
2911069892,-2680,7692,-2756,234,-410,-419,-16114,0,-15537,0,8160,8192,5874,1336,-6026,-109,45,31
2911119892,-2880,7702,-2508,221,-285,-260,8160,8192,0,0,645,8192,5758,934,-5852,-101,67,20
2911169892,-3512,7292,-2108,95,-6,247,-16111,0,-15537,0,8160,8192,5778,-140,-5996,-107,45,27
2911219892,-4202,7394,-1764,22,132,530,0,0,-7,-1,-16108,0,5854,-582,-5978,-104,20,28
2911269892,-3914,7244,-2054,27,-67,95,-16107,0,-15537,0,8160,8192,5780,274,-5962,-108,14,27
2911319892,-3426,7496,-2354,277,-513,-539,0,0,-7,-1,-16105,0,5862,440,-5996,-106,15,27
2911369892,-3452,7632,-2278,189,-323,-214,-18104,0,-15537,0,8160,8192,5736,222,-6070,-109,17,28
2911419892,-3876,7378,-2078,49,25,343,-16101,0,-15537,0,8160,8192,5760,-316,-6138,-105,25,26
2911469892,-3854,7192,-2044,-24,93,315,8160,8192,-16908,-21112,645,8192,5842,104,-6060,-107,24,30
2911519892,-3726,7270,-2126,175,-282,-213,8160,8192,0,0,645,8192,5776,306,-5948,-106,41,28
2911569892,-3498,7522,-2234,196,-313,-242,8160,8192,17556,-21110,645,8192,5782,178,-6144,-112,33,28
2911619892,-3800,7170,-2034,63,20,280,-18092,0,-15537,0,8160,8192,5744,88,-6044,-112,40,28
2911669892,-3540,7240,-2310,50,-103,42,-16090,0,-15537,0,8160,8192,5724,498,-6070,-108,19,28
2911719892,-3682,7340,-1956,228,-279,-143,-16088,0,-15537,0,8160,8192,5800,-104,-6038,-105,25,25
2911769892,-3410,7378,-2338,35,-148,-65,-17086,0,-15537,0,8160,8192,5846,572,-5936,-105,31,26
2911819892,-3898,7262,-1978,175,-155,91,-18084,0,-15537,0,8160,8192,5816,-62,-6130,-106,19,31
2911869892,-4110,7320,-1898,35,-20,239,-16081,0,-15537,0,8160,8192,5850,-304,-5986,-109,23,33
2911919892,-3940,7238,-1998,87,-62,114,-17079,0,-15537,0,8160,8192,5730,86,-6048,-106,37,31
2911969892,-3550,7398,-2216,108,-120,36,8160,8192,0,0,645,8192,5788,284,-5932,-109,36,34
2912019892,-3564,7446,-2196,90,-66,95,-16074,0,-15537,0,8160,8192,5702,524,-6044,-103,36,30
2912069892,-3630,7408,-2078,98,-68,135,0,0,-7,-1,-16073,0,5780,212,-5910,-110,30,33
2912119892,-3866,7288,-1856,92,-35,159,-16071,0,-15537,0,8160,8192,5724,-174,-6042,-101,40,33
2912169892,-4072,7320,-1938,52,9,237,-16069,0,-15537,0,8160,8192,5618,-500,-5940,-104,34,34
2912219892,-3760,7320,-2084,31,1,158,-16067,0,-15537,0,8160,8192,5880,-32,-5858,-114,38,37
2912269892,-3178,7254,-2254,93,-108,50,-17066,0,-15537,0,8160,8192,5476,622,-6152,-103,51,37
2912319892,-3258,7490,-2240,113,-54,184,0,0,-7,-1,-16064,0,5690,580,-6066,-105,48,35
2912369892,-3294,7554,-2394,69,-64,104,-16061,0,-15537,0,8160,8192,5854,748,-5868,-108,42,35
2912419892,-3034,7514,-2496,157,-190,-85,0,0,-7,-1,-16060,0,6014,920,-5760,-106,36,35
2912469892,-3204,7376,-2170,195,-234,-53,-16058,0,-15537,0,8160,8192,5806,522,-6076,-102,37,31
2912519892,-3640,7284,-1856,84,-59,173,-16055,0,-15537,0,8160,8192,5804,84,-6148,-104,32,27
2912569892,-3284,7336,-2506,156,-434,-464,8160,8192,-31020,-21095,645,8192,6090,882,-5724,-104,33,34
2912619892,-3232,7382,-2516,348,-621,-719,-16051,0,-15537,0,8160,8192,6052,1362,-6084,-102,29,28
2912669892,-2960,7452,-2902,281,-914,-1086,-16049,0,-15537,0,8160,8192,6552,1982,-5522,-106,6,30
2912719892,-3198,7502,-2394,359,-823,-769,-18048,0,-15537,0,8160,8192,6562,868,-5690,-110,29,23
2912769892,-4456,7838,-2634,74,-40,124,8160,8192,-27628,-21092,645,8192,5686,-144,-6192,-100,66,26
2912819892,-3038,5998,-1544,-55,115,404,-16044,0,-15537,0,8160,8192,5072,396,-6600,-106,32,33
2912869892,-6076,8676,-2764,-7,246,564,0,0,-7,-1,-16042,0,4002,-1094,-6820,-102,44,31
2912919892,-4412,6568,-1702,51,-195,11,8160,8192,-8700,-21090,645,8192,6518,178,-5444,-105,6,34
2912969892,-4366,6782,-1996,208,-565,-533,-18038,0,-15537,0,8160,8192,6406,288,-5336,-108,18,28
2913019892,-3402,6374,-1638,255,-809,-815,8160,8192,0,0,645,8192,6356,202,-5970,-104,20,25
2913069892,-3964,7030,-2030,186,-563,-498,8160,8192,0,0,645,8192,5826,438,-6098,-104,25,22
2913119892,-4412,7214,-2044,122,-217,-13,-17032,0,-15537,0,8160,8192,6664,-190,-5762,-100,50,26
2913169892,-3360,5556,-1200,45,78,444,-16029,0,-15537,0,8160,8192,7062,392,-4804,-105,27,12
2913219892,-5294,7668,-2120,34,49,533,8160,8192,29156,-21085,645,8192,4248,-494,-7350,-100,31,25
2913269892,-5058,6820,-1564,87,-10,306,-17025,0,-15537,0,8160,8192,6258,-922,-5692,-107,38,17
2913319892,-5374,6692,-1044,111,117,314,0,0,-7,-1,-16023,0,5736,-1236,-5986,-100,50,36
2913369892,-5656,6208,-622,44,232,556,-16021,0,-15537,0,8160,8192,5958,-1818,-5964,-102,44,25
2913419892,-5886,6378,-862,-34,214,408,-16019,0,-15537,0,8160,8192,5980,-1984,-5912,-107,27,31
2913469892,-5170,5994,-780,92,10,154,0,0,-7,-1,-17016,0,5750,-1574,-6010,-110,29,30
2913519892,-5624,7442,-1632,98,-67,-13,0,0,-7,-1,-16013,0,5440,-1276,-6170,-107,31,38
2913569892,-3618,5024,-500,70,63,152,-16011,0,-15537,0,8160,8192,7142,-1182,-5232,-116,19,30
2913619892,-5248,7566,-2098,-18,200,377,0,0,-7,-1,-17009,0,6638,-948,-5538,-112,34,37
2913669892,-4392,7026,-1752,24,139,307,-16007,0,-15537,0,8160,8192,7854,-282,-4210,-112,32,44
2913719892,-3366,6690,-1960,29,-15,2,8160,8192,4868,-21077,645,8192,5938,92,-6102,-109,37,49
2913769892,-3072,7792,-2460,107,-174,-164,-18003,0,-15537,0,8160,8192,5284,1366,-7072,-115,41,32
2913819892,-2970,7422,-2572,47,83,296,-16000,0,-15537,0,8160,8192,7804,786,-4444,-113,12,37
2913869892,-5086,9576,-3486,20,308,597,8160,8192,0,0,645,8192,5630,1592,-5830,-98,41,47
2913919892,-2916,6958,-2320,11,117,442,-15995,0,-15537,0,8160,8192,6084,816,-5808,-108,11,41
2913969892,-2650,7488,-2604,82,-14,222,0,0,-7,-1,-16992,0,5858,1230,-6026,-106,21,30
2914019892,-2706,7572,-2518,151,-219,-40,0,0,-7,-1,-16991,0,5340,754,-6270,-108,19,27
2914069892,-3024,7674,-2482,48,34,296,-15989,0,-15537,0,8160,8192,5814,524,-5966,-99,8,22
2914119892,-3262,7396,-2234,-16,239,647,-17988,0,-15537,0,8160,8192,5760,540,-6050,-102,22,31
2914169892,-3560,7468,-2218,-40,213,420,8160,8192,-3884,-21071,645,8192,5766,554,-6142,-100,33,32
2914219892,-3034,7552,-2528,143,-231,-181,-16983,0,-15537,0,8160,8192,5898,1052,-6018,-106,43,34
2914269892,-2970,7758,-2492,263,-382,-299,-15982,0,-15537,0,8160,8192,5854,872,-6068,-106,29,24
2914319892,-3664,7574,-2000,137,-64,111,-15980,0,-15537,0,8160,8192,5938,-186,-6058,-104,49,24
2914369892,-4290,7254,-1712,-9,236,591,-15978,0,-15537,0,8160,8192,5892,-760,-6042,-108,56,27
2914419892,-3462,7258,-2212,-39,-46,19,-17976,0,-15537,0,8160,8192,5684,392,-5990,-109,42,26
2914469892,-3298,7610,-2202,307,-414,-322,-15975,0,-15537,0,8160,8192,5804,466,-5970,-108,33,28
2914519892,-3148,7688,-2392,123,-270,-253,0,0,-7,-1,-16973,0,5770,408,-6006,-103,42,24
2914569892,-3506,7362,-2062,131,-27,212,-15969,0,-15537,0,8160,8192,5784,-96,-5946,-109,52,24
2914619892,-4006,7196,-1834,36,31,318,-15968,0,-15537,0,8160,8192,5702,-372,-6048,-109,31,25
2914669892,-3802,7212,-2156,78,-184,-82,-15967,0,-15537,0,8160,8192,5722,268,-6092,-105,19,26
2914719892,-3610,7540,-2128,217,-356,-309,-15963,0,-15537,0,8160,8192,5696,-42,-5976,-106,24,29
2914769892,-3806,7326,-1934,38,20,281,-17959,0,-15537,0,8160,8192,5826,-104,-5998,-107,1,26
2914819892,-3788,7166,-1970,-30,107,408,-15955,0,-15537,0,8160,8192,5772,158,-5988,-110,-4,27
2914869892,-3206,7484,-2518,121,-339,-373,-17952,0,-15537,0,8160,8192,5818,674,-5980,-104,5,30
2914919892,-3368,7518,-2068,216,-224,-13,8160,8192,0,0,645,8192,5866,150,-5948,-106,18,31
2914969892,-3690,7348,-2132,-18,-4,246,8160,8192,9684,-21058,645,8192,5766,-6,-5990,-109,19,34
2915019892,-3828,7196,-2000,90,-21,196,-15948,0,-15537,0,8160,8192,5954,142,-5958,-108,28,35
2915069892,-3840,7368,-2006,101,-135,28,8160,8192,-21388,-21057,645,8192,5862,-80,-6096,-101,39,31
2915119892,-3706,7322,-2128,86,-107,24,-15945,0,-15537,0,8160,8192,5594,160,-6000,-104,39,33
2915169892,-3660,7386,-1946,103,-18,166,8160,8192,13076,-21055,645,8192,5882,38,-5872,-106,40,35
2915219892,-3564,7508,-2032,45,44,274,-15941,0,-15537,0,8160,8192,6028,-118,-5880,-104,45,33
2915269892,-3902,7326,-2000,38,97,326,8160,8192,-17996,-21054,645,8192,5750,10,-6020,-106,46,39
2915319892,-3088,7434,-2188,87,-121,18,0,0,-7,-1,-15936,0,5798,226,-6176,-105,40,36
2915369892,-3216,7508,-2048,164,-123,54,-15935,0,-15537,0,8160,8192,5862,330,-5908,-106,52,29
2915419892,-3664,7430,-2090,138,-48,135,0,0,-7,-1,-15934,0,5634,-276,-6104,-103,49,34
2915469892,-3120,7484,-2298,58,-32,95,-15931,0,-15537,0,8160,8192,5610,696,-6068,-102,67,30
2915519892,-3140,7618,-2546,159,-192,-86,8160,8192,-30140,-21050,645,8192,5432,732,-6222,-102,56,32
2915569892,-2844,7584,-2522,138,-294,-276,-17926,0,-15537,0,8160,8192,5662,918,-6002,-102,31,27
2915619892,-3044,7982,-2816,214,-521,-491,-15924,0,-15537,0,8160,8192,5948,1144,-6112,-110,-27,26
2915669892,-3476,7874,-2194,203,-304,-103,-15922,0,-15537,0,8160,8192,6044,132,-6036,-103,16,30
2915719892,-3218,7100,-2172,58,-233,-136,-15919,0,-15537,0,8160,8192,5586,378,-6184,-102,34,29
2915769892,-3184,7198,-2346,102,-303,-271,8160,8192,0,0,645,8192,6382,868,-5590,-109,11,38
2915819892,-3446,7128,-2248,216,-432,-432,-17916,0,-15537,0,8160,8192,5758,564,-6322,-100,21,22
2915869892,-4058,7926,-2566,319,-741,-801,-15914,0,-15537,0,8160,8192,5898,1016,-5904,-111,58,27
2915919892,-3162,6312,-1326,278,-575,-648,-15911,0,-15537,0,8160,8192,6380,-2,-5842,-105,50,24
2915969892,-4482,7432,-2436,140,-265,-140,0,0,-7,-1,-16907,0,6406,1188,-5036,-97,62,28
2916019892,-3484,5638,-1408,62,-50,106,8160,8192,11108,-21042,645,8192,5482,-464,-6042,-104,57,31
2916069892,-4466,7000,-1878,157,-150,95,-15904,0,-15537,0,8160,8192,6020,0,-6052,-100,48,27
2916119892,-4262,6806,-1672,144,-355,-195,0,0,-7,-1,-15901,0,6670,512,-5170,-109,24,28
2916169892,-4872,7274,-2234,236,-522,-353,-15899,0,-15537,0,8160,8192,5494,66,-6262,-99,47,27
2916219892,-4392,7194,-1718,165,-386,-247,-15894,0,-15537,0,8160,8192,5650,118,-5882,-107,16,24
2916269892,-4772,7334,-1866,89,-115,230,-15891,0,-15537,0,8160,8192,5864,-308,-6142,-104,7,28
2916319892,-3872,6148,-1410,2,2,313,-15890,0,-15537,0,8160,8192,6276,-296,-5706,-113,2,13
2916369892,-4890,6680,-1664,87,-67,282,-15888,0,-15537,0,8160,8192,6580,-634,-5924,-100,11,25
2916419892,-5030,7386,-2154,49,-217,24,-15886,0,-15537,0,8160,8192,6314,-276,-5644,-102,37,26
2916469892,-4648,6708,-1504,158,-174,-13,0,0,-7,-1,-15884,0,5864,-542,-6010,-105,44,25
2916519892,-5130,6898,-1496,79,6,215,-15882,0,-15537,0,8160,8192,5994,-828,-5980,-104,36,28
2916569892,-5016,6610,-1390,67,-31,253,-15878,0,-15537,0,8160,8192,5950,-842,-5954,-106,29,29
2916619892,-5182,6792,-1246,126,66,176,8160,8192,21284,-21033,645,8192,5872,-1034,-6120,-103,54,26
2916669892,-4968,6336,-976,77,79,196,8160,8192,0,0,645,8192,5930,-1146,-5934,-104,38,35
2916719892,-5464,7054,-1402,42,164,385,8160,8192,-9788,-21032,645,8192,6138,-1374,-5864,-110,10,32
2916769892,-5546,7470,-2018,-39,218,339,-15867,0,-15537,0,8160,8192,5322,-1280,-6546,-116,-1,27
2916819892,-4104,5990,-688,52,153,305,-15865,0,-15537,0,8160,8192,8656,-258,-4730,-109,24,43
2916869892,-4666,6950,-1702,-3,141,255,8160,8192,9140,-21029,645,8192,5576,-442,-6376,-108,40,47
2916919892,-3830,6868,-1958,37,-20,91,-17858,0,-15537,0,8160,8192,6710,-668,-5260,-117,31,37
2916969892,-4010,7946,-2456,45,0,156,8160,8192,-21932,-21028,645,8192,8692,1002,-3756,-112,27,29
2917019892,-3714,8746,-3178,22,42,261,-15854,0,-15537,0,8160,8192,6140,-442,-5216,-119,32,37
2917069892,-2518,6748,-2198,-3,269,459,0,0,-7,-1,-15851,0,5562,1274,-6546,-108,35,36
2917119892,-2590,7308,-2674,88,-67,108,-16850,0,-15537,0,8160,8192,5862,1338,-6006,-104,17,33
2917169892,-2720,7436,-2812,175,-205,3,-16847,0,-15537,0,8160,8192,5586,1328,-6078,-108,30,31
2917219892,-2780,7512,-2256,92,99,434,0,0,-7,-1,-15845,0,5770,648,-6012,-107,24,29
2917269892,-3768,7724,-2446,-27,313,697,-15844,0,-15537,0,8160,8192,5856,496,-5986,-109,14,29
2917319892,-3552,7450,-2414,-44,221,555,-15842,0,-15537,0,8160,8192,5812,550,-5996,-105,4,29
2917369892,-3470,7456,-2224,90,-59,209,8160,8192,0,0,645,8192,5744,226,-6122,-103,15,29
2917419892,-3058,7406,-2518,97,-227,-173,0,0,-7,-1,-16837,0,5758,794,-6040,-107,30,34
2917469892,-3072,7612,-2384,221,-297,-131,-17835,0,-15537,0,8160,8192,5778,636,-6032,-105,44,31
2917519892,-3244,7572,-2314,82,-44,113,8160,8192,0,0,645,8192,6028,512,-5886,-103,57,28
2917569892,-3222,7326,-2280,65,-41,179,-15830,0,-15537,0,8160,8192,5824,590,-6116,-106,43,26
2917619892,-3556,7296,-2140,125,-177,-29,0,0,-7,-1,-15829,0,5770,348,-5934,-104,42,23
2917669892,-3726,7418,-2098,161,-243,-174,0,0,-7,-1,-16827,0,5916,34,-5954,-104,33,26
2917719892,-3666,7330,-2048,141,-174,-2,8160,8192,7172,-21016,645,8192,5886,56,-6040,-103,44,25
2917769892,-3562,7276,-2224,94,-152,-8,-17821,0,-15537,0,8160,8192,5906,418,-5926,-107,29,27
2917819892,-3880,7440,-2138,162,-264,-147,0,0,-7,-1,-15819,0,5864,-22,-6054,-106,21,23
2917869892,-4054,7240,-1892,90,-55,166,-15816,0,-15537,0,8160,8192,5812,-262,-6010,-107,19,26
2917919892,-3724,7272,-2046,65,-110,41,0,0,-7,-1,-15815,0,5714,208,-5992,-110,25,28
2917969892,-3552,7618,-2202,118,-183,-54,8160,8192,-4972,-21013,645,8192,5742,358,-6108,-108,12,29
2918019892,-3416,7388,-2462,86,-171,-50,8160,8192,-20508,-21012,645,8192,5798,674,-6012,-102,15,25
2918069892,-3844,7296,-1992,165,-207,-11,-16808,0,-15537,0,8160,8192,5930,-256,-5960,-97,14,31
2918119892,-3998,7174,-2000,23,-47,121,8160,8192,13956,-21010,645,8192,5784,-156,-5986,-104,17,28
2918169892,-4234,7184,-1784,91,-72,130,8160,8192,0,0,645,8192,5908,-354,-6024,-109,23,32
2918219892,-3596,7298,-2350,20,-97,38,-15801,0,-15537,0,8160,8192,5840,444,-6024,-109,36,35
2918269892,-3510,7486,-2316,83,-59,116,0,0,-7,-1,-16800,0,5802,444,-6026,-105,44,33
2918319892,-3614,7394,-2196,36,3,216,0,0,-7,-1,-16797,0,5806,272,-6040,-107,34,33
2918369892,-3918,7274,-1980,92,-49,165,-15793,0,-15537,0,8160,8192,5880,-218,-6086,-107,28,31
2918419892,-3768,7290,-1944,88,-49,130,-15790,0,-15537,0,8160,8192,5922,-108,-5958,-109,38,36
2918469892,-3562,7388,-2150,78,-72,112,8160,8192,0,0,645,8192,5780,220,-5934,-105,38,31
2918519892,-3858,7354,-1960,112,-53,165,-17786,0,-15537,0,8160,8192,5974,-254,-5968,-110,32,35
2918569892,-3742,7290,-1996,-28,158,381,0,0,-7,-1,-15784,0,5526,-208,-6046,-105,39,32
2918619892,-3332,7352,-2236,26,-19,112,-16782,0,-15537,0,8160,8192,5874,464,-5996,-109,28,37
2918669892,-3494,7304,-2076,129,-87,112,-15781,0,-15537,0,8160,8192,5672,-260,-6034,-104,28,30
2918719892,-3166,7486,-2388,38,-88,50,-15781,0,-15537,0,8160,8192,5760,744,-6062,-107,32,34
2918769892,-3238,7458,-2202,191,-159,65,-15778,0,-15537,0,8160,8192,5918,362,-6108,-107,37,36
2918819892,-3452,7496,-2028,44,54,283,0,0,-7,-1,-15775,0,5672,76,-6146,-108,47,30
2918869892,-3314,7420,-2334,75,-71,74,0,0,-7,-1,-16774,0,5858,420,-5906,-104,43,30
2918919892,-3278,7456,-2156,168,-164,16,8160,8192,0,0,645,8192,5864,382,-5880,-107,40,33
2918969892,-3026,7538,-2474,85,-181,-101,8160,8192,11988,-20997,645,8192,5782,812,-5898,-106,39,28
2919019892,-2874,7398,-2722,175,-347,-321,8160,8192,-3548,-20997,645,8192,5764,928,-5854,-106,43,31
2919069892,-3004,7762,-2724,164,-407,-364,-15785,0,-15537,0,8160,8192,6132,1226,-5828,-101,13,28
2919119892,-2818,7242,-2282,197,-499,-478,8160,8192,30916,-20995,645,8192,5680,1096,-6132,-103,20,27
2919169892,-3084,7906,-2870,292,-746,-770,0,0,-7,-1,-16758,0,4670,1422,-6424,-104,18,35
2919219892,-3968,8224,-2682,229,-479,-452,-15755,0,-15537,0,8160,8192,6432,300,-5750,-104,22,19
2919269892,-4040,7952,-2580,114,-211,-90,-15753,0,-15537,0,8160,8192,4620,746,-7412,-107,60,27
2919319892,-4510,8620,-2638,189,-348,-30,-15749,0,-15537,0,8160,8192,5420,370,-6274,-99,34,33
2919369892,-3868,6734,-2100,50,-302,-160,-15744,0,-15537,0,8160,8192,7002,1120,-5158,-93,33,31
2919419892,-4810,7978,-2394,211,-450,-305,0,0,-7,-1,-15742,0,7144,1402,-3698,-93,30,39
2919469892,-3986,6406,-1706,197,-509,-413,-16741,0,-15537,0,8160,8192,6404,200,-5224,-108,38,25
2919519892,-4040,6908,-1642,190,-460,-326,8160,8192,-27836,-20989,645,8192,5218,318,-5794,-100,33,22
2919569892,-5038,7188,-2058,185,-320,-104,0,0,-7,-1,-15737,0,7462,592,-4558,-97,19,28
2919619892,-4406,6570,-1826,76,-92,271,0,0,-7,-1,-15736,0,6968,172,-5064,-101,17,13
2919669892,-3690,6090,-1060,60,-42,354,-15734,0,-15537,0,8160,8192,6488,-202,-5644,-101,29,23
2919719892,-4792,6732,-1476,74,-11,326,8160,8192,-24444,-20986,645,8192,6298,-864,-5686,-107,31,16
2919769892,-4486,6292,-1426,60,-231,-19,-16729,0,-15537,0,8160,8192,5612,-258,-6212,-101,13,24
2919819892,-4654,6780,-1622,118,-233,-78,8160,8192,10020,-20984,645,8192,6316,-578,-6124,-103,13,25
2919869892,-5208,7312,-1838,91,-204,-31,8160,8192,-5516,-20984,645,8192,5706,-752,-6152,-100,26,23
2919919892,-4974,6758,-1452,79,-70,173,-16721,0,-15537,0,8160,8192,5984,-742,-6022,-103,7,23
2919969892,-5140,6656,-1358,60,25,280,0,0,-7,-1,-15720,0,5956,-862,-5918,-102,27,28
2920019892,-4962,6748,-1336,80,-42,126,-15716,0,-15537,0,8160,8192,5966,-816,-5898,-109,33,27
2920069892,-5134,6522,-854,136,178,359,-15714,0,-15537,0,8160,8192,5678,-1680,-6142,-106,41,33
2920119892,-5268,5864,-620,15,315,562,8160,8192,-17660,-20980,645,8192,5796,-2142,-5872,-104,46,34
2920169892,-5282,6158,-494,15,478,668,8160,8192,32340,-20979,645,8192,6024,-1880,-5790,-110,40,33
2920219892,-4844,6112,-1206,-11,204,335,-15707,0,-15537,0,8160,8192,8014,-946,-4250,-103,37,45
2920269892,-4712,7166,-1398,130,-90,-95,-15705,0,-15537,0,8160,8192,6942,-948,-4746,-110,5,36
2920319892,-3406,6392,-1514,124,-176,-203,-17703,0,-15537,0,8160,8192,7134,302,-4918,-110,19,35
2920369892,-3470,7394,-2432,73,-151,-119,0,0,-7,-1,-15700,0,5642,996,-6144,-115,24,35
2920419892,-3310,7558,-2826,50,71,227,-15698,0,-15537,0,8160,8192,6408,1126,-5510,-114,25,34
2920469892,-2640,7924,-2742,-79,255,539,0,0,-7,-1,-15696,0,6490,1698,-5466,-112,8,36
2920519892,-1596,6280,-2052,27,242,448,-15692,0,-15537,0,8160,8192,4118,1078,-7392,-108,35,30
2920569892,-2844,7850,-2984,140,-215,-3,-15690,0,-15537,0,8160,8192,6030,1738,-5796,-103,-4,34
2920619892,-2658,7594,-2890,120,-95,65,-15688,0,-15537,0,8160,8192,5774,1544,-6050,-100,17,30
2920669892,-3084,7634,-2312,134,42,366,-15684,0,-15537,0,8160,8192,6016,728,-5956,-111,31,29
2920719892,-3508,7466,-2208,-48,361,710,-17682,0,-15537,0,8160,8192,5788,712,-6044,-102,35,26
2920769892,-3396,7398,-2374,46,34,276,-17678,0,-15537,0,8160,8192,5656,608,-6030,-111,42,32
2920819892,-3626,7364,-2142,181,-127,72,-15675,0,-15537,0,8160,8192,5782,60,-6022,-105,48,30
2920869892,-3482,7428,-2238,67,-90,74,-15671,0,-15537,0,8160,8192,5690,270,-6008,-106,36,30
2920919892,-3456,7444,-2098,121,-104,83,-17671,0,-15537,0,8160,8192,5832,202,-6108,-103,24,25
2920969892,-3618,7382,-2104,89,-103,51,0,0,-7,-1,-15668,0,5898,252,-6048,-103,36,24
2921019892,-3494,7448,-2172,120,-128,32,-17666,0,-15537,0,8160,8192,6078,318,-5880,-108,41,29
2921069892,-3446,7438,-2178,120,-154,-12,-15663,0,-15537,0,8160,8192,5956,316,-5924,-102,39,29
2921119892,-3746,7366,-2068,112,-90,98,-15660,0,-15537,0,8160,8192,6060,-26,-5978,-104,38,32
2921169892,-3804,7324,-2090,92,-90,90,-15659,0,-15537,0,8160,8192,5898,42,-6102,-109,33,30
2921219892,-3762,7364,-2014,119,-123,25,8160,8192,-31772,-20963,645,8192,5746,-260,-5942,-107,33,26
2921269892,-3570,7376,-2242,44,-72,146,-15655,0,-15537,0,8160,8192,5908,320,-6030,-110,17,26
2921319892,-3510,7396,-2132,133,-119,88,0,0,-7,-1,-16653,0,5768,112,-6048,-106,12,26
2921369892,-3208,7492,-2392,46,-148,-14,0,0,-7,-1,-16651,0,5858,568,-5894,-104,10,25
2921419892,-3376,7418,-2262,133,-150,-6,-15649,0,-15537,0,8160,8192,5836,360,-6026,-102,19,25
2921469892,-3556,7364,-2122,78,-159,27,0,0,-7,-1,-16647,0,5786,-34,-6088,-107,21,33
2921519892,-3760,7228,-2046,100,-113,49,-15646,0,-15537,0,8160,8192,5888,44,-6004,-109,30,31
2921569892,-3876,7324,-1896,134,-151,12,0,0,-7,-1,-15644,0,5860,-222,-6022,-104,42,30
2921619892,-3720,7224,-2050,74,-65,99,8160,8192,-24988,-20957,645,8192,5724,-54,-6096,-106,33,33
2921669892,-3508,7306,-2156,55,-80,87,0,0,-7,-1,-15640,0,5726,344,-5992,-108,18,30
2921719892,-3616,7494,-2100,101,-87,142,0,0,-7,-1,-16638,0,5924,118,-6018,-108,18,34
2921769892,-3578,7370,-2024,69,-43,124,-17637,0,-15537,0,8160,8192,5720,10,-6082,-104,35,34
2921819892,-3532,7368,-2130,69,-38,162,-15635,0,-15537,0,8160,8192,5818,252,-6060,-107,36,35
2921869892,-3426,7484,-2296,90,-126,34,-15631,0,-15537,0,8160,8192,5690,310,-6096,-106,35,34
2921919892,-3408,7440,-2118,109,-104,61,8160,8192,12868,-20952,645,8192,5716,220,-5994,-108,37,37
2921969892,-3600,7448,-2148,55,-14,229,-17626,0,-15537,0,8160,8192,5758,104,-6066,-103,38,28
2922019892,-3632,7350,-2036,75,-28,139,-15624,0,-15537,0,8160,8192,5854,44,-5996,-111,37,36
2922069892,-3398,7370,-2158,105,-136,33,8160,8192,31796,-20950,645,8192,5714,224,-5990,-102,29,27
2922119892,-3580,7656,-2218,85,-106,56,-17620,0,-15537,0,8160,8192,5802,380,-6104,-107,23,37
2922169892,-3312,7512,-2276,119,-155,-53,8160,8192,0,0,645,8192,5722,494,-6044,-99,49,32
2922219892,-3244,7720,-2568,125,-220,-160,8160,8192,-14812,-20948,645,8192,6004,958,-5956,-104,45,34
2922269892,-3088,7922,-2836,186,-411,-450,-16613,0,-15537,0,8160,8192,5740,1442,-6200,-103,43,31
2922319892,-3868,8566,-2912,334,-633,-717,-15611,0,-15537,0,8160,8192,5568,1222,-6022,-102,21,28
2922369892,-3296,7490,-2646,341,-806,-948,-15609,0,-15537,0,8160,8192,6062,1054,-5890,-109,41,25
2922419892,-2772,6856,-2304,334,-850,-907,8160,8192,0,0,645,8192,5902,838,-5784,-106,58,25
2922469892,-4086,7012,-2878,191,-182,-147,0,0,-7,-1,-16606,0,7194,1092,-4896,-104,44,32
2922519892,-3458,7228,-2268,64,-63,338,-15604,0,-15537,0,8160,8192,7750,604,-4046,-97,38,33
2922569892,-4524,6548,-1944,-37,2,259,0,0,-7,-1,-15601,0,7682,114,-4750,-109,10,36
2922619892,-4718,7386,-2204,111,-204,92,0,0,-7,-1,-15597,0,6884,-192,-5654,-104,10,23
2922669892,-5236,7220,-1996,179,-280,-191,-15595,0,-15537,0,8160,8192,6164,-560,-5628,-107,55,29
2922719892,-4018,6696,-1700,193,-522,-385,8160,8192,0,0,645,8192,5936,14,-6000,-105,48,19
2922769892,-3908,6344,-1728,194,-390,-165,-15591,0,-15537,0,8160,8192,6118,-144,-5900,-102,41,26
2922819892,-4986,7242,-2096,89,-177,12,0,0,-7,-1,-15587,0,5958,122,-5964,-103,64,32
2922869892,-5172,7130,-2090,99,-42,246,8160,8192,-20172,-20938,645,8192,6114,-542,-5678,-97,63,22
2922919892,-4956,6896,-1674,85,-47,209,0,0,-7,-1,-15582,0,5932,-392,-5960,-104,50,20
2922969892,-4818,6498,-1602,65,-155,84,8160,8192,14292,-20936,645,8192,6412,-440,-5640,-100,14,22
2923019892,-4908,6998,-1844,71,-183,23,0,0,-7,-1,-15576,0,6152,-440,-5832,-101,-19,16
2923069892,-4830,6606,-1252,88,-64,163,0,0,-7,-1,-15573,0,5702,-814,-6140,-105,-4,26
2923119892,-5342,6552,-1114,45,121,430,0,0,-7,-1,-15571,0,6060,-1224,-5940,-106,13,29
2923169892,-5570,6702,-918,73,225,494,0,0,-7,-1,-15569,0,5858,-1620,-6120,-105,23,26
2923219892,-5468,6682,-984,39,208,356,-17567,0,-15537,0,8160,8192,5842,-1314,-6068,-103,45,35
2923269892,-5346,6712,-1126,74,120,204,-16566,0,-15537,0,8160,8192,5272,-1892,-6600,-109,38,37
2923319892,-4436,6046,-514,43,212,362,-17565,0,-15537,0,8160,8192,7368,-1476,-5188,-116,17,37
2923369892,-5558,8394,-1872,-45,280,467,8160,8192,0,0,645,8192,7876,654,-4420,-108,31,51
2923419892,-3820,5678,-1160,-6,158,311,-17562,0,-15537,0,8160,8192,5278,-1838,-5840,-114,30,46
2923469892,-3584,6982,-2002,22,-73,-25,8160,8192,-9996,-20929,645,8192,5908,298,-5892,-111,16,47
2923519892,-2538,7742,-3216,108,-198,-221,-17558,0,-15537,0,8160,8192,9128,2764,-2704,-115,13,36
2923569892,-1266,7070,-2762,207,-74,-11,-15554,0,-15537,0,8160,8192,5068,2154,-6374,-107,54,39
2923619892,-2318,8266,-3338,197,-290,-194,-15551,0,-15537,0,8160,8192,5438,2336,-6134,-94,41,33
2923669892,-2474,7530,-3054,86,59,316,0,0,-7,-1,-15549,0,5910,1596,-6006,-97,37,27
2923719892,-3354,7540,-2464,-75,547,1118,8160,8192,0,0,645,8192,5888,920,-6080,-101,4,27
2923769892,-3370,7330,-2646,-167,319,616,-17546,0,-15537,0,8160,8192,5696,726,-5884,-105,18,27
2923819892,-3990,7316,-1962,196,-63,247,-15544,0,-15537,0,8160,8192,5628,-402,-6062,-104,22,30
2923869892,-3708,7220,-1872,42,-14,185,8160,8192,-3212,-20923,645,8192,5884,-208,-5912,-109,31,29
2923919893,-3486,7564,-2392,89,-69,81,-15539,0,-15537,0,8160,8192,5908,454,-5992,-102,36,23
2923969894,-3240,7382,-2074,120,-141,24,-15538,0,-15537,0,8160,8192,5968,170,-5852,-109,26,28
2924019892,-3228,7482,-2404,69,-105,30,5544,8192,-7,-1,-16506,0,5692,600,-5914,-107,19,27
2924069892,-3260,7626,-2338,144,-163,14,-18534,0,-15537,0,8160,8192,5846,472,-6180,-104,17,26
2924119892,-3150,7474,-2372,73,-100,84,-16532,0,-15537,0,8160,8192,5878,820,-5884,-107,24,28
2924169892,-3362,7506,-2134,164,-173,-9,-16529,0,-15537,0,8160,8192,5914,264,-6088,-108,29,26
2924219892,-3248,7402,-2310,99,-179,-78,0,0,-7,-1,-16527,0,6026,376,-5888,-103,56,24
2924269892,-3992,7050,-1906,148,-104,119,0,0,-7,-1,-16525,0,5790,-260,-6066,-109,30,28
2924319892,-3570,7364,-2166,50,-205,-140,8160,8192,0,0,645,8192,6020,90,-6208,-105,7,28
2924369892,-3730,7430,-1984,181,-227,-32,-16522,0,-15537,0,8160,8192,6090,-116,-6100,-109,9,25
2924419892,-3604,7562,-1992,84,-94,91,8160,8192,22500,-20914,645,8192,5932,36,-6130,-103,17,24
2924469892,-3554,7440,-2140,121,-148,30,-18516,0,-15537,0,8160,8192,5730,442,-6046,-104,27,30
2924519892,-3852,7414,-2062,141,-125,75,-16514,0,-15537,0,8160,8192,5704,-66,-6094,-105,39,30
2924569892,-3588,7320,-2192,93,-135,7,-17513,0,-15537,0,8160,8192,5852,272,-5976,-106,38,32
2924619892,-3640,7310,-2022,139,-183,-60,-16510,0,-15537,0,8160,8192,5826,178,-6048,-105,31,32
2924669892,-3724,7354,-1996,101,-94,102,-18507,0,-15537,0,8160,8192,5858,34,-6040,-107,30,31
2924719892,-3796,7344,-2106,76,-90,72,-17506,0,-15537,0,8160,8192,5786,32,-6030,-107,24,31
2924769892,-3820,7372,-2092,91,-101,80,-17504,0,-15537,0,8160,8192,5864,36,-6044,-106,26,32
2924819892,-3562,7284,-2136,86,-86,73,-16501,0,-15537,0,8160,8192,5826,210,-5974,-111,36,30
2924869892,-3704,7386,-2034,99,-46,191,8160,8192,13748,-20907,645,8192,5800,28,-6044,-106,36,35
2924919892,-3508,7254,-2248,45,-44,115,8160,8192,-1788,-20907,645,8192,5816,282,-6090,-107,37,33
2924969892,-3688,7360,-2034,118,-70,125,-16496,0,-15537,0,8160,8192,5794,26,-5924,-107,46,32
2925019892,-3632,7312,-2134,59,-51,123,0,0,-7,-1,-17495,0,5682,58,-6062,-105,44,33
2925069892,-3566,7258,-2072,103,-65,125,8160,8192,0,0,645,8192,5782,52,-6064,-106,46,32
2925119892,-3544,7290,-2088,42,21,224,0,0,-7,-1,-16492,0,5916,184,-5954,-106,49,29
2925169892,-3468,7454,-2090,104,-71,100,8160,8192,0,0,645,8192,5640,272,-6102,-105,44,32
2925219892,-3148,7544,-2256,113,-151,-53,-16487,0,-15537,0,8160,8192,5906,502,-5998,-106,42,35
2925269892,-3584,7590,-2234,122,-64,159,0,0,-7,-1,-16485,0,5722,202,-6084,-105,43,29
2925319892,-3324,7260,-2126,73,-96,80,-16483,0,-15537,0,8160,8192,5852,330,-5948,-107,44,35
2925369892,-3536,7340,-2130,121,-137,42,8160,8192,-10540,-20900,645,8192,6024,288,-5882,-102,28,29
2925419892,-3316,7420,-2292,99,-236,-156,8160,8192,-26076,-20899,645,8192,5886,584,-5944,-104,15,32
2925469892,-3634,7544,-2152,147,-146,57,-16477,0,-15537,0,8160,8192,5798,144,-6088,-105,33,32
2925519892,-3218,7274,-2344,55,-176,-132,-18475,0,-15537,0,8160,8192,5850,676,-6014,-105,49,27
2925569892,-3528,7574,-2500,250,-456,-477,-18474,0,-15537,0,8160,8192,5572,920,-6250,-103,43,32
2925619892,-3520,7392,-2600,264,-547,-639,-16472,0,-15537,0,8160,8192,5598,810,-5904,-110,31,31
2925669892,-3460,7642,-2632,232,-581,-622,8160,8192,27316,-20895,645,8192,5288,744,-6246,-101,26,28
2925719892,-3132,7274,-2458,192,-495,-406,-16467,0,-15537,0,8160,8192,6096,1026,-5706,-109,36,26
2925769892,-3680,7398,-2262,128,-88,81,-16465,0,-15537,0,8160,8192,5652,642,-5858,-100,42,24
2925819892,-2636,5674,-1356,38,-53,213,0,0,-7,-1,-17463,0,6506,682,-5714,-106,29,31
2925869892,-4528,7472,-2084,79,-138,69,-17461,0,-15537,0,8160,8192,4456,418,-6794,-106,49,25
2925919892,-4046,7072,-1784,184,-361,-280,-17459,0,-15537,0,8160,8192,5708,352,-6156,-102,39,33
2925969892,-2834,5020,-1150,238,-567,-520,0,0,-7,-1,-16456,0,5344,330,-6166,-106,29,25
2926019892,-4122,6594,-2094,180,-512,-452,8160,8192,-15900,-20890,645,8192,5478,220,-6220,-108,32,30
2926069892,-4146,6736,-2008,151,-383,-245,-16451,0,-15537,0,8160,8192,6442,180,-5664,-106,26,29
2926119892,-4082,7054,-1948,121,-254,-59,0,0,-7,-1,-16450,0,5368,618,-6124,-108,39,26
2926169892,-3472,6162,-1614,101,-151,101,8160,8192,3028,-20887,645,8192,6860,-330,-5540,-101,31,29
2926219892,-4446,7122,-2046,99,-202,149,-16447,0,-15537,0,8160,8192,6338,426,-5792,-102,23,14
2926269892,-5194,7650,-2326,113,-101,185,-16445,0,-15537,0,8160,8192,5232,110,-6412,-100,35,26
2926319892,-4956,6766,-1804,65,-138,130,-16443,0,-15537,0,8160,8192,5598,-64,-5896,-101,20,18
2926369892,-4968,7210,-1754,67,-103,148,0,0,-7,-1,-16441,0,5940,-404,-5928,-104,1,31
2926419892,-5048,7034,-1766,80,-165,106,8160,8192,0,0,645,8192,5974,-424,-6126,-101,38,33
2926469892,-5044,7004,-1470,100,-1,196,-17438,0,-15537,0,8160,8192,5742,-796,-5964,-103,58,23
2926519892,-5038,6744,-1338,66,-35,201,8160,8192,25348,-20882,645,8192,6332,-940,-5688,-105,19,25
2926569892,-5064,6436,-1008,84,-25,189,-16434,0,-15537,0,8160,8192,5912,-1012,-5936,-103,27,25
2926619892,-5348,6512,-1022,73,86,220,5544,8192,-7,-1,-16038,0,5992,-1442,-5990,-104,27,27
2926669892,-5240,6266,-1160,44,45,270,8160,8192,-21260,-20880,645,8192,6292,-1046,-5804,-104,24,34
2926719892,-4618,6476,-930,97,93,161,-17427,0,-15537,0,8160,8192,6034,-1180,-5736,-106,27,34
2926769892,-5416,7250,-1556,64,206,394,0,0,-7,-1,-16424,0,5644,-1250,-6424,-112,31,36
2926819892,-5316,7016,-1838,-1,225,405,-16422,0,-15537,0,8160,8192,5254,-1490,-5816,-113,48,37
2926869892,-3000,4520,-76,73,167,311,-16420,0,-15537,0,8160,8192,5072,-626,-5988,-115,30,36
2926919892,-5544,9386,-2390,35,23,51,8160,8192,0,0,645,8192,2484,-308,-7168,-106,85,46
2926969892,-4766,8064,-2814,124,-189,-227,0,0,-7,-1,-16415,0,6458,748,-5488,-110,40,45
2927019892,-3944,7502,-2338,112,-60,1,8160,8192,1060,-20874,645,8192,6978,662,-5728,-95,13,45
2927069892,-3144,7432,-2284,6,148,294,0,0,-7,-1,-17412,0,5802,1118,-6198,-116,35,30
2927119892,-2066,6232,-1978,-35,306,618,8160,8192,0,0,645,8192,7726,1530,-4842,-111,27,30
2927169892,-3980,8196,-2930,-49,355,579,0,0,-7,-1,-17408,0,4984,722,-6666,-106,43,35
2927219892,-2912,6706,-2010,109,-26,229,-16406,0,-15537,0,8160,8192,5384,1070,-6296,-107,22,36
2927269892,-3110,7552,-2548,93,-128,-33,-16404,0,-15537,0,8160,8192,5886,910,-5672,-101,9,35
2927319892,-3206,7424,-2388,121,-51,163,-16402,0,-15537,0,8160,8192,5800,804,-6202,-104,14,30
2927369892,-3556,7638,-2478,20,157,441,0,0,-7,-1,-16400,0,5912,986,-6040,-101,22,27
2927419892,-3432,7500,-2300,16,152,447,-16398,0,-15537,0,8160,8192,5698,576,-6214,-102,28,22
2927469892,-3488,7436,-2200,75,-19,133,-16397,0,-15537,0,8160,8192,5958,382,-5956,-107,25,28
2927519892,-3434,7616,-2352,149,-123,88,-18395,0,-15537,0,8160,8192,5852,528,-6114,-104,39,31
2927569892,-3150,7482,-2338,105,-124,-17,-16394,0,-15537,0,8160,8192,5486,572,-6196,-108,50,30
2927619892,-3322,7512,-2248,128,-64,120,8160,8192,11236,-20865,645,8192,5790,526,-6030,-107,38,27
2927669892,-3518,7420,-2146,88,-67,95,-16390,0,-15537,0,8160,8192,5826,222,-5976,-107,41,27
2927719892,-3432,7202,-2016,120,-125,49,0,0,-7,-1,-16387,0,5576,224,-6136,-105,34,19
2927769892,-3416,7444,-2286,128,-274,-221,0,0,-7,-1,-16385,0,5798,-22,-6060,-107,23,25
2927819892,-3726,7452,-2032,111,-62,198,-16384,0,-15537,0,8160,8192,5756,58,-6090,-109,19,25
2927869892,-3778,7304,-1952,99,-141,-14,-17381,0,-15537,0,8160,8192,5818,-298,-6102,-105,33,25
2927919892,-3432,7448,-2306,101,-166,-25,-16378,0,-15537,0,8160,8192,5696,574,-6040,-105,31,28
2927969892,-3724,7350,-2114,176,-210,-68,0,0,-7,-1,-17378,0,5802,94,-6068,-105,31,25
2928019892,-3472,7482,-2254,91,-141,13,0,0,-7,-1,-16376,0,5820,482,-6000,-101,40,26
2928069892,-3644,7264,-2066,131,-151,15,8160,8192,0,0,645,8192,5864,62,-5956,-106,36,27
2928119892,-3660,7274,-2202,82,-159,6,8160,8192,-13052,-20858,645,8192,5704,138,-6024,-107,22,30
2928169892,-3816,7316,-2084,131,-159,20,-16368,0,-15537,0,8160,8192,5778,-114,-6036,-109,24,33
2928219892,-3742,7284,-2080,61,-85,78,-17366,0,-15537,0,8160,8192,5876,52,-5944,-107,24,33
2928269892,-3780,7350,-2032,113,-118,52,-16365,0,-15537,0,8160,8192,5798,48,-5956,-107,27,30
2928319892,-3572,7362,-2164,66,-80,95,8160,8192,-9660,-20855,645,8192,5846,298,-5950,-106,23,32
2928369892,-3722,7332,-2068,98,-50,169,8160,8192,-25196,-20854,645,8192,5662,96,-6044,-105,35,33
2928419892,-3640,7300,-2092,47,-3,202,-17358,0,-15537,0,8160,8192,5766,202,-6010,-104,44,31
2928469892,-3688,7248,-2116,83,-32,184,-18357,0,-15537,0,8160,8192,5856,152,-5974,-111,46,33
2928519892,-3548,7334,-2146,88,-107,37,-16354,0,-15537,0,8160,8192,5640,58,-5920,-102,43,30
2928569892,-3710,7448,-2120,64,11,256,-16351,0,-15537,0,8160,8192,5806,130,-6082,-110,33,39
2928619892,-3828,7532,-2070,23,73,331,-16350,0,-15537,0,8160,8192,5882,-174,-6148,-104,29,30
2928669892,-3318,7274,-2218,51,-53,130,-18347,0,-15537,0,8160,8192,6050,378,-5850,-114,16,42
2928719892,-2886,7244,-2312,100,-143,40,-16345,0,-15537,0,8160,8192,5810,852,-5898,-101,25,31
2928769892,-2958,7572,-2314,155,-232,-85,-17343,0,-15537,0,8160,8192,5954,874,-5942,-101,35,32
2928819892,-2830,7528,-2538,103,-170,-91,-16340,0,-15537,0,8160,8192,5790,920,-5962,-109,48,31
2928869892,-3428,7548,-2256,132,-128,115,-16338,0,-15537,0,8160,8192,5964,184,-5800,-97,37,26
2928919892,-3460,7318,-2410,27,-154,-37,0,0,-7,-1,-16337,0,5758,772,-6048,-110,37,34
2928969892,-3272,7584,-2542,276,-598,-666,0,0,-7,-1,-16336,0,5612,766,-6146,-98,50,30
2929019892,-2812,6986,-2562,306,-690,-731,-16333,0,-15537,0,8160,8192,6346,1552,-5550,-103,20,35
2929069892,-3022,7474,-2746,264,-697,-695,0,0,-7,-1,-16332,0,5646,1142,-6298,-99,21,27
2929119892,-3362,7398,-2532,176,-319,-191,8160,8192,3908,-20842,645,8192,5542,1180,-6340,-114,57,27
2929169892,-4014,7794,-2594,57,-94,91,-16328,0,-15537,0,8160,8192,5678,262,-6358,-98,55,24
2929219892,-4746,7412,-2138,53,-26,207,5544,8192,-7,-1,-15569,0,6026,280,-6178,-106,31,35
2929269892,-5578,8352,-2800,23,-156,-44,-16325,0,-15537,0,8160,8192,3502,190,-7086,-100,45,32
2929319892,-4258,6750,-1798,209,-448,-317,-16323,0,-15537,0,8160,8192,6692,26,-5712,-102,3,32
2929369892,-4204,6580,-1724,203,-513,-416,-16321,0,-15537,0,8160,8192,5986,134,-5886,-108,36,31
2929419892,-4822,7530,-2178,185,-410,-254,-16318,0,-15537,0,8160,8192,6112,-182,-5898,-98,42,26
2929469892,-4204,6828,-1842,134,-259,-59,-16317,0,-15537,0,8160,8192,5192,2,-6370,-109,42,34
2929519892,-4234,6912,-1836,140,-227,-30,-18315,0,-15537,0,8160,8192,6050,58,-5858,-108,39,19
2929569892,-5436,7802,-2336,137,-136,100,0,0,-7,-1,-16313,0,5968,272,-5830,-108,55,34
2929619892,-4158,7014,-1760,96,-170,114,0,0,-7,-1,-16310,0,5354,432,-6216,-105,62,34
2929669892,-4794,7076,-1982,135,-192,14,-18307,0,-15537,0,8160,8192,6334,-202,-5812,-107,53,35
2929719892,-4346,6612,-1538,96,-165,38,8160,8192,14084,-20833,645,8192,5734,-150,-6122,-106,35,27
2929769892,-4808,7180,-2016,100,-212,37,8160,8192,-1452,-20833,645,8192,5920,64,-6066,-106,33,25
2929819892,-4188,6552,-1600,90,-200,8,8160,8192,0,0,645,8192,5766,64,-5904,-100,10,25
2929869892,-4556,6756,-1818,62,-219,60,0,0,-7,-1,-17297,0,5922,-118,-5872,-105,-26,19
2929919892,-4706,6702,-1270,90,5,313,-18296,0,-15537,0,8160,8192,5940,-530,-6114,-96,-8,24
2929969892,-5242,6764,-1238,39,154,445,0,0,-7,-1,-17294,0,5862,-874,-6070,-102,28,27
2930019892,-5128,6556,-1212,55,87,324,-16292,0,-15537,0,8160,8192,5934,-1216,-6036,-110,51,28
2930069892,-5166,6608,-1400,59,50,276,0,0,-7,-1,-16289,0,5822,-1214,-6022,-109,43,26
2930119892,-5384,6420,-1058,105,151,297,-16288,0,-15537,0,8160,8192,6220,-1524,-5824,-109,58,33
2930169892,-5240,6608,-1212,5,232,323,-16286,0,-15537,0,8160,8192,5148,-1216,-6666,-102,51,42
2930219892,-5736,7382,-2156,34,176,358,0,0,-7,-1,-16284,0,4438,-1620,-6666,-118,40,34
2930269892,-5590,8108,-1784,41,207,310,8160,8192,-25740,-20825,645,8192,3408,-362,-6628,-113,73,47
2930319892,-3910,6098,-1312,18,71,132,-16279,0,-15537,0,8160,8192,6412,-300,-5670,-112,29,42
2930369892,-3836,7058,-2398,76,-95,-40,-16276,0,-15537,0,8160,8192,5380,358,-5892,-99,19,40
2930419892,-2952,7500,-2632,81,-91,3,-18275,0,-15537,0,8160,8192,7336,662,-4824,-120,17,28
2930469892,-2550,7246,-2624,-19,148,345,-16274,0,-15537,0,8160,8192,4268,1404,-7474,-119,45,36
2930519892,-1996,6378,-1566,30,237,488,8160,8192,27652,-20821,645,8192,6902,1388,-5422,-106,13,35
2930569892,-3532,7636,-2696,22,80,308,-17268,0,-15537,0,8160,8192,5952,1112,-5964,-103,14,34
2930619892,-3068,7442,-2326,117,33,216,8160,8192,-3420,-20820,645,8192,6074,920,-5788,-102,43,24
2930669892,-2892,7462,-2380,104,-9,211,-16264,0,-15537,0,8160,8192,5694,1114,-6058,-104,39,23
2930719892,-3228,7690,-2286,80,71,363,0,0,-7,-1,-16263,0,5666,74,-6014,-101,24,22
2930769892,-3692,7514,-2152,-62,316,625,-18260,0,-15537,0,8160,8192,5750,506,-6032,-101,29,29
2930819892,-2928,7456,-2762,20,-40,116,-16258,0,-15537,0,8160,8192,5834,1004,-5934,-105,58,30
2930869892,-2574,7724,-2720,279,-473,-473,-16256,0,-15537,0,8160,8192,5682,1250,-6020,-103,40,30
2930919892,-2990,7620,-2392,204,-278,-194,0,0,-7,-1,-16254,0,5786,596,-6116,-109,15,22
2930969892,-4012,7318,-1806,14,183,579,8160,8192,0,0,645,8192,5834,-534,-5940,-100,26,23
2931019892,-4104,7176,-1708,-58,152,437,-18250,0,-15537,0,8160,8192,5768,-384,-6074,-101,17,29
2931069892,-3364,7438,-2514,160,-366,-335,-18249,0,-15537,0,8160,8192,5726,702,-6138,-111,-7,25
2931119892,-3086,7614,-2420,300,-555,-559,8160,8192,0,0,645,8192,5838,438,-6102,-108,25,24
2931169892,-4142,7288,-1438,127,51,316,0,0,-7,-1,-17245,0,5902,-678,-5994,-110,46,24
2931219892,-3702,7330,-2018,-64,194,436,-16242,0,-15537,0,8160,8192,5756,234,-6056,-106,56,25
2931269892,-3630,7334,-2198,220,-263,-212,-17242,0,-15537,0,8160,8192,5776,194,-5868,-108,44,26
2931319892,-4002,7546,-1756,224,-209,-71,0,0,-7,-1,-16241,0,5764,-328,-6178,-108,40,21
2931369892,-3400,7440,-2428,21,-18,180,0,0,-7,-1,-16239,0,5780,812,-5974,-103,16,27
2931419892,-3506,7330,-2290,158,-256,-103,-16237,0,-15537,0,8160,8192,5900,328,-5956,-107,16,27
2931469892,-3444,7434,-2200,85,-189,-71,8160,8192,-5388,-20807,645,8192,5862,384,-6024,-105,14,29
2931519892,-3726,7388,-2158,148,-214,-78,0,0,-7,-1,-17235,0,5744,140,-5968,-107,19,32
2931569892,-3804,7292,-2052,117,-198,24,0,0,-7,-1,-16233,0,5768,-60,-6072,-107,16,31
2931619892,-4022,7214,-1782,90,-59,144,8160,8192,13540,-20804,645,8192,5872,-226,-5888,-106,26,27
2931669892,-3792,7284,-1978,88,-137,26,-17229,0,-15537,0,8160,8192,5754,-28,-6096,-109,29,36
2931719892,-3724,7284,-2164,100,-93,61,8160,8192,0,0,645,8192,5702,108,-6098,-102,40,32
2931769892,-3502,7358,-2164,90,-69,104,-17225,0,-15537,0,8160,8192,5784,280,-5990,-108,40,36
2931819892,-3606,7380,-2128,82,-43,171,0,0,-7,-1,-17224,0,6020,102,-5936,-106,45,30
2931869892,-3706,7198,-2036,85,-62,94,-16221,0,-15537,0,8160,8192,5810,172,-6046,-108,39,36
2931919892,-3776,7390,-1988,100,-85,132,0,0,-7,-1,-16219,0,5766,60,-6070,-103,36,31
2931969892,-3664,7356,-2090,61,-22,162,0,0,-7,-1,-16216,0,5702,66,-6048,-111,41,39
2932019892,-3774,7384,-2142,94,-35,198,8160,8192,0,0,645,8192,5716,70,-6140,-102,36,28
2932069892,-3310,7508,-2414,78,-160,-43,-18213,0,-15537,0,8160,8192,5842,654,-5972,-110,26,39
2932119892,-2950,7602,-2466,165,-238,-140,8160,8192,0,0,645,8192,5742,982,-6054,-99,37,27
2932169892,-2840,7384,-2196,119,-189,-21,8160,8192,-26284,-20796,645,8192,5884,1008,-5892,-104,40,32
2932219892,-3228,7302,-2336,174,-366,-359,8160,8192,23716,-20795,645,8192,5838,1038,-6056,-101,53,29
2932269892,-3462,7284,-2496,298,-654,-791,8160,8192,8180,-20794,645,8192,6106,1128,-5822,-103,33,30
2932319892,-3426,7150,-2308,314,-731,-809,-16204,0,-15537,0,8160,8192,6022,490,-5950,-104,38,26
2932369892,-3396,7236,-2546,68,-349,-426,-16201,0,-15537,0,8160,8192,5542,1168,-6058,-103,57,26
2932419892,-2492,5482,-1682,94,-159,10,-16198,0,-15537,0,8160,8192,5280,1140,-6440,-108,44,19
2932469892,-4656,7590,-2744,-12,4,211,-16196,0,-15537,0,8160,8192,6366,374,-5882,-95,10,29
2932519892,-4640,7048,-2240,63,-204,19,0,0,-7,-1,-16195,0,6828,1068,-5654,-100,8,36
2932569892,-2284,4274,-876,188,-324,-203,-16193,0,-15537,0,8160,8192,7318,866,-4696,-105,23,26
2932619892,-4900,7574,-2170,218,-493,-358,8160,8192,0,0,645,8192,5408,356,-6086,-101,34,24
2932669892,-4408,6812,-1680,179,-436,-239,0,0,-7,-1,-16189,0,5346,-130,-6106,-108,9,30
2932719892,-3566,5990,-1126,126,-174,106,-17187,0,-15537,0,8160,8192,6302,-280,-5776,-109,4,29
2932769892,-5472,7524,-2160,24,137,456,0,0,-7,-1,-16186,0,6844,312,-5110,-99,37,34
2932819892,-5460,8156,-2138,78,-91,155,8160,8192,0,0,645,8192,6198,-424,-6114,-109,63,26
2932869892,-5580,7456,-2172,146,-113,-13,-16184,0,-15537,0,8160,8192,5494,-2,-5928,-97,56,30
2932919892,-4784,6824,-1830,87,-284,-91,-16182,0,-15537,0,8160,8192,5912,-210,-6080,-108,34,20
2932969892,-4452,6658,-1486,112,-175,31,0,0,-7,-1,-17180,0,5824,-332,-6054,-101,27,29
2933019892,-4418,6822,-1560,54,-132,76,-16179,0,-15537,0,8160,8192,5930,-418,-5962,-108,21,24
2933069892,-4972,6858,-1392,94,0,241,-18178,0,-15537,0,8160,8192,5870,-736,-6126,-100,26,25
2933119892,-5022,6472,-1184,44,73,285,-16176,0,-15537,0,8160,8192,6008,-978,-5886,-105,28,30
2933169892,-5304,6842,-1316,72,18,211,8160,8192,0,0,645,8192,5800,-1172,-6078,-109,34,27
2933219892,-5176,6580,-1146,98,95,189,-16171,0,-15537,0,8160,8192,5812,-1264,-5838,-108,31,28
2933269892,-4976,6136,-828,79,184,380,-16169,0,-15537,0,8160,8192,5048,-1732,-6658,-109,42,36
2933319892,-5118,5970,-684,-2,432,581,0,0,-7,-1,-17166,0,6088,-1256,-5792,-108,39,42
2933369892,-4858,6486,-882,-50,335,574,-16166,0,-15537,0,8160,8192,7974,-1152,-4918,-112,29,36
2933419892,-6130,9214,-3462,46,-115,-31,0,0,-7,-1,-17164,0,5284,-854,-5694,-118,41,31
2933469892,-3808,6858,-1482,206,-208,-76,-17162,0,-15537,0,8160,8192,5440,-882,-6468,-114,37,41
2933519892,-4836,9780,-3180,-8,42,122,0,0,-7,-1,-17161,0,7818,1410,-5054,-111,39,44
2933569892,-2044,7124,-2372,10,154,275,0,0,-7,-1,-16159,0,8338,2032,-2268,-110,1,36
2933619892,-4228,9546,-3838,28,171,350,8160,8192,-18076,-20774,645,8192,5728,2150,-5548,-97,4,49
2933669892,-2986,7864,-2946,144,-145,72,-16154,0,-15537,0,8160,8192,5680,1540,-6094,-103,-3,37
2933719892,-2964,7890,-3136,87,-69,116,-16153,0,-15537,0,8160,8192,5548,1562,-6268,-109,27,32
2933769892,-2804,7596,-2504,82,107,411,-18150,0,-15537,0,8160,8192,5982,706,-5852,-112,39,28
2933819892,-3402,7310,-2274,-50,358,735,-16148,0,-15537,0,8160,8192,5852,596,-6120,-101,26,20
2933869892,-3778,7276,-2206,-71,310,625,0,0,-7,-1,-17147,0,5858,500,-6066,-100,12,29
2933919892,-3148,7468,-2468,97,-172,-65,8160,8192,0,0,645,8192,6084,740,-6034,-108,20,31
2933969892,-3300,7678,-2382,215,-263,-123,-16144,0,-15537,0,8160,8192,5608,390,-6284,-102,34,25
2934019892,-3446,7566,-2250,99,-101,13,0,0,-7,-1,-16142,0,5918,372,-5992,-105,48,29
2934069892,-3236,7412,-2382,77,-40,146,-18140,0,-15537,0,8160,8192,6006,570,-6012,-102,52,21
2934119892,-3318,7230,-2210,123,-214,-156,-18138,0,-15537,0,8160,8192,5710,416,-6046,-110,36,28
2934169892,-3680,7334,-2028,163,-171,56,-16136,0,-15537,0,8160,8192,5712,-60,-5918,-108,31,22
2934219892,-3742,7358,-2300,102,-221,-111,0,0,-7,-1,-16135,0,5496,8,-6040,-101,23,21
2934269892,-3764,7446,-1952,171,-150,123,0,0,-7,-1,-17133,0,5988,-266,-5840,-109,11,26
2934319892,-3696,7288,-2206,39,-41,154,-16130,0,-15537,0,8160,8192,5606,18,-6312,-103,29,24
2934369892,-3638,7298,-2136,158,-203,-23,0,0,-7,-1,-16127,0,5780,72,-5952,-111,22,28
2934419892,-3628,7408,-2152,93,-130,27,8160,8192,-4508,-20762,645,8192,5850,224,-5982,-104,24,26
2934469892,-3364,7498,-2438,86,-196,-97,0,0,-7,-1,-16124,0,5834,772,-6066,-103,17,29
2934519892,-3608,7308,-2108,165,-234,-104,-16122,0,-15537,0,8160,8192,5792,72,-6040,-107,24,28
2934569892,-3974,7310,-1918,84,-58,146,0,0,-7,-1,-16120,0,5706,-260,-6138,-107,27,30
2934619892,-3964,7234,-1994,95,-125,44,0,0,-7,-1,-16118,0,5778,-256,-6084,-107,28,33
2934669892,-3782,7234,-1900,109,-103,77,-16116,0,-15537,0,8160,8192,5792,-190,-5990,-108,32,32
2934719892,-3562,7276,-2124,64,-75,75,-17115,0,-15537,0,8160,8192,5688,154,-6044,-107,33,34
2934769892,-3314,7334,-2098,90,-85,98,-16112,0,-15537,0,8160,8192,5824,294,-5958,-106,37,31
2934819892,-3604,7378,-2112,70,-13,196,8160,8192,2276,-20755,645,8192,5818,190,-5958,-103,46,31
2934869892,-3614,7260,-2112,88,-52,140,8160,8192,-13260,-20755,645,8192,5796,162,-5934,-107,55,34
2934919892,-3490,7286,-2136,106,-95,62,-16105,0,-15537,0,8160,8192,5838,270,-5946,-103,47,34
2934969892,-3400,7302,-2092,114,-131,22,8160,8192,0,0,645,8192,6058,358,-5890,-105,47,34
2935019892,-3548,7292,-2124,90,-65,106,-16101,0,-15537,0,8160,8192,6036,418,-5736,-105,48,32
2935069892,-3446,7354,-2214,99,-123,58,-16099,0,-15537,0,8160,8192,5836,406,-6030,-106,30,32
2935119892,-3348,7380,-2134,93,-157,8,-17098,0,-15537,0,8160,8192,5926,442,-5954,-104,15,30
2935169892,-3298,7268,-2180,90,-197,-44,0,0,-7,-1,-16096,0,5992,338,-5738,-105,18,30
2935219892,-3418,7242,-2146,117,-183,-75,-18094,0,-15537,0,8160,8192,5830,226,-5826,-104,38,31
2935269892,-3832,7378,-2140,117,-161,1,0,0,-7,-1,-17091,0,5952,-36,-6042,-102,44,29
2935319892,-3546,7400,-2510,97,-249,-226,-16089,0,-15537,0,8160,8192,5592,790,-6116,-107,42,34
2935369892,-3466,7486,-2318,273,-439,-388,0,0,-7,-1,-17086,0,5718,752,-6066,-104,48,31
2935419892,-3118,7728,-2748,181,-478,-476,8160,8192,0,0,645,8192,5858,1570,-6006,-103,39,26
2935469892,-3350,7552,-2756,321,-711,-745,0,0,-7,-1,-16083,0,5354,1178,-6562,-107,36,31
2935519892,-3608,7500,-2556,278,-766,-897,-16080,0,-15537,0,8160,8192,5698,1022,-5854,-107,43,21
2935569892,-2870,7038,-1896,137,-465,-428,-16078,0,-15537,0,8160,8192,5438,360,-6208,-115,37,26
2935619892,-4660,7686,-2606,103,17,288,8160,8192,0,0,645,8192,6128,936,-5314,-95,34,30
2935669892,-4212,6948,-2054,22,92,554,-16073,0,-15537,0,8160,8192,3542,-112,-7382,-110,30,34
2935719892,-5148,7580,-2338,68,-34,253,-16070,0,-15537,0,8160,8192,5726,758,-6500,-100,34,31
2935769892,-5144,7068,-2260,167,-291,-153,8160,8192,-30764,-20741,645,8192,6738,-368,-5692,-110,41,33
2935819892,-4814,7386,-2102,181,-415,-286,0,0,-7,-1,-16064,0,6010,272,-5754,-105,52,15
2935869892,-4384,6616,-1890,181,-399,-174,8160,8192,0,0,645,8192,6282,-42,-5928,-101,55,30
2935919892,-4952,7154,-1910,109,-125,62,-16063,0,-15537,0,8160,8192,5718,-318,-6244,-106,47,30
2935969892,-4964,6982,-1762,33,-6,301,-18062,0,-15537,0,8160,8192,6006,-320,-5616,-98,40,24
2936019892,-4708,6570,-1598,82,-124,148,-16059,0,-15537,0,8160,8192,6256,-336,-5790,-108,35,21
2936069892,-5038,7082,-1730,95,-153,-2,0,0,-7,-1,-16057,0,5734,-192,-6204,-98,37,24
2936119892,-4930,6960,-1292,107,-81,104,8160,8192,-8444,-20736,645,8192,5652,-512,-5950,-102,27,25
2936169892,-4870,6614,-1568,39,-122,112,-16054,0,-15537,0,8160,8192,5670,-240,-5910,-103,25,23
2936219892,-5110,6704,-1438,99,-80,104,-16052,0,-15537,0,8160,8192,5898,-730,-5910,-101,12,27
2936269892,-5120,6726,-1284,89,-2,174,-16049,0,-15537,0,8160,8192,5838,-758,-5984,-105,22,27
2936319892,-4894,6706,-1440,88,-82,154,-18047,0,-15537,0,8160,8192,5822,-648,-5988,-106,15,28
2936369892,-5030,6552,-1430,98,24,97,-16044,0,-15537,0,8160,8192,5762,-920,-6070,-106,15,27
2936419892,-5294,7240,-1486,69,179,382,-16041,0,-15537,0,8160,8192,6148,-1004,-5932,-112,15,31
2936469892,-4368,5622,-742,21,278,503,0,0,-7,-1,-16038,0,5936,-1042,-6152,-113,26,31
2936519892,-5050,6776,-1270,22,290,456,-16035,0,-15537,0,8160,8192,5948,-770,-5912,-108,30,39
2936569892,-4068,6238,-1006,27,106,289,-18033,0,-15537,0,8160,8192,7772,-1036,-5208,-113,-1,33
2936619892,-5604,7798,-2960,73,-61,173,8160,8192,-32732,-20728,645,8192,7522,-18,-4328,-114,12,34
2936669892,-3978,7370,-2164,87,-61,60,-16028,0,-15537,0,8160,8192,7108,-484,-4842,-115,35,42
2936719892,-3978,8096,-2526,90,-59,54,0,0,-7,-1,-16026,0,4550,712,-7406,-111,43,36
2936769892,-4006,8684,-2130,31,227,373,5544,8192,-7,-1,-15822,0,1186,-98,-10152,-129,80,32
2936819892,-3494,7424,-3036,-85,322,522,-16021,0,-15537,0,8160,8192,4256,1706,-7078,-107,47,27
2936869892,-2644,6984,-2366,133,-79,54,-16019,0,-15537,0,8160,8192,6648,1602,-5200,-90,27,32
2936919892,-2608,7472,-2916,154,-198,-27,-16017,0,-15537,0,8160,8192,6076,1492,-5866,-100,34,23
2936969892,-3082,7742,-2764,125,15,321,0,0,-7,-1,-17014,0,6480,1194,-5568,-104,25,23
2937019892,-3086,7702,-2620,-9,196,535,0,0,-7,-1,-17013,0,6128,1050,-5850,-106,10,25
2937069892,-3540,7528,-2202,-4,275,692,-18012,0,-15537,0,8160,8192,5874,402,-6022,-95,3,28
2937119892,-3428,7524,-2290,-16,129,416,8160,8192,0,0,645,8192,5798,262,-6110,-103,25,29
2937169892,-3148,7418,-2642,105,-166,1,0,0,-7,-1,-16009,0,5962,846,-6142,-105,28,29
2937219892,-2930,7554,-2430,218,-381,-394,8160,8192,-22556,-20719,645,8192,5624,756,-6132,-105,39,29
2937269892,-2762,7630,-2534,175,-198,-39,8160,8192,27444,-20718,645,8192,5864,1096,-5754,-101,42,25
2937319892,-3056,7424,-2290,109,-121,64,8160,8192,0,0,645,8192,5818,272,-5766,-101,36,25
2937369892,-3698,7536,-1992,52,-1,257,-17003,0,-15537,0,8160,8192,5772,-20,-5896,-106,25,24
2937419892,-4228,7186,-2048,82,-119,35,8160,8192,-19164,-20716,645,8192,5760,-202,-6160,-105,31,24
2937469892,-3452,7310,-2272,119,-319,-309,0,0,-7,-1,-15998,0,6138,658,-5902,-111,34,21
2937519892,-3864,7354,-1980,243,-359,-330,-16996,0,-15537,0,8160,8192,5666,-324,-6030,-108,38,25
2937569892,-3822,7242,-2062,81,-78,131,8160,8192,0,0,645,8192,5712,-34,-6048,-107,31,29
2937619892,-3676,7320,-2070,75,-104,86,-15991,0,-15537,0,8160,8192,5800,6,-5882,-105,30,24
2937669892,-3934,7250,-2078,79,22,300,-15988,0,-15537,0,8160,8192,5796,194,-6000,-103,12,29
2937719892,-3700,7356,-2380,44,-177,-44,-15987,0,-15537,0,8160,8192,5686,534,-6094,-105,14,25
2937769892,-3606,7482,-2252,192,-337,-280,0,0,-7,-1,-15984,0,5772,408,-6070,-105,24,26
2937819892,-3748,7400,-2112,112,-136,36,8160,8192,0,0,645,8192,5890,-86,-6052,-107,26,32
2937869892,-4066,7174,-1876,48,-3,240,0,0,-7,-1,-15980,0,5868,-264,-6018,-108,29,32
2937919892,-4012,7212,-1950,97,-118,43,-15978,0,-15537,0,8160,8192,5824,-202,-5948,-107,23,31
2937969892,-3654,7354,-2154,77,-139,12,0,0,-7,-1,-15976,0,5914,100,-5908,-107,21,30
2938019892,-3480,7352,-2242,64,-62,95,0,0,-7,-1,-16975,0,5812,374,-6002,-105,27,29
2938069892,-3558,7336,-2246,79,-43,176,8160,8192,-24524,-20706,645,8192,5800,308,-6014,-106,34,32
2938119892,-3808,7384,-2088,87,-40,145,-15973,0,-15537,0,8160,8192,5718,64,-6046,-105,43,32
2938169892,-3980,7336,-1986,101,-31,192,-15971,0,-15537,0,8160,8192,5876,-226,-6102,-105,43,35
2938219892,-3860,7416,-2038,63,-9,135,-16969,0,-15537,0,8160,8192,5684,-74,-6098,-105,47,36
2938269892,-3872,7316,-2056,106,-57,160,0,0,-7,-1,-16966,0,5888,36,-5960,-109,30,33
2938319892,-3584,7472,-2134,72,-29,205,0,0,-7,-1,-15962,0,5780,268,-5998,-102,28,31
2938369892,-3610,7476,-2202,52,-5,271,-15960,0,-15537,0,8160,8192,6024,348,-5976,-111,19,38
2938419892,-3566,7368,-2000,57,-13,120,8160,8192,-2204,-20701,645,8192,5772,404,-6064,-103,28,29
2938469892,-3368,7512,-2194,127,-166,-34,-17951,0,-15537,0,8160,8192,5826,548,-5988,-108,34,34
2938519892,-3010,7554,-2382,129,-154,-31,-17950,0,-15537,0,8160,8192,5712,490,-6158,-102,48,28
2938569892,-3400,7480,-2204,122,-58,168,0,0,-7,-1,-15948,0,5894,338,-6020,-109,53,37
2938619892,-3412,7220,-2162,85,-65,112,-17946,0,-15537,0,8160,8192,5882,620,-5880,-99,55,26
2938669892,-3406,7428,-2106,206,-303,-263,8160,8192,-14348,-20697,645,8192,5700,302,-5994,-108,51,32
2938719892,-3512,7642,-2348,170,-268,-235,8160,8192,0,0,645,8192,5710,316,-6066,-99,52,24
2938769892,-3456,7356,-2254,173,-356,-367,-16941,0,-15537,0,8160,8192,5864,828,-5838,-108,55,33
2938819892,-3142,6950,-2134,237,-436,-381,-16939,0,-15537,0,8160,8192,5740,804,-6100,-103,30,28
2938869892,-3538,7124,-2090,228,-586,-575,0,0,-7,-1,-15937,0,5680,410,-6352,-109,9,27
2938919892,-3680,7096,-2058,155,-203,-113,0,0,-7,-1,-15935,0,6098,428,-5936,-104,20,27
2938969892,-3598,7254,-2226,-25,-56,105,0,0,-7,-1,-15933,0,5748,468,-6238,-104,48,26
2939019892,-4298,7556,-2326,78,-37,131,0,0,-7,-1,-15931,0,5238,658,-6220,-106,46,27
2939069892,-4416,7102,-2316,107,-286,-221,0,0,-7,-1,-15929,0,5894,78,-5748,-106,25,26
2939119892,-4116,7134,-2136,236,-456,-432,0,0,-7,-1,-16927,0,5796,-48,-6174,-103,18,36
2939169892,-2962,6198,-1572,213,-633,-564,0,0,-7,-1,-16926,0,6208,394,-5840,-106,27,26
2939219892,-3402,5952,-1770,180,-551,-534,0,0,-7,-1,-15924,0,6100,-108,-5944,-107,32,27
2939269892,-2016,4404,-916,161,-424,-225,0,0,-7,-1,-15922,0,6992,204,-5558,-104,9,29
2939319892,-4538,7028,-2396,104,-183,1,-16918,0,-15537,0,8160,8192,6300,390,-5784,-109,27,29
2939369892,-3686,6150,-1634,101,-198,34,-15916,0,-15537,0,8160,8192,6054,106,-5798,-102,29,28
2939419892,-4160,6890,-1956,100,-162,44,8160,8192,14756,-20685,645,8192,5328,302,-6086,-108,43,26
2939469892,-4582,6858,-1904,125,-213,2,-17910,0,-15537,0,8160,8192,4920,888,-6218,-107,43,35
2939519892,-3600,6670,-1592,112,-256,100,8160,8192,0,0,645,8192,5662,244,-6140,-114,4,25
2939569892,-4292,6342,-1592,110,-140,200,8160,8192,0,0,645,8192,6158,-246,-5974,-103,21,30
2939619892,-5160,7066,-1668,71,20,300,-15904,0,-15537,0,8160,8192,5540,-632,-6232,-104,44,24
2939669892,-4824,6598,-1630,40,-129,129,0,0,-7,-1,-15902,0,5966,-352,-5872,-99,33,27
2939719892,-4782,6848,-1660,103,-160,85,-16899,0,-15537,0,8160,8192,6040,-572,-6016,-104,16,19
2939769892,-5112,6838,-1264,84,15,185,8160,8192,-28460,-20680,645,8192,6168,-1036,-6020,-101,18,29
2939819892,-5298,6512,-1192,38,63,364,0,0,-7,-1,-15894,0,5876,-1164,-5948,-104,29,29
2939869892,-5470,6612,-1056,75,93,251,-15892,0,-15537,0,8160,8192,5894,-1560,-6110,-107,38,29
2939919892,-5042,6354,-884,96,125,236,8160,8192,0,0,645,8192,5878,-1122,-6020,-107,54,32
2939969892,-5042,6450,-1064,97,107,286,0,0,-7,-1,-15889,0,5920,-1428,-6184,-112,49,31
2940019892,-5030,6436,-1270,40,212,303,-15886,0,-15537,0,8160,8192,5850,-1528,-6296,-107,30,37
2940069892,-4956,6698,-1168,37,105,310,-15884,0,-15537,0,8160,8192,5570,-1450,-6432,-116,2,32
2940119892,-3354,4262,-958,30,98,278,-15882,0,-15537,0,8160,8192,7842,-332,-5538,-112,21,38
2940169892,-4582,7524,-1726,74,74,227,8160,8192,-21676,-20674,645,8192,5116,-216,-7014,-113,57,41
2940219892,-4052,7498,-2162,52,40,154,-16876,0,-15537,0,8160,8192,6472,450,-5494,-114,47,38
2940269892,-28,4334,-1320,26,-42,-52,-15873,0,-15537,0,8160,8192,5830,2416,-5628,-125,25,27
2940319892,-3172,8364,-3766,120,-143,48,0,0,-7,-1,-15870,0,5842,1980,-5992,-108,37,39
2940369892,-2852,7870,-3282,59,100,309,8160,8192,-18284,-20671,645,8192,6558,2250,-5196,-102,-7,36
2940419892,-2272,7032,-2644,80,-28,305,-15866,0,-15537,0,8160,8192,5608,1372,-5946,-95,4,32
2940469892,-3354,7582,-2566,36,180,436,-17862,0,-15537,0,8160,8192,5762,590,-5886,-105,12,26
2940519892,-3434,7602,-2270,-29,309,763,-15860,0,-15537,0,8160,8192,5690,330,-6338,-109,9,24
2940569892,-3708,7180,-2128,-82,327,674,8160,8192,0,0,645,8192,5938,282,-6022,-111,19,26
2940619892,-3402,7258,-2192,94,-95,61,-15853,0,-15537,0,8160,8192,5974,400,-5858,-104,23,23
2940669892,-3120,7470,-2204,210,-240,-39,0,0,-7,-1,-15851,0,5908,508,-5970,-102,31,28
2940719892,-3196,7464,-2306,112,-174,-83,-15847,0,-15537,0,8160,8192,5678,676,-6182,-104,37,32
2940769892,-2782,7554,-2488,142,-198,-99,-15844,0,-15537,0,8160,8192,5720,1182,-6170,-109,33,27
2940819892,-3134,7650,-2376,146,-149,59,8160,8192,0,0,645,8192,6038,496,-5846,-104,33,22
2940869892,-4124,7184,-1708,68,99,445,8160,8192,0,0,645,8192,5600,-638,-6056,-108,41,23
2940919892,-3636,7248,-2238,5,-140,-37,8160,8192,7428,-20662,645,8192,5964,348,-6054,-102,30,22
2940969892,-3810,7510,-2144,325,-437,-377,-16834,0,-15537,0,8160,8192,5788,-76,-5938,-113,20,27
2941019892,-3374,7632,-2238,34,-132,-21,8160,8192,-23644,-20661,645,8192,6064,562,-5968,-106,35,23
2941069892,-3900,7234,-2030,151,-11,257,-15832,0,-15537,0,8160,8192,5810,-186,-5990,-107,52,31
2941119892,-3706,7272,-2114,56,-106,48,-15828,0,-15537,0,8160,8192,5824,246,-5938,-105,37,31
2941169892,-3550,7358,-2280,148,-220,-133,-17827,0,-15537,0,8160,8192,5832,410,-5978,-103,21,27
2941219892,-3590,7416,-2092,154,-248,-113,-15823,0,-15537,0,8160,8192,5708,172,-6082,-105,5,28
2941269892,-3712,7300,-2092,58,-101,90,8160,8192,29748,-20657,645,8192,5804,14,-6060,-103,7,30
2941319892,-3832,7186,-1998,85,-98,111,8160,8192,14212,-20656,645,8192,5828,66,-6054,-109,26,31
2941369892,-3970,7296,-2078,101,-128,-12,-15816,0,-15537,0,8160,8192,5716,-156,-6142,-110,39,35
2941419892,-3598,7362,-2090,83,-83,83,-15814,0,-15537,0,8160,8192,5874,212,-5886,-107,37,31
2941469892,-3704,7360,-2166,84,-50,163,-15810,0,-15537,0,8160,8192,5702,178,-6040,-105,32,32
2941519892,-3542,7404,-2126,79,-72,95,-17807,0,-15537,0,8160,8192,5876,238,-6058,-100,40,29
2941569892,-3734,7336,-2014,92,-48,168,-15805,0,-15537,0,8160,8192,5862,94,-5904,-104,32,31
2941619892,-3914,7384,-2180,54,-13,173,0,0,-7,-1,-15801,0,5544,56,-6200,-107,41,35
2941669892,-3560,7272,-1990,107,-73,114,-15798,0,-15537,0,8160,8192,5854,128,-5878,-105,41,37
2941719892,-3678,7354,-2036,102,-77,87,-15796,0,-15537,0,8160,8192,5758,-42,-5996,-105,41,33
2941769892,-3592,7394,-2252,39,28,257,-15793,0,-15537,0,8160,8192,5842,346,-6104,-107,36,36
2941819892,-3382,7494,-2464,81,-121,8,-16791,0,-15537,0,8160,8192,5626,466,-6094,-105,31,32
2941869892,-3474,7386,-2028,143,-105,95,-17788,0,-15537,0,8160,8192,5702,24,-6026,-105,30,31
2941919892,-3680,7284,-1828,26,94,374,-15787,0,-15537,0,8160,8192,6082,-54,-5848,-104,34,34
2941969892,-3436,7346,-2308,41,-46,80,-16785,0,-15537,0,8160,8192,5874,364,-5992,-105,38,31
2942019892,-3366,7596,-2476,141,-170,-20,-15782,0,-15537,0,8160,8192,5720,432,-5876,-102,43,34
2942069892,-3224,7480,-2348,113,-158,-54,8160,8192,0,0,645,8192,5660,492,-6088,-102,45,31
2942119892,-3258,7628,-2478,106,-141,-34,-15777,0,-15537,0,8160,8192,6012,792,-6014,-106,38,33
2942169892,-3172,7934,-2756,190,-340,-259,0,0,-7,-1,-16774,0,5630,772,-6220,-103,48,25
2942219892,-3162,7304,-2338,179,-355,-297,-15771,0,-15537,0,8160,8192,5762,810,-5996,-105,37,30
2942269892,-3958,8112,-2766,275,-580,-632,-15768,0,-15537,0,8160,8192,6328,566,-5442,-106,33,32
2942319892,-3168,7378,-2396,316,-714,-736,8160,8192,0,0,645,8192,5776,544,-6048,-98,13,26
2942369892,-3444,7614,-2460,248,-665,-566,8160,8192,15636,-20640,645,8192,5188,844,-6466,-114,37,25
2942419892,-4060,7766,-2460,157,-217,-92,-15761,0,-15537,0,8160,8192,5352,398,-6586,-104,53,26
2942469892,-2086,5644,-902,52,-16,339,0,0,-7,-1,-16759,0,6346,734,-5814,-99,21,27
2942519892,-4420,7064,-2132,51,-19,228,-16757,0,-15537,0,8160,8192,6264,2,-6106,-105,31,28
2942569892,-4666,7704,-2292,166,-326,-202,0,0,-7,-1,-15754,0,4740,34,-6982,-104,37,29
2942619892,-6400,8740,-3368,292,-569,-533,8160,8192,0,0,645,8192,5466,-100,-6252,-105,11,27
2942669892,-4642,7406,-2110,213,-566,-498,0,0,-7,-1,-16748,0,5796,62,-5914,-107,37,24
2942719892,-3448,6538,-1342,156,-324,-126,-15746,0,-15537,0,8160,8192,5614,288,-6128,-104,34,29
2942769892,-4250,6838,-1772,78,-66,209,8160,8192,0,0,645,8192,6544,146,-5710,-107,39,24
2942819892,-4788,7174,-2154,58,-125,90,0,0,-7,-1,-15740,0,4400,444,-6528,-105,60,30
2942869892,-5348,7266,-1774,145,-71,143,-17737,0,-15537,0,8160,8192,5130,-278,-6524,-111,37,25
2942919892,-4816,6832,-1948,21,-126,162,-15736,0,-15537,0,8160,8192,6574,-394,-5666,-101,30,28
2942969892,-4808,7016,-1546,146,-158,60,8160,8192,25812,-20631,645,8192,6342,-418,-5760,-103,47,23
2943019892,-4802,6460,-1354,69,6,179,8160,8192,10276,-20630,645,8192,5854,-960,-5886,-102,42,25
2943069892,-5492,6444,-996,62,175,558,-15731,0,-15537,0,8160,8192,5956,-1580,-5890,-104,13,23
2943119892,-5726,6578,-1102,-57,271,523,-15728,0,-15537,0,8160,8192,5904,-1704,-6080,-107,18,24
2943169892,-5304,6752,-1288,47,-8,119,-15725,0,-15537,0,8160,8192,5712,-1168,-6046,-107,34,29
2943219892,-5282,6834,-1124,108,22,69,8160,8192,13668,-20627,645,8192,5886,-1208,-6034,-109,21,35
2943269892,-4524,6392,-782,23,177,379,0,0,-7,-1,-15721,0,6434,-966,-5502,-105,8,36
2943319892,-4730,6524,-900,7,414,516,-15719,0,-15537,0,8160,8192,5234,-1460,-6422,-112,63,40
2943369892,-4344,5896,-1084,-86,304,495,8160,8192,32596,-20625,645,8192,4876,-546,-7090,-114,47,41
2943419892,-3968,7122,-2112,44,-119,-153,8160,8192,0,0,645,8192,5960,460,-6274,-104,33,38
2943469892,-2412,6942,-1820,170,-214,-246,0,0,-7,-1,-15712,0,4686,1584,-7500,-119,42,27
2943519892,-1072,6358,-2300,1,8,151,8160,8192,-14012,-20623,645,8192,5480,936,-5980,-110,17,29
2943569892,-2984,7718,-2770,97,114,422,0,0,-7,-1,-15705,0,6598,1622,-5864,-105,9,37
2943619892,-2762,7780,-3058,8,17,257,0,0,-7,-1,-15703,0,5018,1634,-6418,-112,19,37
2943669892,-2584,7524,-2646,139,-43,187,0,0,-7,-1,-16701,0,5584,1276,-6190,-109,19,24
2943719892,-3322,7742,-2616,49,66,341,8160,8192,-10620,-20620,645,8192,5740,886,-6322,-105,2,24
2943769892,-3138,7486,-2348,-43,282,685,0,0,-7,-1,-15697,0,5792,430,-6008,-107,18,28
2943819892,-3058,7322,-2624,-24,77,238,0,0,-7,-1,-16694,0,5742,1254,-6216,-105,49,25
2943869892,-3204,7472,-2174,271,-233,-27,8160,8192,0,0,645,8192,5812,278,-5888,-103,59,25
2943919892,-3280,7386,-2162,88,-143,-56,-15689,0,-15537,0,8160,8192,5750,306,-5912,-112,64,24
2943969892,-3904,7484,-2054,156,-53,111,0,0,-7,-1,-15687,0,6034,-34,-6034,-109,65,25
2944019892,-3532,7224,-2144,94,-120,45,-15686,0,-15537,0,8160,8192,5896,382,-6020,-107,63,26
2944069892,-3604,7256,-2058,170,-210,-123,0,0,-7,-1,-15683,0,5854,-16,-6018,-103,39,23
2944119892,-3712,7352,-2044,106,-181,38,8160,8192,-3836,-20614,645,8192,5944,200,-5820,-104,-2,24
2944169892,-3402,7340,-2074,53,-145,-28,8160,8192,0,0,645,8192,6072,266,-5664,-107,-13,25
2944219892,-3876,7390,-2026,110,-113,140,-15674,0,-15537,0,8160,8192,5738,-88,-6010,-107,14,24
2944269892,-3758,7386,-2224,72,-102,23,-15672,0,-15537,0,8160,8192,5720,332,-6088,-101,37,28
2944319892,-3070,7524,-2498,132,-318,-275,-16075,0,-15537,0,8160,8192,5910,852,-5978,-101,30,31
2944369892,-3740,7454,-2088,219,-246,-100,-17669,0,-15537,0,8160,8192,5792,-220,-5982,-106,32,31
2944419892,-3780,7176,-2044,17,-17,210,0,0,-7,-1,-16667,0,5954,-10,-5882,-107,19,30
2944469892,-4214,7164,-2072,67,-59,201,-15665,0,-15537,0,8160,8192,5784,-170,-6078,-106,18,31
2944519892,-3728,7152,-1920,41,-103,12,8160,8192,0,0,645,8192,5890,6,-5890,-106,21,31
2944569892,-3856,7424,-2094,66,-23,186,8160,8192,-12588,-20607,645,8192,5702,88,-6158,-106,35,31
2944619892,-3658,7238,-1982,30,25,227,8160,8192,-28124,-20606,645,8192,5900,144,-6100,-102,46,30
2944669892,-3730,7410,-2166,101,-100,17,-15657,0,-15537,0,8160,8192,5964,266,-6000,-104,44,29
2944719892,-3652,7508,-2134,101,-66,128,8160,8192,6340,-20604,645,8192,5752,98,-6100,-106,48,35
2944769892,-3456,7266,-2210,25,-3,187,8160,8192,-9196,-20604,645,8192,5902,264,-5898,-104,36,31
2944819892,-3590,7346,-2104,98,-64,138,8160,8192,-24732,-20603,645,8192,5766,258,-6100,-109,23,36
2944869892,-3634,7298,-2126,84,-59,154,-17648,0,-15537,0,8160,8192,5776,-86,-6092,-107,29,32
2944919892,-3450,7274,-2026,44,5,206,0,0,-7,-1,-16646,0,5792,274,-5992,-107,30,30
2944969892,-3504,7300,-2152,112,-112,70,-16645,0,-15537,0,8160,8192,5788,104,-6044,-108,28,36
2945019892,-3528,7478,-2136,73,-76,84,-15643,0,-15537,0,8160,8192,5762,122,-5970,-105,27,32
2945069892,-3434,7366,-2038,111,-93,112,0,0,-7,-1,-15640,0,5854,134,-5886,-107,29,33
2945119892,-3136,7324,-2198,64,-50,167,8160,8192,0,0,645,8192,5640,662,-6098,-100,40,30
2945169892,-3338,7424,-2232,127,-160,-44,0,0,-7,-1,-15634,0,5756,316,-5966,-106,40,32
2945219892,-3654,7580,-2044,100,-23,136,-15631,0,-15537,0,8160,8192,5720,-8,-6156,-103,52,29
2945269892,-3512,7498,-2318,78,-78,106,-15629,0,-15537,0,8160,8192,5852,382,-5922,-104,55,32
2945319892,-3320,7540,-2248,130,-145,-9,-15628,0,-15537,0,8160,8192,5636,430,-5982,-105,47,30
2945369892,-3160,7436,-2294,132,-218,-108,0,0,-7,-1,-16623,0,6036,570,-5894,-106,35,29
2945419892,-3084,7482,-2360,144,-273,-266,-16621,0,-15537,0,8160,8192,5798,870,-6098,-102,28,25
2945469892,-2694,7422,-2524,168,-442,-432,-16618,0,-15537,0,8160,8192,5890,1530,-5838,-107,26,33
2945519892,-2914,6956,-2338,319,-722,-746,-15614,0,-15537,0,8160,8192,6306,1694,-5864,-93,4,26
2945569892,-2992,7588,-2572,293,-783,-792,8160,8192,4372,-20591,645,8192,6038,808,-5794,-105,13,31
2945619892,-3784,7672,-2506,164,-253,-198,-15611,0,-15537,0,8160,8192,6002,512,-5872,-104,56,18
2945669892,-3548,5690,-2010,100,-92,245,-16609,0,-15537,0,8160,8192,7138,328,-5560,-112,18,12
2945719892,-3976,7048,-1882,71,-82,137,0,0,-7,-1,-15606,0,5856,48,-6114,-102,23,32
2945769892,-2776,5498,-780,102,-293,-248,-15604,0,-15537,0,8160,8192,4834,-586,-6458,-98,24,28
2945819892,-3946,6248,-1678,232,-477,-419,-15599,0,-15537,0,8160,8192,5920,-58,-5850,-104,26,35
2945869892,-4510,7636,-2384,210,-633,-583,8160,8192,0,0,645,8192,5610,360,-6132,-105,52,27
2945919892,-4350,7174,-2154,250,-529,-385,0,0,-7,-1,-15595,0,6530,286,-5662,-108,40,34
2945969892,-4258,7246,-2078,89,-146,116,8160,8192,11156,-20585,645,8192,6718,-340,-5452,-105,45,22
2946019892,-4756,7246,-1686,98,-22,337,-15591,0,-15537,0,8160,8192,5372,-242,-6374,-109,43,32
2946069892,-5100,6914,-1936,58,18,263,8160,8192,-19916,-20584,645,8192,6164,-160,-5740,-99,43,32
2946119892,-4694,6794,-1462,122,-84,125,0,0,-7,-1,-15588,0,5982,-524,-5846,-104,52,27
2946169892,-4702,6288,-1354,89,-99,145,-17586,0,-15537,0,8160,8192,6204,-928,-5872,-104,21,24
2946219892,-5198,6730,-1542,59,-24,287,-15584,0,-15537,0,8160,8192,6192,-938,-5856,-100,18,25
2946269892,-5204,6840,-1244,76,47,304,0,0,-7,-1,-15581,0,5922,-1054,-6016,-107,27,28
2946319892,-5240,6718,-1192,82,36,276,8160,8192,-32060,-20580,645,8192,5922,-1032,-6168,-105,22,27
2946369892,-4992,6610,-1270,59,-50,57,-15577,0,-15537,0,8160,8192,5934,-862,-5976,-110,21,28
2946419892,-4572,5886,-750,104,48,222,-15575,0,-15537,0,8160,8192,6410,-1248,-5866,-103,-2,25
2946469892,-5670,7980,-1518,-52,419,611,8160,8192,-13132,-20578,645,8192,6546,-782,-5538,-102,41,47
2946519892,-5770,6934,-1402,-86,504,803,-15572,0,-15537,0,8160,8192,6064,-1506,-5354,-105,26,44
2946569892,-4206,6736,-1860,-109,162,196,0,0,-7,-1,-16570,0,5234,-120,-6274,-107,32,44
2946619892,-3734,7626,-2358,220,-361,-414,0,0,-7,-1,-16567,0,5170,1396,-6274,-116,54,32
2946669892,-3484,8830,-3260,81,-129,-39,0,0,-7,-1,-15565,0,5368,1720,-5768,-115,43,32
2946719892,-2108,7366,-2414,93,53,182,8160,8192,-25276,-20574,645,8192,4928,1540,-6592,-106,15,36
2946769892,-3166,8176,-3026,100,10,289,-15560,0,-15537,0,8160,8192,5918,1848,-5648,-103,15,35
2946819892,-1950,7436,-3100,70,-132,-52,8160,8192,9188,-20572,645,8192,5850,2350,-5872,-108,21,28
2946869892,-2578,7832,-2852,205,-164,66,8160,8192,0,0,645,8192,5846,1558,-6104,-109,20,28
2946919892,-3670,7284,-1898,32,283,709,8160,8192,0,0,645,8192,5632,-136,-6040,-105,24,24
2946969892,-4272,7080,-1836,-69,324,683,8160,8192,0,0,645,8192,5966,-328,-5852,-109,34,26
2947019892,-4142,6994,-1878,38,41,255,-15549,0,-15537,0,8160,8192,5658,-146,-6304,-101,26,28
2947069892,-3416,7288,-1920,101,-199,-73,0,0,-7,-1,-15547,0,5680,-216,-6174,-111,15,30
2947119892,-3434,7448,-2312,73,-100,71,-15544,0,-15537,0,8160,8192,5812,150,-6072,-110,15,26
2947169892,-3084,7634,-2500,79,-146,12,-15542,0,-15537,0,8160,8192,5804,826,-6122,-103,27,24
2947219893,-3104,7470,-2214,156,-156,28,-16539,0,-15537,0,8160,8192,5894,580,-5848,-111,29,23
2947269894,-3402,7416,-2006,123,-72,113,0,0,-7,-1,-15537,0,5962,200,-5824,-106,58,26
2947319892,-3950,7326,-2010,124,-11,215,-16534,0,-15537,0,8160,8192,5784,-196,-6068,-105,74,28
2947369892,-3978,7334,-2162,90,-101,46,-17531,0,-15537,0,8160,8192,5834,42,-6120,-107,46,29
2947419892,-3750,7152,-1970,129,-119,58,0,0,-7,-1,-16529,0,5798,-104,-5946,-108,3,25
2947469892,-3052,7538,-2460,22,-102,129,8160,8192,3828,-20562,645,8192,5918,1008,-6026,-102,5,26
2947519892,-3102,7686,-2600,195,-300,-233,-16526,0,-15537,0,8160,8192,5640,534,-6076,-107,23,29
2947569892,-3810,7552,-2086,130,-86,101,0,0,-7,-1,-16524,0,5656,162,-6154,-97,46,27
2947619892,-3684,7214,-1998,39,-86,73,0,0,-7,-1,-16523,0,5926,-2,-5928,-107,8,28
2947669892,-3610,7186,-2114,145,-275,-168,8160,8192,7220,-20559,645,8192,5838,-164,-5954,-109,13,34
2947719892,-3812,7202,-1908,95,-148,36,8160,8192,-8316,-20559,645,8192,5898,-108,-6030,-101,27,29
2947769892,-3822,7250,-2032,91,-102,65,-16518,0,-15537,0,8160,8192,5916,-140,-5930,-106,34,33
2947819892,-3536,7404,-2168,86,-148,-10,0,0,-7,-1,-17516,0,5660,510,-6178,-107,35,31
2947869892,-3526,7410,-2228,122,-118,32,-16513,0,-15537,0,8160,8192,5764,178,-6066,-101,38,31
2947919892,-3628,7470,-2162,90,-101,57,0,0,-7,-1,-17511,0,5954,412,-6060,-110,47,37
2947969892,-3444,7284,-2392,115,-176,-66,-16509,0,-15537,0,8160,8192,5736,440,-6142,-98,50,28
2948019892,-3810,7342,-2124,183,-266,-186,8160,8192,29540,-20554,645,8192,5728,90,-6118,-110,44,37
2948069892,-3758,7418,-2254,69,-131,4,8160,8192,14004,-20553,645,8192,5728,308,-6160,-99,34,31
2948119892,-3742,7014,-2024,133,-221,-113,-16503,0,-15537,0,8160,8192,5790,94,-6000,-110,30,36
2948169892,-3478,6952,-1988,124,-227,-142,8160,8192,-17068,-20552,645,8192,5710,206,-5776,-100,40,29
2948219892,-3862,7184,-2158,61,-22,154,-17501,0,-15537,0,8160,8192,5942,-136,-5896,-106,36,36
2948269892,-3940,6982,-2074,-1,120,446,-18499,0,-15537,0,8160,8192,5766,-38,-6060,-103,45,30
2948319892,-3644,7044,-2488,55,-276,-195,-18497,0,-15537,0,8160,8192,6062,828,-5804,-106,32,32
2948369892,-3512,7616,-2420,286,-563,-728,-16496,0,-15537,0,8160,8192,5968,986,-6012,-108,30,28
2948419892,-3292,7098,-2156,265,-493,-352,-16494,0,-15537,0,8160,8192,5632,18,-5922,-106,43,28
2948469892,-4044,7470,-2286,48,2,179,-16492,0,-15537,0,8160,8192,5792,398,-6146,-112,42,33
2948519892,-4094,7854,-2742,145,-338,-205,-16489,0,-15537,0,8160,8192,5524,498,-6402,-102,57,22
2948569892,-3532,6860,-1848,208,-286,-293,8160,8192,-10284,-20546,645,8192,5832,314,-5934,-110,46,32
2948619892,-3918,6940,-1860,130,-142,-23,0,0,-7,-1,-17485,0,5294,346,-6044,-98,41,24
2948669892,-4332,7516,-2570,92,-202,-37,8160,8192,24180,-20544,645,8192,6316,936,-5568,-105,21,39
2948719892,-3990,6782,-2110,162,-335,-225,0,0,-7,-1,-16482,0,5624,618,-6270,-94,29,28
2948769892,-4148,7090,-2208,172,-424,-382,-16480,0,-15537,0,8160,8192,5978,224,-5610,-107,24,37
2948819892,-4884,7672,-2802,204,-464,-303,0,0,-7,-1,-16477,0,5400,198,-6244,-107,37,32
2948869892,-4078,6836,-1770,168,-246,-115,0,0,-7,-1,-16476,0,5650,202,-5892,-104,43,30
2948919892,-3686,6418,-1376,148,-194,140,0,0,-7,-1,-16473,0,6116,394,-5796,-106,36,35
2948969892,-4828,7144,-1916,79,1,250,0,0,-7,-1,-16470,0,5938,426,-5902,-107,37,19
2949019892,-4730,6962,-1804,107,-52,219,0,0,-7,-1,-16469,0,4950,-104,-6458,-103,39,31
2949069892,-4732,6932,-1772,66,-141,64,-16468,0,-15537,0,8160,8192,6246,-12,-5682,-94,31,30
2949119892,-4864,7220,-1822,131,-210,-75,8160,8192,0,0,645,8192,6018,-296,-5896,-101,21,25
2949169892,-4452,6628,-1324,96,-103,97,0,0,-7,-1,-16464,0,5542,-384,-6242,-100,23,27
2949219892,-4992,7028,-1396,67,34,304,-16461,0,-15537,0,8160,8192,5690,-716,-6104,-101,29,23
2949269892,-5096,6502,-1170,78,80,351,0,0,-7,-1,-16459,0,5934,-1100,-6052,-105,21,28
2949319892,-5522,6450,-956,78,195,453,-16457,0,-15537,0,8160,8192,6010,-1336,-6036,-107,21,29
2949369892,-5180,6092,-1004,41,96,262,0,0,-7,-1,-16455,0,5266,-1346,-6398,-109,37,30
2949419892,-5586,7152,-1302,96,98,247,8160,8192,-12252,-20533,645,8192,5176,-1426,-6716,-107,35,31
2949469892,-3240,3828,-102,-29,164,270,-16453,0,-15537,0,8160,8192,5478,-1120,-6502,-114,33,35
2949519892,-5316,7008,-1476,11,272,485,0,0,-7,-1,-16451,0,7318,-840,-5668,-110,17,41
2949569892,-4318,6644,-1612,-88,237,357,-16449,0,-15537,0,8160,8192,5610,-126,-6506,-110,23,48
2949619892,-4048,7780,-2938,83,-181,-226,-16447,0,-15537,0,8160,8192,5022,1340,-5566,-116,52,31
2949669892,-2880,7364,-2378,132,-87,40,-18446,0,-15537,0,8160,8192,5826,610,-6228,-115,25,27
2949719892,-3802,8772,-3634,-38,254,551,-16444,0,-15537,0,8160,8192,6630,1350,-5560,-105,14,34
2949769892,-3094,7648,-2608,50,172,533,0,0,-7,-1,-16442,0,6148,1010,-6048,-103,2,41
2949819892,-2800,7890,-2998,97,-119,-39,-17440,0,-15537,0,8160,8192,5548,1680,-6148,-113,43,29
2949869892,-2822,7580,-2734,251,-196,10,0,0,-7,-1,-16437,0,5782,1472,-6116,-108,48,30
2949919892,-3052,7396,-2302,22,174,451,-17435,0,-15537,0,8160,8192,5726,358,-6030,-104,47,25
2949969892,-3762,7298,-2056,-66,440,851,-16434,0,-15537,0,8160,8192,5898,154,-5904,-103,43,25
2950019892,-3186,7334,-2682,-54,-13,82,0,0,-7,-1,-16431,0,5924,890,-5880,-107,32,30
2950069892,-3238,7504,-2378,335,-397,-223,-16430,0,-15537,0,8160,8192,5520,286,-6092,-109,31,27
2950119892,-3466,7362,-2136,54,-96,75,-16428,0,-15537,0,8160,8192,5902,200,-5928,-109,26,25
2950169892,-3416,7304,-2194,65,-18,182,-17427,0,-15537,0,8160,8192,5764,186,-5954,-104,23,26
2950219892,-3668,7300,-1978,127,-142,62,-16425,0,-15537,0,8160,8192,5862,-122,-5986,-107,24,22
2950269892,-3544,7316,-2098,99,-182,-96,-18423,0,-15537,0,8160,8192,6032,4,-5940,-108,25,25
2950319892,-3482,7422,-1982,159,-229,-96,-18420,0,-15537,0,8160,8192,6046,28,-5992,-109,23,27
2950369892,-3814,7148,-1998,85,-15,186,0,0,-7,-1,-16418,0,5924,-282,-5900,-105,34,26
2950419892,-4112,7256,-2048,46,-11,251,-18415,0,-15537,0,8160,8192,5940,-384,-5982,-103,18,27
2950469892,-3304,7424,-2734,42,-203,-156,8160,8192,0,0,645,8192,5624,1170,-6176,-108,15,27
2950519892,-3038,7624,-2512,260,-434,-384,8160,8192,-26364,-20516,645,8192,5660,676,-6122,-100,27,24
2950569892,-3664,7280,-1890,64,-63,190,-16410,0,-15537,0,8160,8192,5778,68,-6042,-105,23,29
2950619892,-3566,7160,-2178,-15,7,229,-16409,0,-15537,0,8160,8192,5886,232,-5852,-107,17,30
2950669892,-4086,7076,-1718,168,-211,-82,0,0,-7,-1,-17407,0,5936,-434,-6000,-106,22,32
2950719892,-3750,7284,-2156,97,-171,-14,-16406,0,-15537,0,8160,8192,5862,-288,-6066,-105,29,33
2950769892,-3534,7302,-2242,70,3,237,-16403,0,-15537,0,8160,8192,5778,458,-5936,-102,37,29
2950819892,-3432,7318,-2188,96,-101,93,8160,8192,11492,-20511,645,8192,5936,348,-5972,-104,41,29
2950869892,-3620,7506,-2318,111,-114,30,-17399,0,-15537,0,8160,8192,5800,218,-6026,-105,43,33
2950919892,-3730,7404,-2116,98,-60,129,-16396,0,-15537,0,8160,8192,5590,156,-6062,-105,44,32
2950969892,-3676,7266,-2040,81,-72,107,-16395,0,-15537,0,8160,8192,5806,36,-5918,-107,39,34
2951019892,-3738,7436,-2178,101,-102,48,-17393,0,-15537,0,8160,8192,5804,326,-5942,-102,36,33
2951069892,-3630,7402,-2036,118,-115,67,0,0,-7,-1,-17391,0,5818,136,-6064,-102,36,33
2951119892,-3810,7466,-2134,101,-55,145,-16388,0,-15537,0,8160,8192,5870,-66,-6022,-105,33,32
2951169892,-3580,7356,-2058,63,-27,184,8160,8192,-31724,-20506,645,8192,6026,226,-6044,-107,40,31
2951219892,-3560,7414,-2366,116,-125,26,-18383,0,-15537,0,8160,8192,5840,274,-6056,-107,48,34
2951269892,-3146,7384,-2148,115,-142,-1,-18381,0,-15537,0,8160,8192,6148,512,-5832,-102,39,31
2951319892,-3156,7330,-2404,90,-140,20,8160,8192,0,0,645,8192,5982,770,-5992,-107,34,33
2951369892,-3338,7386,-2194,131,-194,-71,0,0,-7,-1,-16377,0,5868,448,-5942,-100,27,25
2951419892,-3558,7402,-2140,150,-269,-164,8160,8192,21668,-20502,645,8192,5642,482,-6204,-104,27,28
2951469892,-3692,7626,-2588,155,-376,-360,-16373,0,-15537,0,8160,8192,5876,358,-5892,-102,35,30
2951519892,-3648,7272,-2238,203,-397,-394,-16371,0,-15537,0,8160,8192,5504,670,-6252,-105,33,28
2951569892,-3910,7392,-2336,255,-551,-538,-16369,0,-15537,0,8160,8192,5696,228,-5970,-110,28,35
2951619892,-3934,7426,-2274,169,-331,-279,0,0,-7,-1,-17368,0,5520,502,-6282,-102,42,20
2951669892,-4032,7066,-1934,195,-398,-239,0,0,-7,-1,-16366,0,6122,130,-5860,-107,34,31
2951719892,-3606,7426,-2532,5,-147,-104,-16363,0,-15537,0,8160,8192,5302,478,-6458,-100,50,26
2951769892,-3626,7320,-1992,122,-163,86,8160,8192,0,0,645,8192,6192,480,-5560,-101,28,34
2951819892,-3910,7314,-2444,65,-124,37,8160,8192,0,0,645,8192,6078,764,-5726,-97,30,31
2951869892,-2806,5848,-858,166,-391,-285,-16356,0,-15537,0,8160,8192,5606,-214,-6096,-103,33,31
2951919892,-4606,7522,-2164,228,-349,-271,8160,8192,0,0,645,8192,5556,750,-6062,-106,54,33
2951969892,-4322,6592,-1894,161,-353,-280,8160,8192,-18156,-20494,645,8192,5762,114,-6052,-102,51,25
2952019892,-4904,7496,-2362,211,-333,-123,-16349,0,-15537,0,8160,8192,5958,-20,-5698,-106,36,29
2952069892,-3502,6248,-1314,96,-149,138,0,0,-7,-1,-16346,0,6254,56,-5846,-103,20,29
2952119892,-4432,6926,-1798,107,-178,78,-18345,0,-15537,0,8160,8192,6256,416,-5816,-103,32,24
2952169892,-3944,6514,-1628,78,-133,100,8160,8192,-14764,-20491,645,8192,6354,-82,-5500,-100,43,29
2952219892,-4846,7024,-2250,89,-219,-7,-16342,0,-15537,0,8160,8192,5528,10,-5830,-105,34,21
2952269892,-4662,7194,-1800,140,-190,81,8160,8192,19700,-20489,645,8192,5530,28,-5982,-98,51,28
2952319892,-4800,7392,-1732,109,-148,13,0,0,-7,-1,-16338,0,5994,16,-5878,-100,33,27
2952369892,-4966,6878,-1684,132,-71,170,-18336,0,-15537,0,8160,8192,5612,-414,-6200,-102,47,29
2952419892,-5010,6948,-1748,59,-40,216,0,0,-7,-1,-16333,0,5920,-614,-6124,-105,45,26
2952469892,-5010,6946,-1672,99,-83,125,-16331,0,-15537,0,8160,8192,5968,-468,-6036,-106,37,29
2952519892,-4976,6594,-1398,111,-81,67,-17330,0,-15537,0,8160,8192,5930,-900,-6006,-105,41,29
2952569892,-5082,6664,-1392,74,-21,127,0,0,-7,-1,-17328,0,5892,-764,-6026,-106,34,26
2952619892,-4820,6664,-1598,64,-35,92,-17326,0,-15537,0,8160,8192,5668,-238,-6054,-107,32,30
2952669892,-4450,6740,-1522,114,-88,-26,-16324,0,-15537,0,8160,8192,5884,-130,-6020,-107,15,31
2952719892,-4572,6920,-1602,72,24,195,-16321,0,-15537,0,8160,8192,5586,-426,-6140,-106,10,31
2952769892,-5018,7234,-2150,18,77,306,-16318,0,-15537,0,8160,8192,6100,-162,-5918,-113,0,30
2952819892,-4702,7066,-2306,68,26,175,8160,8192,-20124,-20481,645,8192,6282,6,-5830,-115,9,31
2952869892,-4130,7240,-1980,85,-58,21,8160,8192,29876,-20480,645,8192,5348,228,-5888,-110,53,39
2952919892,-4270,7588,-2568,112,-122,-12,-16313,0,-15537,0,8160,8192,6216,650,-5682,-107,57,30
2952969892,-3708,7410,-2682,96,-217,-138,0,0,-7,-1,-16310,0,5918,1242,-5924,-109,35,32
2953019892,-3126,7046,-2554,127,-264,-222,-16310,0,-15537,0,8160,8192,5812,1238,-5958,-106,40,30
2953069892,-3726,7376,-2426,148,-98,57,0,0,-7,-1,-17307,0,5762,1096,-5994,-102,30,32
2953119892,-4000,7296,-2616,63,-42,129,0,0,-7,-1,-16306,0,5788,1062,-5982,-102,36,31
2953169892,-3736,7292,-2394,144,-196,-58,0,0,-7,-1,-17304,0,5762,782,-5958,-104,51,28
2953219892,-4068,7188,-2328,163,-303,-140,-16303,0,-15537,0,8160,8192,5368,688,-6264,-103,45,31
2953269892,-4286,7472,-2280,149,-246,-32,-16301,0,-15537,0,8160,8192,5562,278,-6010,-105,54,28
2953319892,-4618,7138,-2392,89,-207,50,8160,8192,21124,-20473,645,8192,6036,540,-5872,-102,28,25
2953369892,-4302,6942,-1842,128,-222,25,8160,8192,5588,-20472,645,8192,5726,104,-6356,-108,45,25
2953419892,-4840,7408,-2012,98,-244,-50,-16294,0,-15537,0,8160,8192,6276,352,-5728,-98,48,25
2953469892,-4778,6984,-2206,143,-335,-193,8160,8192,-25484,-20471,645,8192,6542,30,-5584,-104,51,28
2953519892,-4082,6270,-1260,158,-192,-5,0,0,-7,-1,-17290,0,5512,-652,-6104,-102,37,25
2953569892,-4864,6736,-1546,49,58,329,0,0,-7,-1,-17288,0,5944,-186,-5806,-107,49,25
2953619892,-4608,6616,-1366,68,-228,110,8160,8192,-6556,-20469,645,8192,6074,-28,-5712,-99,23,34
2953669892,-6024,8170,-2368,92,-56,80,0,0,-7,-1,-16285,0,7536,-262,-3904,-98,8,28
2953719892,-6570,7856,-3156,68,-310,-89,0,0,-7,-1,-16284,0,10012,-118,-4878,-102,16,26
2953769892,-4884,8054,-2054,94,-258,-9,-16281,0,-15537,0,8160,8192,5728,-690,-5748,-105,20,25
2953819892,-4690,6304,-1626,82,-94,78,-16279,0,-15537,0,8160,8192,5706,-186,-6092,-109,34,31
2953869892,-4712,6760,-1574,62,-116,97,8160,8192,0,0,645,8192,5752,-448,-5964,-107,18,23
2953919892,-4724,6808,-1670,78,-44,183,-16274,0,-15537,0,8160,8192,5892,-244,-5984,-107,25,33
2953969892,-4862,6752,-1696,111,-86,98,0,0,-7,-1,-17272,0,6020,-322,-5940,-106,23,31
2954019892,-4830,6936,-1606,73,137,240,8160,8192,228,-20462,645,8192,5942,-408,-5764,-105,25,28
2954069892,-4854,7086,-1524,89,131,287,-17268,0,-15537,0,8160,8192,5804,-122,-5838,-108,39,31
2954119892,-4826,7120,-1722,95,129,214,-16266,0,-15537,0,8160,8192,5670,-98,-6182,-107,58,34
2954169892,-4324,6892,-1868,69,17,132,8160,8192,0,0,645,8192,5996,-268,-5774,-109,7,36
2954219892,-4744,7540,-2146,54,-18,234,0,0,-7,-1,-16261,0,5716,-36,-5808,-110,-19,33
2954269892,-4032,6378,-1678,37,33,171,-18260,0,-15537,0,8160,8192,5550,-116,-6180,-111,-31,21
2954319892,-4466,7606,-2390,26,-53,103,-16258,0,-15537,0,8160,8192,5914,382,-6264,-114,-23,27
2954369892,-3562,6020,-1096,90,119,253,-16256,0,-15537,0,8160,8192,6272,-240,-5778,-110,-31,28
2954419892,-3840,6518,-1776,-73,185,383,-16254,0,-15537,0,8160,8192,6134,110,-5814,-111,-8,35
2954469892,-3814,6544,-1948,74,-116,-26,8160,8192,-8524,-20456,645,8192,5992,280,-6030,-106,-4,35
2954519892,-3674,6614,-1878,112,-81,110,8160,8192,-24060,-20455,645,8192,5024,-330,-6122,-108,5,34
2954569892,-3968,7118,-2018,-23,51,216,0,0,-7,-1,-17248,0,1670,-1368,-6238,-100,-11,32
2954619892,-3956,7556,-2220,55,-24,137,-16246,0,-15537,0,8160,8192,5854,146,-6128,-111,-9,25
2954669892,-3810,7540,-2682,60,-116,14,8160,8192,0,0,645,8192,4090,698,-6496,-106,44,31
2954719892,-3630,7472,-2496,187,-196,-116,-16242,0,-15537,0,8160,8192,5738,734,-5946,-109,65,31
2954769892,-3542,7096,-2070,111,-57,-33,-17240,0,-15537,0,8160,8192,6640,706,-5104,-107,40,30
2954819892,-3768,7320,-2314,67,126,466,8160,8192,0,0,645,8192,5700,834,-5886,-105,23,34
2954869892,-3564,7208,-2340,28,-88,35,8160,8192,-1740,-20450,645,8192,5992,954,-6142,-105,-5,24
2954919892,-4020,7180,-1848,155,-88,194,-17234,0,-15537,0,8160,8192,5678,-116,-6086,-105,-8,24
2954969892,-7834,7540,1026,-62,-295,594,-18231,0,-15537,0,8160,8192,5878,-708,-6122,-103,43,29
2955019892,-4264,7694,-1120,578,-2277,1165,-16229,0,-15537,0,8160,8192,5886,-500,-6030,-110,55,28
2955069892,-4280,7132,-1412,367,-384,193,-16226,0,-15537,0,8160,8192,5872,270,-5976,-111,86,29
2955119892,-3402,7136,-2052,226,-1194,-376,8160,8192,-13884,-20446,645,8192,5738,534,-5956,-109,65,27
2955169892,-3734,7580,-2008,68,-1141,-790,-16222,0,-15537,0,8160,8192,5912,990,-5994,-115,35,37
2955219892,-2866,7684,-2708,-229,497,-25,8160,8192,20580,-20444,645,8192,5588,1920,-6072,-112,38,32
2955269892,-2846,7724,-2420,-824,1327,-481,0,0,-7,-1,-16218,0,5802,134,-5982,-110,52,20
2955319892,-6564,7268,-398,-1352,3447,759,8160,8192,0,0,645,8192,5834,-992,-6062,-103,25,28
2955369892,-4556,7524,-1568,391,-65,293,-16214,0,-15537,0,8160,8192,6008,-100,-6040,-106,8,34
2955419892,-5196,7688,-1244,1311,1704,443,-18212,0,-15537,0,8160,8192,7710,-24,-2538,-105,32,31
2955469892,-2954,7334,-4368,-530,1902,304,0,0,-7,-1,-16210,0,6064,-168,-5912,-105,27,18
2955519892,-3658,4432,-3422,-696,1243,-657,8160,8192,-7100,-20440,645,8192,5824,1202,-6196,-99,-24,39
2955569892,-4736,7804,-1716,-110,155,-457,-16205,0,-15537,0,8160,8192,6170,850,-5826,-110,2,32
2955619892,-1780,7848,-2882,-118,424,-262,8160,8192,0,0,645,8192,5492,1640,-6246,-102,42,27
2955669892,-3330,7602,-2454,644,-823,274,0,0,-7,-1,-17204,0,6016,1180,-5800,-105,68,31
2955719892,-4806,7010,-1208,488,250,587,-17201,0,-15537,0,8160,8192,6010,-1590,-5884,-92,73,19
2955769892,-3598,7884,-1970,608,-960,16,-16200,0,-15537,0,8160,8192,6054,506,-5856,-105,77,35
2955819892,-4422,7230,-1476,197,-2,-509,8160,8192,0,0,645,8192,6138,-784,-5840,-107,99,36
2955869892,-3750,7478,-1876,123,-167,278,8160,8192,0,0,645,8192,5862,-368,-6054,-108,72,32
2955919892,-4122,6926,-2050,-40,274,383,-17194,0,-15537,0,8160,8192,5822,42,-6036,-112,27,30
2955969892,-3894,7116,-2052,58,-114,132,-17191,0,-15537,0,8160,8192,5698,248,-5966,-100,20,28
2956019892,-3674,7282,-1962,98,-29,46,-16189,0,-15537,0,8160,8192,5850,100,-6090,-110,25,35
2956069892,-3912,7140,-1928,30,-7,305,-17187,0,-15537,0,8160,8192,5666,-106,-6108,-105,16,30
2956119892,-3688,7380,-1954,37,88,259,0,0,-7,-1,-16185,0,5694,-28,-6162,-107,15,30
2956169892,-3820,7144,-1892,53,-27,273,0,0,-7,-1,-16183,0,5918,242,-5968,-106,9,34
2956219892,-3626,7462,-2142,118,-103,82,-16181,0,-15537,0,8160,8192,5788,96,-6076,-107,16,27
2956269892,-3812,7220,-1774,142,-55,211,-16179,0,-15537,0,8160,8192,5840,-212,-6050,-113,22,36
2956319892,-3904,7646,-2204,28,55,218,-17176,0,-15537,0,8160,8192,5854,272,-6142,-108,27,29
2956369892,-3162,7696,-2598,134,-206,-116,8160,8192,0,0,645,8192,5896,1304,-6022,-108,71,32
2956419892,-2526,7674,-2802,451,-504,-117,-16171,0,-15537,0,8160,8192,5862,792,-5976,-103,80,33
2956469892,-3606,7588,-1994,20,211,655,8160,8192,25396,-20425,645,8192,5732,-622,-6080,-106,47,33
2956519892,-3472,7518,-2488,-223,316,585,8160,8192,9860,-20424,645,8192,5790,428,-6192,-101,-5,-1
2956569892,-6542,9332,-6522,1084,-1728,429,0,0,-7,-1,-16165,0,10498,-1164,-896,-37,-15,-58
2956619892,16046,-968,11584,51,2203,-14,-17163,0,-15537,0,8160,8192,7064,-3250,-3190,-168,-25,71
2956669892,-7542,6166,1494,-1624,2884,1257,8160,8192,0,0,645,8192,6848,-1882,-5420,-104,64,24
2956719892,-4360,9212,-912,836,-755,809,-16159,0,-15537,0,8160,8192,7484,-834,-5424,-114,50,20
2956769892,-2112,6562,-2300,157,-284,-700,8160,8192,-2284,-20421,645,8192,3020,704,-7212,-129,68,40
2956819892,-2080,8526,-3358,499,-986,-1116,0,0,-7,-1,-16155,0,6686,2116,-5340,-171,116,101
2956869892,-2638,8816,-4030,1250,-475,-541,-16153,0,-15537,0,8160,8192,1170,3166,-6442,-128,771,62
2956919892,-3222,6988,-3074,-144,-255,-177,-17152,0,-15537,0,8160,8192,4544,1462,-6846,-97,145,33
2956969892,-2108,7410,-3072,567,-402,-12,-17150,0,-15537,0,8160,8192,5818,1332,-6220,-110,21,26
2957019892,-1780,7798,-3140,-146,-111,-15,-16148,0,-15537,0,8160,8192,5800,1320,-6108,-109,47,34
2957069892,-1604,6958,-2904,85,-34,57,-16146,0,-15537,0,8160,8192,5424,2054,-5958,-106,31,23
2957119892,-6950,11112,-4272,251,-809,-517,0,0,-7,-1,-17145,0,5654,2014,-6086,-93,-118,30
2957169892,-11782,18632,-4472,-381,-462,-871,-17142,0,-15537,0,8160,8192,-1294,636,-11098,-82,-158,17
2957219892,-4760,9866,-1784,380,-134,90,8160,8192,0,0,645,8192,3686,-1100,-7510,-89,49,14
2957269892,-3440,7342,-1824,-60,142,130,-16137,0,-15537,0,8160,8192,5360,606,-6136,-98,98,33
2957319892,-3126,7488,-2158,600,-328,-609,0,0,-7,-1,-17136,0,6354,1050,-5928,-150,725,57
2957369892,-3320,6462,-1336,470,-736,-1014,0,0,-7,-1,-17134,0,6344,1872,-4786,-137,75,62
2957419892,-4562,7514,-2452,163,-943,-1029,-17133,0,-15537,0,8160,8192,6396,786,-6264,-101,47,26
2957469892,-4918,8056,-2622,218,-354,-406,-16132,0,-15537,0,8160,8192,6524,820,-5872,-95,33,25
2957519892,-4594,7260,-1974,151,-273,42,8160,8192,26820,-20409,645,8192,6936,420,-5302,-93,71,21
2957569892,-5088,7124,-2244,66,81,456,8160,8192,0,0,645,8192,6832,172,-4674,-90,7,10
2957619892,-4980,7720,-2240,27,-12,454,8160,8192,0,0,645,8192,6408,-152,-5844,-85,25,31
2957669892,-5486,7256,-2142,134,-219,60,-17124,0,-15537,0,8160,8192,6892,1574,-5426,-95,58,28
2957719892,-4290,5734,-1576,94,-450,-74,-16122,0,-15537,0,8160,8192,6072,-488,-5356,-98,-5,18
2957769892,-4328,6176,-1788,81,-537,-175,-18120,0,-15537,0,8160,8192,4866,-1458,-6766,-99,-38,-1
2957819892,-5604,6832,-2450,33,-540,-17,8160,8192,-860,-20405,645,8192,6102,766,-6012,-85,-172,17
2957869892,-3318,5314,510,-60,-471,-146,0,0,-7,-1,-16116,0,7572,70,-4284,-91,-59,36
2957919892,-5272,7148,-1850,136,-669,-332,-16114,0,-15537,0,8160,8192,6214,-230,-5646,-101,30,24
2957969892,-4134,6374,-746,197,-125,-27,0,0,-7,-1,-16112,0,5892,44,-6014,-94,48,31
2958019892,-5106,7004,-1476,-29,-274,36,-16110,0,-15537,0,8160,8192,5762,356,-6004,-102,38,26
2958069892,-4258,6966,-1834,-54,-672,-125,8160,8192,-13004,-20401,645,8192,5362,-286,-6416,-106,29,25
2958119892,-5144,7648,-1984,36,75,15,0,0,-7,-1,-16105,0,5416,174,-6342,-102,60,34
2958169892,-4100,6970,-1366,-19,188,281,-16102,0,-15537,0,8160,8192,6504,524,-6222,-112,23,38
2958219892,-982,916,6410,1498,1912,1306,8160,8192,5924,-20398,645,8192,-7622,-7174,-12402,-137,869,85
2958269892,-8324,6756,-904,-858,2620,2121,0,0,-7,-1,-17100,0,5988,-600,-5786,-105,-98,22
2958319892,-3630,6856,-2668,-1337,-1127,-895,8160,8192,0,0,645,8192,5536,1504,-5902,-106,-164,35
2958369892,-4826,12028,-3724,1268,-756,-977,-17095,0,-15537,0,8160,8192,6200,1778,-8652,-75,-383,38
2958419892,-4652,8180,-2962,321,-201,-262,-16092,0,-15537,0,8160,8192,5546,450,-6514,-110,14,30
2958469892,-3716,7058,-2328,-504,-8,740,0,0,-7,-1,-16089,0,5764,682,-6084,-104,25,30
2958519892,-3948,7216,-2160,184,93,300,8160,8192,0,0,645,8192,5646,910,-6050,-100,41,23
2958569892,-3508,7092,-2036,302,-677,-745,0,0,-7,-1,-17085,0,5944,930,-5900,-106,59,29
2958619892,-3572,7086,-2052,256,-327,-429,-17085,0,-15537,0,8160,8192,5442,556,-6070,-89,25,17
2958669892,-4414,7470,-2000,5,-3,143,-16082,0,-15537,0,8160,8192,5136,578,-6482,-94,25,22
2958719892,-4098,6542,-1494,20,-51,375,8160,8192,0,0,645,8192,6086,-312,-5852,-102,45,17
2958769892,-5048,7518,-1732,66,79,173,8160,8192,0,0,645,8192,5516,-4,-6230,-103,70,27
2958819892,-5004,7618,-1760,160,-183,-395,8160,8192,16100,-20389,645,8192,6160,46,-6108,-108,174,26
2958869892,-2758,1540,-1368,609,-403,-290,-18074,0,-15537,0,8160,8192,6390,476,-3912,-75,418,52
2958919892,-5198,6084,-1540,-101,38,117,0,0,-7,-1,-16073,0,5468,-98,-6032,-86,227,39
2958969892,-4928,7464,-1446,-36,135,262,8160,8192,-30508,-20387,645,8192,6174,-504,-6246,-112,-91,12
2959019892,-4258,6554,-1656,161,-191,45,8160,8192,0,0,645,8192,5942,-112,-6142,-113,-50,18
2959069892,-4370,6354,-2262,81,-337,-191,-16068,0,-15537,0,8160,8192,5616,296,-5918,-107,24,30
2959119892,-4006,6320,-2192,126,-414,-134,-16066,0,-15537,0,8160,8192,5510,316,-5990,-100,52,30
2959169892,-4264,6540,-2126,85,-355,4,0,0,-7,-1,-16064,0,5622,202,-6018,-107,38,27
2959219892,-4224,6712,-2028,95,-245,66,8160,8192,0,0,645,8192,5728,290,-5976,-103,25,27
2959269892,-4194,6854,-1880,129,-224,-38,0,0,-7,-1,-17060,0,5504,120,-6274,-106,13,26
2959319892,-4308,7180,-1998,101,-208,-30,-16058,0,-15537,0,8160,8192,5802,384,-5882,-103,35,29
2959369892,-4196,6822,-1742,97,-86,8,-16056,0,-15537,0,8160,8192,5708,182,-6112,-103,43,27
2959419892,-4334,6726,-1872,104,-174,8,8160,8192,26276,-20380,645,8192,5934,378,-5892,-106,36,28
2959469892,-1196,9682,-4158,391,-890,940,8160,8192,10740,-20379,645,8192,2378,-906,-8816,-90,602,-16
2959519892,-4416,10038,-1954,157,172,18,-16049,0,-15537,0,8160,8192,8264,532,-5602,-91,47,30
2959569892,-7216,11598,-942,426,-42,-344,-16047,0,-15537,0,8160,8192,7834,-160,-6794,-103,49,34
2959619892,-4998,8542,-1062,272,444,-150,-16046,0,-15537,0,8160,8192,5742,94,-5412,-108,115,24
2959669892,-3914,5704,-592,98,152,12,0,0,-7,-1,-17045,0,4874,346,-5520,-107,117,34
2959719892,-5244,6900,-2082,62,-238,-12,-17044,0,-15537,0,8160,8192,6212,348,-6194,-100,13,32
2959769892,-4714,7308,-1844,179,-162,-162,-16043,0,-15537,0,8160,8192,5478,164,-5886,-104,39,23
2959819892,-4350,6472,-1740,149,-314,-101,8160,8192,0,0,645,8192,5646,272,-5822,-105,32,30
2959869892,-4088,6730,-1360,66,13,24,8160,8192,17524,-20373,645,8192,5750,246,-6144,-102,48,30
2959919892,-4718,7424,-1912,48,-111,32,8160,8192,1988,-20372,645,8192,6068,198,-5934,-108,-9,21
2959969892,-4460,6886,-1764,113,-126,-51,-16035,0,-15537,0,8160,8192,5672,256,-5982,-100,45,27
2960019892,-4412,6934,-1640,103,-169,-77,-16033,0,-15537,0,8160,8192,5808,242,-5970,-108,26,27
2960069892,-4276,6614,-1452,83,96,79,8160,8192,0,0,645,8192,6054,258,-5836,-103,46,31
2960119892,-4860,7254,-1770,100,49,76,-16029,0,-15537,0,8160,8192,5716,196,-6126,-104,21,26
2960169892,-4690,6842,-1886,143,-141,-27,8160,8192,0,0,645,8192,5506,334,-5870,-106,84,34
2960219892,-4356,5988,-1934,93,-227,-24,0,0,-7,-1,-16025,0,5510,150,-6232,-97,38,26
2960269892,-4514,6626,-1794,89,-204,15,-18023,0,-15537,0,8160,8192,5750,168,-5792,-106,28,23
2960319892,-4530,6486,-1722,51,-77,-24,8160,8192,8772,-20366,645,8192,5976,244,-5980,-104,26,28
2960369892,-4738,6840,-1746,70,-195,-173,-18017,0,-15537,0,8160,8192,6182,356,-5992,-103,13,28
2960419892,-4368,6592,-1422,125,-302,-220,8160,8192,0,0,645,8192,5676,364,-5902,-98,49,31
2960469892,-4674,6562,-1708,62,-179,-109,8160,8192,27700,-20364,645,8192,5792,70,-6138,-100,25,25
2960519892,-4756,6916,-1668,96,-83,-14,-16011,0,-15537,0,8160,8192,6020,302,-5894,-105,35,30
2960569892,-4734,6376,-1754,90,-40,48,-16008,0,-15537,0,8160,8192,5744,144,-5844,-101,21,27
2960619892,-4792,6468,-1634,80,-158,-178,-16006,0,-15537,0,8160,8192,5812,174,-5928,-101,35,32
2960669892,-5062,7256,-1664,77,-215,-127,0,0,-7,-1,-16005,0,5614,250,-6306,-101,23,28
2960719892,-4846,6750,-1898,54,-185,-85,-16003,0,-15537,0,8160,8192,5980,352,-6082,-97,24,27
2960769892,-5638,7324,-1984,56,-199,-162,-16001,0,-15537,0,8160,8192,5910,296,-5912,-102,35,33
2960819892,-5208,6794,-1652,77,-132,-184,8160,8192,0,0,645,8192,6044,410,-6270,-93,39,33
2960869892,-5182,6890,-1788,115,-227,-184,0,0,-7,-1,-15997,0,5938,220,-5952,-101,34,30
2960919892,-5626,7098,-1880,106,-86,-27,-15995,0,-15537,0,8160,8192,5312,218,-6048,-94,66,35
2960969892,-5278,6712,-1742,72,-22,142,-17993,0,-15537,0,8160,8192,5310,156,-6250,-99,7,22
2961019892,-4900,6664,-1596,115,-108,41,-16991,0,-15537,0,8160,8192,5900,292,-5940,-103,31,34
2961069892,-5046,6814,-1466,95,-167,-82,8160,8192,-27660,-20355,645,8192,5794,270,-6194,-98,24,30
2961119892,-4346,6032,-1250,100,-316,-200,8160,8192,22340,-20354,645,8192,5626,280,-6118,-96,29,29
2961169892,-4980,6134,-1800,3,-236,-224,8160,8192,6804,-20353,645,8192,5542,-6,-6422,-104,36,25
2961219892,-5288,6632,-1572,0,-124,-187,-15984,0,-15537,0,8160,8192,5324,156,-6294,-102,34,25
2961269892,-5548,6502,-1810,95,-272,-227,-15982,0,-15537,0,8160,8192,5742,284,-6152,-102,15,30
2961319892,-5504,6700,-1600,20,-146,-213,0,0,-7,-1,-16980,0,5686,-48,-5942,-95,1,21
2961369892,-5732,6716,-1658,99,-64,-11,-15977,0,-15537,0,8160,8192,5214,442,-6258,-97,66,32
2961419892,-5142,5934,-1288,67,-72,14,8160,8192,-5340,-20350,645,8192,6436,534,-5646,-98,21,31
2961469892,-5212,6052,-1380,56,-158,-150,8160,8192,0,0,645,8192,6924,216,-5632,-105,-4,21
2961519892,-5106,6092,-1590,129,-272,-178,0,0,-7,-1,-15970,0,5400,414,-6254,-106,42,28
2961569892,-6016,6606,-1554,60,-128,-126,-15966,0,-15537,0,8160,8192,6168,438,-6200,-103,24,22
2961619892,-5812,6240,-1766,60,-122,-121,0,0,-7,-1,-16964,0,6560,518,-5424,-104,61,30
2961669892,-4876,5844,-760,49,-91,-149,-17963,0,-15537,0,8160,8192,6148,146,-5472,-108,40,21
2961719892,-5530,6596,-1502,151,-270,-119,-15960,0,-15537,0,8160,8192,5576,346,-5978,-105,16,25
2961769892,-5766,6254,-1466,77,-188,-58,-15957,0,-15537,0,8160,8192,5808,192,-5960,-103,22,28
2961819892,-5880,6096,-1586,64,-151,-65,0,0,-7,-1,-16954,0,5610,510,-6640,-104,16,31
2961869892,-5550,5882,-1592,110,-234,-110,8160,8192,0,0,645,8192,5712,206,-5880,-109,21,29
2961919892,-5178,5718,-1354,77,-198,-135,-15949,0,-15537,0,8160,8192,5674,310,-6188,-110,27,28
2961969892,-5748,6428,-1372,136,-110,58,0,0,-7,-1,-15947,0,5618,690,-6384,-112,50,25
2962019892,-5614,5932,-1654,76,-159,-125,-18945,0,-15537,0,8160,8192,5098,174,-6490,-105,32,28
2962069892,-6162,6436,-1588,121,-164,-96,8160,8192,-10700,-20340,645,8192,5636,-146,-5134,-112,23,18
2962119892,-3446,5028,-784,88,-230,-96,8160,8192,-26236,-20339,645,8192,5588,-64,-6440,-116,85,30
2962169892,-7272,6744,-1732,70,-107,-100,8160,8192,23764,-20338,645,8192,4426,42,-5810,-110,41,24
2962219892,-4058,4602,-468,65,-210,-152,-16934,0,-15537,0,8160,8192,5972,296,-5452,-108,42,21
2962269892,-6932,6628,-1400,49,-257,-353,-15932,0,-15537,0,8160,8192,5808,1034,-5794,-102,0,35
2962319892,-5296,5620,-1134,108,-253,-139,8160,8192,-22844,-20336,645,8192,7280,606,-5298,-102,2,30
2962369892,-4978,5412,-1078,101,-165,38,0,0,-7,-1,-15928,0,6778,164,-5796,-110,8,23
2962419892,-5478,5942,-1046,60,-101,52,-15924,0,-15537,0,8160,8192,6562,-296,-5590,-108,-4,24
2962469892,-5418,5978,-1452,127,-235,-87,0,0,-7,-1,-15922,0,1318,-1162,-8680,-118,56,38
2962519892,-10164,12574,-812,905,1443,4006,8160,8192,0,0,645,8192,-4244,4310,-23636,-11,196,217
2962569892,-6560,7630,-438,-382,-134,-912,8160,8192,0,0,645,8192,11084,438,-5108,-122,-242,-6
2962619892,-4800,5788,-1828,378,-1056,-1518,-17915,0,-15537,0,8160,8192,5916,462,-6104,-103,103,35
2962669892,-6000,7482,-2134,15,-115,275,-15913,0,-15537,0,8160,8192,6518,570,-6096,-117,-111,12
2962719892,-5436,5640,-1538,63,324,855,-15911,0,-15537,0,8160,8192,5484,598,-5774,-113,10,21
2962769892,-4956,5484,-1532,113,-84,196,-16908,0,-15537,0,8160,8192,5296,550,-5818,-108,42,31
2962819892,-5428,5404,-1338,105,-154,-169,-16907,0,-15537,0,8160,8192,5646,310,-6084,-106,8,28
2962869892,-5804,6102,-1330,84,-190,-169,0,0,-7,-1,-16905,0,6038,316,-6002,-107,15,30
2962919892,-5574,6266,-1510,10,-31,123,8160,8192,0,0,645,8192,5876,202,-6090,-103,35,32
2962969892,-5746,6258,-1550,88,-64,144,-17901,0,-15537,0,8160,8192,5814,288,-6130,-103,25,28
2963019892,-5592,6252,-1406,127,-261,-186,8160,8192,0,0,645,8192,5946,292,-5988,-104,29,31
