timestamp_us,a1x,a1y,a1z,g1x,g1y,g1z,a2x,a2y,a2z,g2x,g2y,g2z,a3x,a3y,a3z,g3x,g3y,g3z
2140769892,-5904,5734,-1114,99,-112,64,-16182,0,-15537,0,8160,8192,5734,198,-5996,-107,29,28
2140819892,-5848,5744,-1130,99,-114,61,-18180,0,-15537,0,8160,8192,5758,152,-5998,-108,30,29
2140869892,-5832,5768,-1148,98,-112,59,8160,8192,20916,32666,645,8192,5736,190,-6042,-108,30,29
2140919892,-5862,5768,-1130,98,-114,58,0,0,-7,-1,-17175,0,5756,234,-5990,-107,30,32
2140969892,-5828,5806,-1158,100,-115,54,0,0,-7,-1,-17173,0,5740,198,-6006,-108,28,32
2141019892,-5840,5780,-1122,101,-114,55,8160,8192,0,0,645,8192,5712,214,-6052,-106,31,31
2141069892,-5848,5756,-1118,99,-115,59,0,0,-7,-1,-16168,0,5752,162,-6010,-108,30,31
2141119892,-5878,5732,-1160,104,-117,58,0,0,-7,-1,-16166,0,5764,176,-5952,-109,30,29
2141169892,-5890,5750,-1100,102,-114,60,8160,8192,-6764,32670,645,8192,5768,190,-6094,-105,29,31
2141219892,-5864,5704,-1166,104,-115,59,0,0,-7,-1,-16162,0,5736,206,-5996,-106,33,30
2141269892,-5860,5764,-1198,104,-114,56,8160,8192,27700,32672,645,8192,5782,188,-5998,-105,36,31
2141319892,-5860,5714,-1172,102,-116,62,8160,8192,12164,32673,645,8192,5776,186,-6022,-107,32,30
2141369892,-5804,5676,-1206,101,-118,59,-16154,0,-15537,0,8160,8192,5744,138,-6016,-108,33,31
2141419892,-5776,5644,-1228,94,-116,56,8160,8192,-18908,32674,645,8192,5764,160,-5958,-107,30,31
2141469892,-5766,5608,-1110,96,-118,52,-16149,0,-15537,0,8160,8192,5784,118,-5964,-104,28,31
2141519892,-5738,5568,-1132,103,-119,52,8160,8192,15556,32676,645,8192,5792,166,-6004,-108,31,30
2141569892,-5764,5620,-1120,98,-115,58,-16144,0,-15537,0,8160,8192,5764,132,-5986,-104,37,30
2141619892,-5806,5686,-1194,96,-112,63,0,0,-7,-1,-16142,0,5750,102,-6014,-106,34,33
2141669892,-5876,5748,-1138,93,-109,61,-16140,0,-15537,0,8160,8192,5774,196,-5986,-105,35,31
2141719892,-5902,5794,-1138,96,-105,60,-16137,0,-15537,0,8160,8192,5766,136,-5992,-105,34,31
2141769892,-5946,5858,-1142,95,-103,61,-16137,0,-15537,0,8160,8192,5758,102,-6050,-106,36,31
2141819892,-5964,5966,-1118,93,-102,60,-16135,0,-15537,0,8160,8192,5758,174,-6066,-107,37,32
2141869892,-5986,5982,-1158,97,-102,64,-16132,0,-15537,0,8160,8192,5766,184,-6074,-107,33,31
2141919892,-6026,6046,-1092,94,-95,71,-16131,0,-15537,0,8160,8192,5804,218,-6116,-105,35,30
2141969892,-6040,5992,-1070,94,-104,55,-16128,0,-15537,0,8160,8192,5880,262,-6114,-105,30,31
2142019892,-5964,5944,-1064,101,-100,60,0,0,-7,-1,-17126,0,5830,214,-6110,-106,30,29
2142069892,-5968,5970,-1052,99,-99,64,0,0,-7,-1,-16125,0,5826,274,-6138,-108,31,33
2142119892,-6002,5956,-1102,94,-101,59,-16123,0,-15537,0,8160,8192,5844,278,-6116,-106,29,32
2142169892,-5996,5916,-1058,101,-104,57,-17121,0,-15537,0,8160,8192,5800,262,-6024,-103,28,30
2142219892,-5940,5858,-1164,99,-104,65,-16119,0,-15537,0,8160,8192,5800,216,-6048,-105,28,29
2142269892,-5904,5708,-1214,100,-121,54,8160,8192,0,0,645,8192,5802,174,-5990,-105,30,32
2142319892,-5814,5744,-1172,104,-121,56,8160,8192,29124,32688,645,8192,5826,190,-5998,-108,29,31
2142369892,-5776,5608,-1194,105,-121,59,-16113,0,-15537,0,8160,8192,5782,168,-5976,-106,31,30
2142419892,-5772,5598,-1132,102,-120,51,-16110,0,-15537,0,8160,8192,5826,122,-5942,-107,33,29
2142469892,-5830,5698,-1164,102,-113,62,0,0,-7,-1,-16108,0,5714,148,-6002,-106,33,31
2142519892,-5900,5810,-1142,90,-103,64,-16106,0,-15537,0,8160,8192,5692,136,-6002,-105,39,29
2142569892,-5956,5928,-1152,94,-105,62,-16103,0,-15537,0,8160,8192,5762,156,-6042,-107,36,31
2142619892,-6074,5986,-1102,96,-97,66,-16101,0,-15537,0,8160,8192,5816,266,-6118,-105,34,32
2142669892,-5976,5940,-1124,96,-100,59,0,0,-7,-1,-16098,0,5870,240,-6070,-106,29,30
2142719892,-5956,5952,-1110,97,-102,62,-18096,0,-15537,0,8160,8192,5842,246,-6074,-105,31,31
2142769892,-5960,5908,-1172,99,-105,64,0,0,-7,-1,-17095,0,5810,274,-5998,-108,30,28
2142819892,-5950,5848,-1220,102,-113,58,-16092,0,-15537,0,8160,8192,5814,246,-6016,-107,25,29
2142869892,-5830,5710,-1210,105,-121,50,8160,8192,-10700,32696,645,8192,5820,200,-6000,-107,27,30
2142919892,-5770,5634,-1180,106,-120,56,-16088,0,-15537,0,8160,8192,5772,158,-5950,-105,32,32
2142969892,-5838,5708,-1126,101,-113,60,-16086,0,-15537,0,8160,8192,5782,140,-5954,-106,31,31
2143019892,-5888,5770,-1120,98,-110,57,0,0,-7,-1,-16084,0,5712,154,-5960,-106,33,32
2143069892,-5936,5882,-1140,94,-105,63,8160,8192,0,0,645,8192,5718,182,-6048,-105,37,31
2143119892,-5942,5982,-1192,88,-103,63,-17080,0,-15537,0,8160,8192,5850,186,-6104,-108,33,31
2143169892,-5980,6024,-1200,94,-102,62,0,0,-7,-1,-16077,0,5866,276,-6122,-105,29,29
2143219892,-5978,5892,-1148,95,-101,65,-16074,0,-15537,0,8160,8192,5818,246,-6052,-106,30,32
2143269892,-5898,5812,-1128,100,-112,55,-17073,0,-15537,0,8160,8192,5812,222,-6034,-108,30,32
2143319892,-5852,5748,-1198,104,-119,52,-17070,0,-15537,0,8160,8192,5766,202,-6072,-105,30,31
2143369892,-5832,5682,-1088,101,-114,58,8160,8192,30548,32704,645,8192,5778,146,-5996,-103,30,30
2143419892,-5826,5750,-1142,99,-113,55,8160,8192,0,0,645,8192,5694,122,-5970,-108,34,29
2143469892,-5898,5886,-1126,97,-106,62,-18063,0,-15537,0,8160,8192,5722,146,-6068,-105,34,32
2143519892,-5952,5922,-1112,93,-103,73,-16060,0,-15537,0,8160,8192,5784,238,-6100,-106,34,30
2143569892,-5988,5872,-1128,91,-104,63,0,0,-7,-1,-16058,0,5826,260,-5984,-105,31,31
2143619892,-5938,5856,-1176,96,-107,56,-16055,0,-15537,0,8160,8192,5782,246,-6086,-105,30,31
2143669892,-5922,5818,-1142,101,-112,56,-18054,0,-15537,0,8160,8192,5808,198,-6034,-106,30,28
2143719892,-5862,5702,-1178,101,-119,54,-16052,0,-15537,0,8160,8192,5824,160,-6002,-105,33,32
2143769892,-5820,5722,-1142,105,-114,51,8160,8192,-28204,32710,645,8192,5770,144,-6038,-107,34,31
2143819892,-5912,5882,-1132,94,-104,59,-16046,0,-15537,0,8160,8192,5754,170,-5980,-107,36,31
2143869892,-5952,5914,-1144,91,-104,63,-16044,0,-15537,0,8160,8192,5828,210,-6010,-105,33,30
2143919892,-5966,5888,-1136,95,-101,63,-16043,0,-15537,0,8160,8192,5812,244,-6060,-108,30,30
2143969892,-5968,5880,-1150,97,-109,64,8160,8192,-24812,32713,645,8192,5772,228,-6070,-107,25,30
2144019892,-5870,5736,-1152,104,-114,56,-18039,0,-15537,0,8160,8192,5796,200,-6098,-105,28,29
2144069892,-5832,5716,-1056,104,-115,51,0,0,-7,-1,-16037,0,5720,132,-6032,-107,34,30
2144119892,-5816,5798,-1136,97,-110,59,8160,8192,0,0,645,8192,5750,168,-6022,-105,35,31
2144169892,-5922,5890,-1138,93,-107,63,0,0,-7,-1,-16033,0,5788,210,-6042,-108,34,29
2144219892,-5952,5934,-1162,93,-101,67,-16031,0,-15537,0,8160,8192,5784,258,-6030,-108,31,30
2144269892,-5934,5852,-1134,95,-108,59,-17030,0,-15537,0,8160,8192,5826,246,-6024,-105,33,29
2144319892,-5910,5790,-1170,101,-113,54,8160,8192,-2492,32718,645,8192,5840,164,-6032,-105,29,30
2144369892,-5838,5710,-1080,104,-114,49,-18026,0,-15537,0,8160,8192,5794,124,-6020,-104,32,29
2144419892,-5842,5834,-1172,99,-108,56,-16024,0,-15537,0,8160,8192,5758,108,-5970,-106,35,32
2144469892,-5954,5920,-1134,92,-107,63,-16021,0,-15537,0,8160,8192,5812,222,-6052,-105,35,29
2144519892,-5998,5916,-1116,97,-104,65,-16020,0,-15537,0,8160,8192,5816,218,-6082,-106,27,30
2144569892,-5920,5800,-1106,102,-110,59,-16018,0,-15537,0,8160,8192,5810,196,-6038,-109,30,30
2144619892,-5864,5726,-1160,105,-114,56,0,0,-7,-1,-16016,0,5812,192,-6032,-105,32,30
2144669892,-5858,5740,-1172,100,-109,55,0,0,-7,-1,-17014,0,5720,166,-6036,-106,33,27
2144719892,-5876,5860,-1174,95,-107,62,-18011,0,-15537,0,8160,8192,5732,206,-6064,-105,36,29
2144769892,-5960,5930,-1176,95,-101,70,-16009,0,-15537,0,8160,8192,5810,248,-6070,-106,29,30
2144819892,-6012,5858,-1140,97,-107,64,8160,8192,0,0,645,8192,5842,216,-6036,-106,30,30
2144869892,-5852,5732,-1096,102,-114,57,-16005,0,-15537,0,8160,8192,5808,174,-5978,-105,31,29
2144919892,-5830,5778,-1164,100,-111,54,0,0,-7,-1,-16003,0,5740,150,-6018,-108,34,30
2144969892,-5934,5876,-1092,94,-106,60,0,0,-7,-1,-16001,0,5740,160,-6082,-104,33,30
2145019892,-5932,5872,-1132,94,-104,66,-16998,0,-15537,0,8160,8192,5834,248,-6052,-106,33,31
2145069892,-5964,5884,-1228,99,-108,63,0,0,-7,-1,-15995,0,5792,242,-6066,-104,32,30
2145119892,-5908,5752,-1196,101,-110,56,8160,8192,0,0,645,8192,5832,188,-6080,-107,30,30
2145169892,-5834,5772,-1188,99,-112,52,-15992,0,-15537,0,8160,8192,5738,152,-6028,-104,33,31
2145219892,-5914,5862,-1100,91,-106,58,-15989,0,-15537,0,8160,8192,5784,150,-6002,-106,33,32
2145269892,-5978,5902,-1174,92,-103,64,8160,8192,30004,32733,645,8192,5814,222,-6014,-105,32,30
2145319892,-5978,5834,-1206,95,-109,59,-15984,0,-15537,0,8160,8192,5848,248,-6056,-107,29,30
2145369892,-5848,5738,-1142,101,-113,46,8160,8192,-1068,32734,645,8192,5808,156,-5996,-107,32,31
2145419892,-5862,5768,-1082,97,-108,55,0,0,-7,-1,-16980,0,5752,140,-6012,-105,35,32
2145469892,-5930,5860,-1124,93,-106,61,-15978,0,-15537,0,8160,8192,5796,228,-6050,-105,33,31
2145519892,-6006,5880,-1174,93,-105,62,8160,8192,0,0,645,8192,5844,208,-6044,-107,30,28
2145569892,-5892,5734,-1140,101,-113,55,-16973,0,-15537,0,8160,8192,5810,206,-6016,-106,30,32
2145619892,-5854,5780,-1102,100,-111,55,-16971,0,-15537,0,8160,8192,5762,174,-6012,-104,32,30
2145669892,-5918,5852,-1164,97,-108,60,-15968,0,-15537,0,8160,8192,5766,160,-6056,-105,32,30
2145719892,-5996,5872,-1178,96,-104,66,8160,8192,21252,32740,645,8192,5822,154,-6066,-106,29,32
2145769892,-5984,5846,-1138,99,-107,62,0,0,-7,-1,-15962,0,5836,228,-6008,-106,30,29
2145819892,-5830,5702,-1120,104,-113,53,-16959,0,-15537,0,8160,8192,5746,130,-5948,-104,34,29
2145869892,-5900,5836,-1094,99,-109,62,8160,8192,0,0,645,8192,5782,160,-6060,-108,35,33
2145919892,-5940,5908,-1150,97,-107,67,-16953,0,-15537,0,8160,8192,5784,210,-6038,-109,31,27
2145969892,-5960,5836,-1126,97,-107,62,-16950,0,-15537,0,8160,8192,5832,208,-6024,-104,32,30
2146019892,-5872,5764,-1108,103,-112,56,-15949,0,-15537,0,8160,8192,5800,138,-5992,-104,32,30
2146069892,-5870,5816,-1174,99,-110,56,-15947,0,-15537,0,8160,8192,5794,172,-6084,-107,36,29
2146119892,-5942,5894,-1150,91,-103,68,-17944,0,-15537,0,8160,8192,5770,236,-6074,-104,30,29
2146169892,-5956,5784,-1138,98,-109,60,0,0,-7,-1,-16942,0,5800,240,-6022,-106,29,30
2146219892,-5866,5702,-1104,104,-110,55,8160,8192,-3036,32747,645,8192,5798,204,-5978,-106,31,30
2146269892,-5884,5812,-1178,98,-108,60,-15938,0,-15537,0,8160,8192,5778,138,-5994,-106,33,30
2146319892,-5952,5910,-1126,96,-105,63,0,0,-7,-1,-16935,0,5810,250,-6050,-104,35,31
2146369892,-6002,5844,-1154,96,-108,65,-15932,0,-15537,0,8160,8192,5822,226,-6082,-106,28,32
2146419892,-5866,5728,-1126,103,-110,59,0,0,-7,-1,-15930,0,5748,126,-6024,-106,32,31
2146469892,-5868,5838,-1130,97,-109,59,-17926,0,-15537,0,8160,8192,5772,190,-5960,-106,33,30
2146519892,-5960,5886,-1158,92,-103,67,-17924,0,-15537,0,8160,8192,5830,234,-6050,-105,32,32
2146569892,-5934,5796,-1152,97,-106,64,-15922,0,-15537,0,8160,8192,5790,190,-5992,-105,31,30
2146619892,-5820,5788,-1142,104,-113,51,8160,8192,0,0,645,8192,5792,176,-6042,-107,33,31
2146669892,-5898,5860,-1170,97,-110,57,-15918,0,-15537,0,8160,8192,5742,176,-6034,-104,35,31
2146719892,-6004,5922,-1126,95,-106,66,0,0,-7,-1,-15917,0,5844,210,-6010,-104,30,30
2146769892,-5932,5760,-1160,101,-109,57,-15914,0,-15537,0,8160,8192,5828,226,-6068,-106,30,30
2146819892,-5850,5802,-1112,97,-108,54,-15910,0,-15537,0,8160,8192,5748,156,-6048,-103,32,32
2146869892,-5956,5892,-1134,93,-106,64,8160,8192,-8396,32757,645,8192,5762,252,-5972,-107,35,29
2146919892,-5996,5814,-1126,94,-105,57,-15905,0,-15537,0,8160,8192,5816,242,-6080,-104,27,31
2146969892,-5874,5788,-1100,103,-109,54,8160,8192,26068,32759,645,8192,5754,200,-5982,-107,31,30
2147019892,-5894,5810,-1116,99,-110,61,0,0,-7,-1,-16900,0,5766,190,-6000,-106,34,31
2147069892,-5964,5902,-1158,94,-105,66,-16898,0,-15537,0,8160,8192,5792,240,-6068,-104,34,30
2147119892,-5924,5778,-1104,100,-105,61,-15896,0,-15537,0,8160,8192,5834,228,-6004,-105,29,30
2147169892,-5824,5758,-1086,101,-112,57,-15893,0,-15537,0,8160,8192,5746,136,-6038,-108,35,30
2147219892,-5954,5916,-1176,91,-104,65,-15891,0,-15537,0,8160,8192,5790,218,-6004,-108,32,31
2147269892,-5992,5806,-1170,94,-107,61,-15886,0,-15537,0,8160,8192,5806,206,-6060,-108,29,30
2147319892,-5888,5788,-1126,102,-111,55,0,0,-7,-1,-15882,0,5770,150,-5980,-104,35,33
2147369892,-5906,5842,-1124,99,-109,55,-15880,0,-15537,0,8160,8192,5774,144,-6046,-106,32,31
2147419892,-5990,5906,-1200,97,-105,67,0,0,-7,-1,-15877,0,5816,248,-6006,-106,34,30
2147469892,-5922,5754,-1100,100,-109,59,0,0,-7,-1,-15876,0,5788,156,-5990,-105,31,31
2147519892,-5868,5756,-1174,100,-112,56,8160,8192,-13756,32767,645,8192,5720,160,-6028,-106,35,30
2147569892,-5964,5930,-1188,93,-105,68,5544,8192,-7,-1,-16063,0,5824,228,-6076,-105,33,30
2147619892,-5914,5752,-1138,99,-108,61,0,0,-7,-1,-15870,0,5818,198,-5986,-106,28,28
2147669892,-5844,5766,-1118,101,-110,52,8160,8192,5172,-32766,645,8192,5752,142,-6086,-108,36,30
2147719892,-5968,5870,-1124,95,-106,61,8160,8192,-10364,-32766,645,8192,5816,172,-6074,-106,29,29
2147769892,-5960,5838,-1136,97,-110,62,-15863,0,-15537,0,8160,8192,5830,208,-5998,-108,29,29
2147819892,-5842,5716,-1074,101,-111,53,0,0,-7,-1,-15861,0,5752,152,-6006,-105,33,32
2147869892,-5902,5876,-1186,94,-106,62,8160,8192,8564,-32763,645,8192,5774,200,-6064,-103,34,30
2147919892,-5984,5842,-1122,95,-106,63,0,0,-7,-1,-16855,0,5840,182,-6000,-104,30,28
2147969892,-5868,5726,-1074,102,-113,52,-15853,0,-15537,0,8160,8192,5792,160,-6038,-107,32,29
2148019892,-5904,5852,-1196,97,-107,58,0,0,-7,-1,-15852,0,5750,204,-6084,-106,35,29
2148069892,-5976,5878,-1174,97,-107,62,8160,8192,11956,-32760,645,8192,5824,216,-6070,-107,29,29
2148119892,-5862,5746,-1066,104,-114,51,8160,8192,0,0,645,8192,5776,122,-5996,-109,31,30
2148169892,-5894,5870,-1156,101,-108,58,0,0,-7,-1,-15844,0,5814,174,-6022,-104,36,31
2148219892,-6002,5886,-1154,93,-105,63,-15842,0,-15537,0,8160,8192,5888,206,-6042,-105,27,31
2148269892,-5906,5726,-1106,103,-112,49,8160,8192,15348,-32757,645,8192,5786,136,-6032,-105,32,30
2148319892,-5898,5882,-1166,99,-111,60,8160,8192,-188,-32757,645,8192,5750,168,-6044,-104,35,33
2148369892,-5980,5876,-1172,93,-110,62,-15836,0,-15537,0,8160,8192,5808,202,-5964,-103,30,28
2148419892,-5910,5764,-1024,101,-111,54,0,0,-7,-1,-16834,0,5804,150,-6070,-104,29,30
2148469892,-5880,5918,-1162,97,-112,40,-17830,0,-15537,0,8160,8192,5790,132,-6094,-107,34,32
2148519892,-6046,5992,-1130,93,-103,76,-17828,0,-15537,0,8160,8192,5850,266,-6046,-107,28,32
2148569892,-5806,5708,-1136,99,-110,49,-15825,0,-15537,0,8160,8192,5744,146,-6084,-103,31,31
2148619892,-5886,5886,-1134,95,-111,56,-15823,0,-15537,0,8160,8192,5778,176,-6048,-107,37,31
2148669892,-6020,5828,-1072,94,-102,59,-15821,0,-15537,0,8160,8192,5834,178,-6008,-106,29,29
2148719892,-5876,5734,-1102,103,-107,58,-15818,0,-15537,0,8160,8192,5788,138,-6032,-106,33,29
2148769892,-5914,5858,-1192,99,-111,58,-15814,0,-15537,0,8160,8192,5810,206,-6006,-106,32,31
2148819892,-5974,5854,-1116,100,-107,70,-15812,0,-15537,0,8160,8192,5800,220,-5978,-104,29,32
2148869892,-5862,5750,-1106,106,-112,54,-16812,0,-15537,0,8160,8192,5776,150,-6080,-105,32,31
2148919892,-5942,5902,-1190,98,-111,68,-15810,0,-15537,0,8160,8192,5788,218,-6038,-107,34,31
2148969892,-5956,5772,-1098,96,-107,60,-16807,0,-15537,0,8160,8192,5832,208,-6046,-105,29,29
2149019892,-5876,5776,-1184,94,-107,53,8160,8192,0,0,645,8192,5822,174,-6004,-104,32,31
2149069892,-5980,6068,-1096,95,-116,22,-15804,0,-15537,0,8160,8192,5954,144,-6148,-105,37,31
2149119892,-6122,6020,-1044,98,-91,92,8160,8192,0,0,645,8192,5900,280,-6132,-105,26,30
2149169892,-5716,5712,-1100,102,-112,51,0,0,-7,-1,-15799,0,5644,190,-6134,-104,38,29
2149219892,-5966,5868,-1222,80,-101,66,-17798,0,-15537,0,8160,8192,5830,238,-5984,-108,31,30
2149269892,-5964,5668,-1050,90,-104,51,0,0,-7,-1,-15796,0,5796,78,-6042,-105,25,31
2149319892,-5882,5824,-1102,100,-109,56,0,0,-7,-1,-15794,0,5758,152,-6032,-106,34,31
2149369892,-6002,5856,-1182,99,-109,65,-17792,0,-15537,0,8160,8192,5864,208,-5988,-106,31,29
2149419892,-5766,5770,-1040,109,-116,54,0,0,-7,-1,-16790,0,5750,190,-6090,-107,35,30
2149469892,-5918,5872,-1196,98,-107,73,8160,8192,-29836,-32739,645,8192,5828,312,-5984,-106,34,29
2149519892,-5896,5840,-1086,102,-115,56,0,0,-7,-1,-15786,0,5782,190,-5996,-105,26,30
2149569892,-5812,5714,-1106,95,-107,57,-17784,0,-15537,0,8160,8192,5740,130,-6026,-105,35,31
2149619892,-5902,5842,-1196,97,-112,77,8160,8192,-10908,-32737,645,8192,5730,356,-6010,-107,28,29
2149669892,-5774,5558,-1048,107,-110,44,0,0,-7,-1,-15780,0,5686,26,-6022,-103,31,32
2149719892,-6000,5972,-1232,92,-111,64,0,0,-7,-1,-15778,0,5870,260,-5926,-105,39,31
2149769892,-5914,5818,-1140,106,-116,54,-15775,0,-15537,0,8160,8192,5836,212,-6100,-108,26,30
2149819892,-5812,5782,-1048,101,-106,46,-15773,0,-15537,0,8160,8192,5786,104,-6096,-106,37,30
2149869892,-5956,5908,-1230,86,-104,75,-17771,0,-15537,0,8160,8192,5860,278,-5972,-108,32,30
2149919892,-5862,5744,-1060,97,-112,39,8160,8192,0,0,645,8192,5814,124,-6014,-109,25,30
2149969892,-5922,5784,-1150,91,-97,66,0,0,-7,-1,-15766,0,5766,176,-6042,-105,31,29
2150019892,-5960,5860,-1136,91,-112,55,-17764,0,-15537,0,8160,8192,5802,178,-6048,-105,28,28
2150069892,-5918,5754,-1168,98,-110,55,0,0,-7,-1,-15761,0,5780,166,-6042,-109,33,31
2150119892,-5964,5898,-1128,95,-103,65,-17759,0,-15537,0,8160,8192,5756,238,-6038,-108,32,29
2150169892,-5912,5772,-1132,95,-109,57,-15594,0,-15537,0,8160,8192,5812,200,-6018,-107,27,32
2150219892,-5916,5828,-1176,100,-112,56,0,0,-7,-1,-16751,0,5770,178,-6048,-106,33,29
2150269892,-5976,5880,-1080,98,-106,63,-15750,0,-15537,0,8160,8192,5806,154,-6066,-105,29,28
2150319892,-5880,5734,-1160,96,-106,54,-15747,0,-15537,0,8160,8192,5802,154,-6006,-107,34,29
2150369892,-5910,5888,-1074,95,-109,54,-17745,0,-15537,0,8160,8192,5782,194,-6068,-107,31,26
2150419892,-5904,5796,-1122,95,-105,59,-15743,0,-15537,0,8160,8192,5750,212,-6040,-107,32,30
2150469892,-5840,5820,-1164,97,-109,59,0,0,-7,-1,-15741,0,5752,168,-6056,-104,30,31
2150519892,-5996,5828,-1134,98,-107,50,-15739,0,-15537,0,8160,8192,5754,100,-6046,-107,27,31
2150569892,-6068,5774,-1124,106,-108,57,-17735,0,-15537,0,8160,8192,5892,164,-6078,-106,38,32
2150619892,-6206,5706,-980,225,-235,69,-15732,0,-15537,0,8160,8192,5898,250,-6044,-103,30,30
2150669892,-5612,5816,-1154,302,-330,23,-17728,0,-15537,0,8160,8192,5750,214,-5964,-105,34,30
2150719892,-5854,5820,-1030,15,383,-8,-15726,0,-15537,0,8160,8192,5890,300,-5986,-105,31,30
2150769892,-5756,5632,-1086,-187,551,155,-17723,0,-15537,0,8160,8192,5754,164,-6192,-105,48,31
2150819892,-5934,5896,-1312,-566,681,-72,8160,8192,0,0,645,8192,5910,210,-6076,-101,50,33
2150869892,-6082,5736,-1352,-805,803,8,0,0,-7,-1,-15717,0,5816,218,-6026,-103,37,33
2150919892,-5856,5788,-1296,-354,293,92,0,0,-7,-1,-15714,0,5734,142,-5978,-105,27,30
2150969892,-6056,5434,-1386,-157,-51,231,0,0,-7,-1,-15710,0,5734,246,-5996,-110,1,23
2151019892,-6388,5996,-1528,574,-1150,-283,-17707,0,-15537,0,8160,8192,5906,134,-6038,-108,14,29
2151069892,-6376,5288,444,1524,-1516,-585,8160,8192,-2700,-32715,645,8192,5746,294,-6136,-103,42,29
2151119892,-5296,6670,-846,123,-127,-194,-15701,0,-15537,0,8160,8192,5888,284,-6032,-106,25,30
2151169892,-5972,5436,-1398,48,0,437,0,0,-7,-1,-16699,0,5812,178,-6032,-106,34,30
2151219892,-6098,5670,-1112,136,-190,110,8160,8192,16228,-32712,645,8192,5804,248,-6074,-105,30,30
2151269892,-5918,5554,-1222,106,-159,-137,-15695,0,-15537,0,8160,8192,5738,116,-6060,-107,37,32
2151319892,-5904,5994,-1130,182,-203,64,-17693,0,-15537,0,8160,8192,5828,182,-6034,-103,31,30
2151369892,-32768,27658,-12164,-106,1699,-835,-16689,0,-15537,0,8160,8192,13580,-6942,-11120,-199,-642,-127
2151419892,-3506,11308,-6336,610,936,875,-15685,0,-15537,0,8160,8192,4032,1762,-4344,-117,1206,126
2151469892,2432,6348,-2012,421,-1547,-381,8160,8192,4084,-32708,645,8192,10114,-808,-8528,-106,-911,-9
2151519892,-2456,2348,-1450,875,16,286,8160,8192,0,0,645,8192,5438,752,-7808,-80,579,28
2151569892,-7258,8982,-2128,-20,214,631,8160,8192,-26988,-32707,645,8192,7272,-34,-4178,-93,420,52
2151619892,-5124,8156,-2170,-2,-415,102,0,0,-7,-1,-15677,0,6234,328,-5420,-116,-214,4
2151669892,-5436,5354,-470,-97,108,-168,0,0,-7,-1,-15675,0,4738,244,-5862,-116,-53,12
2151719892,-4792,4762,-974,523,-375,183,-15672,0,-15537,0,8160,8192,3368,-1744,-6386,-103,148,37
2151769892,-5802,5210,-1030,-254,242,-136,8160,8192,-23596,-32704,645,8192,5862,696,-5634,-82,170,55
2151819892,-5750,5398,-1338,188,-437,-190,-15668,0,-15537,0,8160,8192,5742,292,-6264,-127,-111,9
2151869892,-6972,4632,-720,-41,195,234,-15666,0,-15537,0,8160,8192,5636,346,-6098,-103,18,24
2151919892,-5866,5408,-1316,109,-216,-173,-15665,0,-15537,0,8160,8192,5774,204,-6022,-108,32,32
2151969892,-6224,5888,-1192,130,-98,230,-15662,0,-15537,0,8160,8192,5994,242,-6062,-105,21,32
2152019892,-5902,6028,-918,107,-135,-61,-15659,0,-15537,0,8160,8192,5670,160,-6234,-101,32,27
2152069892,-5774,5784,-1252,113,-137,113,-15656,0,-15537,0,8160,8192,5840,204,-5896,-111,38,34
2152119892,-6176,5680,-1106,16,-18,57,-16653,0,-15537,0,8160,8192,5840,118,-6072,-102,28,29
2152169892,-5840,5804,-1008,178,-203,10,-15649,0,-15537,0,8160,8192,5698,192,-6058,-105,35,29
2152219892,-6040,5596,-1314,27,-32,83,-15646,0,-15537,0,8160,8192,5894,200,-5848,-106,34,30
2152269892,-5592,5528,-972,131,-167,29,-15644,0,-15537,0,8160,8192,5314,204,-6068,-107,14,31
2152319892,-5856,5310,-1118,-109,-575,198,8160,8192,0,0,645,8192,5612,242,-6142,-92,-557,28
2152369892,-7288,3986,-606,34,13,602,-15640,0,-15537,0,8160,8192,5760,-1388,-6224,-88,-44,19
2152419892,-6448,5796,-300,143,-6,549,8160,8192,0,0,645,8192,5940,-780,-6210,-110,49,26
2152469892,-4476,5052,-1420,215,-228,-501,-16634,0,-15537,0,8160,8192,5224,806,-5830,-111,215,33
2152519892,-6220,5884,-368,272,43,360,8160,8192,0,0,645,8192,5578,-368,-6166,-95,134,21
2152569892,-6358,5504,-402,7,239,467,-17629,0,-15537,0,8160,8192,5866,-1178,-5980,-95,80,24
2152619892,-6344,5514,-614,160,-41,239,8160,8192,0,0,645,8192,5974,-982,-5850,-89,55,24
2152669892,-5886,5628,-254,124,-7,214,0,0,-7,-1,-15625,0,5896,-598,-5932,-102,70,19
2152719892,-6348,5850,-802,111,45,275,-16622,0,-15537,0,8160,8192,5512,164,-6226,-93,59,31
2152769892,-5386,6176,-1272,106,-98,67,-17620,0,-15537,0,8160,8192,4902,-648,-6456,-102,43,41
2152819892,-5248,6490,-1758,73,-127,68,-16618,0,-15537,0,8160,8192,5420,714,-6234,-104,9,29
2152869892,-5720,6376,-1344,130,-21,252,-17616,0,-15537,0,8160,8192,5580,130,-6278,-105,30,32
2152919892,-5292,5994,-1326,5,123,501,-15614,0,-15537,0,8160,8192,5600,346,-6346,-101,25,24
2152969892,-4556,6330,-1586,32,-84,-8,-16611,0,-15537,0,8160,8192,5744,1088,-6090,-95,47,22
2153019892,-5006,5962,-982,204,-132,152,-15610,0,-15537,0,8160,8192,5908,-168,-5964,-104,33,21
2153069892,-6112,5938,-1356,-66,463,1040,8160,8192,31220,-32684,645,8192,6292,418,-5980,-99,72,28
2153119892,-5380,5610,-634,73,-48,77,0,0,-7,-1,-16604,0,5678,-674,-6690,-92,55,39
2153169892,-5826,5940,-708,181,84,451,8160,8192,148,-32682,645,8192,5024,-884,-6284,-106,80,8
2153219892,-5218,6184,-1238,-48,30,106,-15599,0,-15537,0,8160,8192,6072,746,-5984,-98,48,32
2153269892,-5142,7192,-2200,95,-236,-179,8160,8192,-30924,-32681,645,8192,5580,486,-5940,-94,-8,21
2153319892,-5194,6734,-1258,1,9,403,8160,8192,19076,-32680,645,8192,5614,656,-6280,-84,-77,18
2153369892,-4524,5924,-1304,-84,117,546,-15591,0,-15537,0,8160,8192,6436,748,-5650,-88,-43,16
2153419892,-4942,6550,-1480,110,-115,148,-15589,0,-15537,0,8160,8192,5616,1018,-6152,-83,-14,15
2153469892,-4734,6576,-1340,55,-74,162,-15586,0,-15537,0,8160,8192,5986,804,-5860,-89,1,20
2153519892,-5102,6106,-1300,10,125,454,8160,8192,22468,-32677,645,8192,6052,264,-6090,-101,71,17
2153569892,-5820,6520,-1196,40,164,476,8160,8192,6932,-32676,645,8192,5934,-68,-5996,-103,95,29
2153619892,-4874,5906,-1092,30,4,207,0,0,-7,-1,-15580,0,5778,-128,-5930,-98,58,32
2153669892,-5010,7106,-1908,80,-149,7,8160,8192,0,0,645,8192,5498,120,-5856,-105,28,11
2153719892,-4496,6500,-1432,75,-59,82,-15575,0,-15537,0,8160,8192,5444,832,-6368,-91,29,28
2153769892,-3870,5798,-1118,86,-37,314,0,0,-7,-1,-15573,0,6072,42,-5966,-98,42,23
2153819892,-4846,6704,-1496,-41,104,359,8160,8192,-5212,-32673,645,8192,5978,292,-5962,-108,36,17
2153869892,-4878,6636,-1146,40,75,464,0,0,-7,-1,-16569,0,5680,18,-5990,-95,61,38
2153919892,-4780,6548,-1372,-21,-25,163,-15566,0,-15537,0,8160,8192,5568,444,-6226,-102,20,17
2153969892,-4288,7172,-1730,162,-215,-37,-15564,0,-15537,0,8160,8192,5750,938,-6030,-105,46,22
2154019892,-4482,7502,-1938,77,-136,60,8160,8192,-1820,-32670,645,8192,5900,538,-5934,-99,12,35
2154069892,-4586,7034,-1504,-28,84,441,8160,8192,-17356,-32669,645,8192,5850,622,-5984,-100,17,29
2154119892,-4896,6740,-1178,101,118,320,-15556,0,-15537,0,8160,8192,5678,166,-6136,-105,45,34
2154169892,-4596,6978,-1550,146,-163,135,0,0,-7,-1,-15555,0,5656,506,-6108,-102,31,22
2154219892,-4520,7106,-1606,104,-107,9,0,0,-7,-1,-15552,0,5844,1070,-6166,-110,69,32
2154269892,-4790,6802,-1392,147,-77,101,-15551,0,-15537,0,8160,8192,5850,118,-6004,-112,67,30
2154319892,-4600,6828,-1426,134,-62,109,-15546,0,-15537,0,8160,8192,5984,316,-6020,-109,59,24
2154369892,-5324,6522,-1426,127,-15,315,-15544,0,-15537,0,8160,8192,5952,-502,-5834,-103,44,28
2154419892,-4762,6772,-1446,95,-91,-22,-15541,0,-15537,0,8160,8192,6030,464,-6008,-110,69,32
2154469893,-3988,7314,-1696,61,-215,-200,-16539,0,-15537,0,8160,8192,4614,514,-7034,-112,75,33
2154519895,-5128,6340,-1154,235,150,505,8160,8192,0,0,645,8192,5462,-412,-6134,-108,108,28
2154569892,-4808,6820,-1396,71,-231,-158,0,0,-7,-1,-17536,0,5894,72,-5920,-114,62,42
2154619892,-3860,6906,-1830,12,-251,-195,-16534,0,-15537,0,8160,8192,5864,716,-5906,-112,34,46
2154669892,-4638,7220,-1472,200,-11,264,-16532,0,-15537,0,8160,8192,5978,798,-5992,-110,92,35
2154719892,-5172,7026,-794,145,-83,-32,-16530,0,-15537,0,8160,8192,5814,-302,-6130,-108,125,31
2154769892,-5714,6334,-888,290,138,344,-16527,0,-15537,0,8160,8192,5698,-1208,-6088,-118,205,53
2154819892,-5632,6748,-810,286,-20,-77,8160,8192,11748,-32657,645,8192,6496,-156,-5914,-140,335,59
2154869892,-5036,6168,-1454,149,-171,-207,-16523,0,-15537,0,8160,8192,6352,-820,-5624,-142,313,64
2154919892,-3858,6112,-2414,119,-166,-113,-17523,0,-15537,0,8160,8192,6068,1524,-5890,-121,223,28
2154969892,-4220,6896,-1784,150,-205,-1,8160,8192,0,0,645,8192,5424,342,-6116,-117,114,37
2155019892,-4966,6544,-1484,132,-81,96,-16518,0,-15537,0,8160,8192,6346,-126,-5352,-108,72,33
2155069892,-5460,6896,-904,224,-45,166,-17517,0,-15537,0,8160,8192,6100,-900,-5696,-105,71,19
2155119892,-4968,5420,-822,140,-86,140,-16316,0,-15537,0,8160,8192,6174,-1366,-5620,-127,5,40
2155169892,-4472,7324,-2230,-51,-95,-104,8160,8192,-31468,-32652,645,8192,5588,1790,-5834,-45,-28,5
2155219892,-4486,6958,-1610,138,-313,133,-16512,0,-15537,0,8160,8192,5800,526,-6114,-85,-208,27
2155269892,-4588,6596,-2082,-9,-41,373,0,0,-7,-1,-16511,0,6212,762,-5600,-119,-180,34
2155319892,-5048,6912,-996,63,-202,39,-16508,0,-15537,0,8160,8192,5670,-388,-6078,-109,-112,14
2155369892,-4638,7396,-1822,8,-251,-66,8160,8192,-28076,-32649,645,8192,4560,568,-6826,-120,-47,44
2155419892,-4538,7308,-1658,125,-77,133,8160,8192,21924,-32648,645,8192,5774,-174,-5800,-104,22,28
2155469892,-4418,6488,-1700,64,-178,-68,-16502,0,-15537,0,8160,8192,5380,690,-6440,-111,28,45
2155519892,-4162,6692,-1798,131,-94,71,-16500,0,-15537,0,8160,8192,6310,570,-5634,-111,66,32
2155569892,-4238,7078,-1630,101,-275,-81,0,0,-7,-1,-16498,0,5754,742,-6000,-104,-3,37
2155619892,-4058,6224,-2026,113,-184,217,-18497,0,-15537,0,8160,8192,5934,706,-5760,-117,50,33
2155669892,-5612,6990,-736,197,133,353,-16494,0,-15537,0,8160,8192,6576,-1018,-6256,-108,69,19
2155719892,-5700,6660,-932,154,-28,172,0,0,-7,-1,-16492,0,6242,-1148,-5760,-118,106,51
2155769892,-3854,7114,-2016,25,-308,-559,8160,8192,-21292,-32643,645,8192,5712,394,-5748,-124,229,30
2155819892,-4400,6794,-1780,230,-1,314,0,0,-7,-1,-16489,0,5914,724,-5988,-121,190,50
2155869892,-3990,6846,-2230,79,-208,-182,0,0,-7,-1,-16487,0,5314,1492,-6234,-114,109,33
2155919892,-4576,7046,-1448,328,-315,-91,0,0,-7,-1,-16484,0,6170,16,-5936,-105,48,33
2155969892,-4752,6642,-2202,-96,100,381,-16481,0,-15537,0,8160,8192,5928,434,-5760,-106,-32,31
2156019892,-4720,7012,-1652,85,-129,138,8160,8192,32100,-32639,645,8192,6024,374,-5974,-106,-92,32
2156069892,-4674,6670,-1806,52,-97,46,-16479,0,-15537,0,8160,8192,6190,560,-5744,-112,51,34
2156119892,-4834,7002,-1212,231,-49,43,0,0,-7,-1,-17476,0,5848,-62,-5922,-114,200,42
2156169892,-5300,6410,-1154,228,23,73,-18475,0,-15537,0,8160,8192,6098,-868,-5866,-120,321,45
2156219892,-3620,7322,-2362,18,-339,-519,0,0,-7,-1,-16472,0,5794,1064,-5924,-113,179,33
2156269892,-4490,6484,-2070,195,-20,444,8160,8192,19956,-32635,645,8192,6096,214,-5638,-113,76,30
2156319892,-4722,6770,-1704,79,-148,-13,8160,8192,4420,-32634,645,8192,5940,860,-5768,-111,53,33
2156369892,-4618,6932,-1662,166,-220,-280,0,0,-7,-1,-16467,0,6044,360,-5746,-110,-28,35
2156419892,-4330,5840,-2174,-31,15,429,0,0,-7,-1,-16465,0,5880,328,-5770,-101,-75,30
2156469892,-4776,6726,-1624,44,-179,76,-16464,0,-15537,0,8160,8192,5924,278,-5804,-103,-165,34
2156519892,-4644,7188,-1734,-49,-245,-11,-16462,0,-15537,0,8160,8192,5866,410,-5892,-94,-217,29
2156569892,-4966,6494,-1352,72,-197,5,-16460,0,-15537,0,8160,8192,5922,-302,-5874,-98,-190,30
2156619892,-4812,6838,-1614,18,-197,40,-18458,0,-15537,0,8160,8192,6224,402,-5804,-101,-127,33
2156669892,-4776,6442,-1512,48,-144,-55,0,0,-7,-1,-16455,0,5868,278,-5998,-101,-75,30
2156719892,-4744,6890,-1468,134,-216,-39,0,0,-7,-1,-16454,0,6064,428,-5890,-101,-9,27
2156769892,-5214,6602,-1380,110,-120,-136,0,0,-7,-1,-17452,0,5810,-4,-6024,-99,42,31
2156819892,-4820,6614,-1608,76,-102,94,8160,8192,0,0,645,8192,5860,236,-6038,-103,38,29
2156869892,-5078,6274,-1116,24,-16,203,8160,8192,0,0,645,8192,5746,22,-5990,-98,6,25
2156919892,-4810,6454,-1244,22,-167,69,-18447,0,-15537,0,8160,8192,5902,162,-6030,-85,-54,26
2156969892,-4924,6516,-1320,107,-236,-113,0,0,-7,-1,-17445,0,5916,-168,-5894,-100,-43,20
2157019892,-5000,6724,-1180,128,-178,-36,-17443,0,-15537,0,8160,8192,5860,66,-6172,-100,24,28
2157069892,-4960,6640,-1328,168,-123,-41,0,0,-7,-1,-17441,0,5754,-102,-6006,-118,95,33
2157119892,-5078,6490,-1368,88,-81,142,-16440,0,-15537,0,8160,8192,6000,-134,-5750,-111,22,36
2157169892,-4710,6650,-1566,37,-175,-69,-16437,0,-15537,0,8160,8192,5742,632,-6032,-94,-35,25
2157219892,-4742,6942,-1616,204,-347,-110,0,0,-7,-1,-16435,0,5722,772,-5998,-94,-62,19
2157269892,-4690,6736,-1566,73,-149,4,-16434,0,-15537,0,8160,8192,5854,424,-5912,-91,-60,14
2157319892,-4854,6718,-1574,-3,-95,197,0,0,-7,-1,-17432,0,5934,658,-5802,-69,-105,-14
2157369892,-5116,7168,-1698,-182,-11,136,0,0,-7,-1,-16430,0,6418,180,-5298,-2,-165,-68
2157419892,-5206,6506,-1766,-119,-431,-67,-16428,0,-15537,0,8160,8192,5560,554,-6216,-67,-450,15
2157469892,-5840,5996,-646,-14,-83,492,-17425,0,-15537,0,8160,8192,5566,-378,-6688,-81,-179,21
2157519892,-4386,6738,-1240,-4,-202,-5,8160,8192,24772,-32616,645,8192,5282,578,-6410,-103,-93,34
2157569892,-4458,6612,-1432,143,-371,-362,0,0,-7,-1,-16422,0,5336,602,-6598,-109,-10,34
2157619892,-4554,6374,-1088,73,-127,26,-16420,0,-15537,0,8160,8192,5296,364,-6172,-97,-10,20
2157669892,-5610,6244,-458,0,-89,528,-16418,0,-15537,0,8160,8192,8984,-254,-4388,-93,-169,42
2157719892,-6806,7188,-658,-59,139,299,-15847,0,-15537,0,8160,8192,5934,-88,-5774,-95,-27,28
2157769892,-4436,6710,-1622,278,-505,-558,8160,8192,12628,-32612,645,8192,5350,470,-6374,-108,76,35
2157819892,-4634,7116,-1266,201,-101,56,-18412,0,-15537,0,8160,8192,5596,564,-6296,-112,80,28
2157869892,-5192,6560,-884,103,-51,246,-16411,0,-15537,0,8160,8192,5648,-518,-6202,-111,1,33
2157919892,-5090,6678,-1100,95,-68,514,-16408,0,-15537,0,8160,8192,5636,82,-6202,-102,4,22
2157969892,-5830,6436,-344,209,-55,96,8160,8192,16020,-32609,645,8192,5554,-696,-6410,-106,47,27
2158019892,-5264,6458,-752,160,-130,-8,8160,8192,0,0,645,8192,5670,-562,-6162,-116,75,36
2158069892,-5046,6578,-1044,118,-86,-36,-18401,0,-15537,0,8160,8192,5530,-40,-6308,-110,97,32
2158119892,-4800,6852,-1228,226,-179,-172,8160,8192,0,0,645,8192,5496,372,-6204,-130,147,52
2158169892,-4814,6830,-1382,203,-29,-37,0,0,-7,-1,-16396,0,5644,338,-6234,-133,198,51
2158219892,-5224,7082,-1412,203,-13,76,-16395,0,-15537,0,8160,8192,5960,250,-6132,-137,203,52
2158269892,-5326,6684,-1058,232,67,228,8160,8192,0,0,645,8192,5888,-196,-6004,-133,237,52
2158319892,-5290,6326,-878,204,26,60,0,0,-7,-1,-17391,0,5640,-610,-6100,-132,210,43
2158369892,-5030,6582,-1708,109,-167,-171,-16389,0,-15537,0,8160,8192,5948,176,-5826,-122,137,42
2158419892,-6272,5898,76,221,175,478,-17389,0,-15537,0,8160,8192,5924,-1250,-5986,-112,101,43
2158469892,-4924,6618,-1590,-176,11,-18,-16386,0,-15537,0,8160,8192,5862,434,-6034,-105,114,39
2158519892,-5250,6638,-964,383,-165,-187,8160,8192,-23804,-32601,645,8192,6248,-888,-5738,-108,39,35
2158569892,-5062,6446,-1078,-201,157,713,0,0,-7,-1,-16382,0,5502,-378,-6178,-118,-4,33
2158619892,-5368,6288,-982,-19,191,321,8160,8192,10660,-32599,645,8192,6024,-226,-6100,-109,7,23
2158669892,-4516,6748,-1528,145,-252,-151,0,0,-7,-1,-16379,0,5460,574,-6200,-107,29,35
2158719892,-4298,6900,-1742,33,-58,33,8160,8192,0,0,645,8192,5684,726,-6330,-100,78,29
2158769892,-3712,7094,-1972,150,-256,-221,-17375,0,-15537,0,8160,8192,5770,1160,-6066,-117,15,27
2158819892,-4866,6804,-1182,169,72,588,0,0,-7,-1,-17374,0,5868,-98,-5882,-112,62,33
2158869892,-5120,6938,-944,53,164,425,0,0,-7,-1,-16371,0,5832,-166,-6116,-96,20,29
2158919892,-5110,6496,-768,154,-202,-90,-16369,0,-15537,0,8160,8192,5810,-936,-6148,-109,33,38
2158969892,-5312,7062,-1258,114,-28,73,0,0,-7,-1,-17367,0,5724,310,-6200,-107,88,38
2159019892,-4724,7250,-1878,121,-218,-283,0,0,-7,-1,-17364,0,5884,412,-6170,-110,45,37
2159069892,-3732,7274,-2136,105,-160,51,-16361,0,-15537,0,8160,8192,5872,1332,-5962,-104,27,27
2159119892,-4460,6980,-1566,108,6,458,-16359,0,-15537,0,8160,8192,5666,804,-6244,-101,34,28
2159169892,-4840,6840,-1346,109,-40,162,0,0,-7,-1,-16357,0,5820,36,-6118,-109,31,34
2159219892,-4598,6878,-1378,72,-118,22,-16355,0,-15537,0,8160,8192,5938,-148,-5974,-106,27,30
2159269892,-5094,6404,-666,162,17,299,-18353,0,-15537,0,8160,8192,5334,-796,-6116,-116,40,30
2159319892,-4896,6796,-1052,51,-134,-23,-17351,0,-15537,0,8160,8192,5684,202,-6250,-97,25,33
2159369892,-4232,7002,-1672,65,-152,14,-16348,0,-15537,0,8160,8192,5794,728,-6054,-111,6,36
2159419892,-4186,7134,-1858,66,-95,79,8160,8192,24228,-32587,645,8192,5820,826,-6000,-99,19,30
2159469892,-4442,7090,-1588,114,-78,118,-17344,0,-15537,0,8160,8192,5732,480,-6120,-109,28,32
2159519892,-4406,6942,-1620,127,-93,46,0,0,-7,-1,-16341,0,5576,624,-6100,-110,60,35
2159569892,-4438,6912,-1826,79,-117,3,0,0,-7,-1,-16339,0,5724,862,-6076,-100,46,29
2159619892,-4406,6548,-1844,94,-168,-228,-16337,0,-15537,0,8160,8192,5750,964,-6126,-104,66,35
2159669892,-4328,7110,-1710,190,-231,-201,0,0,-7,-1,-16335,0,5788,594,-5966,-101,83,30
2159719892,-4800,6944,-1530,68,-53,97,-17332,0,-15537,0,8160,8192,5530,-48,-6168,-102,64,32
2159769892,-5074,6384,-1186,24,22,219,-16330,0,-15537,0,8160,8192,5672,4,-6056,-99,40,31
2159819892,-5530,6602,-1158,138,-155,-269,0,0,-7,-1,-16328,0,5804,-100,-6028,-103,51,22
2159869892,-4516,6842,-1644,203,-380,-377,-16326,0,-15537,0,8160,8192,5630,510,-6004,-97,37,24
2159919892,-4840,6794,-1252,177,-227,-166,-18324,0,-15537,0,8160,8192,5640,236,-6172,-104,32,22
2159969892,-5200,6744,-1212,117,-121,5,-16322,0,-15537,0,8160,8192,5624,238,-6058,-101,42,26
2160019892,-5140,7224,-1620,44,-88,114,-16319,0,-15537,0,8160,8192,5854,-28,-6006,-104,20,18
2160069892,-5338,6418,-1234,119,-115,80,0,0,-7,-1,-16317,0,6322,174,-5674,-102,14,16
2160119892,-5230,6634,-1258,85,-110,68,-16315,0,-15537,0,8160,8192,5758,-364,-6018,-98,-6,20
2160169892,-5226,6560,-1094,73,-135,80,8160,8192,-12204,-32576,645,8192,5756,-198,-6070,-98,-21,22
2160219892,-5488,6550,-1052,121,-130,-10,8160,8192,-27740,-32575,645,8192,5772,28,-6128,-108,-15,27
2160269892,-5000,6546,-1206,153,-185,88,8160,8192,0,0,645,8192,5770,-174,-6058,-107,14,31
2160319892,-5256,6578,-1124,76,-90,116,8160,8192,6724,-32573,645,8192,5714,-186,-6218,-107,23,34
2160369892,-5224,6502,-1098,120,-93,97,0,0,-7,-1,-16305,0,5744,-362,-6094,-109,40,30
2160419892,-4704,6670,-1498,47,-118,7,-18302,0,-15537,0,8160,8192,5720,12,-6020,-109,48,32
2160469892,-4808,6576,-1516,45,-100,9,-16300,0,-15537,0,8160,8192,5828,-140,-6014,-108,41,32
2160519892,-4850,6578,-1328,50,-22,224,-16298,0,-15537,0,8160,8192,5818,-116,-5978,-102,30,28
2160569892,-4790,6686,-1418,29,-20,284,8160,8192,-5420,-32570,645,8192,5734,194,-6068,-98,20,26
2160619892,-4920,6660,-1268,84,-64,152,-16294,0,-15537,0,8160,8192,5756,52,-6090,-99,14,26
2160669892,-5094,6892,-1422,27,-38,128,-17292,0,-15537,0,8160,8192,6126,-218,-5988,-107,-7,11
2160719892,-4730,6842,-1582,25,-39,-118,0,0,-7,-1,-17289,0,5874,-308,-6498,-89,47,42
2160769892,-4006,7206,-2164,-32,-122,58,-18288,0,-15537,0,8160,8192,5854,1118,-6082,-113,65,43
2160819892,-5068,6704,-1196,218,43,292,8160,8192,-17564,-32566,645,8192,5738,210,-6164,-105,114,24
2160869892,-4744,6768,-1312,90,-42,59,-17283,0,-15537,0,8160,8192,5848,88,-5958,-121,111,46
2160919892,-5092,6136,-1226,166,-2,156,-16280,0,-15537,0,8160,8192,5720,-618,-5996,-101,104,26
2160969892,-4988,6782,-1328,97,-140,-37,-16279,0,-15537,0,8160,8192,6128,-228,-5878,-114,62,37
2161019892,-4790,6538,-1176,120,-53,117,-16277,0,-15537,0,8160,8192,5756,88,-5944,-102,36,14
2161069892,-4826,6658,-1356,124,-84,166,-18274,0,-15537,0,8160,8192,5912,142,-5902,-112,31,36
2161119892,-4370,6894,-1922,90,-113,-33,8160,8192,20292,-32561,645,8192,5608,510,-5942,-97,92,41
2161169892,-4372,6842,-1428,110,-108,13,8160,8192,4756,-32560,645,8192,5466,768,-6284,-106,42,30
2161219892,-5182,6502,-1130,163,16,386,0,0,-7,-1,-17269,0,5878,-522,-5990,-120,12,39
2161269892,-4516,6900,-1368,56,-105,-64,0,0,-7,-1,-16267,0,5672,328,-6016,-101,40,20
2161319892,-4060,7042,-1948,93,-151,-35,-17266,0,-15537,0,8160,8192,5848,864,-5882,-115,47,37
2161369892,-4262,6968,-1780,113,-83,94,0,0,-7,-1,-17263,0,5818,610,-6014,-97,36,28
2161419892,-4352,7104,-1694,33,-214,-21,0,0,-7,-1,-17261,0,5826,404,-6042,-102,-40,31
2161469892,-4520,6982,-1678,62,-106,89,-16258,0,-15537,0,8160,8192,5734,752,-6082,-99,-7,21
2161519892,-4068,7320,-2138,127,-369,-442,-16256,0,-15537,0,8160,8192,5542,1364,-6142,-104,-23,26
2161569892,-4386,7674,-2226,249,-483,-478,-16253,0,-15537,0,8160,8192,6072,1260,-5562,-90,-33,24
2161619892,-4602,7012,-1582,119,-223,-46,0,0,-7,-1,-17250,0,5956,642,-5960,-88,-32,15
2161669892,-4890,6562,-1256,34,-80,136,0,0,-7,-1,-16249,0,5854,682,-5712,-102,7,22
2161719892,-5340,6450,-874,69,-4,308,8160,8192,0,0,645,8192,5876,-484,-6038,-101,6,24
2161769892,-6064,6432,-928,-9,-12,296,-16245,0,-15537,0,8160,8192,5504,-986,-6232,-108,-3,29
2161819892,-5060,6086,-982,93,-182,-21,0,0,-7,-1,-16242,0,5700,-578,-6208,-102,23,27
2161869892,-5390,6570,-962,202,-222,-186,-18241,0,-15537,0,8160,8192,5830,-464,-6092,-111,46,30
2161919892,-5240,6482,-1128,137,-184,-96,-18239,0,-15537,0,8160,8192,5826,-396,-6024,-108,45,33
2161969892,-5166,6640,-1172,121,-129,-28,-16237,0,-15537,0,8160,8192,5776,26,-6164,-104,54,32
2162019892,-4994,6576,-1224,159,-152,-49,-16235,0,-15537,0,8160,8192,5804,38,-6016,-113,47,39
2162069892,-4872,6658,-1356,87,-144,23,0,0,-7,-1,-16233,0,5728,198,-6004,-104,24,32
2162119892,-4980,6686,-1380,100,-141,-4,8160,8192,-28284,-32546,645,8192,5792,232,-6074,-106,28,31
2162169892,-5026,6628,-1316,139,-112,2,0,0,-7,-1,-17229,0,5770,110,-6052,-107,63,31
2162219892,-4882,6672,-1468,108,-114,4,8160,8192,6180,-32544,645,8192,5788,180,-6074,-110,72,36
2162269892,-4816,6700,-1528,122,-152,-18,-18225,0,-15537,0,8160,8192,5780,312,-6058,-110,63,32
2162319892,-4764,6848,-1572,152,-188,-86,-16223,0,-15537,0,8160,8192,5706,662,-6030,-107,51,34
2162369892,-4878,6696,-1434,125,-136,26,-16221,0,-15537,0,8160,8192,5802,308,-6046,-108,43,36
2162419892,-4878,6526,-1356,112,-100,117,0,0,-7,-1,-17219,0,5774,416,-6140,-104,45,34
2162469892,-4914,6652,-1362,119,-117,60,-16217,0,-15537,0,8160,8192,6014,-88,-5842,-108,40,34
2162519892,-5174,6470,-1276,109,-91,82,-17215,0,-15537,0,8160,8192,5812,-148,-6046,-109,35,29
2162569892,-5306,6610,-1324,100,-99,74,-16212,0,-15537,0,8160,8192,5618,340,-6038,-107,34,30
2162619892,-4984,6884,-1502,107,-163,-15,0,0,-7,-1,-17210,0,5860,374,-5882,-106,27,31
2162669892,-4884,6674,-1440,138,-152,80,-16208,0,-15537,0,8160,8192,5792,258,-6030,-106,24,29
2162719892,-4890,6614,-1458,42,-126,66,0,0,-7,-1,-16205,0,5792,30,-6024,-106,22,26
2162769892,-5206,6494,-1286,63,-81,162,0,0,-7,-1,-16202,0,5812,-94,-6070,-107,13,30
2162819892,-5210,6412,-1098,126,-114,112,0,0,-7,-1,-16200,0,5868,-416,-6018,-106,25,33
2162869892,-5304,6362,-1178,67,-97,-48,-16199,0,-15537,0,8160,8192,5850,-414,-6048,-105,28,32
2162919892,-5100,6492,-1436,75,-124,27,0,0,-7,-1,-17197,0,5800,74,-6104,-107,38,28
2162969892,-5094,6472,-1344,100,-123,97,-16194,0,-15537,0,8160,8192,5800,-50,-6082,-105,30,29
2163019892,-5158,6520,-1290,86,-82,117,-18192,0,-15537,0,8160,8192,5718,132,-6118,-107,29,28
2163069892,-5026,6588,-1308,128,-144,-27,0,0,-7,-1,-16189,0,5796,48,-5996,-110,23,30
2163119892,-4748,6770,-1570,46,-143,6,8160,8192,0,0,645,8192,5786,428,-6032,-103,22,29
2163169892,-4974,6682,-1412,109,-106,66,-18186,0,-15537,0,8160,8192,5784,346,-6128,-105,19,32
2163219892,-4896,6646,-1400,94,-96,99,0,0,-7,-1,-16184,0,5948,362,-6274,-108,29,32
2163269892,-5082,6616,-1324,136,-100,73,0,0,-7,-1,-16181,0,5808,106,-6006,-108,39,30
2163319892,-4952,6604,-1406,93,-128,-32,-16179,0,-15537,0,8160,8192,5754,26,-6106,-105,43,31
2163369892,-5078,6590,-1302,78,-89,126,-16178,0,-15537,0,8160,8192,5768,178,-6096,-104,28,31
2163419892,-5156,6574,-1230,111,-103,75,8160,8192,0,0,645,8192,5786,124,-6124,-105,32,29
2163469892,-4806,6744,-1592,130,-165,-110,-18174,0,-15537,0,8160,8192,5752,374,-6006,-110,59,34
2163519892,-5038,6614,-1324,125,-103,63,-16172,0,-15537,0,8160,8192,5806,66,-5980,-104,67,32
2163569892,-5124,6500,-1290,81,-33,184,-16169,0,-15537,0,8160,8192,5748,210,-5938,-110,57,38
2163619892,-4968,6490,-1330,127,-151,-7,-16166,0,-15537,0,8160,8192,5740,30,-6038,-112,16,37
2163669892,-5016,6588,-1360,74,-142,80,8160,8192,14388,-32522,645,8192,5770,156,-6012,-108,10,33
2163719892,-5138,6536,-1256,110,-120,63,0,0,-7,-1,-16161,0,5856,-18,-6002,-107,29,31
2163769892,-5078,6606,-1372,87,-87,45,0,0,-7,-1,-16158,0,5786,134,-6042,-105,52,34
2163819892,-4976,6570,-1396,107,-111,19,-16156,0,-15537,0,8160,8192,5790,290,-5972,-103,54,32
2163869892,-4966,6756,-1438,114,-126,5,-16154,0,-15537,0,8160,8192,5738,296,-5980,-105,41,29
2163919892,-4922,6584,-1324,103,-112,75,8160,8192,0,0,645,8192,5646,162,-6148,-110,25,31
2163969892,-5148,6396,-1248,78,-68,173,-16151,0,-15537,0,8160,8192,5742,-18,-6054,-103,22,26
2164019892,-5102,6370,-1212,81,-106,114,-16148,0,-15537,0,8160,8192,5938,-12,-5896,-105,16,32
2164069892,-5058,6642,-1348,117,-139,23,8160,8192,0,0,645,8192,5762,178,-6050,-109,32,33
2164119892,-4886,6648,-1438,125,-140,-46,0,0,-7,-1,-17144,0,5786,290,-6036,-112,42,37
2164169892,-5126,6490,-1198,109,-62,172,8160,8192,-9900,-32515,645,8192,5750,-38,-6024,-106,36,30
2164219892,-5412,6410,-1094,63,-16,250,-16140,0,-15537,0,8160,8192,5984,-300,-5928,-109,23,32
2164269892,-5066,6574,-1488,57,-149,1,-16138,0,-15537,0,8160,8192,5818,276,-5980,-106,26,27
2164319892,-4830,6728,-1330,151,-174,-10,8160,8192,9028,-32512,645,8192,5742,228,-6038,-108,31,26
2164369892,-5032,6672,-1402,48,-50,155,0,0,-7,-1,-17135,0,5828,312,-6032,-103,53,30
2164419892,-4676,6720,-1628,90,-108,-19,8160,8192,0,0,645,8192,5786,350,-6096,-106,58,29
2164469892,-4928,6606,-1336,97,-63,149,-16132,0,-15537,0,8160,8192,5786,16,-5998,-107,44,30
2164519892,-4928,6598,-1658,-21,-57,261,-17130,0,-15537,0,8160,8192,5928,256,-6002,-109,40,28
2164569892,-4880,6682,-1476,144,-141,82,0,0,-7,-1,-17128,0,5916,194,-5870,-113,35,29
2164619892,-4680,6586,-1420,102,-160,-21,0,0,-7,-1,-17126,0,5786,178,-5946,-105,23,32
2164669892,-4544,6894,-1640,40,-134,106,8160,8192,0,0,645,8192,5938,686,-5812,-107,5,30
2164719892,-4884,6704,-1396,99,-70,239,8160,8192,15812,-32506,645,8192,5832,428,-5968,-106,6,29
2164769892,-5042,6616,-1246,95,-59,174,-18121,0,-15537,0,8160,8192,5884,36,-5944,-108,18,30
2164819892,-5276,6464,-1158,55,-34,168,0,0,-7,-1,-17119,0,5888,-300,-5990,-106,19,30
2164869892,-5148,6572,-1176,89,-56,79,0,0,-7,-1,-16117,0,5912,160,-6034,-105,34,33
2164919892,-4866,6702,-1388,114,-118,92,8160,8192,19204,-32503,645,8192,5850,26,-6004,-106,29,28
2164969892,-5010,6742,-1440,72,-70,67,-18111,0,-15537,0,8160,8192,5794,560,-6074,-106,32,32
2165019892,-4536,6898,-1634,110,-151,-35,-17108,0,-15537,0,8160,8192,5758,608,-6038,-107,33,31
2165069892,-4712,6778,-1396,126,-86,93,0,0,-7,-1,-16106,0,5804,254,-5994,-106,26,28
2165119892,-4678,6806,-1558,42,-75,62,8160,8192,0,0,645,8192,5716,592,-6132,-108,34,29
2165169892,-4310,6936,-1830,159,-236,-277,0,0,-7,-1,-16103,0,5704,738,-6116,-106,43,25
2165219892,-4874,6588,-1134,145,-77,144,0,0,-7,-1,-16100,0,5790,-54,-6028,-100,35,28
2165269892,-5594,6364,-960,8,95,468,8160,8192,0,0,645,8192,6050,-530,-5942,-105,25,28
2165319892,-5314,6406,-1124,83,-121,-13,-16097,0,-15537,0,8160,8192,5936,-312,-6054,-104,23,26
2165369892,-5474,6258,-628,222,-98,67,-17096,0,-15537,0,8160,8192,5798,-1184,-6082,-101,34,31
2165419892,-5886,6190,-626,-47,149,605,-16093,0,-15537,0,8160,8192,5858,-1310,-6072,-97,35,37
2165469892,-5324,6712,-1124,15,-67,11,-16092,0,-15537,0,8160,8192,5570,-852,-6118,-106,29,28
2165519892,-5216,6988,-1290,220,-179,-116,0,0,-7,-1,-16089,0,5498,-296,-6188,-105,82,31
2165569892,-4392,6034,-896,28,77,243,8160,8192,0,0,645,8192,6150,-220,-5966,-104,80,34
2165619892,-5422,6274,-1132,140,62,337,-16084,0,-15537,0,8160,8192,6902,-198,-4862,-101,12,22
2165669892,-5216,6150,-1394,76,-87,101,0,0,-7,-1,-16082,0,6066,0,-5520,-93,2,27
2165719892,-5160,6258,-1102,142,-47,197,0,0,-7,-1,-16080,0,6652,-684,-4796,-96,33,28
2165769892,-5386,7194,-1188,120,-70,150,-16078,0,-15537,0,8160,8192,6344,-308,-5698,-100,27,37
2165819892,-4842,6560,-1456,105,-11,202,8160,8192,0,0,645,8192,5364,-476,-6060,-106,34,31
2165869892,-4638,7220,-1530,99,-100,24,-18075,0,-15537,0,8160,8192,5086,914,-6812,-105,48,27
2165919892,-4546,6312,-2136,128,-55,173,-16072,0,-15537,0,8160,8192,2384,1286,-8256,-109,67,34
2165969892,-5808,8636,-1142,175,-36,187,-16071,0,-15537,0,8160,8192,6756,-484,-5560,-101,45,27
2166019892,-4278,6702,-1740,112,-102,94,0,0,-7,-1,-16068,0,5540,422,-5318,-102,27,38
2166069892,-4336,6964,-1654,159,-32,214,-16066,0,-15537,0,8160,8192,6410,382,-5720,-113,50,26
2166119892,-4134,6738,-1682,158,-118,156,0,0,-7,-1,-16064,0,6040,250,-5628,-108,30,36
2166169892,-3952,5948,-2218,170,-81,274,-16063,0,-15537,0,8160,8192,6106,976,-5822,-109,24,36
2166219892,-3336,7292,-2130,99,-135,60,-17061,0,-15537,0,8160,8192,5578,1368,-6158,-107,11,36
2166269892,-3588,6720,-1980,203,-10,342,8160,8192,-7052,-32483,645,8192,4738,402,-6284,-106,56,26
2166319892,-4078,7110,-1930,222,4,387,-16057,0,-15537,0,8160,8192,5714,888,-5962,-102,71,31
2166369892,-3734,7576,-2338,132,-109,57,8160,8192,0,0,645,8192,5640,1040,-5976,-104,57,33
2166419892,-4042,6970,-1752,187,-73,237,0,0,-7,-1,-16055,0,5770,218,-6022,-109,39,30
2166469892,-4276,7308,-1822,144,-75,251,-17053,0,-15537,0,8160,8192,5772,438,-5852,-109,11,23
2166519892,-4286,7004,-1740,121,-99,176,-17050,0,-15537,0,8160,8192,5752,126,-5944,-115,10,26
2166569892,-4112,7424,-1914,94,-77,198,8160,8192,30804,-32478,645,8192,5714,512,-6130,-108,3,17
2166619892,-4546,6904,-1574,167,-45,401,-18045,0,-15537,0,8160,8192,5884,-6,-6012,-114,1,29
2166669892,-4690,7008,-1542,30,-223,-136,8160,8192,-268,-32477,645,8192,5756,-240,-5884,-113,-5,23
2166719892,-4496,7156,-1470,83,-104,164,-16042,0,-15537,0,8160,8192,5814,-124,-6132,-117,-2,28
2166769892,-4126,7096,-1754,115,-143,50,-18040,0,-15537,0,8160,8192,5856,160,-5880,-117,15,35
2166819892,-3856,7268,-1836,107,-198,-118,-16037,0,-15537,0,8160,8192,6004,554,-5970,-114,29,30
2166869892,-3776,7128,-1960,115,-60,101,8160,8192,0,0,645,8192,5652,966,-6048,-107,45,27
2166919892,-4256,7134,-1710,144,-46,220,8160,8192,0,0,645,8192,5770,282,-6132,-105,33,28
2166969892,-4120,7200,-1832,77,-134,29,-17029,0,-15537,0,8160,8192,5786,210,-6096,-104,29,26
2167019892,-4450,6854,-1424,133,-65,208,0,0,-7,-1,-17026,0,5476,-122,-5912,-118,30,25
2167069892,-5074,6852,-1126,163,-13,281,8160,8192,0,0,645,8192,5838,-714,-6000,-107,58,16
2167119892,-5158,6764,-1076,202,-26,344,-18022,0,-15537,0,8160,8192,5870,-1100,-5972,-122,63,27
2167169892,-3956,7616,-2072,152,-136,57,8160,8192,-24556,-32469,645,8192,6130,720,-5700,-114,67,38
2167219892,-1748,8666,-3952,-49,-378,-698,-18018,0,-15537,0,8160,8192,4904,4334,-6062,-106,98,27
2167269892,184,9386,-5080,291,-1024,-1787,-16016,0,-15537,0,8160,8192,5864,5434,-5630,-104,1,31
2167319892,-2110,8040,-2558,398,-690,-526,-16013,0,-15537,0,8160,8192,6122,402,-6638,-74,-65,32
2167369892,-5568,6000,-1786,-516,815,1028,0,0,-7,-1,-17011,0,5112,-628,-5518,-65,47,-8
2167419892,-5166,7982,-1606,731,-1484,-1434,0,0,-7,-1,-16010,0,8186,468,-5482,-86,-70,24
2167469892,-4274,8192,-2548,306,-712,-1007,-18008,0,-15537,0,8160,8192,6462,2022,-6294,-103,-79,37
2167519892,-4304,6924,-1880,157,-229,55,8160,8192,0,0,645,8192,7004,1510,-4658,-95,15,25
2167569892,-4070,7316,-2028,-21,-186,110,-16002,0,-15537,0,8160,8192,4344,1950,-7540,-103,37,38
2167619892,-5020,6500,-1428,190,-155,102,-17000,0,-15537,0,8160,8192,4318,-830,-5464,-105,49,42
2167669892,-4908,5386,-624,115,-2,574,-15998,0,-15537,0,8160,8192,6072,-1204,-4578,-112,11,30
2167719892,-7314,8174,-1998,-133,87,368,-15996,0,-15537,0,8160,8192,6684,252,-6018,-87,68,46
2167769892,-5598,6210,-930,91,-174,43,8160,8192,-14380,-32460,645,8192,6128,-1602,-7736,-106,32,46
2167819892,-7186,7068,-1492,68,-124,-111,0,0,-7,-1,-15990,0,5184,-512,-6948,-95,39,45
2167869892,-5190,5206,-18,12,-187,162,-15632,0,-15537,0,8160,8192,6064,-880,-7200,-86,28,39
2167919892,-4908,4834,344,-18,-62,135,-17987,0,-15537,0,8160,8192,7198,-1126,-6230,-108,70,27
2167969892,-5590,5950,-352,81,-170,-86,-16986,0,-15537,0,8160,8192,4714,-1574,-6948,-113,33,38
2168019892,-6244,6902,-822,51,169,330,-17984,0,-15537,0,8160,8192,6878,-1034,-5552,-115,84,28
2168069892,-6016,6152,-688,-33,210,220,-15981,0,-15537,0,8160,8192,5586,-1312,-6396,-99,38,31
2168119892,-6016,6180,-422,142,79,374,-15978,0,-15537,0,8160,8192,5792,-1510,-6064,-107,15,31
2168169892,-6088,6058,-512,-14,61,264,-16975,0,-15537,0,8160,8192,5852,-1480,-6048,-107,25,32
2168219892,-6264,5926,-370,121,-33,113,8160,8192,0,0,645,8192,5804,-1640,-6188,-105,40,30
2168269892,-5782,5864,-180,123,-122,165,8160,8192,26868,-32452,645,8192,5876,-1774,-5938,-109,46,29
2168319892,-5746,5466,200,-46,165,462,-15968,0,-15537,0,8160,8192,6130,-1866,-6062,-114,43,30
2168369892,-6158,5580,-222,68,218,429,-15965,0,-15537,0,8160,8192,6240,-2276,-5620,-101,26,35
2168419892,-6492,6850,-328,194,-62,145,-15962,0,-15537,0,8160,8192,6496,-2192,-5910,-108,49,19
2168469892,-6560,6312,-790,94,46,285,0,0,-7,-1,-15958,0,5734,-2708,-6112,-101,15,27
2168519892,-5238,5550,-244,91,38,176,8160,8192,0,0,645,8192,6980,-2136,-5404,-110,60,32
2168569892,-3508,6258,-1038,7,-180,-111,-15953,0,-15537,0,8160,8192,5578,-494,-6016,-95,85,42
2168619892,-3492,6862,-1786,31,-198,13,8160,8192,-16348,-32447,645,8192,4586,408,-6808,-101,-22,57
2168669892,-3132,6884,-2134,49,-218,-309,0,0,-7,-1,-15947,0,5882,1762,-5512,-122,78,30
2168719892,-3088,7962,-2382,256,-224,73,-15943,0,-15537,0,8160,8192,9798,3436,-2378,-102,34,54
2168769892,-3786,7752,-2384,91,-27,103,-17940,0,-15537,0,8160,8192,5136,436,-6460,-109,69,27
2168819892,-4202,6536,-2248,57,119,455,0,0,-7,-1,-15938,0,4854,606,-6576,-100,28,42
2168869892,-4124,7258,-1586,174,20,293,8160,8192,-28492,-32443,645,8192,5004,-368,-6702,-111,22,21
2168919892,-5332,9136,-2026,145,-121,95,8160,8192,21508,-32442,645,8192,6380,1844,-4758,-105,33,33
2168969892,-4240,6742,-1478,132,-53,163,-15931,0,-15537,0,8160,8192,6434,1504,-6004,-104,26,34
2169019892,-3804,7084,-1846,129,-34,177,8160,8192,0,0,645,8192,5766,646,-6108,-111,50,29
2169069892,-4230,7258,-1884,168,-47,218,-15926,0,-15537,0,8160,8192,4948,282,-6616,-103,38,38
2169119892,-4468,7756,-1730,148,-34,294,-15924,0,-15537,0,8160,8192,5802,944,-5714,-102,23,30
2169169892,-4374,7896,-1730,200,-70,244,-15922,0,-15537,0,8160,8192,5648,760,-6002,-110,44,29
2169219892,-3794,7112,-1556,169,-62,186,-16919,0,-15537,0,8160,8192,6200,778,-5656,-103,37,21
2169269892,-3318,7094,-2044,149,-100,138,8160,8192,0,0,645,8192,5518,1146,-5984,-104,36,32
2169319892,-4114,7390,-1928,149,-35,289,-16915,0,-15537,0,8160,8192,5612,562,-6134,-106,14,28
2169369892,-4114,7528,-1914,124,-28,296,8160,8192,12756,-32435,645,8192,5562,966,-6138,-108,25,21
2169419892,-3544,7360,-2106,90,-106,124,-15909,0,-15537,0,8160,8192,5748,1116,-6232,-110,17,26
2169469892,-3698,7482,-2148,118,-59,258,-15907,0,-15537,0,8160,8192,5856,604,-6072,-104,14,21
2169519892,-4006,7040,-1840,187,-36,350,-15905,0,-15537,0,8160,8192,5748,646,-6098,-119,25,28
2169569892,-3726,7232,-1904,70,-150,-8,-17903,0,-15537,0,8160,8192,5830,248,-6048,-110,21,30
2169619892,-4086,7166,-1834,180,-33,267,-16901,0,-15537,0,8160,8192,5836,530,-6176,-111,57,30
2169669892,-3918,7318,-2346,89,-95,-58,-15899,0,-15537,0,8160,8192,5674,86,-6096,-103,56,28
2169719892,-4202,7112,-1660,207,-94,212,-15896,0,-15537,0,8160,8192,5488,58,-6382,-106,45,28
2169769892,-4644,7116,-1604,185,-41,313,8160,8192,19540,-32429,645,8192,5776,-494,-6244,-109,40,12
2169819892,-4778,7144,-1014,786,-466,1075,-17891,0,-15537,0,8160,8192,5808,-1662,-6202,-126,4,29
2169869892,-3856,7460,-2016,224,-160,413,0,0,-7,-1,-15887,0,5680,1056,-6180,-119,2,40
2169919892,-2740,8032,-2608,27,-256,-354,-16885,0,-15537,0,8160,8192,5772,1802,-6196,-89,39,30
2169969892,-2058,7690,-3028,112,-245,-211,0,0,-7,-1,-16882,0,5132,2054,-6212,-99,60,31
2170019892,-3332,7578,-2814,64,-128,-16,0,0,-7,-1,-15881,0,4992,1018,-6222,-97,5,46
2170069892,-3272,7516,-2342,64,-162,-38,-15878,0,-15537,0,8160,8192,5706,1314,-6268,-97,35,27
2170119892,-2160,7766,-3430,-35,-609,-1182,-15877,0,-15537,0,8160,8192,5302,3242,-6362,-90,71,13
2170169892,-1930,7698,-3062,623,-1198,-1550,-15874,0,-15537,0,8160,8192,4762,1954,-6732,-100,41,28
2170219892,-3214,6536,-2708,-221,-866,-2155,8160,8192,0,0,645,8192,8908,3582,-4040,-80,-52,26
2170269892,-3494,6524,-1626,-277,-865,-2022,8160,8192,0,0,645,8192,4914,1258,-7428,-79,-10,12
2170319892,-5128,6490,-952,505,-227,469,-15867,0,-15537,0,8160,8192,7830,-204,-4724,-121,55,26
2170369892,-5020,5570,-68,15,700,2049,8160,8192,29716,-32420,645,8192,4530,-2538,-6854,-108,53,43
2170419892,-6092,6454,-866,-471,518,1136,-15864,0,-15537,0,8160,8192,5032,-1446,-5700,-117,52,32
2170469892,-5096,5908,-1438,215,-439,-457,-15862,0,-15537,0,8160,8192,6906,442,-5292,-101,-1,31
2170519892,-4452,6596,-1026,442,-586,-786,8160,8192,0,0,645,8192,7180,1188,-5420,-107,3,23
2170569892,-5074,7160,-1630,167,-532,-338,-16860,0,-15537,0,8160,8192,5962,-492,-5910,-107,15,31
2170619892,-5076,6812,-1426,52,-43,211,8160,8192,0,0,645,8192,5640,-618,-6538,-102,31,36
2170669892,-5698,6566,-1542,27,-104,278,-15855,0,-15537,0,8160,8192,6254,-152,-5966,-120,19,19
2170719892,-5042,6314,-952,77,-15,147,8160,8192,-13500,-32415,645,8192,6188,212,-5962,-102,44,37
2170769892,-5516,6798,-1466,38,-39,-59,-15849,0,-15537,0,8160,8192,5152,-586,-6628,-106,15,21
2170819892,-4546,6462,-786,58,-140,176,-15848,0,-15537,0,8160,8192,6404,-364,-5630,-122,37,18
2170869892,-5732,5652,-482,71,57,193,0,0,-7,-1,-16846,0,6620,-1494,-5716,-100,19,44
2170919892,-6220,6796,-1190,-39,-167,-30,8160,8192,-10108,-32412,645,8192,5636,-1498,-6386,-102,36,27
2170969892,-5920,6402,-762,148,32,48,0,0,-7,-1,-15842,0,5290,-1120,-6456,-103,40,19
2171019892,-5988,5938,-366,72,86,147,-17840,0,-15537,0,8160,8192,5814,-1200,-5798,-109,44,23
2171069892,-5398,5790,-456,-26,170,454,8160,8192,0,0,645,8192,5792,-1674,-6090,-93,23,32
2171119892,-5648,6220,-750,-33,118,29,-15833,0,-15537,0,8160,8192,5902,-1298,-6062,-110,22,30
2171169892,-6132,6342,-564,157,120,338,8160,8192,-22252,-32408,645,8192,4458,-1034,-6784,-112,33,31
2171219892,-5854,6350,-668,15,-17,212,0,0,-7,-1,-16829,0,5526,-1334,-6002,-106,24,34
2171269892,-5570,5578,-674,55,-70,206,-15827,0,-15537,0,8160,8192,6018,-1306,-6152,-99,16,26
2171319892,-5956,6252,-396,35,271,519,-15825,0,-15537,0,8160,8192,5408,-1908,-6604,-107,32,28
2171369892,-6622,6832,-844,-82,343,671,-15821,0,-15537,0,8160,8192,6266,-2152,-5086,-119,48,15
2171419892,-6300,6512,-674,109,72,205,-15819,0,-15537,0,8160,8192,6470,-1440,-6010,-87,34,38
2171469892,-4798,5602,-952,85,-242,-140,-15816,0,-15537,0,8160,8192,4914,-3136,-5654,-90,73,42
2171519892,-3566,5650,-732,91,-158,-110,8160,8192,68,-32402,645,8192,4688,750,-7074,-102,16,47
2171569892,-4658,7474,-1874,47,-119,19,0,0,-7,-1,-15811,0,7954,1006,-5944,-123,60,37
2171619892,-3422,6936,-1762,102,-70,28,-17808,0,-15537,0,8160,8192,6836,1386,-5890,-107,50,37
2171669892,-3266,6478,-1594,125,80,175,0,0,-7,-1,-15805,0,7192,1042,-5248,-104,47,44
2171719892,-4094,7142,-2284,127,-27,172,8160,8192,0,0,645,8192,6266,340,-5374,-103,32,45
2171769892,-3140,5954,-1478,98,-61,55,-15801,0,-15537,0,8160,8192,7072,1598,-4334,-107,28,31
2171819892,-4278,8554,-2462,150,-29,257,-16800,0,-15537,0,8160,8192,2282,-544,-7310,-110,74,32
2171869892,-4216,6174,-1422,181,241,591,8160,8192,22388,-32397,645,8192,5500,52,-6440,-100,29,40
2171919892,-4096,7442,-1998,138,-133,71,-15796,0,-15537,0,8160,8192,5856,270,-5782,-116,53,24
2171969892,-3182,6098,-1910,136,-56,259,8160,8192,0,0,645,8192,4924,1118,-6680,-111,31,28
2172019892,-3192,5924,-2088,122,-11,264,8160,8192,-24220,-32395,645,8192,4814,606,-6690,-115,37,25
2172069892,-2204,6254,-2652,130,-131,197,-17789,0,-15537,0,8160,8192,4404,1758,-6588,-102,38,31
2172119892,-3594,7358,-2066,179,-15,351,-15787,0,-15537,0,8160,8192,5700,1186,-6040,-110,30,35
2172169892,-3748,7202,-1800,196,-52,352,-15782,0,-15537,0,8160,8192,5048,782,-6420,-108,14,26
2172219892,-3780,7446,-2222,60,-196,-55,-17780,0,-15537,0,8160,8192,5656,824,-6292,-112,6,29
2172269892,-2972,7254,-2344,58,-185,85,-15779,0,-15537,0,8160,8192,5726,754,-5972,-111,9,34
2172319892,-3596,7604,-1988,141,-94,128,-15776,0,-15537,0,8160,8192,5658,1178,-6250,-108,27,30
2172369892,-3610,7418,-2300,114,-138,-22,0,0,-7,-1,-16773,0,5796,636,-6072,-108,51,32
2172419892,-3388,7602,-2254,118,-80,108,-15771,0,-15537,0,8160,8192,5530,1338,-5974,-106,44,29
2172469892,-4030,6996,-1746,181,-26,236,8160,8192,32564,-32388,645,8192,5560,176,-6148,-111,50,25
2172519892,-4282,7146,-1666,124,-83,125,-15766,0,-15537,0,8160,8192,5584,-36,-6056,-105,50,23
2172569892,-4072,6922,-1748,95,-192,-95,-15763,0,-15537,0,8160,8192,5350,26,-6030,-109,58,27
2172619892,-4564,6862,-1414,165,-11,256,8160,8192,-14044,-32386,645,8192,5768,-338,-5868,-111,50,29
2172669892,-4024,7234,-1862,26,-165,-44,-15758,0,-15537,0,8160,8192,5660,112,-6148,-105,11,30
2172719892,-4598,6880,-1406,127,-37,283,0,0,-7,-1,-16755,0,5686,-782,-6054,-98,-8,27
2172769892,-4332,7402,-1856,72,-101,187,-15754,0,-15537,0,8160,8192,6098,572,-6014,-105,0,37
2172819892,-2476,7570,-2660,40,-377,-377,0,0,-7,-1,-15753,0,6060,1972,-5980,-117,16,13
2172869892,-1344,8630,-4424,129,-549,-750,0,0,-7,-1,-15750,0,5932,5826,-5698,-158,8,2
2172919892,-1372,9578,-5556,636,-1618,-2726,-17749,0,-15537,0,8160,8192,5240,6158,-6076,-68,55,41
2172969892,-2956,6910,-1960,540,-706,-662,-15747,0,-15537,0,8160,8192,7344,1270,-6222,-62,57,29
2173019892,-6192,7800,-2146,-170,246,712,-17745,0,-15537,0,8160,8192,5472,-108,-6254,-89,3,15
2173069892,-3258,6474,-1852,-107,-165,-96,8160,8192,-22796,-32379,645,8192,7512,534,-5970,-86,-21,26
2173119892,-5742,6810,-1158,228,204,758,0,0,-7,-1,-15741,0,6810,-1432,-5796,-92,93,37
2173169892,-5010,6342,-1482,-254,33,354,0,0,-7,-1,-15737,0,5204,1026,-7172,-100,18,44
2173219892,-3890,6484,-1756,317,-774,-816,8160,8192,0,0,645,8192,4282,774,-8102,-105,46,31
2173269892,-5296,6278,-824,383,-256,-64,-17733,0,-15537,0,8160,8192,5592,-480,-6336,-112,44,25
2173319892,-4508,6608,-1294,-121,-183,163,-15731,0,-15537,0,8160,8192,3392,822,-7580,-110,63,33
2173369892,-4398,6002,-906,127,-108,290,8160,8192,15060,-32374,645,8192,5976,-438,-5790,-101,33,33
2173419892,-5722,6880,-1452,-7,-77,58,0,0,-7,-1,-16727,0,5474,388,-7250,-105,-7,46
2173469892,-5244,6978,-1220,-28,-237,21,-15725,0,-15537,0,8160,8192,5210,-1380,-6440,-103,-7,21
2173519892,-5608,7048,-1662,140,-123,-45,-15721,0,-15537,0,8160,8192,6650,-916,-5192,-123,8,19
2173569892,-6016,6480,-834,59,-114,33,8160,8192,18452,-32371,645,8192,5692,-1002,-6346,-106,34,33
2173619892,-6340,7150,-1312,17,-171,17,-17717,0,-15537,0,8160,8192,5438,-880,-5768,-110,71,36
2173669892,-5040,6190,-1010,56,-167,-185,-15715,0,-15537,0,8160,8192,6848,-1338,-4954,-113,23,30
2173719892,-5686,6074,-684,69,229,360,0,0,-7,-1,-15712,0,5678,-1554,-5802,-108,37,25
2173769892,-5682,6636,-952,31,297,443,-15706,0,-15537,0,8160,8192,5922,-278,-6056,-95,29,33
2173819892,-5730,6424,-706,216,92,263,-15703,0,-15537,0,8160,8192,5680,-1284,-6190,-105,11,33
2173869892,-5966,6258,-748,134,-63,13,-15701,0,-15537,0,8160,8192,5784,-1398,-6078,-107,21,30
2173919892,-5626,6290,-876,87,-82,117,-15701,0,-15537,0,8160,8192,5848,-850,-6036,-107,25,29
2173969892,-5568,6390,-808,107,-198,125,-15698,0,-15537,0,8160,8192,5854,-1170,-6056,-106,27,36
2174019892,-5270,6058,-750,4,6,370,0,0,-7,-1,-15694,0,5804,-1304,-6018,-100,48,30
2174069892,-5536,5944,-570,28,152,371,0,0,-7,-1,-15691,0,5050,-1520,-6544,-106,26,24
2174119892,-5756,6030,-736,-13,186,407,8160,8192,-21372,-32363,645,8192,6872,-920,-5456,-99,36,30
2174169892,-5990,6404,-710,-3,152,321,8160,8192,0,0,645,8192,7806,-1374,-5170,-98,49,26
2174219892,-5834,6206,-950,-12,129,635,8160,8192,13092,-32361,645,8192,7766,-1050,-5668,-94,33,27
2174269892,-4726,4178,-1014,88,23,127,0,0,-7,-1,-15682,0,4086,-1762,-7430,-116,89,17
2174319892,-5560,6572,-970,149,-61,195,-17678,0,-15537,0,8160,8192,5298,-1308,-5348,-91,48,46
2174369892,-5936,8606,-1096,16,-106,44,-17676,0,-15537,0,8160,8192,9864,1572,-4814,-107,14,34
2174419892,-3348,7436,-2916,11,-310,-85,0,0,-7,-1,-16674,0,6316,1618,-6612,-107,-3,41
2174469892,-2990,7352,-1744,175,-227,-55,8160,8192,948,-32357,645,8192,7808,912,-6088,-107,-4,33
2174519892,-3556,6260,-1358,187,-87,175,0,0,-7,-1,-15670,0,5406,1224,-7070,-94,22,34
2174569892,-3640,7572,-2106,92,-109,143,-16668,0,-15537,0,8160,8192,5404,960,-5800,-104,13,21
2174619892,-3418,7532,-2272,149,-105,78,-15667,0,-15537,0,8160,8192,4450,1032,-6272,-106,32,22
2174669892,-3466,6944,-1636,110,87,364,0,0,-7,-1,-15665,0,6208,720,-5560,-97,12,23
2174719892,-3780,6520,-1840,129,1,293,-15663,0,-15537,0,8160,8192,4704,636,-6862,-103,8,32
2174769892,-3564,7360,-2014,126,-31,202,-15662,0,-15537,0,8160,8192,6554,1132,-5524,-113,37,22
2174819892,-3308,6374,-2168,160,-30,241,-16660,0,-15537,0,8160,8192,5164,852,-6246,-111,54,30
2174869892,-3750,7238,-2094,175,-1,286,8160,8192,7732,-32351,645,8192,5276,524,-6652,-110,65,24
2174919892,-3346,7064,-2146,173,-44,175,-15655,0,-15537,0,8160,8192,4122,1424,-7064,-106,90,34
2174969892,-3708,7580,-1824,183,-24,231,-15654,0,-15537,0,8160,8192,6058,786,-5492,-113,51,33
2175019892,-3534,7294,-2104,140,-49,198,-15652,0,-15537,0,8160,8192,4526,924,-6778,-110,49,27
2175069892,-3668,6884,-1986,130,-48,390,-15648,0,-15537,0,8160,8192,5778,218,-5970,-119,-45,23
2175119892,-3918,7720,-2044,78,12,480,-15646,0,-15537,0,8160,8192,6324,838,-6006,-125,-40,36
2175169892,-3470,7796,-2172,150,-90,199,-15644,0,-15537,0,8160,8192,5946,1690,-6090,-122,27,36
2175219892,-3096,7282,-2266,163,-65,74,0,0,-7,-1,-15642,0,5788,1078,-6150,-120,70,32
2175269892,-2486,7608,-2456,79,-190,-108,0,0,-7,-1,-16640,0,6120,1472,-5550,-99,56,13
2175319892,-3854,7346,-1952,162,-9,288,8160,8192,-1020,-32345,645,8192,5630,614,-5822,-104,26,29
2175369892,-3704,7234,-1708,67,-254,-199,-15634,0,-15537,0,8160,8192,5824,-226,-6112,-107,45,41
2175419892,-4708,6928,-1518,221,43,423,0,0,-7,-1,-15632,0,5818,-270,-5962,-113,52,23
2175469892,-3910,7068,-1636,16,-317,-366,8160,8192,17908,-32342,645,8192,6118,-672,-5976,-99,19,27
2175519892,-4162,7292,-1740,169,43,462,0,0,-7,-1,-16627,0,5782,0,-5990,-109,7,33
2175569892,-4224,7188,-1710,116,-107,80,-15624,0,-15537,0,8160,8192,5778,-310,-5992,-110,32,30
2175619892,-4222,6950,-1422,185,-58,305,8160,8192,0,0,645,8192,5430,-840,-6046,-104,24,32
2175669892,-4192,7522,-2150,154,-35,452,-17619,0,-15537,0,8160,8192,5510,552,-6300,-92,38,50
2175719892,-1430,8020,-3926,-73,-621,-1081,-15618,0,-15537,0,8160,8192,5404,4054,-5954,-138,42,10
2175769892,876,10294,-6986,415,-1901,-3405,-15617,0,-15537,0,8160,8192,5198,8820,-4970,-122,52,3
2175819892,-1536,8104,-4426,369,-1719,-3415,-15615,0,-15537,0,8160,8192,3030,2510,-6828,-33,74,49
2175869892,-8028,4312,724,120,439,1557,0,0,-7,-1,-15614,0,4950,-4246,-6626,-92,4,31
2175919892,-2344,8766,-4974,-724,-363,-727,-15613,0,-15537,0,8160,8192,4588,5092,-6172,-112,17,13
2175969892,-5814,4704,-36,568,-50,162,-15611,0,-15537,0,8160,8192,4844,-2624,-5970,-119,63,30
2176019892,-4634,6686,-1742,-223,677,2393,-15609,0,-15537,0,8160,8192,5942,2604,-6422,-75,-59,22
2176069892,-6144,8130,-2470,-432,-59,-180,-15607,0,-15537,0,8160,8192,5590,1368,-7108,-123,29,29
2176119892,-5762,6570,-470,669,-47,135,8160,8192,0,0,645,8192,4088,-1276,-5384,-113,67,14
2176169892,-5442,6352,-750,-125,-34,201,-15600,0,-15537,0,8160,8192,3610,-316,-8618,-110,79,38
2176219892,-3946,5456,-28,150,-380,7,0,0,-7,-1,-15598,0,5150,-1476,-6338,-101,43,39
2176269892,-4780,5810,-1066,18,-95,-60,-17597,0,-15537,0,8160,8192,5510,-596,-6784,-101,-16,32
2176319892,-5412,7094,-1524,75,-410,-51,-15596,0,-15537,0,8160,8192,7488,944,-5612,-113,-29,24
2176369892,-4502,6364,-1342,2,-199,-116,-15595,0,-15537,0,8160,8192,5394,34,-5654,-117,10,26
2176419892,-5532,5694,-430,104,-2,117,-15593,0,-15537,0,8160,8192,6128,-1428,-5776,-91,24,33
2176469892,-5926,6168,-334,2,-81,20,0,0,-7,-1,-15590,0,5876,-1210,-6138,-111,47,33
2176519892,-6068,5934,-636,60,3,223,-15586,0,-15537,0,8160,8192,5630,-1732,-5684,-112,42,24
2176569892,-5720,6208,-622,-6,211,79,-15584,0,-15537,0,8160,8192,5660,-1124,-6034,-97,11,31
2176619892,-5364,6454,-652,24,139,231,-17582,0,-15537,0,8160,8192,5906,-950,-5954,-106,19,33
2176669892,-5554,6354,-844,3,104,94,-15580,0,-15537,0,8160,8192,6008,-1282,-6036,-103,22,32
2176719892,-5332,6202,-888,22,-8,188,-16577,0,-15537,0,8160,8192,5728,-982,-6138,-105,21,31
2176769892,-5702,6366,-872,87,-64,178,0,0,-7,-1,-16574,0,5788,-980,-6058,-102,23,33
2176819892,-5392,6286,-796,82,-70,170,-15569,0,-15537,0,8160,8192,5944,-902,-6120,-102,49,34
2176869892,-5904,6984,-1118,28,193,355,0,0,-7,-1,-15566,0,4962,-1510,-6288,-106,64,29
2176919892,-5550,6544,-782,28,178,651,0,0,-7,-1,-15564,0,4782,-1232,-6934,-106,42,34
2176969892,-5898,5970,-1546,-5,132,397,0,0,-7,-1,-15562,0,5222,-1650,-6482,-107,59,31
2177019892,-6340,7490,-490,204,47,225,-15561,0,-15537,0,8160,8192,6446,-1990,-5154,-102,77,18
2177069892,-5318,6326,-646,52,-99,18,8160,8192,-20492,-32318,645,8192,3706,-2018,-7586,-111,33,29
2177119892,-5960,6538,-1274,95,30,360,0,0,-7,-1,-15555,0,5714,200,-6888,-106,15,27
2177169892,-3746,6478,-1926,-73,-293,-277,8160,8192,13972,-32316,645,8192,5296,-302,-5764,-104,-13,22
2177219892,-5800,8952,-2212,185,-89,230,8160,8192,-1564,-32316,645,8192,6406,512,-6362,-100,19,33
2177269892,-3114,6716,-2622,-4,-93,-99,-16548,0,-15537,0,8160,8192,6542,3056,-6712,-104,75,41
2177319892,-3386,7262,-1918,470,-260,-161,-15547,0,-15537,0,8160,8192,6034,902,-5614,-110,89,46
2177369892,-4382,8168,-2320,67,65,338,0,0,-7,-1,-15545,0,4874,272,-6612,-110,95,31
2177419892,-3060,6476,-2326,47,154,426,-15543,0,-15537,0,8160,8192,3680,1430,-7660,-112,46,37
2177469892,-3370,6404,-2044,194,-21,273,0,0,-7,-1,-15541,0,5978,240,-5720,-118,36,38
2177519893,-3698,7440,-2054,122,-28,206,0,0,-7,-1,-15539,0,5212,402,-6334,-111,23,35
2177569892,-3040,6294,-2442,140,-26,339,8160,8192,20756,-32310,645,8192,5604,2078,-6102,-115,5,34
2177619892,-3182,8338,-2550,81,-187,-50,-16534,0,-15537,0,8160,8192,6552,2126,-5492,-102,25,29
2177669892,-3314,7854,-1836,162,-22,278,-18532,0,-15537,0,8160,8192,5542,818,-6334,-113,4,29
2177719892,-3998,7212,-2026,243,28,544,8160,8192,-25852,-32308,645,8192,5910,1290,-5972,-109,24,29
2177769892,-3512,7080,-2096,91,-145,87,5544,8192,-7,-1,-17074,0,5402,224,-6472,-115,-10,27
2177819892,-4332,7256,-1480,204,19,470,-17527,0,-15537,0,8160,8192,5876,-26,-5896,-120,-11,25
2177869892,-4502,7180,-1738,71,-158,0,-17524,0,-15537,0,8160,8192,5632,402,-5996,-108,4,24
2177919892,-3944,7162,-1774,68,-92,138,8160,8192,0,0,645,8192,5584,550,-6130,-116,11,33
2177969892,-3510,7196,-2134,86,-153,-17,-16521,0,-15537,0,8160,8192,5678,934,-6226,-117,32,35
2178019892,-3104,7642,-2394,140,-181,-8,8160,8192,0,0,645,8192,6158,1540,-5904,-112,46,31
2178069892,-3786,7276,-2300,119,32,279,8160,8192,0,0,645,8192,4968,594,-6498,-107,59,35
2178119892,-3788,7238,-2076,105,-82,115,-16515,0,-15537,0,8160,8192,5878,566,-6012,-106,35,30
2178169892,-4120,7186,-1558,124,-96,51,8160,8192,30932,-32301,645,8192,5776,-134,-6024,-107,45,22
2178219892,-4036,7268,-1774,94,-143,-21,-16510,0,-15537,0,8160,8192,5610,308,-6174,-101,49,22
2178269892,-4188,7196,-1732,111,-109,58,0,0,-7,-1,-17509,0,5762,-148,-6086,-103,33,31
2178319892,-4430,6960,-1450,128,-99,103,0,0,-7,-1,-17507,0,5930,-492,-6066,-110,36,32
2178369892,-4442,6870,-1458,128,-81,109,-16505,0,-15537,0,8160,8192,5776,-712,-6040,-108,48,29
2178419892,-4426,6896,-1446,136,-16,246,-18504,0,-15537,0,8160,8192,5706,-260,-6038,-107,41,26
2178469892,-3598,7468,-2356,83,-154,-42,8160,8192,3252,-32296,645,8192,6048,1376,-6138,-101,59,30
2178519892,-2462,7772,-3380,68,-382,-500,8160,8192,0,0,645,8192,5002,3082,-6296,-133,-6,25
2178569892,-42,8814,-5272,357,-1124,-1880,8160,8192,0,0,645,8192,6174,6324,-5214,-97,-11,30
2178619892,-1832,8612,-3360,621,-1332,-1701,-16495,0,-15537,0,8160,8192,7350,1886,-6150,-58,32,40
2178669892,-6482,7434,-2246,-68,-204,-270,0,0,-7,-1,-16493,0,8634,-1120,-3440,-79,22,10
2178719892,-4546,6582,-1688,-38,94,528,-17492,0,-15537,0,8160,8192,4798,-42,-7098,-100,39,35
2178769892,-4540,6754,-1562,60,-64,244,-16490,0,-15537,0,8160,8192,5560,-368,-6154,-100,47,42
2178819892,-2000,4200,30,112,15,481,-18488,0,-15537,0,8160,8192,5428,-306,-7792,-91,27,32
2178869892,-4432,7448,-2446,-23,-524,-508,-16486,0,-15537,0,8160,8192,5176,770,-7772,-97,11,34
2178919892,-4808,6648,-1284,401,-553,-529,-18484,0,-15537,0,8160,8192,3942,410,-6744,-97,14,31
2178969892,-2500,5524,-120,-27,-70,436,0,0,-7,-1,-16481,0,3152,-40,-7544,-114,-16,17
2179019892,-3906,5858,-1026,8,-300,252,8160,8192,0,0,645,8192,5572,-226,-5654,-117,32,29
2179069892,-5734,6690,-1310,100,-10,245,8160,8192,13428,-32287,645,8192,5016,-1136,-6708,-122,32,27
2179119892,-6712,7924,-1408,47,-130,58,0,0,-7,-1,-16475,0,3884,1576,-5568,-103,30,42
2179169892,-5024,5528,-424,-8,-48,14,0,0,-7,-1,-16472,0,4184,-1450,-6310,-94,42,45
2179219892,-5182,5668,-486,49,-149,-76,8160,8192,32356,-32285,645,8192,4892,-644,-7002,-110,10,21
2179269892,-4796,5748,-530,18,-361,-173,-18467,0,-15537,0,8160,8192,6296,-840,-5712,-105,25,34
2179319892,-5120,5966,-614,80,-71,3,8160,8192,1284,-32283,645,8192,5300,-1918,-6348,-105,34,27
2179369892,-5336,6340,-880,46,-91,7,0,0,-7,-1,-17463,0,5762,-656,-5934,-106,21,38
2179419892,-5158,5960,-718,28,107,292,-16461,0,-15537,0,8160,8192,5734,-936,-6232,-104,10,22
2179469892,-5694,6504,-690,116,422,335,-16458,0,-15537,0,8160,8192,5964,-748,-6202,-103,17,26
2179519892,-5858,6320,-704,27,175,220,0,0,-7,-1,-17456,0,5472,-988,-6306,-100,36,28
2179569892,-5496,6322,-750,157,-70,-75,-18454,0,-15537,0,8160,8192,5772,-1008,-6126,-105,36,29
2179619892,-5478,6366,-936,62,-41,186,-16452,0,-15537,0,8160,8192,5852,-932,-6076,-108,35,33
2179669892,-5418,6150,-748,86,-90,196,8160,8192,23604,-32278,645,8192,5668,-874,-6224,-106,48,28
2179719892,-5560,6068,-796,6,31,347,8160,8192,8068,-32277,645,8192,6172,-1212,-5926,-102,28,28
2179769892,-5814,6488,-724,-35,237,412,-16446,0,-15537,0,8160,8192,6064,-1452,-5738,-96,35,27
2179819892,-5386,6012,-518,34,172,361,0,0,-7,-1,-17443,0,6266,-1640,-5674,-98,74,24
2179869892,-6308,6442,-338,19,286,635,-16440,0,-15537,0,8160,8192,5816,-2164,-5444,-99,45,33
2179919892,-5438,4258,-256,126,329,612,-16437,0,-15537,0,8160,8192,5796,-1756,-6274,-108,69,15
2179969892,-5666,5740,-228,175,-81,217,8160,8192,-4076,-32274,645,8192,6644,-1488,-5626,-88,34,49
2180019892,-6220,8346,-880,11,-151,-17,0,0,-7,-1,-16435,0,7320,1364,-6222,-104,27,47
2180069892,-3424,8392,-2780,-156,-441,-529,-17432,0,-15537,0,8160,8192,5982,1892,-5978,-126,36,26
2180119892,-3490,7428,-2262,390,-314,-327,-16430,0,-15537,0,8160,8192,4528,22,-5476,-109,58,39
2180169892,-4190,8002,-2142,128,93,441,0,0,-7,-1,-16427,0,4734,1248,-6168,-108,34,37
2180219892,-4262,7540,-2460,30,36,359,-16424,0,-15537,0,8160,8192,4282,1148,-7144,-109,34,46
2180269892,-3498,7470,-2168,211,-100,186,0,0,-7,-1,-16422,0,6326,-246,-4514,-109,16,26
2180319892,-4208,7826,-2112,97,40,317,-16419,0,-15537,0,8160,8192,5630,1948,-6438,-101,1,42
2180369892,-3244,7322,-2528,146,-45,183,0,0,-7,-1,-17416,0,6512,1710,-5458,-120,57,26
2180419892,-2768,7826,-2642,183,-165,15,-16414,0,-15537,0,8160,8192,5068,1906,-5876,-108,59,31
2180469892,-3366,8232,-2586,218,-57,198,0,0,-7,-1,-17413,0,6154,1826,-5628,-117,66,30
2180519892,-2780,6660,-2220,138,71,362,-16411,0,-15537,0,8160,8192,5744,856,-5890,-110,42,22
2180569892,-3528,7322,-2202,211,44,524,0,0,-7,-1,-16409,0,6222,1004,-5628,-113,25,26
2180619892,-3622,7258,-2014,113,-86,259,-18408,0,-15537,0,8160,8192,5774,700,-5952,-111,-5,27
2180669892,-4282,7272,-1752,159,38,470,-18406,0,-15537,0,8160,8192,6236,392,-6140,-112,-8,26
2180719892,-3782,7326,-2014,104,-32,328,0,0,-7,-1,-17403,0,5504,514,-6632,-114,-10,30
2180769892,-3762,7572,-2082,121,-62,191,-17402,0,-15537,0,8160,8192,5628,598,-5808,-118,28,30
2180819892,-3474,7280,-2138,130,-117,-21,-16400,0,-15537,0,8160,8192,5618,1152,-6054,-115,65,31
2180869892,-2846,7550,-2494,64,-202,-97,-16400,0,-15537,0,8160,8192,6120,1130,-5888,-109,41,30
2180919892,-3632,7424,-2036,137,-123,61,-16398,0,-15537,0,8160,8192,5562,688,-6274,-105,28,31
2180969892,-3562,7346,-2044,75,-77,124,-16396,0,-15537,0,8160,8192,5782,616,-5924,-102,35,29
2181019892,-4044,7322,-1718,128,-132,13,8160,8192,-2652,-32258,645,8192,5718,30,-6206,-98,42,25
2181069892,-4068,7190,-1734,102,-107,71,-16392,0,-15537,0,8160,8192,5842,174,-5980,-103,36,27
2181119892,-4196,7176,-1528,91,-126,58,8160,8192,0,0,645,8192,6074,-348,-5934,-106,11,26
2181169892,-4290,7080,-1458,77,-157,-18,-18388,0,-15537,0,8160,8192,5754,-312,-5930,-102,28,26
2181219892,-5006,6952,-1082,120,20,371,-17385,0,-15537,0,8160,8192,5732,-1156,-6164,-104,18,25
2181269892,-4938,7066,-1246,125,32,385,8160,8192,-14796,-32254,645,8192,5606,-916,-6126,-112,39,17
2181319892,-3616,7820,-2220,144,-165,-279,-17380,0,-15537,0,8160,8192,5960,420,-6134,-105,145,19
2181369892,-1992,8192,-3354,111,-234,-153,0,0,-7,-1,-16378,0,5338,2558,-6028,-133,43,55
2181419892,-784,7900,-3948,-36,-468,-693,0,0,-7,-1,-16375,0,5582,4534,-5466,-90,-12,44
2181469892,-3058,8858,-2680,403,-632,-747,-18373,0,-15537,0,8160,8192,6222,1336,-5950,-75,5,21
2181519892,-5576,6916,-1508,-204,92,-109,0,0,-7,-1,-16372,0,5484,1790,-6626,-104,14,13
2181569892,-1774,7044,-3182,462,-1945,-2848,-16369,0,-15537,0,8160,8192,4894,1534,-7032,-104,-8,22
2181619892,-4354,6886,-1486,237,-417,-757,-16366,0,-15537,0,8160,8192,7502,-792,-5116,-94,12,39
2181669892,-4880,7114,-2468,-515,123,-349,-18364,0,-15537,0,8160,8192,3142,534,-8090,-88,60,28
2181719892,-2826,5280,-976,291,-271,322,-16362,0,-15537,0,8160,8192,7934,1666,-4142,-98,-27,33
2181769892,-5708,6802,-1362,67,254,1037,-18361,0,-15537,0,8160,8192,5870,-200,-4762,-99,5,44
2181819892,-5202,5954,-1122,-115,-50,331,-16360,0,-15537,0,8160,8192,5898,-678,-6082,-99,53,36
2181869892,-5128,6916,-1612,162,-238,-173,-16357,0,-15537,0,8160,8192,4050,-72,-6760,-118,29,31
2181919892,-5384,6020,-1226,112,-49,136,-17355,0,-15537,0,8160,8192,6960,-484,-4844,-108,44,25
2181969892,-5488,7212,-1406,17,-193,17,0,0,-7,-1,-17353,0,6506,130,-5274,-96,34,46
2182019892,-4166,6642,-1446,71,-281,94,0,0,-7,-1,-16350,0,5062,-224,-6140,-121,17,36
2182069892,-5042,6062,-900,23,-102,107,0,0,-7,-1,-17349,0,5446,-324,-7212,-115,24,9
2182119892,-5130,6644,-1074,46,-235,-3,8160,8192,-16764,-32241,645,8192,6750,-212,-5942,-117,39,29
2182169892,-5230,6590,-880,54,-70,-21,8160,8192,-32300,-32240,645,8192,5396,-1058,-6252,-88,54,32
2182219892,-5360,6750,-1386,-23,-326,-157,0,0,-7,-1,-16344,0,5396,-964,-6740,-112,48,30
2182269892,-5184,6070,-990,114,-220,6,-17343,0,-15537,0,8160,8192,6014,-1136,-5488,-108,53,24
2182319892,-5044,6096,-760,4,117,46,8160,8192,-13372,-32238,645,8192,6742,-794,-4998,-107,3,32
2182369892,-5346,6250,-704,19,57,251,8160,8192,-28908,-32237,645,8192,6056,-574,-5878,-106,29,22
2182419892,-5702,5766,-430,142,337,170,-16335,0,-15537,0,8160,8192,6712,-1206,-5426,-101,32,30
2182469892,-5446,6206,-974,17,132,205,0,0,-7,-1,-16333,0,6054,-888,-5908,-108,28,37
2182519892,-5716,6278,-786,125,78,135,8160,8192,-9980,-32235,645,8192,5756,-858,-6078,-104,38,26
2182569892,-5410,6334,-846,131,-190,-49,0,0,-7,-1,-16329,0,5952,-848,-5910,-106,22,30
2182619892,-5306,6276,-960,47,-125,185,-16327,0,-15537,0,8160,8192,6066,-622,-5998,-108,32,31
2182669892,-5514,6414,-968,18,6,428,8160,8192,0,0,645,8192,6126,-698,-5896,-109,21,26
2182719892,-5064,6174,-862,60,65,149,8160,8192,0,0,645,8192,6054,-682,-5992,-104,31,27
2182769892,-5344,6636,-1046,65,44,328,-16321,0,-15537,0,8160,8192,6360,-870,-5734,-94,26,36
2182819892,-6156,6324,-538,4,337,657,8160,8192,27876,-32230,645,8192,6112,-1756,-6446,-96,64,23
2182869892,-9272,8940,-1110,-70,592,1156,-18317,0,-15537,0,8160,8192,4814,-2622,-6600,-96,59,30
2182919892,-6348,5550,280,150,17,184,-16315,0,-15537,0,8160,8192,5864,-2072,-5204,-114,60,32
2182969892,-5574,6198,-418,81,-161,64,-16137,0,-15537,0,8160,8192,6522,-920,-5744,-105,18,54
2183019892,-3424,5626,-1672,-24,-124,-72,0,0,-7,-1,-16310,0,7428,688,-4082,-109,91,31
2183069892,-2542,6488,-2680,-74,-518,-756,-16308,0,-15537,0,8160,8192,4242,1374,-7160,-121,107,50
2183119892,-5410,8404,-2620,468,-80,389,-16306,0,-15537,0,8160,8192,5568,54,-5014,-120,87,42
2183169892,-3654,6108,-2524,-168,51,258,-16304,0,-15537,0,8160,8192,5560,1138,-6460,-105,20,46
2183219892,-3234,8258,-2930,268,-285,-199,-16302,0,-15537,0,8160,8192,7070,3636,-5074,-110,-22,39
2183269892,-3426,7498,-2354,168,-77,60,8160,8192,0,0,645,8192,4756,220,-6768,-100,-11,31
2183319892,-3188,8394,-3486,37,-17,294,-16299,0,-15537,0,8160,8192,6228,2892,-6252,-120,0,30
2183369892,-2460,7646,-2764,108,0,407,8160,8192,-11948,-32222,645,8192,5966,2268,-5964,-106,1,24
2183419892,-2666,7550,-2082,144,16,348,-18295,0,-15537,0,8160,8192,5128,1852,-5852,-110,20,17
2183469892,-3408,7652,-2076,87,74,452,0,0,-7,-1,-17293,0,6062,1426,-5958,-99,23,27
2183519892,-4046,7766,-2096,230,51,600,-17291,0,-15537,0,8160,8192,6474,192,-5380,-111,8,22
2183569892,-3836,7250,-1972,179,5,453,-16288,0,-15537,0,8160,8192,5676,610,-6296,-109,19,24
2183619892,-3672,6988,-1912,108,-34,218,-16286,0,-15537,0,8160,8192,5966,410,-5604,-108,14,29
2183669892,-3660,7348,-1958,107,-89,148,-16284,0,-15537,0,8160,8192,6062,624,-5922,-119,13,31
2183719892,-3692,7254,-2082,105,-107,146,-16282,0,-15537,0,8160,8192,5524,218,-6358,-112,11,33
2183769892,-3408,7096,-2028,63,-155,-12,-18280,0,-15537,0,8160,8192,5510,16,-5672,-114,20,33
2183819892,-4020,7444,-1862,195,-71,162,0,0,-7,-1,-17276,0,5854,900,-6162,-108,62,34
2183869892,-3306,7306,-2136,111,-154,-72,-18273,0,-15537,0,8160,8192,6216,512,-5860,-108,61,35
2183919892,-3404,7504,-2028,191,-50,150,-16271,0,-15537,0,8160,8192,5456,694,-6076,-101,78,31
2183969892,-3942,7216,-1752,130,-106,79,0,0,-7,-1,-16268,0,5886,8,-6082,-111,52,34
2184019892,-3862,7140,-1910,114,-113,85,-16265,0,-15537,0,8160,8192,5818,388,-5936,-111,29,31
2184069892,-3770,7370,-1844,55,-153,-6,-16265,0,-15537,0,8160,8192,5734,96,-6016,-102,4,26
2184119892,-4296,7218,-1676,120,-26,286,-18262,0,-15537,0,8160,8192,5702,-180,-6216,-100,10,27
2184169892,-3758,7256,-1862,69,-179,-79,0,0,-7,-1,-17261,0,5896,180,-5948,-105,20,30
2184219892,-3806,7474,-1850,112,-110,79,-16258,0,-15537,0,8160,8192,5854,230,-6062,-103,31,32
2184269892,-4088,7280,-1768,121,-67,168,8160,8192,0,0,645,8192,5764,-58,-6102,-110,36,32
2184319892,-4120,7174,-1728,116,-98,91,-18253,0,-15537,0,8160,8192,5890,-224,-6156,-106,33,31
2184369892,-4198,7096,-1388,140,-47,221,8160,8192,0,0,645,8192,5970,-488,-5842,-97,54,30
2184419892,-3918,7736,-2096,163,-72,372,-18248,0,-15537,0,8160,8192,5860,1096,-6486,-123,19,26
2184469892,-1028,8198,-4310,-92,-547,-1107,-16247,0,-15537,0,8160,8192,6036,4478,-6008,-132,40,20
2184519892,-1570,8580,-4138,601,-1017,-1438,-16244,0,-15537,0,8160,8192,4950,3898,-6212,-86,47,32
2184569892,-3066,8158,-2418,124,-101,256,-17242,0,-15537,0,8160,8192,5306,518,-6452,-76,23,50
2184619892,-4670,5176,-1160,-9,-404,-649,8160,8192,0,0,645,8192,6444,562,-6016,-95,13,28
2184669892,-2848,7534,-2386,384,-1086,-1365,8160,8192,0,0,645,8192,4930,1062,-6382,-108,-6,29
2184719892,-4508,6906,-1712,232,-390,-482,0,0,-7,-1,-17235,0,6780,-124,-4926,-85,14,33
2184769892,-5278,8016,-2426,-147,161,633,0,0,-7,-1,-17233,0,6164,422,-4906,-89,59,17
2184819892,-4102,5774,-1536,88,-362,-353,8160,8192,0,0,645,8192,7216,486,-5054,-104,-13,30
2184869892,-4920,6610,-1482,248,-341,-279,-16229,0,-15537,0,8160,8192,6034,-590,-5968,-105,25,38
2184919892,-4778,6334,-1314,76,-124,136,-17227,0,-15537,0,8160,8192,6916,432,-4964,-99,53,40
2184969892,-3804,5578,-1408,134,-415,-252,-17225,0,-15537,0,8160,8192,7416,1784,-3914,-119,26,29
2185019892,-4586,6662,-1112,153,7,219,-18223,0,-15537,0,8160,8192,7442,138,-4502,-111,49,32
2185069892,-5320,7126,-1366,-46,-105,254,0,0,-7,-1,-17220,0,3624,-208,-7588,-90,34,47
2185119892,-4442,6872,-1872,65,-248,-11,0,0,-7,-1,-16219,0,6776,1606,-6068,-117,27,39
2185169892,-4786,6104,-1148,38,-131,100,-16216,0,-15537,0,8160,8192,7458,630,-4178,-114,-8,10
2185219892,-4488,6220,-1150,-14,-267,-5,-17214,0,-15537,0,8160,8192,7058,-728,-4454,-113,27,14
2185269892,-5360,5578,-404,111,58,62,-17211,0,-15537,0,8160,8192,5514,-1004,-6350,-87,15,42
2185319892,-5074,6282,-984,-75,-481,-363,-16209,0,-15537,0,8160,8192,6122,-294,-5802,-105,62,32
2185369892,-6028,6514,-1244,112,-39,96,-16207,0,-15537,0,8160,8192,5288,-714,-5998,-109,42,25
2185419892,-6002,6240,-618,32,368,200,-17205,0,-15537,0,8160,8192,5970,-1878,-5830,-101,18,26
2185469892,-5450,6356,-914,-100,403,504,-18202,0,-15537,0,8160,8192,5530,-728,-6000,-105,25,26
2185519892,-5798,6366,-802,-56,394,402,8160,8192,-24636,-32189,645,8192,5676,-1152,-6166,-101,26,34
2185569892,-5474,6076,-814,178,-8,123,8160,8192,0,0,645,8192,5780,-1116,-6174,-105,35,31
2185619892,-5854,6486,-676,112,85,109,-16196,0,-15537,0,8160,8192,5986,-1220,-5864,-104,35,28
2185669892,-6376,7494,-898,161,-189,-78,8160,8192,-5708,-32187,645,8192,4834,-1394,-6198,-109,12,33
2185719892,-5740,6856,-1094,5,-72,337,-16191,0,-15537,0,8160,8192,5718,-1348,-6012,-110,6,31
2185769892,-5458,6234,-764,-50,183,470,-18188,0,-15537,0,8160,8192,5614,-1508,-6096,-103,32,22
2185819892,-6530,6558,-288,105,338,817,-16185,0,-15537,0,8160,8192,6608,-2180,-5798,-100,46,35
2185869892,-6758,6454,-690,-122,419,609,8160,8192,-2316,-32184,645,8192,5610,-2286,-6086,-110,88,22
2185919892,-6050,6366,-712,125,-105,57,-16181,0,-15537,0,8160,8192,5494,-2316,-6526,-101,58,25
2185969892,-5816,7320,-610,164,12,115,-17178,0,-15537,0,8160,8192,7046,-1564,-6038,-103,114,31
2186019892,-5274,8192,-1200,-39,-166,-67,0,0,-7,-1,-17175,0,8176,1774,-5424,-94,39,65
2186069892,-5426,8896,-2092,20,-243,-38,8160,8192,1076,-32180,645,8192,6562,280,-5530,-116,-45,55
2186119892,-2614,6570,-2010,57,-218,-329,8160,8192,-14460,-32180,645,8192,4832,910,-5654,-120,79,27
2186169892,-4580,9342,-2404,258,-63,261,0,0,-7,-1,-16169,0,2700,-504,-8410,-106,63,52
2186219892,-3904,7344,-2122,54,-45,-21,-16167,0,-15537,0,8160,8192,3754,1400,-7024,-111,63,32
2186269892,-3772,7302,-1966,215,-87,175,-16165,0,-15537,0,8160,8192,6128,280,-5636,-106,31,35
2186319892,-3136,7120,-1824,31,122,595,8160,8192,-11068,-32177,645,8192,6154,-370,-6436,-108,7,31
2186369892,-3962,7018,-2364,109,-40,208,8160,8192,-26604,-32176,645,8192,6744,298,-5284,-99,-7,27
2186419892,-3506,8050,-1824,101,-113,92,-16159,0,-15537,0,8160,8192,6848,1138,-5134,-115,10,21
2186469892,-3860,7806,-1838,183,-23,281,-17157,0,-15537,0,8160,8192,4562,410,-6210,-106,31,21
2186519892,-3536,7794,-2138,114,-39,187,-16155,0,-15537,0,8160,8192,5284,788,-7044,-108,65,22
2186569892,-2830,7458,-2486,160,-58,214,0,0,-7,-1,-17153,0,4654,494,-6030,-104,60,30
2186619892,-3380,7180,-2420,180,28,468,-18151,0,-15537,0,8160,8192,5214,1242,-6414,-114,27,30
2186669892,-3370,7772,-2378,115,-23,349,-16149,0,-15537,0,8160,8192,5784,784,-5986,-112,-11,23
2186719892,-3370,7176,-2294,136,-25,394,0,0,-7,-1,-16146,0,5834,570,-5972,-119,-2,29
2186769892,-3498,7028,-2014,86,-142,-22,8160,8192,-19820,-32170,645,8192,5638,198,-6088,-124,48,30
2186819892,-2306,7320,-2560,45,-464,-670,-16142,0,-15537,0,8160,8192,6012,2272,-6038,-111,72,24
2186869892,-2876,7596,-2600,256,-234,-221,-16140,0,-15537,0,8160,8192,5726,1358,-5762,-108,106,25
2186919892,-3614,7222,-2288,11,-22,231,8160,8192,-892,-32168,645,8192,5508,888,-5952,-116,14,45
2186969892,-3630,7646,-1874,68,-92,265,-16137,0,-15537,0,8160,8192,6074,414,-5954,-106,-10,36
2187019892,-4664,7108,-1346,133,111,511,0,0,-7,-1,-16136,0,5612,-352,-6448,-91,-12,15
2187069892,-4078,7126,-1672,56,-189,-52,-17133,0,-15537,0,8160,8192,5956,-48,-5938,-101,-13,21
2187119892,-3990,7346,-1656,68,-172,5,-16131,0,-15537,0,8160,8192,5754,206,-6036,-102,11,31
2187169892,-4200,7288,-1632,104,-109,52,0,0,-7,-1,-16130,0,5830,-170,-6076,-106,39,32
2187219892,-3806,7134,-1762,120,-129,-21,8160,8192,-28572,-32163,645,8192,6002,202,-5988,-105,62,28
2187269892,-3880,7218,-1820,121,-88,71,-18126,0,-15537,0,8160,8192,5830,250,-6040,-106,54,28
2187319892,-3900,7326,-1854,89,-148,-17,-18124,0,-15537,0,8160,8192,5580,268,-6094,-104,36,26
2187369892,-4076,7270,-1826,94,-115,52,-18124,0,-15537,0,8160,8192,5454,220,-6230,-100,31,26
2187419892,-4260,7258,-1660,103,-88,141,-18122,0,-15537,0,8160,8192,5744,-214,-6174,-103,20,27
2187469892,-4658,7220,-1384,97,-56,105,0,0,-7,-1,-16121,0,5910,-694,-6088,-103,41,29
2187519892,-3744,6980,-1744,123,-140,-51,8160,8192,9284,-32158,645,8192,5540,38,-6110,-111,59,31
2187569892,-4086,7206,-1796,120,-34,277,0,0,-7,-1,-16117,0,5580,200,-6090,-102,12,36
2187619892,-4258,7590,-1872,109,-83,116,-17115,0,-15537,0,8160,8192,6082,370,-6096,-106,52,33
2187669892,-3086,7980,-2532,48,-267,-246,0,0,-7,-1,-17112,0,5954,1796,-5942,-104,42,18
2187719892,-1996,7940,-3554,210,-615,-937,0,0,-7,-1,-16110,0,5794,3772,-6142,-112,-4,24
2187769892,-908,7770,-3572,518,-1173,-1547,-16108,0,-15537,0,8160,8192,5206,3526,-6506,-89,5,34
2187819892,-4366,6742,-1454,290,-271,-168,-17105,0,-15537,0,8160,8192,5912,-840,-5664,-73,19,39
2187869892,-7114,7210,-544,-165,722,1380,0,0,-7,-1,-16105,0,5922,-2864,-6266,-94,95,22
2187919892,-2076,1730,-1268,-621,798,1263,0,0,-7,-1,-16104,0,5668,324,-6428,-112,96,32
2187969892,-3994,7162,-3226,129,-678,-1265,-18102,0,-15537,0,8160,8192,6754,1204,-5598,-105,20,43
2188019892,-4572,8102,-2404,637,-1278,-1555,-16100,0,-15537,0,8160,8192,5564,1128,-6082,-98,-27,32
2188069892,-3302,7496,-2900,48,-990,-1705,0,0,-7,-1,-16099,0,6098,1948,-6084,-89,-10,26
2188119892,-4650,7750,-2314,490,-781,-684,0,0,-7,-1,-17097,0,4098,-48,-7226,-100,23,21
2188169892,-4920,7022,-1822,27,113,454,-17095,0,-15537,0,8160,8192,4916,270,-6696,-106,36,37
2188219892,-5510,7018,-2212,22,99,550,0,0,-7,-1,-17093,0,7020,1134,-5978,-110,28,34
2188269892,-4622,6096,-1238,67,20,374,0,0,-7,-1,-16091,0,6392,-12,-5098,-100,8,28
2188319892,-5104,6702,-1692,50,-147,180,8160,8192,22852,-32146,645,8192,2856,-772,-8100,-117,24,11
2188369892,-4992,6900,-2166,115,-329,-103,0,0,-7,-1,-16087,0,5430,900,-5538,-110,42,24
2188419892,-4872,6448,-952,127,-62,197,-16084,0,-15537,0,8160,8192,5882,-188,-5812,-97,67,43
2188469892,-5060,6646,-1246,0,-359,-72,0,0,-7,-1,-17082,0,6306,92,-6346,-113,13,48
2188519892,-5156,7260,-1822,5,-291,-29,-16079,0,-15537,0,8160,8192,7168,478,-5746,-106,8,10
2188569892,-5004,6432,-974,105,-181,-203,-17079,0,-15537,0,8160,8192,4978,-264,-6172,-118,36,17
2188619892,-5930,6026,-732,56,-255,30,8160,8192,-4828,-32142,645,8192,5886,-384,-5980,-93,31,39
2188669892,-4348,5570,-454,-60,-94,105,8160,8192,0,0,645,8192,6328,-1250,-6192,-102,55,20
2188719892,-5020,5958,-1046,12,227,248,8160,8192,0,0,645,8192,7572,-388,-5374,-109,-1,32
2188769892,-6056,6616,-802,-26,720,796,-16070,0,-15537,0,8160,8192,5796,-1112,-6054,-117,34,27
2188819892,-5726,6064,-606,-112,451,534,-18068,0,-15537,0,8160,8192,6234,-832,-5844,-105,19,37
2188869892,-5722,6198,-788,198,-29,-108,0,0,-7,-1,-16065,0,5724,-1290,-6136,-109,47,35
2188919892,-5312,6472,-1016,166,-197,-114,-16062,0,-15537,0,8160,8192,5470,-1372,-5936,-111,40,29
2188969892,-5828,6600,-1140,-6,-57,103,8160,8192,17492,-32136,645,8192,5726,-774,-6034,-111,35,37
2189019892,-5468,6270,-792,123,-169,190,0,0,-7,-1,-17057,0,5886,-1050,-6142,-102,33,29
2189069892,-5420,6370,-790,42,12,269,-16055,0,-15537,0,8160,8192,5860,-1422,-6174,-110,34,33
2189119892,-5540,6404,-784,48,171,290,-16053,0,-15537,0,8160,8192,5478,-1242,-6198,-107,41,32
2189169892,-5090,6302,-768,40,57,283,0,0,-7,-1,-16051,0,6022,-1036,-5812,-110,36,27
2189219892,-5278,6642,-1052,37,32,308,8160,8192,5348,-32132,645,8192,6160,-980,-5752,-101,36,32
2189269892,-5336,5736,-322,86,192,650,0,0,-7,-1,-17048,0,6824,-978,-6492,-94,28,33
2189319892,-6450,7264,-1126,-138,284,517,-16046,0,-15537,0,8160,8192,6684,-772,-5456,-107,9,33
2189369892,-5104,7316,-658,184,-60,178,0,0,-7,-1,-16043,0,6318,-702,-5200,-107,64,9
2189419892,-5278,7480,-972,48,-109,103,-16041,0,-15537,0,8160,8192,7874,-70,-5334,-103,-1,15
2189469892,-4428,7728,-2446,-44,-148,-75,0,0,-7,-1,-16038,0,7348,1788,-5748,-118,52,32
2189519892,-3844,7728,-1594,97,-117,49,-16036,0,-15537,0,8160,8192,6418,-738,-6052,-110,25,29
2189569892,-4422,8246,-2084,106,-72,154,-16034,0,-15537,0,8160,8192,6630,1190,-5882,-115,31,39
2189619892,-3824,7356,-1510,196,-109,145,-17032,0,-15537,0,8160,8192,4054,524,-6642,-105,29,34
2189669892,-3642,6564,-1126,120,-83,234,8160,8192,-3404,-32126,645,8192,6774,-208,-5584,-112,-19,48
2189719892,-3168,6424,-2394,30,-109,117,8160,8192,0,0,645,8192,5280,574,-6222,-113,-7,29
2189769892,-4692,7734,-1464,162,-14,405,-16026,0,-15537,0,8160,8192,6960,312,-4956,-114,-56,29
2189819892,-3642,8706,-2286,4,-100,-42,-17023,0,-15537,0,8160,8192,6878,2826,-5748,-118,45,15
2189869892,-2912,8134,-2800,346,-258,-196,-18021,0,-15537,0,8160,8192,6318,2572,-5808,-94,112,20
2189919892,-2538,7374,-2332,246,8,232,-17019,0,-15537,0,8160,8192,5890,1386,-5748,-97,138,23
2189969892,-3274,6944,-2238,84,248,497,8160,8192,0,0,645,8192,4810,394,-7234,-105,82,20
2190019892,-3158,7060,-2124,204,44,485,-18014,0,-15537,0,8160,8192,5994,998,-6036,-110,14,36
2190069892,-3808,7044,-1576,187,70,478,0,0,-7,-1,-16013,0,5740,76,-6012,-123,41,31
2190119892,-3612,7362,-2172,201,34,398,-18012,0,-15537,0,8160,8192,5318,1134,-6418,-110,82,24
2190169892,-2840,7326,-2186,29,-254,-204,8160,8192,-27692,-32118,645,8192,5792,878,-6174,-118,-12,24
2190219892,-3240,7282,-2270,139,-32,451,-16006,0,-15537,0,8160,8192,5910,684,-5530,-117,-45,34
2190269892,-2918,7858,-2592,63,-184,31,0,0,-7,-1,-17003,0,6018,1634,-5768,-110,-11,32
2190319892,-3518,7522,-1982,122,-54,258,-16001,0,-15537,0,8160,8192,6086,538,-5616,-113,-10,44
2190369892,-3102,7744,-2428,68,-122,25,-17998,0,-15537,0,8160,8192,5896,1322,-5982,-99,43,19
2190419892,-3632,7404,-1944,119,-92,78,-16996,0,-15537,0,8160,8192,5594,262,-6144,-102,30,16
2190469892,-3868,7250,-1898,62,-115,110,0,0,-7,-1,-16994,0,5910,270,-5952,-105,14,34
2190519892,-4044,7330,-1744,90,-167,-48,0,0,-7,-1,-15994,0,5964,-292,-6040,-101,30,29
2190569892,-4356,7046,-1506,130,-51,176,-15992,0,-15537,0,8160,8192,5630,-404,-5986,-107,33,29
2190619892,-3822,7164,-1770,74,-183,-105,-15990,0,-15537,0,8160,8192,5838,-62,-5998,-106,39,28
2190669892,-3998,7300,-1658,118,-81,123,-15987,0,-15537,0,8160,8192,5990,46,-5958,-107,30,28
2190719892,-3896,7344,-1712,100,-105,94,0,0,-7,-1,-16987,0,5764,146,-5998,-109,25,31
2190769892,-3720,7458,-1918,91,-140,-2,8160,8192,-17516,-32109,645,8192,5704,280,-5992,-109,25,30
2190819892,-3808,7356,-1928,117,-66,146,-15983,0,-15537,0,8160,8192,5598,238,-6104,-104,43,30
2190869892,-4020,7256,-1792,136,-92,91,-15980,0,-15537,0,8160,8192,5646,38,-6140,-106,47,31
2190919892,-3960,7214,-1604,100,-105,93,-15978,0,-15537,0,8160,8192,5680,-378,-6064,-105,36,36
2190969892,-4450,7256,-1454,189,3,401,0,0,-7,-1,-15975,0,5952,-264,-6192,-98,51,30
2191019892,-2556,7948,-2910,19,-278,-310,-17972,0,-15537,0,8160,8192,6038,2808,-6076,-135,34,22
2191069892,-374,8456,-4844,68,-752,-1384,8160,8192,0,0,645,8192,5332,5960,-5990,-131,1,17
2191119892,-1810,9500,-4358,673,-1548,-1996,0,0,-7,-1,-15967,0,5458,1788,-6346,-84,-33,43
2191169892,-7358,8056,-920,-4,410,499,-16964,0,-15537,0,8160,8192,2260,-1516,-9472,-76,39,35
2191219892,-4710,7590,-2738,170,-1030,-1291,-15962,0,-15537,0,8160,8192,7134,1512,-5426,-99,54,14
2191269892,-3354,6640,-1968,217,-321,-391,8160,8192,23732,-32101,645,8192,5952,500,-5634,-121,-8,39
2191319892,-4330,6146,-932,-18,170,494,8160,8192,0,0,645,8192,6630,118,-4740,-108,36,28
2191369892,-5330,8240,-2424,-87,-48,434,8160,8192,0,0,645,8192,2916,-20,-8844,-92,83,36
2191419892,-4104,6936,-2244,202,-465,-648,-15952,0,-15537,0,8160,8192,6196,1090,-6280,-109,23,32
2191469892,-4792,6548,-982,288,-284,90,8160,8192,27124,-32098,645,8192,6914,-1426,-5874,-91,5,31
2191519892,-4782,6460,-1422,-154,1,241,-16948,0,-15537,0,8160,8192,6090,310,-6778,-114,10,36
2191569892,-4534,7232,-1824,157,-439,-23,0,0,-7,-1,-15946,0,7978,290,-5230,-111,23,25
2191619892,-5014,6766,-1220,86,45,156,-15944,0,-15537,0,8160,8192,6094,-670,-5870,-102,-10,45
2191669892,-4258,6940,-1330,-62,-313,44,-17942,0,-15537,0,8160,8192,6656,1776,-5318,-120,25,24
2191719892,-2260,5188,260,164,-201,41,-15941,0,-15537,0,8160,8192,4990,-834,-6728,-115,-8,24
2191769892,-5552,6138,-818,29,-100,61,0,0,-7,-1,-15939,0,6388,-1530,-5368,-84,23,39
2191819892,-4922,6214,-1378,25,-366,-143,-15937,0,-15537,0,8160,8192,7284,-874,-4668,-110,-21,25
2191869892,-5460,6384,-888,95,-216,-83,0,0,-7,-1,-15935,0,6044,-636,-6446,-99,28,27
2191919892,-4772,5894,-698,1,-306,-111,8160,8192,18372,-32091,645,8192,7132,-1066,-5526,-110,43,28
2191969892,-5824,6434,-1186,82,160,197,8160,8192,2836,-32090,645,8192,6648,-1080,-5826,-104,38,36
2192019892,-5550,5326,-182,57,358,375,0,0,-7,-1,-15929,0,5474,-1294,-6224,-107,10,29
2192069892,-5690,6374,-792,-30,406,334,8160,8192,0,0,645,8192,5812,-1486,-6140,-105,36,22
2192119892,-5768,6408,-788,88,181,385,-15924,0,-15537,0,8160,8192,6090,-1344,-5918,-102,7,27
2192169892,-5298,6432,-992,58,-114,32,-15920,0,-15537,0,8160,8192,5894,-962,-6010,-104,22,31
2192219892,-5626,6416,-848,136,-99,104,0,0,-7,-1,-15917,0,5748,-1144,-6024,-102,18,32
2192269892,-5124,6464,-968,36,-116,284,-15915,0,-15537,0,8160,8192,5854,-982,-6172,-98,16,31
2192319892,-5316,6450,-890,6,139,388,8160,8192,0,0,645,8192,5470,-1004,-6204,-99,53,28
2192369892,-5400,6694,-1018,78,92,258,0,0,-7,-1,-16909,0,5314,-954,-6484,-106,77,26
2192419892,-4804,5464,-206,55,193,316,0,0,-7,-1,-15907,0,3660,-1598,-7978,-102,61,30
2192469892,-5916,6814,-964,6,256,619,-17904,0,-15537,0,8160,8192,6660,-1224,-5490,-103,65,28
2192519892,-5662,6358,-504,161,232,510,8160,8192,28548,-32082,645,8192,5682,-2668,-5524,-114,71,38
2192569892,-4334,5070,-1274,51,-250,-50,0,0,-7,-1,-16900,0,6774,-390,-5916,-103,17,44
2192619892,-4086,6824,-1436,11,-163,-36,0,0,-7,-1,-15898,0,4954,-600,-6644,-121,18,21
2192669892,-3768,7072,-1930,-100,-91,-17,-15895,0,-15537,0,8160,8192,5516,1172,-5214,-125,17,29
2192719892,-3402,7026,-2064,144,-116,-90,-15893,0,-15537,0,8160,8192,6222,362,-5842,-101,66,30
2192769892,-4652,7216,-1992,184,-36,96,-17889,0,-15537,0,8160,8192,6148,218,-5428,-100,59,49
2192819892,-4134,7360,-2098,92,-34,84,-15887,0,-15537,0,8160,8192,5452,1148,-6470,-97,51,43
2192869892,-3354,7240,-1992,142,-115,3,0,0,-7,-1,-15885,0,6192,1990,-5816,-116,37,30
2192919892,-3460,7206,-1836,154,45,310,0,0,-7,-1,-15883,0,4006,256,-6698,-112,46,26
2192969892,-4176,7866,-2066,83,204,564,-17880,0,-15537,0,8160,8192,5624,566,-5788,-104,32,30
2193019892,-3348,7498,-2066,91,-53,113,8160,8192,4260,-32074,645,8192,5656,1162,-5614,-109,25,30
2193069892,-3840,8242,-2172,122,-96,150,0,0,-7,-1,-15874,0,6566,1470,-4976,-100,-4,23
2193119892,-3506,7556,-2134,138,-23,315,-15921,0,-15537,0,8160,8192,6064,726,-5834,-112,-7,24
2193169892,-3664,7750,-2292,151,-35,382,0,0,-7,-1,-16869,0,5038,20,-6324,-109,1,9
2193219892,-3188,7508,-2260,132,-64,203,0,0,-7,-1,-15867,0,5824,556,-5986,-118,16,26
2193269892,-3104,7316,-2238,130,-112,122,0,0,-7,-1,-15865,0,5724,1290,-6174,-117,14,30
2193319892,-3834,7378,-1958,144,34,396,-15863,0,-15537,0,8160,8192,5322,262,-6464,-108,7,25
2193369892,-4218,7150,-1558,94,-151,16,0,0,-7,-1,-16861,0,5954,336,-5868,-117,16,31
2193419892,-3616,7526,-2030,77,-173,-128,0,0,-7,-1,-16859,0,5608,936,-6248,-114,71,38
2193469892,-3076,7272,-2410,123,-194,-229,8160,8192,-4492,-32068,645,8192,5762,840,-5974,-109,75,32
2193519892,-3492,7428,-1946,122,-41,297,-16854,0,-15537,0,8160,8192,5654,546,-5914,-115,37,38
2193569892,-3402,7332,-2328,78,-123,46,-15854,0,-15537,0,8160,8192,5854,844,-6044,-98,20,26
2193619892,-3846,7102,-1774,145,-29,264,0,0,-7,-1,-15852,0,5958,162,-5916,-102,16,26
2193669892,-3534,7390,-2102,3,-261,-219,8160,8192,0,0,645,8192,5838,532,-5922,-101,11,29
2193719892,-3962,7348,-1630,130,-126,45,-15848,0,-15537,0,8160,8192,5626,234,-6140,-102,27,29
2193769892,-4314,7210,-1644,58,-112,-31,0,0,-7,-1,-15846,0,5706,-110,-6176,-100,43,26
2193819892,-4400,7252,-1576,134,-26,197,-16843,0,-15537,0,8160,8192,5702,-180,-6176,-106,47,26
2193869892,-3622,7268,-2102,38,-217,-175,8160,8192,2292,-32061,645,8192,5636,696,-6070,-104,40,29
2193919892,-3726,7254,-1800,184,-194,-24,8160,8192,-13244,-32061,645,8192,5606,16,-6110,-104,34,22
2193969892,-4382,7030,-1380,25,15,306,-15837,0,-15537,0,8160,8192,5620,-202,-6200,-100,25,17
2194019892,-3910,6950,-1606,103,-135,51,-15835,0,-15537,0,8160,8192,5784,-414,-6032,-111,37,20
2194069892,-4900,6890,-1412,106,116,479,0,0,-7,-1,-15833,0,5822,-770,-6070,-113,16,35
2194119892,-2958,7402,-2594,10,-309,-384,8160,8192,0,0,645,8192,6188,1624,-5230,-111,35,28
2194169892,-1454,8314,-3660,306,-691,-960,8160,8192,0,0,645,8192,5218,4764,-5838,-96,30,38
2194219892,-1598,8140,-3428,510,-1159,-1567,-17826,0,-15537,0,8160,8192,7030,3016,-5388,-86,35,39
2194269892,-4082,6772,-1428,288,-428,-348,-15825,0,-15537,0,8160,8192,5104,592,-6290,-103,23,34
2194319892,-4306,7700,-2520,-47,-143,-51,-15825,0,-15537,0,8160,8192,5614,740,-6562,-97,37,20
2194369892,-3854,7150,-2478,13,-152,-90,-17823,0,-15537,0,8160,8192,5036,366,-6166,-97,82,35
2194419892,-4786,7444,-2138,93,-190,-111,8160,8192,28004,-32053,645,8192,6112,718,-6210,-87,29,42
2194469892,-3130,6966,-2556,91,-516,-564,-15818,0,-15537,0,8160,8192,4822,2742,-6486,-113,61,19
2194519892,-3956,7210,-1988,371,-646,-431,0,0,-7,-1,-15813,0,7266,82,-4594,-95,5,34
2194569892,-5178,7398,-2558,129,-162,147,-17811,0,-15537,0,8160,8192,6416,732,-6106,-104,44,31
2194619892,-5046,6792,-1652,70,-19,391,0,0,-7,-1,-15810,0,5160,-236,-6000,-111,43,18
2194669892,-5064,6346,-1480,29,-88,287,8160,8192,15860,-32049,645,8192,6912,458,-5738,-115,43,25
2194719892,-4150,6136,-1212,41,-216,101,-15806,0,-15537,0,8160,8192,5738,1044,-5522,-108,35,24
2194769892,-4086,4108,-674,94,-122,6,0,0,-7,-1,-15804,0,9614,192,-3386,-117,-9,29
2194819892,-5716,6290,-1032,-26,-76,239,-16799,0,-15537,0,8160,8192,6364,-444,-6178,-107,15,15
2194869892,-5662,5882,-820,0,-327,-197,-17797,0,-15537,0,8160,8192,6576,-1894,-5404,-91,-2,44
2194919892,-5968,6594,-1076,46,-202,-114,-15794,0,-15537,0,8160,8192,6014,-60,-5624,-102,52,28
2194969892,-4422,5742,-818,88,-57,-48,0,0,-7,-1,-15791,0,7732,-902,-4982,-112,7,41
2195019892,-5246,6322,-1072,70,310,367,0,0,-7,-1,-15790,0,7136,-158,-4902,-113,46,29
2195069892,-5096,4584,-648,10,352,437,-15788,0,-15537,0,8160,8192,4222,-744,-7084,-110,50,36
2195119892,-6172,6468,-660,114,131,439,-16786,0,-15537,0,8160,8192,5228,-1676,-6652,-113,8,30
2195169892,-5762,6342,-782,38,-5,-15,8160,8192,0,0,645,8192,5020,-1228,-7082,-111,33,25
2195219892,-5554,6462,-872,206,-316,-61,0,0,-7,-1,-15782,0,5940,-1124,-5990,-104,21,28
2195269892,-5700,6526,-712,75,-124,110,-15781,0,-15537,0,8160,8192,5944,-1334,-6072,-103,32,27
2195319892,-5682,6356,-826,18,49,311,8160,8192,0,0,645,8192,6024,-1190,-5794,-105,17,39
2195369892,-5492,6672,-994,62,91,343,0,0,-7,-1,-16775,0,5806,-894,-6226,-96,27,39
2195419892,-5474,6446,-768,137,4,109,0,0,-7,-1,-15771,0,5866,-1098,-6154,-108,60,27
2195469892,-5572,6506,-746,67,197,581,0,0,-7,-1,-16768,0,5212,-1844,-6418,-100,92,27
2195519892,-6358,6380,-274,-109,563,1119,-15764,0,-15537,0,8160,8192,4836,-2222,-7126,-108,108,21
2195569892,-6222,5410,-348,50,111,330,-15763,0,-15537,0,8160,8192,3578,-2604,-7574,-107,44,29
2195619892,-5520,6766,-556,106,-139,60,8160,8192,0,0,645,8192,5688,-1464,-5466,-123,33,41
2195669892,-6418,9152,-1334,-56,-74,67,0,0,-7,-1,-15756,0,7428,-1708,-5470,-95,37,66
2195719892,-3754,7440,-1816,7,-229,-117,-15752,0,-15537,0,8160,8192,6092,1338,-6116,-94,36,57
2195769892,-3346,6964,-2130,155,-207,-41,0,0,-7,-1,-16750,0,5804,5412,-5062,-101,57,41
2195819892,-2372,5830,-1674,264,-265,-119,-16747,0,-15537,0,8160,8192,5028,4154,-6558,-113,71,35
2195869892,-3594,7568,-1958,244,-224,-34,-15746,0,-15537,0,8160,8192,6498,542,-5950,-95,28,41
2195919892,-3644,7780,-2232,-38,228,554,0,0,-7,-1,-16744,0,5442,1188,-6564,-110,24,27
2195969892,-2666,7026,-2172,95,-62,117,-17743,0,-15537,0,8160,8192,7336,1664,-4990,-99,-21,31
2196019892,-2724,7020,-2124,97,-73,272,8160,8192,0,0,645,8192,4132,610,-7660,-117,-6,24
2196069892,-3360,7946,-2980,120,-109,101,8160,8192,-25932,-32028,645,8192,5182,2052,-6790,-110,21,24
2196119892,-2932,7850,-2378,174,-111,119,0,0,-7,-1,-15737,0,5906,2420,-5888,-105,30,22
2196169892,-4082,7778,-2098,135,230,617,-15736,0,-15537,0,8160,8192,6206,80,-5986,-115,26,17
2196219892,-3652,7648,-1580,179,52,388,0,0,-7,-1,-16733,0,6062,962,-5906,-104,45,21
2196269892,-3386,7074,-1926,139,29,342,0,0,-7,-1,-15731,0,5896,546,-6162,-113,11,19
2196319892,-3636,7220,-2032,145,52,579,8160,8192,0,0,645,8192,5434,482,-6186,-108,-24,24
2196369892,-3652,7070,-1982,127,-36,216,-15725,0,-15537,0,8160,8192,5832,404,-6042,-110,44,29
2196419892,-2744,7562,-2538,99,-177,-61,8160,8192,-3612,-32023,645,8192,6064,1696,-5820,-113,57,29
2196469892,-2388,7670,-2678,92,-213,-215,0,0,-7,-1,-16718,0,6052,1280,-5622,-113,69,31
2196519892,-3400,7558,-2086,206,38,394,-16717,0,-15537,0,8160,8192,5446,854,-6454,-99,55,37
2196569892,-3376,7478,-2298,47,-184,-71,-17714,0,-15537,0,8160,8192,5878,400,-5994,-104,25,29
2196619892,-3374,7528,-2128,83,-139,45,-17712,0,-15537,0,8160,8192,6176,666,-5798,-99,19,24
2196669892,-3842,7358,-1926,70,-157,-30,-17710,0,-15537,0,8160,8192,5566,100,-6150,-97,38,24
2196719892,-4084,7082,-1466,102,-112,47,8160,8192,0,0,645,8192,5882,-276,-5998,-101,28,28
2196769892,-3778,7094,-1792,74,-189,-83,8160,8192,18708,-32017,645,8192,5862,-214,-6088,-98,32,28
2196819892,-4300,7276,-1410,126,-91,110,-15704,0,-15537,0,8160,8192,6104,-356,-5924,-103,25,33
2196869892,-4228,7158,-1642,81,-139,0,8160,8192,-12364,-32016,645,8192,5928,-272,-5854,-105,37,28
2196919892,-3964,7382,-1694,60,-151,-12,8160,8192,0,0,645,8192,6030,-74,-5980,-104,21,24
2196969892,-4072,7286,-1580,112,-73,146,-17692,0,-15537,0,8160,8192,5984,-264,-5938,-107,31,26
2197019892,-4540,7146,-1336,182,29,380,8160,8192,6564,-32013,645,8192,6070,-654,-6048,-111,35,28
2197069892,-3896,7226,-1870,114,-92,32,-15689,0,-15537,0,8160,8192,6134,48,-5856,-108,68,27
2197119892,-3072,7578,-2424,90,-180,-83,-16687,0,-15537,0,8160,8192,5694,738,-6118,-113,42,32
2197169892,-3032,7268,-2502,177,-28,302,-17684,0,-15537,0,8160,8192,5542,1990,-6164,-113,36,40
2197219892,-1252,7738,-3730,-94,-493,-796,0,0,-7,-1,-15682,0,4978,3608,-6618,-101,19,37
2197269892,-980,7822,-3964,418,-881,-1103,-17680,0,-15537,0,8160,8192,6302,3826,-4950,-109,22,35
2197319892,-2066,8676,-3434,326,-988,-1666,0,0,-7,-1,-16678,0,4046,2720,-6234,-90,87,24
2197369892,-5038,6710,-168,773,-1241,-1266,8160,8192,0,0,645,8192,7366,-2698,-5236,-82,10,35
2197419892,-4446,7012,-2384,-384,443,904,0,0,-7,-1,-15675,0,6504,2106,-5738,-94,-3,14
2197469892,-4720,6900,-1902,191,-339,-297,-15671,0,-15537,0,8160,8192,6586,388,-5790,-101,26,26
2197519892,-5454,6600,-1544,97,173,648,-15669,0,-15537,0,8160,8192,3228,-728,-7650,-94,28,40
2197569892,-3192,6508,-1996,-117,-565,-729,-15667,0,-15537,0,8160,8192,5994,1178,-4328,-93,-44,26
2197619892,-5078,7676,-2150,533,-692,-404,8160,8192,16740,-32004,645,8192,6010,442,-5118,-116,35,31
2197669892,-4800,6606,-1386,27,-13,218,8160,8192,1204,-32003,645,8192,5472,-1066,-6702,-115,57,38
2197719892,-4412,6680,-1302,28,-162,489,0,0,-7,-1,-15659,0,8506,-354,-4674,-114,41,32
2197769892,-4902,6460,-962,46,90,309,8160,8192,0,0,645,8192,5510,-1122,-6218,-105,32,41
2197819892,-4816,6238,-980,21,-67,112,-15655,0,-15537,0,8160,8192,6400,-134,-4832,-118,66,23
2197869892,-3118,5018,-30,99,-283,-4,-17653,0,-15537,0,8160,8192,6446,-522,-5786,-112,10,23
2197919892,-5646,6682,-1678,50,-265,-186,-15651,0,-15537,0,8160,8192,4710,240,-6816,-87,37,29
2197969892,-5104,6488,-1084,82,-225,-91,-15647,0,-15537,0,8160,8192,6344,-128,-5632,-104,6,23
2198019892,-5780,7350,-1574,5,-314,-55,0,0,-7,-1,-15645,0,5928,102,-5866,-94,28,37
2198069892,-5138,6566,-1434,57,-481,-296,-15641,0,-15537,0,8160,8192,5888,-356,-5958,-102,21,24
2198119892,-5398,6516,-682,160,211,99,0,0,-7,-1,-16638,0,4624,-982,-6918,-103,8,33
2198169892,-5290,6084,-422,-69,317,508,-15633,0,-15537,0,8160,8192,5570,-694,-6488,-106,20,29
2198219892,-5692,6466,-776,73,453,459,8160,8192,26916,-31995,645,8192,6192,-1454,-5708,-115,58,25
2198269892,-5758,6080,-584,19,347,475,-15630,0,-15537,0,8160,8192,5820,-1642,-6024,-104,60,35
2198319892,-5716,6166,-800,54,50,123,-16629,0,-15537,0,8160,8192,5832,-1240,-6076,-100,61,36
2198369892,-5454,6380,-992,166,-184,-126,8160,8192,-19692,-31993,645,8192,5860,-966,-6092,-110,45,37
2198419892,-5230,6658,-1140,103,-201,72,8160,8192,0,0,645,8192,5676,-812,-6102,-107,31,27
2198469892,-5644,6582,-738,29,138,565,8160,8192,0,0,645,8192,5100,-1534,-6264,-101,35,31
2198519892,-5306,5986,-490,-56,261,562,0,0,-7,-1,-15619,0,6144,-1674,-6110,-99,25,30
2198569892,-5254,6140,-764,7,197,377,-15615,0,-15537,0,8160,8192,6412,-1010,-6020,-98,38,23
2198619892,-5706,6780,-782,140,12,345,-15611,0,-15537,0,8160,8192,6136,-1736,-6034,-103,29,28
2198669892,-5878,7518,-1488,-89,148,395,-15607,0,-15537,0,8160,8192,4962,-1326,-5944,-126,39,24
2198719892,-4574,6162,-1136,136,-46,210,0,0,-7,-1,-15605,0,5198,308,-6608,-94,40,51
2198769892,-3600,5832,-1482,137,-60,204,0,0,-7,-1,-15603,0,6480,-1814,-6294,-93,85,48
2198819892,-4578,6914,-1552,18,-38,106,0,0,-7,-1,-15602,0,3306,-558,-7384,-91,38,52
2198869892,-3866,7718,-1946,41,-113,-173,8160,8192,0,0,645,8192,3216,770,-8210,-114,89,35
2198919892,-4042,7530,-1346,202,-41,130,-15597,0,-15537,0,8160,8192,632,-1218,-9246,-104,55,44
2198969892,-4022,7226,-2086,99,-120,28,8160,8192,-9516,-31984,645,8192,4590,1478,-7046,-115,58,32
2199019892,-2790,7080,-1756,152,-99,61,-15592,0,-15537,0,8160,8192,5412,1094,-5872,-102,35,38
2199069892,-3154,7736,-2288,226,-191,80,8160,8192,24948,-31982,645,8192,6630,1248,-6002,-115,29,30
2199119892,-3856,7886,-2248,74,158,519,0,0,-7,-1,-15587,0,5384,752,-6228,-112,35,27
2199169892,-3364,7292,-2470,71,16,320,0,0,-7,-1,-16584,0,5470,1042,-5982,-107,5,28
2199219892,-3256,7764,-2544,133,-170,-19,0,0,-7,-1,-15582,0,5868,1616,-6160,-112,26,25
2199269892,-2824,6782,-2432,135,35,395,-15580,0,-15537,0,8160,8192,5652,1050,-5852,-116,37,27
2199319892,-3382,7768,-2266,106,-81,191,-15578,0,-15537,0,8160,8192,5196,610,-6390,-108,25,26
2199369892,-4042,7608,-1838,217,49,461,0,0,-7,-1,-16576,0,5912,320,-5774,-105,31,25
2199419892,-3440,7502,-2192,94,-85,132,0,0,-7,-1,-16574,0,5016,446,-6012,-106,46,31
2199469892,-3960,7310,-2050,169,79,475,8160,8192,31732,-31976,645,8192,5392,184,-6260,-108,30,27
2199519892,-3564,7604,-1944,75,-131,54,-16569,0,-15537,0,8160,8192,5450,372,-6092,-109,11,29
2199569892,-3592,7210,-2050,153,-55,270,8160,8192,660,-31974,645,8192,5546,472,-6234,-112,19,32
2199619892,-4042,7206,-2004,68,-190,-108,-15565,0,-15537,0,8160,8192,5534,160,-6018,-112,25,37
2199669892,-3576,6886,-1656,119,-130,184,8160,8192,0,0,645,8192,5710,-534,-6154,-113,29,33
2199719892,-3904,7542,-1934,123,-129,45,-15561,0,-15537,0,8160,8192,6056,890,-5782,-117,24,31
2199769892,-2922,8194,-2902,154,-294,-334,0,0,-7,-1,-15558,0,5778,1464,-6072,-115,76,38
2199819892,-2502,6926,-2248,111,89,446,8160,8192,-11484,-31971,645,8192,5742,1020,-5948,-101,92,25
2199869892,-2846,7556,-2568,80,-164,-127,8160,8192,0,0,645,8192,5686,1636,-5870,-104,65,37
2199919892,-3482,7522,-2114,112,-85,90,0,0,-7,-1,-16552,0,5672,476,-6026,-103,37,28
2199969892,-3724,7360,-1976,91,-85,139,-15550,0,-15537,0,8160,8192,5590,172,-6078,-102,15,24
2200019892,-4282,7010,-1438,90,-174,-61,0,0,-7,-1,-16548,0,5936,-1056,-6000,-93,25,23
2200069892,-4728,6966,-1296,135,-39,211,-15547,0,-15537,0,8160,8192,6078,-886,-5876,-100,16,18
2200119892,-4278,6906,-1364,85,-128,67,8160,8192,26372,-31966,645,8192,5924,-1028,-5940,-113,20,33
2200169892,-4446,7044,-1490,179,-31,283,0,0,-7,-1,-16541,0,5784,-674,-5966,-109,57,35
2200219893,-3856,7348,-1772,131,-119,6,-15539,0,-15537,0,8160,8192,5726,396,-5978,-102,87,34
2200269892,-2978,7152,-2430,97,-164,-66,8160,8192,0,0,645,8192,5798,1624,-5772,-116,40,26
2200319892,-1600,8116,-3608,79,-520,-769,-16533,0,-15537,0,8160,8192,5852,4066,-5720,-117,-22,32
2200369892,-756,8782,-4848,394,-1095,-1666,0,0,-7,-1,-17532,0,6028,5244,-6220,-105,-30,32
2200419892,-3780,8732,-2968,486,-781,-686,0,0,-7,-1,-17531,0,6328,2312,-5096,-64,-7,22
2200469892,-5328,7832,-2060,-199,-31,-69,-16529,0,-15537,0,8160,8192,4894,-284,-7750,-65,14,33
2200519892,-5720,7718,-2526,68,193,964,-16527,0,-15537,0,8160,8192,4984,136,-6396,-90,21,8
2200569892,-4188,7474,-2468,-142,-168,-349,0,0,-7,-1,-17525,0,6584,640,-4986,-104,47,23
2200619892,-4462,5584,-266,296,-82,339,-16523,0,-15537,0,8160,8192,5728,-1364,-5712,-99,-15,31
2200669892,-3478,7126,-2346,-113,-540,-745,-16174,0,-15537,0,8160,8192,7108,2074,-4524,-97,19,31
2200719892,-4792,7502,-2340,659,-1012,-953,8160,8192,0,0,645,8192,4748,-516,-6568,-110,37,30
2200769892,-4964,6962,-1498,145,-260,-213,-16517,0,-15537,0,8160,8192,5350,-258,-6366,-116,32,23
2200819892,-3700,6700,-1840,11,-191,314,-16515,0,-15537,0,8160,8192,6808,1338,-5332,-94,1,40
2200869892,-5626,8160,-2264,121,-141,237,-16513,0,-15537,0,8160,8192,8796,-330,-5200,-122,0,14
2200919892,-4306,6194,-1030,56,-54,267,8160,8192,-25596,-31954,645,8192,5734,-38,-5916,-111,60,23
2200969892,-4822,7246,-2084,50,-338,26,8160,8192,24404,-31953,645,8192,6674,302,-6042,-111,42,46
2201019892,-4752,6954,-1596,78,-255,-130,-16507,0,-15537,0,8160,8192,5486,-558,-6074,-103,37,42
2201069892,-4704,7096,-1304,3,-185,-3,-16506,0,-15537,0,8160,8192,6594,-734,-5700,-98,-2,27
2201119892,-4796,6474,-1244,13,-258,74,-16504,0,-15537,0,8160,8192,5574,-338,-6228,-112,26,10
2201169892,-5410,5798,-294,129,-46,2,8160,8192,27796,-31950,645,8192,5714,-490,-5784,-99,34,25
2201219892,-6212,6752,-1068,14,-113,-4,-16500,0,-15537,0,8160,8192,4790,-1760,-6370,-105,57,37
2201269892,-4492,5622,-856,-29,-38,109,-17498,0,-15537,0,8160,8192,7100,-610,-6078,-102,16,28
2201319892,-5060,6064,-642,80,484,384,-17495,0,-15537,0,8160,8192,4324,2,-8110,-111,29,23
2201369892,-5944,6330,-734,-37,449,565,-17493,0,-15537,0,8160,8192,5736,-1488,-6060,-99,41,29
2201419892,-5504,6206,-842,47,70,139,-16491,0,-15537,0,8160,8192,5782,-1332,-6016,-102,25,34
2201469892,-5364,6390,-964,160,-193,-73,-16488,0,-15537,0,8160,8192,5828,-1048,-6098,-103,31,32
2201519892,-5548,6462,-1048,59,-99,72,-18486,0,-15537,0,8160,8192,5978,-880,-6004,-108,37,29
2201569892,-5480,6474,-870,61,-84,303,-16486,0,-15537,0,8160,8192,5828,-1076,-6146,-106,30,33
2201619892,-5342,6238,-786,20,70,297,8160,8192,19044,-31943,645,8192,5808,-1210,-6126,-108,24,25
2201669892,-5448,6568,-962,96,85,229,8160,8192,3508,-31942,645,8192,5454,-1320,-6274,-99,36,21
2201719892,-6062,6732,-706,55,225,606,-17480,0,-15537,0,8160,8192,5974,-1314,-5898,-95,44,37
2201769892,-5694,5442,-256,-125,423,829,8160,8192,0,0,645,8192,7624,-2334,-5716,-95,23,29
2201819892,-6512,7622,-498,100,129,344,-16476,0,-15537,0,8160,8192,5052,-2566,-6602,-97,44,29
2201869892,-5474,5770,-460,185,-91,121,0,0,-7,-1,-17473,0,5938,-1804,-5804,-113,71,39
2201919892,-4288,6706,-1848,-69,-18,20,-16472,0,-15537,0,8160,8192,5794,-1718,-5276,-97,92,55
2201969892,-5324,9010,-2808,39,-282,-300,8160,8192,-24172,-31938,645,8192,6418,494,-5960,-112,27,50
2202019892,-3076,6994,-1640,229,-97,94,-16469,0,-15537,0,8160,8192,4650,1930,-6320,-134,106,36
2202069892,-4518,9128,-1780,118,16,297,0,0,-7,-1,-17467,0,6720,1614,-3452,-98,56,57
2202119892,-4292,7030,-2152,160,-209,-209,-18464,0,-15537,0,8160,8192,5434,-524,-6502,-110,39,38
2202169892,-3730,7046,-2248,130,-97,147,-16462,0,-15537,0,8160,8192,6180,1766,-6282,-115,24,38
2202219892,-3546,7634,-2424,28,100,348,8160,8192,29220,-31934,645,8192,2376,2288,-7990,-114,44,28
2202269892,-3264,7328,-2084,122,-111,113,-16458,0,-15537,0,8160,8192,5012,-30,-6032,-109,-5,35
2202319892,-3276,7668,-2550,80,-6,200,-16456,0,-15537,0,8160,8192,5172,1748,-6320,-115,19,18
2202369892,-2942,7394,-2058,157,-83,163,-16454,0,-15537,0,8160,8192,6854,1318,-5220,-108,9,22
2202419892,-3390,7816,-2284,174,47,446,8160,8192,32612,-31931,645,8192,6224,640,-5820,-102,24,20
2202469892,-3744,7942,-2082,180,-4,329,-16450,0,-15537,0,8160,8192,5304,-180,-6296,-104,49,24
2202519892,-3828,8594,-1908,150,-35,226,-17447,0,-15537,0,8160,8192,5592,746,-6244,-107,42,24
2202569892,-3674,7618,-2136,144,-54,242,-16444,0,-15537,0,8160,8192,5818,828,-6004,-102,23,23
2202619892,-3830,7592,-2086,108,-66,238,-18442,0,-15537,0,8160,8192,5656,564,-6034,-117,-2,33
2202669892,-3638,7512,-2456,14,-263,-247,0,0,-7,-1,-16441,0,5492,1038,-6128,-115,22,29
2202719892,-3336,7646,-1890,124,-82,303,-16440,0,-15537,0,8160,8192,5614,342,-6246,-108,12,25
2202769892,-3624,7238,-2304,41,-216,-234,-18437,0,-15537,0,8160,8192,5698,910,-6026,-110,18,33
2202819892,-2822,7788,-2282,111,-123,158,-16436,0,-15537,0,8160,8192,5646,1280,-5948,-112,-2,25
2202869892,-3292,7358,-2274,98,92,404,-16434,0,-15537,0,8160,8192,6072,990,-5900,-106,33,25
2202919892,-3792,7302,-1898,118,-161,35,8160,8192,8324,-31923,645,8192,5582,220,-6366,-106,28,33
2202969892,-3710,7316,-1710,62,-156,-58,-18432,0,-15537,0,8160,8192,5820,48,-6028,-106,30,30
2203019892,-4094,7120,-1698,111,-125,60,-16429,0,-15537,0,8160,8192,5936,-116,-6012,-105,31,29
2203069892,-4016,7186,-1716,59,-112,7,0,0,-7,-1,-16428,0,5728,100,-6158,-100,27,24
2203119892,-4022,7148,-1776,95,-100,73,-16426,0,-15537,0,8160,8192,5980,-72,-5980,-105,26,29
2203169892,-3862,7198,-1726,65,-115,53,-17424,0,-15537,0,8160,8192,5674,180,-6044,-110,23,32
2203219892,-4024,7402,-1848,107,-121,25,0,0,-7,-1,-17422,0,5788,144,-6128,-103,36,31
2203269892,-3718,7278,-1764,154,-198,-96,8160,8192,30644,-31918,645,8192,5940,196,-5974,-104,42,30
2203319892,-3762,7318,-1900,94,-104,36,-16419,0,-15537,0,8160,8192,5772,340,-6042,-108,44,29
2203369892,-4078,7280,-1784,84,-71,131,-16418,0,-15537,0,8160,8192,5602,198,-6144,-105,39,31
2203419892,-4176,7284,-1660,128,-151,-24,-16415,0,-15537,0,8160,8192,5846,-222,-5972,-104,32,31
2203469892,-4120,7178,-1576,79,-65,106,-16414,0,-15537,0,8160,8192,6010,-230,-5950,-103,37,24
2203519892,-4324,7130,-1720,77,0,261,0,0,-7,-1,-17411,0,5608,-520,-6060,-108,41,31
2203569892,-4734,7120,-1454,194,69,380,8160,8192,2964,-31913,645,8192,5928,-508,-6086,-98,89,24
2203619892,-4276,7292,-1560,215,-103,-29,-16406,0,-15537,0,8160,8192,5624,-50,-5994,-122,112,34
2203669892,-2110,7830,-3262,-84,-391,-488,-16403,0,-15537,0,8160,8192,5738,3146,-5870,-135,-25,42
2203719892,-66,8766,-5484,364,-1193,-1808,8160,8192,21892,-31911,645,8192,5612,7106,-5844,-114,-41,38
2203769892,-818,8106,-3184,741,-1796,-2341,8160,8192,0,0,645,8192,5076,2800,-6602,-86,-43,39
2203819892,-4700,7810,-1750,-124,8,15,0,0,-7,-1,-17396,0,8660,2422,-2780,-74,52,34
2203869892,-4102,6766,-1608,-70,-99,-143,0,0,-7,-1,-16394,0,6704,778,-5906,-91,76,19
2203919892,-5932,7394,-1070,78,497,1130,8160,8192,25284,-31908,645,8192,5496,-42,-5962,-81,36,36
2203969892,-5578,6748,-1696,-296,388,582,0,0,-7,-1,-16390,0,6994,-390,-3956,-88,65,17
2204019892,-5000,6916,-1628,183,-337,61,-16389,0,-15537,0,8160,8192,7176,-832,-5452,-94,-9,30
2204069892,-4188,6146,-1182,120,-420,-610,0,0,-7,-1,-16386,0,6864,-248,-5422,-105,7,18
2204119892,-4870,7592,-1844,322,-536,-139,-18385,0,-15537,0,8160,8192,6372,-138,-6064,-107,-6,28
2204169892,-4404,7458,-2042,-12,-279,-65,8160,8192,0,0,645,8192,7554,-320,-4414,-118,23,22
2204219892,-4540,6350,-1356,183,-185,133,8160,8192,-2396,-31904,645,8192,4922,-12,-6250,-122,60,31
2204269892,-5158,6704,-1720,19,-107,307,8160,8192,0,0,645,8192,5904,-466,-5932,-108,60,45
2204319892,-5180,6662,-1458,61,-155,107,8160,8192,32068,-31902,645,8192,5342,-1102,-6504,-113,27,40
2204369892,-5074,6326,-1122,-43,-70,113,-16376,0,-15537,0,8160,8192,6470,200,-5838,-116,10,12
2204419892,-5538,6272,-796,108,-42,63,-16374,0,-15537,0,8160,8192,6002,-768,-5718,-102,26,34
2204469892,-4948,6376,-1024,32,-272,-111,-18371,0,-15537,0,8160,8192,5622,-644,-6380,-107,14,26
2204519892,-5428,6652,-916,90,-132,142,0,0,-7,-1,-17369,0,6346,-1134,-5666,-100,28,39
2204569892,-5462,6250,-854,42,-115,-93,-16367,0,-15537,0,8160,8192,5894,-1062,-6212,-115,50,30
2204619892,-5386,6138,-682,96,-41,21,0,0,-7,-1,-16365,0,5924,-828,-6124,-104,45,28
2204669892,-5380,6534,-1004,101,116,191,0,0,-7,-1,-16364,0,5770,-1058,-6034,-108,25,28
2204719892,-5530,6356,-844,50,178,268,0,0,-7,-1,-16362,0,5758,-1026,-6172,-98,44,30
2204769892,-5408,6374,-852,18,234,252,8160,8192,23316,-31895,645,8192,5778,-860,-6026,-107,31,32
2204819892,-5276,6398,-1094,56,-6,210,0,0,-7,-1,-16357,0,5998,-584,-5942,-104,44,33
2204869892,-5174,6090,-914,102,-99,156,-16355,0,-15537,0,8160,8192,6282,-852,-5784,-108,25,31
2204919892,-5274,6518,-894,53,67,439,-16354,0,-15537,0,8160,8192,6092,-1390,-5942,-99,21,31
2204969892,-5416,6766,-1128,-32,231,414,-16351,0,-15537,0,8160,8192,6046,-856,-5974,-116,27,22
2205019892,-5628,6386,-740,158,121,368,-16350,0,-15537,0,8160,8192,5438,-1348,-6046,-113,61,37
2205069892,-5688,6912,-1172,16,109,263,0,0,-7,-1,-17348,0,6662,-892,-5228,-110,39,28
2205119892,-5472,7482,-1538,93,-5,288,-18348,0,-15537,0,8160,8192,5136,-172,-8084,-99,83,50
2205169892,-4080,6380,-1230,101,-231,-158,-16346,0,-15537,0,8160,8192,6408,-558,-5532,-105,32,37
2205219892,-4034,7190,-1826,80,-147,-255,8160,8192,14564,-31888,645,8192,4872,576,-6564,-119,51,28
2205269892,-5736,7904,-2380,135,9,146,-16342,0,-15537,0,8160,8192,3566,-518,-7290,-109,40,34
2205319892,-4962,6376,-2182,-98,145,420,8160,8192,-16508,-31887,645,8192,8540,-2682,-2842,-107,19,31
2205369892,-3976,6098,-1204,40,275,458,-17339,0,-15537,0,8160,8192,7050,-120,-5254,-107,32,30
2205419892,-4634,7626,-1718,130,-10,232,-16337,0,-15537,0,8160,8192,6366,-78,-4126,-96,11,38
2205469892,-3970,7320,-2114,123,-198,-129,-16335,0,-15537,0,8160,8192,7114,724,-4396,-108,48,21
2205519892,-4062,8236,-2272,211,-175,5,-16333,0,-15537,0,8160,8192,6220,1072,-6066,-101,45,37
2205569892,-3862,7682,-2670,1,163,523,0,0,-7,-1,-16332,0,4650,370,-6830,-112,41,28
2205619892,-3058,7036,-2598,137,-27,247,0,0,-7,-1,-16330,0,4372,366,-6740,-105,32,26
2205669892,-3412,8358,-2658,74,-100,137,8160,8192,5812,-31881,645,8192,5644,1400,-5722,-106,16,24
2205719892,-3454,6778,-2080,151,-18,247,-16325,0,-15537,0,8160,8192,5248,888,-6554,-106,13,18
2205769892,-2932,7496,-1784,198,-260,14,8160,8192,0,0,645,8192,5538,1022,-6440,-107,-3,20
2205819892,-3340,7334,-1978,186,-75,216,-16321,0,-15537,0,8160,8192,5890,422,-6096,-111,8,24
2205869892,-3686,7852,-2150,102,-44,287,8160,8192,0,0,645,8192,6144,1074,-5970,-106,9,22
2205919892,-3268,7596,-2084,131,-35,177,0,0,-7,-1,-17316,0,6300,820,-5952,-110,33,25
2205969892,-3422,7420,-2294,186,-4,353,0,0,-7,-1,-16315,0,5542,1148,-6080,-113,51,29
2206019892,-3440,7372,-1912,96,-114,71,-18313,0,-15537,0,8160,8192,6054,224,-5858,-114,23,33
2206069892,-3820,7248,-1912,169,-51,209,8160,8192,12596,-31875,645,8192,5892,182,-6080,-114,56,35
2206119892,-3430,7416,-2120,66,-184,-114,-16308,0,-15537,0,8160,8192,5868,816,-5890,-103,44,28
2206169892,-3940,7228,-1878,149,-13,269,8160,8192,0,0,645,8192,5544,160,-6122,-107,30,30
2206219892,-3734,7196,-1910,87,-107,85,8160,8192,0,0,645,8192,5856,296,-5958,-105,18,25
2206269892,-3544,7510,-1974,38,-183,-57,8160,8192,15988,-31872,645,8192,5692,518,-6114,-100,3,25
2206319892,-3798,7276,-1890,129,-29,258,-16300,0,-15537,0,8160,8192,5696,256,-6124,-100,17,30
2206369892,-3940,7202,-1784,71,-166,-49,-16298,0,-15537,0,8160,8192,5870,-84,-6036,-99,33,25
2206419892,-4068,7262,-1564,125,-92,74,8160,8192,0,0,645,8192,5840,-76,-6046,-108,42,33
2206469892,-3986,7378,-1764,87,-109,86,0,0,-7,-1,-17295,0,5698,174,-6156,-114,28,33
2206519892,-3756,7368,-1922,101,-124,11,0,0,-7,-1,-17293,0,5660,314,-6204,-103,42,28
2206569892,-3910,7194,-1746,96,-99,113,8160,8192,-11692,-31868,645,8192,5716,-116,-6122,-106,10,29
2206619892,-4000,7134,-1626,111,-88,157,8160,8192,-27228,-31867,645,8192,5768,-372,-6138,-110,4,32
2206669892,-4288,7224,-1488,143,-54,155,0,0,-7,-1,-16289,0,5846,-586,-6006,-106,53,30
2206719892,-3938,7422,-1924,162,-42,73,0,0,-7,-1,-17286,0,5918,144,-6192,-95,118,26
2206769892,-3184,7858,-2624,143,-183,-279,-16284,0,-15537,0,8160,8192,6398,886,-6200,-120,167,33
2206819892,-1082,7800,-3872,143,-502,-665,-17281,0,-15537,0,8160,8192,5300,4058,-6058,-128,46,42
2206869892,-996,8328,-4250,517,-1352,-1900,8160,8192,26164,-31863,645,8192,5482,4388,-6192,-106,-42,36
2206919892,-2512,7302,-2276,386,-769,-713,-18276,0,-15537,0,8160,8192,5852,320,-6024,-68,-13,25
2206969892,-5248,7676,-1186,12,99,612,-16275,0,-15537,0,8160,8192,6630,-1606,-6094,-87,-14,14
2207019892,-3180,6424,-2188,-416,329,763,8160,8192,-20444,-31861,645,8192,5708,2404,-6044,-105,-9,22
2207069892,-5080,6600,-1736,254,-184,-171,8160,8192,0,0,645,8192,5080,-664,-6340,-87,17,41
2207119892,-4534,7772,-1994,78,-268,-79,8160,8192,0,0,645,8192,5662,448,-6140,-107,77,38
2207169892,-3762,7296,-2560,230,-756,-981,8160,8192,-1516,-31859,645,8192,4486,1266,-6590,-102,63,32
2207219892,-4576,7186,-1802,483,-728,-735,-16264,0,-15537,0,8160,8192,5756,-912,-6086,-114,3,20
2207269892,-5718,7032,-1854,-9,-6,252,-16261,0,-15537,0,8160,8192,4962,1684,-5992,-94,1,48
2207319892,-4734,7090,-2040,-41,-197,493,-16259,0,-15537,0,8160,8192,6244,-890,-5678,-112,22,12
2207369892,-4610,6196,-960,112,40,219,0,0,-7,-1,-17257,0,5686,-372,-6770,-120,30,25
2207419892,-5152,6954,-1742,45,-199,200,0,0,-7,-1,-16255,0,5156,-240,-6006,-109,62,37
2207469892,-5090,6826,-1544,49,-199,-119,-16252,0,-15537,0,8160,8192,7548,-438,-5264,-104,13,47
2207519892,-5040,6248,-1220,-8,-176,-3,-16251,0,-15537,0,8160,8192,3928,116,-8152,-113,10,16
2207569892,-5326,7028,-1356,71,-392,-215,0,0,-7,-1,-17248,0,6598,-42,-5848,-116,40,16
2207619892,-5630,6528,-936,130,-89,-85,8160,8192,-10268,-31852,645,8192,5146,-1174,-6274,-99,23,43
2207669892,-5300,6488,-1002,-40,-193,-146,8160,8192,-25804,-31851,645,8192,5654,-132,-6498,-104,49,30
2207719892,-5514,6512,-1378,79,-131,42,-18242,0,-15537,0,8160,8192,6098,-1634,-5498,-111,29,23
2207769892,-5334,6170,-826,15,343,343,0,0,-7,-1,-16240,0,5708,-1328,-6254,-106,-1,28
2207819892,-5666,6300,-658,-30,439,555,-18240,0,-15537,0,8160,8192,5638,-1240,-6306,-107,35,27
2207869892,-5514,6298,-864,-35,249,223,-16239,0,-15537,0,8160,8192,5766,-1108,-6114,-106,40,32
2207919892,-5490,6186,-1054,156,-127,144,0,0,-7,-1,-16237,0,5744,-1174,-6384,-103,18,28
2207969892,-5192,6550,-754,80,-85,45,0,0,-7,-1,-16236,0,5900,-1158,-6118,-107,23,30
2208019892,-5220,6346,-966,18,-51,258,-18234,0,-15537,0,8160,8192,5980,-926,-5938,-102,29,33
2208069892,-5052,6490,-1132,25,23,335,0,0,-7,-1,-16232,0,5444,-1000,-6412,-100,53,33
2208119892,-5542,6778,-850,103,140,404,-16230,0,-15537,0,8160,8192,4878,-1576,-6740,-95,79,28
2208169892,-5006,5904,-408,-79,309,538,-16229,0,-15537,0,8160,8192,6118,-1712,-5994,-95,64,24
2208219892,-6614,6552,-632,-31,342,739,-19227,0,-15537,0,8160,8192,7358,-1044,-5762,-94,56,25
2208269892,-6030,6410,-688,141,37,191,8160,8192,0,0,645,8192,5868,-2250,-5888,-114,85,25
2208319892,-5492,7296,-1204,17,-102,90,-16223,0,-15537,0,8160,8192,5256,-150,-6954,-102,34,45
2208369892,-3956,7740,-1548,20,-285,-270,-16221,0,-15537,0,8160,8192,5502,2348,-5030,-114,41,28
2208419892,-4564,7460,-1498,116,-84,153,-16218,0,-15537,0,8160,8192,6224,366,-4930,-126,32,43
2208469892,-2566,5652,-2424,31,-105,-85,-17217,0,-15537,0,8160,8192,8018,2208,-4734,-91,23,43
2208519892,-4388,8320,-3244,321,-260,-136,-16214,0,-15537,0,8160,8192,5632,464,-5374,-107,71,36
2208569892,-4222,7990,-2236,110,-18,254,-16211,0,-15537,0,8160,8192,4920,840,-7204,-108,46,38
2208619892,-4280,7922,-2632,20,108,420,-16210,0,-15537,0,8160,8192,7508,2088,-4608,-104,4,31
2208669892,-3484,7648,-2428,89,-115,190,8160,8192,-8844,-31836,645,8192,5428,364,-6070,-106,-32,35
2208719892,-3858,7954,-2106,119,31,346,-16206,0,-15537,0,8160,8192,5750,664,-6302,-117,-5,21
2208769892,-3796,7948,-1954,129,-24,257,0,0,-7,-1,-16203,0,7042,1618,-4830,-108,2,24
2208819892,-3388,8428,-2574,79,-120,-13,0,0,-7,-1,-16201,0,6126,1380,-5856,-107,44,21
2208869892,-3582,9256,-2818,158,-35,272,8160,8192,-5452,-31833,645,8192,5668,1806,-5166,-99,55,28
2208919892,-3310,7272,-2356,178,0,301,-16195,0,-15537,0,8160,8192,5472,998,-6234,-108,55,29
2208969892,-3312,7186,-2210,105,-63,194,0,0,-7,-1,-16193,0,5464,708,-6142,-102,16,24
2209019892,-3622,7492,-1902,47,-228,-75,-16191,0,-15537,0,8160,8192,5888,394,-6206,-119,4,26
2209069892,-3598,7576,-2236,110,-60,156,-16190,0,-15537,0,8160,8192,5434,680,-6232,-116,23,33
2209119892,-3238,7526,-2286,129,-261,-182,0,0,-7,-1,-16188,0,5804,1474,-5916,-113,28,28
2209169892,-3582,7712,-1904,163,-69,179,-16185,0,-15537,0,8160,8192,5864,314,-6178,-103,42,22
2209219892,-3446,7608,-2072,107,-4,266,-16183,0,-15537,0,8160,8192,5766,858,-6006,-111,18,31
2209269892,-3668,7728,-1874,150,-148,35,8160,8192,0,0,645,8192,5338,334,-6192,-115,52,33
2209319892,-4282,7392,-1666,124,-80,126,8160,8192,0,0,645,8192,5932,-144,-5970,-106,51,33
2209369892,-3686,7364,-1864,74,-194,-142,8160,8192,-29740,-31825,645,8192,5968,488,-5830,-105,58,27
2209419892,-4298,7250,-1478,165,-105,99,-16175,0,-15537,0,8160,8192,6162,-558,-5840,-107,30,29
2209469892,-3690,7236,-1926,46,-151,1,8160,8192,4724,-31823,645,8192,5778,408,-6032,-103,8,28
2209519892,-4052,7344,-1664,154,-170,12,-16169,0,-15537,0,8160,8192,5604,48,-6154,-105,1,32
2209569892,-3868,7292,-1606,65,-108,108,0,0,-7,-1,-16167,0,5782,118,-6040,-101,23,26
2209619892,-4120,7308,-1902,95,-86,40,-16165,0,-15537,0,8160,8192,5690,106,-6088,-108,30,30
2209669892,-3732,7326,-1728,145,-197,-20,0,0,-7,-1,-17163,0,5726,242,-6100,-108,32,32
2209719892,-3964,7240,-1706,93,-49,147,-17161,0,-15537,0,8160,8192,5948,46,-5976,-104,47,25
2209769892,-3956,7226,-1820,121,-149,12,-16159,0,-15537,0,8160,8192,5632,62,-6170,-104,35,26
2209819892,-4048,7136,-1732,86,-36,216,-16158,0,-15537,0,8160,8192,5822,-160,-5906,-106,36,29
2209869892,-4370,7190,-1498,130,-16,271,8160,8192,0,0,645,8192,5780,-304,-6028,-114,31,29
2209919892,-4050,7110,-1658,93,-67,190,-16155,0,-15537,0,8160,8192,5822,-382,-6074,-115,10,37
2209969892,-3776,7380,-1870,102,-106,210,0,0,-7,-1,-17153,0,6234,528,-5894,-116,-8,44
2210019892,-3444,7668,-2380,57,-151,-68,-17151,0,-15537,0,8160,8192,5876,1240,-6098,-106,20,21
2210069892,-1326,8168,-3808,166,-621,-970,-18149,0,-15537,0,8160,8192,5702,4406,-6228,-129,21,36
2210119892,350,8524,-4794,548,-1327,-1842,-16147,0,-15537,0,8160,8192,6234,6370,-5462,-99,55,33
2210169892,-1946,8760,-4054,498,-1469,-2324,-16146,0,-15537,0,8160,8192,4882,2688,-6730,-57,138,26
2210219892,-5118,7270,96,545,-287,193,0,0,-7,-1,-16144,0,2376,-3732,-8066,-104,65,30
2210269892,-4396,7490,-2492,-562,978,1632,8160,8192,18292,-31811,645,8192,5368,1838,-6452,-103,8,18
2210319892,-4440,5680,-8,166,-18,726,-17141,0,-15537,0,8160,8192,4234,-1190,-7116,-113,32,9
2210369892,-5810,6930,-1182,-107,305,742,-16139,0,-15537,0,8160,8192,3948,-682,-6880,-101,6,38
2210419892,-3256,7732,-2706,45,-892,-1315,-17137,0,-15537,0,8160,8192,4804,388,-7092,-107,22,38
2210469892,-4734,7790,-1614,801,-894,-803,-18134,0,-15537,0,8160,8192,5060,-348,-6424,-116,61,50
2210519892,-4536,6460,-1154,-128,35,258,0,0,-7,-1,-16132,0,5004,330,-5080,-114,30,28
2210569892,-4218,6734,-1440,57,-190,496,0,0,-7,-1,-16129,0,4874,-808,-6902,-112,45,33
2210619892,-5242,6624,-1176,108,37,155,-16127,0,-15537,0,8160,8192,6376,-1324,-6264,-108,16,50
2210669892,-5006,6332,-1232,64,-140,60,8160,8192,0,0,645,8192,4446,-576,-6708,-109,41,19
2210719892,-2266,4782,428,68,-260,78,-16124,0,-15537,0,8160,8192,6228,-528,-5706,-122,-21,28
2210769892,-4334,5820,-504,17,-162,74,8160,8192,-5996,-31804,645,8192,5660,-356,-5494,-88,42,27
2210819892,-5300,6420,-1076,98,-182,-119,8160,8192,-21532,-31803,645,8192,5350,-530,-6518,-110,13,21
2210869892,-6006,6888,-1072,70,-145,58,0,0,-7,-1,-17115,0,5054,-1192,-6154,-96,6,44
2210919892,-5178,6542,-928,0,-173,-149,-17113,0,-15537,0,8160,8192,5358,-1142,-6012,-99,24,30
2210969892,-5628,6750,-1042,177,-43,-10,8160,8192,-2604,-31801,645,8192,6358,-944,-5790,-109,13,29
2211019892,-5244,5718,-240,113,215,159,-18109,0,-15537,0,8160,8192,6514,-1134,-5874,-105,8,33
2211069892,-5548,6612,-836,63,279,316,0,0,-7,-1,-17107,0,5766,-1024,-6042,-105,27,33
2211119892,-5356,6368,-986,20,180,392,8160,8192,16324,-31798,645,8192,5300,-1148,-6812,-102,27,30
2211169892,-5672,6370,-674,113,17,130,-18103,0,-15537,0,8160,8192,5906,-1452,-6088,-101,30,29
2211219892,-5496,6652,-982,50,14,272,-16101,0,-15537,0,8160,8192,5842,-1230,-6052,-103,36,30
2211269892,-5550,7164,-1402,6,-40,258,8160,8192,-30284,-31796,645,8192,5956,-494,-5764,-97,47,30
2211319892,-5354,6810,-1248,32,48,291,-16095,0,-15537,0,8160,8192,5262,-996,-6550,-99,45,21
2211369892,-5732,6790,-1104,35,217,504,8160,8192,0,0,645,8192,5196,-1074,-6550,-99,55,28
2211419892,-5708,6440,-706,-42,343,644,-16091,0,-15537,0,8160,8192,5806,-1874,-6110,-113,60,16
2211469892,-5564,6028,-506,120,263,495,0,0,-7,-1,-16089,0,6778,-1338,-5534,-103,47,28
2211519892,-6538,7138,-546,198,4,313,-16088,0,-15537,0,8160,8192,6318,-428,-6320,-109,48,42
2211569892,-4256,6280,-1322,43,-156,13,8160,8192,7572,-31791,645,8192,4496,-698,-5884,-97,12,42
2211619892,-4168,8088,-1746,-13,-305,-207,0,0,-7,-1,-16083,0,3324,-1296,-5578,-100,5,27
2211669892,-3022,7096,-2108,39,-99,-159,-18081,0,-15537,0,8160,8192,7234,1478,-4422,-105,30,40
2211719892,-3180,6830,-1572,226,-22,271,-16079,0,-15537,0,8160,8192,4206,864,-8380,-104,38,31
2211769892,-3538,9078,-2674,198,-175,-34,-16077,0,-15537,0,8160,8192,4716,1000,-7138,-113,50,28
2211819892,-3142,7870,-2400,70,8,265,8160,8192,-4572,-31788,645,8192,5072,2070,-6782,-105,-3,40
2211869892,-2642,7960,-2816,123,-42,169,-16072,0,-15537,0,8160,8192,5844,3116,-5776,-109,25,40
2211919892,-1990,7790,-2920,161,-172,-62,0,0,-7,-1,-16070,0,5938,2800,-5610,-105,62,25
2211969892,-2986,8464,-2964,178,10,375,-16069,0,-15537,0,8160,8192,5642,1946,-6288,-109,58,23
2212019892,-2830,7462,-2172,41,156,582,-18067,0,-15537,0,8160,8192,5886,818,-5956,-105,27,22
2212069892,-3282,7494,-2328,144,-70,256,-16065,0,-15537,0,8160,8192,5644,444,-6260,-111,26,22
2212119892,-4066,7354,-1564,177,22,390,8160,8192,-32252,-31783,645,8192,5896,68,-5870,-114,26,27
2212169892,-3994,7226,-1874,161,8,467,0,0,-7,-1,-17062,0,5636,82,-6142,-113,7,22
2212219892,-3738,7572,-1914,80,-113,81,8160,8192,0,0,645,8192,5310,706,-6172,-119,24,32
2212269892,-2942,7462,-2690,71,-447,-463,8160,8192,-13324,-31781,645,8192,5612,644,-6126,-114,31,26
2212319892,-3498,7430,-2552,73,-39,106,8160,8192,-28860,-31780,645,8192,5930,1396,-5992,-107,34,26
2212369892,-3260,7560,-2086,300,-457,-353,8160,8192,0,0,645,8192,5670,754,-5902,-104,29,28
2212419892,-3366,7444,-1926,52,66,382,-18050,0,-15537,0,8160,8192,6026,516,-6094,-106,44,28
2212469892,-4254,7376,-2320,-5,124,518,8160,8192,-9932,-31778,645,8192,5812,312,-6148,-107,31,30
2212519892,-3614,6970,-1880,62,-258,-210,-16045,0,-15537,0,8160,8192,5916,126,-5922,-104,26,31
2212569892,-3786,7222,-1670,144,-224,-108,-16043,0,-15537,0,8160,8192,5750,-118,-6040,-108,40,35
2212619892,-4138,7120,-1652,71,-53,99,-17040,0,-15537,0,8160,8192,5650,78,-6110,-97,49,23
2212669892,-3736,7200,-1846,115,-192,-92,-16038,0,-15537,0,8160,8192,5648,234,-6104,-101,33,25
2212719892,-3860,7150,-1606,87,-77,146,0,0,-7,-1,-16036,0,5836,80,-5894,-108,23,30
2212769892,-3988,7196,-1698,75,-119,18,-17033,0,-15537,0,8160,8192,5930,92,-5906,-105,30,29
2212819892,-4082,7300,-1828,138,-127,19,-18031,0,-15537,0,8160,8192,5974,-6,-5942,-105,47,31
2212869892,-4044,7198,-1910,73,-66,92,-17029,0,-15537,0,8160,8192,5708,94,-6128,-109,38,29
2212919892,-3920,7162,-1648,90,-69,134,0,0,-7,-1,-17027,0,5714,206,-6106,-112,29,33
2212969892,-3746,7312,-1884,94,-127,7,-18025,0,-15537,0,8160,8192,5900,158,-5958,-109,32,31
2213019892,-4310,7216,-1710,87,8,285,-18025,0,-15537,0,8160,8192,5718,-220,-6168,-107,38,33
2213069892,-4020,7242,-1658,88,-83,110,0,0,-7,-1,-16022,0,5794,-66,-5932,-107,19,31
2213119892,-3822,7162,-1842,136,-66,190,-16020,0,-15537,0,8160,8192,5618,150,-6118,-113,29,33
2213169892,-4152,7264,-1568,125,-56,168,0,0,-7,-1,-16017,0,5676,-366,-6142,-102,30,29
2213219892,-4268,7434,-1688,148,-65,151,-17016,0,-15537,0,8160,8192,5756,-364,-6208,-107,54,33
2213269892,-2794,7622,-2692,82,-286,-284,0,0,-7,-1,-16013,0,5892,1604,-5882,-124,59,30
2213319892,-1650,8124,-3378,279,-627,-805,-16010,0,-15537,0,8160,8192,5544,3458,-6230,-113,45,32
2213369892,-1064,8252,-4294,412,-1172,-1668,-16008,0,-15537,0,8160,8192,4706,3918,-6822,-100,2,47
2213419892,-4454,7746,-1940,513,-631,-577,-16006,0,-15537,0,8160,8192,6496,-328,-5256,-80,44,22
2213469892,-3796,5656,-926,-199,189,87,-16004,0,-15537,0,8160,8192,6112,402,-6434,-92,83,20
2213519892,-4604,7040,-1540,69,0,288,-16001,0,-15537,0,8160,8192,6304,-348,-5120,-112,39,34
2213569892,-4714,6630,-1282,-71,50,335,0,0,-7,-1,-17000,0,5508,372,-6306,-96,-2,43
2213619892,-4706,6928,-1586,54,-187,-35,-15998,0,-15537,0,8160,8192,5762,278,-6294,-115,35,25
2213669892,-5942,8100,-2084,250,-325,-334,-15996,0,-15537,0,8160,8192,3940,-1424,-8438,-116,69,35
2213719892,-4560,6086,-830,195,-297,-232,8160,8192,-5116,-31759,645,8192,6104,202,-6650,-103,19,34
2213769892,-4910,7276,-1620,119,-178,106,-15992,0,-15537,0,8160,8192,5944,-80,-6194,-104,37,32
2213819892,-3756,6596,-1816,182,-567,-613,0,0,-7,-1,-16991,0,5106,-374,-6242,-106,31,41
2213869892,-4492,6966,-1648,166,-223,26,0,0,-7,-1,-15988,0,6994,1010,-5884,-106,-4,19
2213919892,-4972,7126,-1706,-34,-79,234,0,0,-7,-1,-15987,0,3996,194,-7296,-119,1,27
2213969892,-4468,7066,-1662,90,-118,182,0,0,-7,-1,-15985,0,5690,-448,-5870,-108,33,27
2214019892,-4904,7056,-1518,92,-139,-13,-15983,0,-15537,0,8160,8192,5500,50,-5882,-110,-11,43
2214069892,-4946,6868,-1622,81,-164,251,0,0,-7,-1,-15980,0,5200,-278,-6632,-100,72,36
2214119892,-4998,6702,-1272,71,-73,136,-15978,0,-15537,0,8160,8192,5792,-210,-5860,-114,39,27
2214169892,-5132,6408,-604,112,-59,212,-15976,0,-15537,0,8160,8192,6386,-530,-5508,-105,39,35
2214219892,-5292,6014,-898,-2,-90,1,-15973,0,-15537,0,8160,8192,5324,-1156,-6660,-107,33,21
2214269892,-5532,6464,-880,99,-52,-4,-15971,0,-15537,0,8160,8192,5492,-874,-6254,-102,19,23
2214319892,-5260,6300,-1102,-21,-133,15,8160,8192,5060,-31749,645,8192,5798,-1066,-6168,-99,20,27
2214369892,-5566,6364,-738,143,-50,103,-15968,0,-15537,0,8160,8192,5758,-1102,-6152,-106,32,29
2214419892,-5844,6668,-738,80,64,315,8160,8192,-26012,-31748,645,8192,5626,-1176,-6012,-105,54,29
2214469892,-5704,5912,-166,105,209,445,-16963,0,-15537,0,8160,8192,6376,-2000,-5808,-99,59,34
2214519892,-6566,7090,-726,-55,427,602,8160,8192,8452,-31746,645,8192,6064,-2114,-6026,-101,61,25
2214569892,-6026,5854,-316,-1,424,780,0,0,-7,-1,-15956,0,8156,-3062,-4382,-98,102,26
2214619892,-5394,6222,-898,-38,81,46,0,0,-7,-1,-15954,0,6184,-938,-6320,-118,61,45
2214669892,-4228,5684,88,248,-234,-265,8160,8192,27380,-31744,645,8192,6220,-2214,-4530,-122,-33,45
2214719892,-3222,6748,-1714,-46,-181,-221,-15948,0,-15537,0,8160,8192,5642,568,-5594,-112,-17,57
2214769892,-3752,7378,-2018,243,-274,-339,-16946,0,-15537,0,8160,8192,5146,726,-6138,-112,25,50
2214819892,-3682,7834,-2606,28,97,252,8160,8192,-19228,-31742,645,8192,3698,544,-6578,-114,50,31
2214869892,-3208,7804,-2530,-96,271,615,8160,8192,30772,-31741,645,8192,5058,1512,-6308,-103,11,32
2214919892,-3492,8044,-2660,34,267,653,8160,8192,0,0,645,8192,5160,1882,-6554,-115,27,21
2214969892,-3974,7854,-2342,200,-60,255,8160,8192,-300,-31740,645,8192,5162,690,-6460,-105,14,13
2215019892,-2644,7360,-2198,-28,122,473,-15933,0,-15537,0,8160,8192,5572,2110,-6072,-95,15,16
2215069892,-3360,8040,-2344,148,-32,112,0,0,-7,-1,-15932,0,6050,1154,-5394,-100,70,14
2215119892,-2934,7542,-2540,271,-403,-408,-15930,0,-15537,0,8160,8192,6154,944,-6098,-103,101,22
2215169892,-3736,7494,-2362,98,84,276,8160,8192,0,0,645,8192,5648,788,-5874,-102,72,26
2215219892,-3718,7178,-1982,137,-144,193,-15925,0,-15537,0,8160,8192,5796,368,-6254,-116,6,30
2215269892,-4098,7576,-1710,6,188,700,-15922,0,-15537,0,8160,8192,5518,98,-6046,-110,-18,26
2215319892,-3456,7318,-2284,76,-62,160,0,0,-7,-1,-16919,0,5840,556,-6144,-116,19,30
2215369892,-2684,7612,-2686,44,-243,-114,-15918,0,-15537,0,8160,8192,5854,1488,-5792,-110,7,25
2215419892,-2962,7610,-2284,207,-287,-195,0,0,-7,-1,-15916,0,5834,540,-6038,-103,36,25
2215469892,-3798,7330,-2058,2,163,511,0,0,-7,-1,-15914,0,5390,654,-6006,-109,51,34
2215519892,-3534,7302,-2024,115,-279,-267,0,0,-7,-1,-15912,0,5560,132,-6150,-113,64,33
2215569892,-4460,6840,-2052,42,85,267,-15908,0,-15537,0,8160,8192,5684,-102,-6174,-106,56,33
2215619892,-3960,7114,-1854,86,-103,19,-15904,0,-15537,0,8160,8192,5820,182,-6046,-95,50,26
2215669892,-4082,7264,-1970,54,-159,-45,-15902,0,-15537,0,8160,8192,5856,-74,-6040,-103,3,26
2215719892,-4220,7304,-1796,66,-84,146,-17900,0,-15537,0,8160,8192,5824,-128,-6102,-108,-1,31
2215769892,-4144,7330,-1784,104,-98,83,-15898,0,-15537,0,8160,8192,5730,-164,-6094,-106,30,31
2215819892,-4006,7366,-1738,104,-98,62,-17896,0,-15537,0,8160,8192,5620,-86,-6150,-102,36,34
2215869892,-3860,7428,-1862,128,-84,97,-15893,0,-15537,0,8160,8192,5714,472,-6132,-110,53,25
2215919892,-3468,7368,-2074,101,-163,-91,-15889,0,-15537,0,8160,8192,6026,894,-5792,-109,24,30
2215969892,-3824,7396,-2058,123,-111,89,8160,8192,0,0,645,8192,5894,648,-5948,-104,40,31
2216019892,-3894,7398,-1908,70,-151,-71,8160,8192,0,0,645,8192,5744,164,-6016,-103,29,39
2216069892,-3832,7024,-1480,121,-199,-76,0,0,-7,-1,-15884,0,5696,-382,-6008,-98,24,25
2216119892,-4002,7406,-2268,3,-165,-99,-15884,0,-15537,0,8160,8192,5586,888,-6086,-107,3,29
2216169892,-2274,8034,-3386,254,-767,-1356,-17882,0,-15537,0,8160,8192,5066,3474,-6166,-113,44,23
2216219892,-2188,7602,-3224,619,-1204,-1511,8160,8192,0,0,645,8192,5416,1900,-6200,-95,41,35
2216269892,-3630,6506,-652,139,-357,-433,0,0,-7,-1,-15876,0,6642,440,-5866,-88,19,31
2216319892,-5304,7000,-1348,-267,742,1377,0,0,-7,-1,-16874,0,5552,-660,-6448,-100,8,26
2216369892,-5700,7480,-2106,-218,395,704,-15872,0,-15537,0,8160,8192,6042,-226,-5712,-110,16,28
2216419892,-5300,6760,-798,196,-133,179,-15869,0,-15537,0,8160,8192,5548,-1112,-6056,-93,29,37
2216469892,-4812,6674,-1234,25,-198,-170,8160,8192,0,0,645,8192,5690,-204,-6316,-99,36,18
2216519892,-3954,7478,-2730,309,-850,-1260,8160,8192,-23164,-31716,645,8192,5756,1672,-6138,-110,54,32
2216569892,-4858,7614,-1614,604,-799,-714,0,0,-7,-1,-15863,0,5842,1542,-5286,-99,61,47
2216619892,-4080,6994,-2118,-111,-115,-44,-15860,0,-15537,0,8160,8192,5054,676,-6308,-101,38,29
2216669892,-4488,7482,-2308,147,-203,89,8160,8192,0,0,645,8192,4730,716,-6328,-106,12,29
2216719892,-4626,6976,-1968,88,-174,11,-15856,0,-15537,0,8160,8192,5250,536,-6218,-114,46,21
2216769892,-4454,6660,-1296,183,-213,-55,8160,8192,30228,-31712,645,8192,6138,724,-5764,-101,21,37
2216819892,-4940,7292,-1878,107,-185,15,8160,8192,0,0,645,8192,5404,98,-6734,-108,25,25
2216869892,-4772,6678,-1306,61,22,281,-17846,0,-15537,0,8160,8192,5206,-1040,-6144,-111,45,22
2216919892,-5796,7278,-1992,26,-63,297,8160,8192,-16380,-31710,645,8192,5154,88,-6320,-114,34,28
2216969892,-5296,6688,-1142,68,-16,254,8160,8192,-31916,-31709,645,8192,5714,-990,-5994,-94,9,39
2217019892,-4852,5994,-596,86,-73,166,0,0,-7,-1,-15839,0,6104,-982,-5962,-112,11,19
2217069892,-5410,6084,-590,88,-101,66,-15839,0,-15537,0,8160,8192,6428,-1452,-5586,-109,18,35
2217119892,-5686,6526,-916,84,-120,54,-15837,0,-15537,0,8160,8192,5540,-906,-6150,-107,43,34
2217169892,-5848,6250,-1010,35,-108,-97,8160,8192,0,0,645,8192,6212,-1168,-6010,-112,20,27
2217219892,-5050,6492,-1100,48,-177,-18,-15832,0,-15537,0,8160,8192,5646,-766,-6076,-107,34,30
2217269892,-5232,6490,-1104,113,-133,24,0,0,-7,-1,-15829,0,5862,-688,-5988,-104,26,32
2217319892,-5746,6682,-698,136,75,278,8160,8192,-9596,-31704,645,8192,5766,-928,-6182,-104,29,31
2217369892,-5780,6554,-842,88,102,279,0,0,-7,-1,-15825,0,5762,-1140,-6448,-107,76,39
2217419892,-5698,7028,-1228,91,158,387,8160,8192,24868,-31702,645,8192,5068,-1146,-6560,-102,101,30
2217469892,-5732,6442,-688,134,218,374,-15822,0,-15537,0,8160,8192,6152,-1652,-6036,-100,97,21
2217519892,-5656,6380,-876,-27,238,584,0,0,-7,-1,-15818,0,5382,-894,-7098,-91,46,23
2217569892,-5440,6384,-1018,27,142,380,-15815,0,-15537,0,8160,8192,5096,-1960,-6334,-102,42,30
2217619892,-4688,5688,-500,94,-44,212,8160,8192,0,0,645,8192,5094,-2216,-6592,-92,-23,49
2217669892,-3964,7324,-2010,22,-275,-381,8160,8192,12724,-31698,645,8192,7434,2278,-5772,-104,-12,38
2217719892,-4354,7198,-1444,278,-192,-158,-15809,0,-15537,0,8160,8192,5698,-1042,-5516,-102,7,47
2217769892,-4660,7918,-2250,-57,149,236,-15805,0,-15537,0,8160,8192,7024,634,-5008,-112,37,28
2217819892,-3644,7272,-1976,-31,308,622,8160,8192,0,0,645,8192,6064,24,-5600,-100,-5,30
2217869892,-4130,7650,-1964,-99,499,978,0,0,-7,-1,-16801,0,5160,814,-6454,-123,27,23
2217919892,-3466,7406,-2170,119,31,320,8160,8192,580,-31694,645,8192,5440,1124,-6090,-109,18,30
2217969892,-2222,7562,-3386,224,-622,-863,-15795,0,-15537,0,8160,8192,4572,1904,-6802,-107,52,28
2218019892,-2862,8528,-3508,365,-452,-436,8160,8192,0,0,645,8192,5120,2278,-6510,-107,51,25
2218069892,-2720,7468,-3032,18,58,322,8160,8192,0,0,645,8192,5788,1912,-5976,-116,32,22
2218119892,-3656,7646,-2172,73,198,757,-16788,0,-15537,0,8160,8192,5550,744,-6352,-113,9,24
2218169892,-4102,7432,-1846,-122,421,914,-17787,0,-15537,0,8160,8192,5908,118,-6066,-112,19,21
2218219892,-4364,7184,-1696,199,69,497,8160,8192,0,0,645,8192,6160,382,-5950,-117,16,30
2218269892,-3938,7302,-1774,83,-187,-107,-17782,0,-15537,0,8160,8192,5890,4,-5764,-114,45,32
2218319892,-3394,7402,-2142,109,-179,-101,-15781,0,-15537,0,8160,8192,5488,422,-6216,-108,44,29
2218369892,-3626,7520,-2168,121,-138,132,-18779,0,-15537,0,8160,8192,5774,950,-6008,-106,33,29
2218419892,-3694,7280,-1872,123,-59,98,-16777,0,-15537,0,8160,8192,5722,266,-6182,-104,28,34
2218469892,-3836,7144,-1866,82,33,315,0,0,-7,-1,-16774,0,5798,216,-6252,-109,24,28
2218519892,-3278,7292,-2286,50,-209,-127,8160,8192,10756,-31685,645,8192,5834,786,-5974,-103,32,30
2218569892,-3980,7334,-1878,144,-154,105,0,0,-7,-1,-15769,0,5822,84,-6036,-106,25,30
2218619892,-4186,7402,-1784,44,-94,41,-15765,0,-15537,0,8160,8192,5778,-144,-6080,-105,19,28
2218669892,-4414,7218,-1604,113,-70,133,8160,8192,29684,-31683,645,8192,5732,-296,-6184,-104,35,29
2218719892,-4036,7422,-1722,81,-84,73,0,0,-7,-1,-16760,0,5548,160,-6218,-108,29,31
2218769892,-3856,7116,-1722,112,-106,98,-16758,0,-15537,0,8160,8192,5660,-38,-5978,-111,34,36
2218819892,-3974,7108,-1760,135,-20,169,0,0,-7,-1,-16754,0,5846,-70,-6066,-108,63,28
2218869892,-3922,7362,-1642,134,-137,-34,-15752,0,-15537,0,8160,8192,5586,-132,-6238,-103,63,26
2218919892,-3618,7226,-1990,136,-114,42,8160,8192,0,0,645,8192,5950,454,-5964,-113,58,36
2218969892,-3846,7062,-1684,145,-50,139,0,0,-7,-1,-16748,0,5794,-392,-5850,-97,54,30
2219019892,-4560,7208,-1374,207,29,372,0,0,-7,-1,-15746,0,5770,-672,-6166,-111,66,40
2219069892,-1392,7726,-3662,-84,-559,-876,-15743,0,-15537,0,8160,8192,5500,3838,-5534,-132,38,29
2219119892,-256,8634,-4964,557,-1468,-2164,8160,8192,20932,-31676,645,8192,5800,4856,-5724,-106,-30,37
2219169892,-3034,8642,-2684,545,-999,-1080,-15739,0,-15537,0,8160,8192,6526,1346,-5490,-73,5,28
2219219892,-4614,7148,-1172,-29,107,484,-15735,0,-15537,0,8160,8192,7350,-278,-4940,-77,0,19
2219269892,-4856,7568,-1994,-278,514,967,0,0,-7,-1,-15734,0,5414,964,-5952,-112,0,29
2219319892,-4740,6206,-1218,61,91,266,8160,8192,0,0,645,8192,6498,220,-5186,-96,26,32
2219369892,-5406,6652,-976,88,-40,258,0,0,-7,-1,-15730,0,5270,-792,-6630,-111,51,20
2219419892,-4526,6376,-1208,103,-343,-415,8160,8192,0,0,645,8192,4970,-482,-6550,-103,67,31
2219469892,-3750,7108,-2248,349,-878,-986,0,0,-7,-1,-15726,0,5232,1016,-6708,-101,29,30
2219519892,-4190,7090,-1410,388,-646,-636,-15723,0,-15537,0,8160,8192,5406,-646,-5294,-105,23,37
2219569892,-4206,7098,-2134,-81,-100,176,8160,8192,0,0,645,8192,5512,724,-6206,-105,30,26
2219619892,-4626,7424,-2236,90,-195,215,-15717,0,-15537,0,8160,8192,5576,436,-6518,-103,14,27
2219669892,-5032,7990,-2078,64,-141,117,8160,8192,-18892,-31668,645,8192,4842,1708,-6076,-109,16,27
2219719892,-4116,6250,-1268,109,-115,76,0,0,-7,-1,-15713,0,6080,412,-6416,-106,53,32
2219769892,-5346,6878,-1460,62,-51,172,-15710,0,-15537,0,8160,8192,4788,-234,-6914,-105,29,36
2219819892,-4998,6116,-978,13,-14,265,0,0,-7,-1,-16707,0,5430,-856,-6160,-106,57,30
2219869892,-4954,5974,-790,56,-84,78,8160,8192,0,0,645,8192,6446,-1100,-5280,-102,35,34
2219919892,-5896,6886,-1232,73,-83,73,-15703,0,-15537,0,8160,8192,5458,-1548,-6502,-109,42,35
2219969892,-5350,6746,-1080,124,-223,78,-15700,0,-15537,0,8160,8192,5864,-772,-5838,-105,24,22
2220019892,-5310,7024,-1286,65,-244,-6,8160,8192,3428,-31662,645,8192,5376,-880,-6320,-104,17,26
2220069892,-5356,6256,-820,95,-96,39,-16694,0,-15537,0,8160,8192,5828,-1014,-5994,-97,32,30
2220119892,-5760,6482,-758,83,-4,203,-15693,0,-15537,0,8160,8192,6018,-1378,-5992,-102,31,32
2220169892,-5660,6030,-362,93,117,413,0,0,-7,-1,-15691,0,6008,-1774,-6012,-107,63,29
2220219892,-6628,6342,-76,81,362,547,-17689,0,-15537,0,8160,8192,5866,-2784,-5776,-100,87,34
2220269892,-6730,5946,100,-72,532,770,-15685,0,-15537,0,8160,8192,6754,-2722,-5862,-98,54,26
2220319892,-6610,7004,-370,-23,374,652,-15684,0,-15537,0,8160,8192,4570,-2086,-7026,-101,37,51
2220369892,-5540,6930,-824,41,-118,-86,8160,8192,25748,-31657,645,8192,6002,-1588,-4464,-104,46,34
2220419892,-3698,5736,-1288,203,-244,-313,-17679,0,-15537,0,8160,8192,8782,1828,-6572,-100,14,38
2220469892,-3448,7344,-2514,171,-450,-628,-15675,0,-15537,0,8160,8192,5706,1104,-6602,-122,23,30
2220519892,-3670,7742,-2364,179,-72,80,-15671,0,-15537,0,8160,8192,2754,334,-8264,-101,33,29
2220569892,-3922,7010,-2672,-143,393,835,-17669,0,-15537,0,8160,8192,6604,1422,-5932,-109,2,27
2220619892,-2842,7192,-2248,-205,614,1158,8160,8192,0,0,645,8192,6256,1274,-5624,-101,32,28
2220669892,-2720,7588,-2828,130,-281,-347,-15665,0,-15537,0,8160,8192,6142,1938,-5186,-105,51,26
2220719892,-3236,8202,-2628,262,-315,-378,-15663,0,-15537,0,8160,8192,5300,1920,-6766,-107,84,25
2220769892,-3466,7852,-2308,124,-32,190,-16660,0,-15537,0,8160,8192,5522,688,-5774,-110,65,26
2220819892,-3592,7194,-2360,18,133,592,-15658,0,-15537,0,8160,8192,5984,574,-5968,-120,-18,30
2220869892,-3576,7666,-2202,103,-28,290,8160,8192,1460,-31649,645,8192,6400,830,-5628,-105,-12,19
2220919892,-3428,7530,-1910,18,190,677,-15656,0,-15537,0,8160,8192,5790,442,-6066,-113,5,19
2220969892,-4360,7224,-1802,173,93,553,-15743,0,-15537,0,8160,8192,6298,-28,-6074,-119,28,35
2221019892,-3148,7626,-2226,11,-338,-454,-15651,0,-15537,0,8160,8192,5530,1176,-6024,-120,44,34
2221069892,-3196,7984,-2030,227,-152,176,-15649,0,-15537,0,8160,8192,6132,1058,-6044,-116,26,33
2221119892,-2982,7630,-2706,61,-148,-239,8160,8192,-10684,-31646,645,8192,5772,1232,-6004,-101,50,26
2221169892,-3418,7402,-1844,158,-41,239,-16643,0,-15537,0,8160,8192,5614,572,-6234,-99,54,21
2221219892,-4120,6854,-1782,15,29,199,-15641,0,-15537,0,8160,8192,5942,-64,-6040,-108,47,31
2221269892,-4316,7092,-1506,174,-41,201,8160,8192,8244,-31643,645,8192,5862,-348,-5912,-103,59,32
2221319892,-4078,7266,-1728,69,-146,-41,0,0,-7,-1,-16637,0,5622,90,-6014,-104,37,29
2221369892,-4030,7154,-1678,92,-138,6,0,0,-7,-1,-16635,0,6038,-294,-5938,-104,19,28
2221419892,-4174,7212,-1506,112,-62,176,8160,8192,27172,-31641,645,8192,5790,-26,-5942,-108,17,30
2221469892,-3918,7356,-1778,98,-100,75,-15632,0,-15537,0,8160,8192,5622,-32,-6142,-107,23,32
2221519892,-3766,7368,-1902,98,-107,80,-17630,0,-15537,0,8160,8192,5608,412,-6172,-106,27,28
2221569892,-3778,7342,-1838,112,-106,66,0,0,-7,-1,-15627,0,5986,62,-6074,-106,36,31
2221619892,-3936,7308,-1830,109,-55,147,-15625,0,-15537,0,8160,8192,5830,-2,-6082,-107,31,35
2221669892,-3806,7192,-1854,116,-110,50,-15623,0,-15537,0,8160,8192,5756,-78,-6186,-107,40,33
2221719892,-4076,7112,-1656,124,-66,175,-17620,0,-15537,0,8160,8192,5786,-478,-6098,-99,26,35
2221769892,-4274,7238,-1728,169,-54,298,8160,8192,-16044,-31636,645,8192,5792,448,-6268,-111,20,28
2221819892,-1592,7536,-3710,-76,-533,-927,-17617,0,-15537,0,8160,8192,5574,3404,-5772,-126,1,27
2221869892,-932,8358,-3854,556,-1114,-1454,8160,8192,18420,-31634,645,8192,5958,3600,-5552,-96,4,28
2221919892,-3414,8590,-2908,137,-302,-192,-15613,0,-15537,0,8160,8192,5444,1060,-6462,-84,14,35
2221969892,-4288,6504,-1534,-4,-76,75,0,0,-7,-1,-15611,0,6104,-636,-5844,-97,48,16
2222019892,-4038,7400,-2102,28,-43,42,8160,8192,-28188,-31632,645,8192,6224,1604,-5846,-114,30,24
2222069892,-4756,7270,-1574,116,-63,162,-15607,0,-15537,0,8160,8192,6430,-414,-5936,-96,33,31
2222119892,-4394,6300,-1222,96,-276,-160,-15607,0,-15537,0,8160,8192,6262,-366,-5892,-93,-1,31
2222169892,-4028,6992,-1848,130,-449,-377,-15604,0,-15537,0,8160,8192,5952,1088,-6296,-113,35,14
2222219892,-4132,6890,-1744,447,-919,-1214,-15601,0,-15537,0,8160,8192,6278,-574,-5786,-102,43,30
2222269892,-4978,7476,-1780,281,-341,-147,-17599,0,-15537,0,8160,8192,5380,-196,-6928,-104,35,30
2222319892,-4160,6522,-1570,-25,-124,142,8160,8192,9668,-31627,645,8192,7058,562,-5564,-109,29,37
2222369892,-4930,6536,-1438,131,-46,212,-16595,0,-15537,0,8160,8192,4878,-92,-6728,-100,48,36
2222419892,-4714,6680,-1362,90,-128,84,0,0,-7,-1,-16592,0,5820,-830,-5766,-108,24,28
2222469892,-4798,6574,-1248,70,-125,152,8160,8192,28596,-31625,645,8192,6374,336,-5670,-110,48,20
2222519892,-4870,6554,-1222,93,-70,106,-15587,0,-15537,0,8160,8192,4706,-710,-6610,-116,47,26
2222569892,-5212,6606,-1014,38,-81,268,-16585,0,-15537,0,8160,8192,5724,-844,-5968,-94,12,41
2222619892,-5080,6322,-1092,68,-95,107,-15583,0,-15537,0,8160,8192,5618,-1266,-6354,-114,34,21
2222669892,-5436,6626,-1080,71,-215,-98,-15580,0,-15537,0,8160,8192,5416,-1294,-6324,-116,26,41
2222719892,-4724,6142,-722,-5,-148,59,8160,8192,16452,-31621,645,8192,6342,-762,-5704,-105,26,36
2222769892,-5634,6254,-890,74,-84,29,-15576,0,-15537,0,8160,8192,5954,-1330,-6058,-108,21,28
2222819892,-5566,6526,-794,-12,132,246,-17574,0,-15537,0,8160,8192,5946,-1400,-5928,-109,25,27
2222869892,-5448,6158,-630,11,78,282,-15572,0,-15537,0,8160,8192,5874,-1290,-6002,-100,37,27
2222919892,-5804,6640,-704,118,101,305,-15566,0,-15537,0,8160,8192,6122,-1302,-5920,-105,69,30
2222969892,-6082,5776,-8,112,218,519,-15564,0,-15537,0,8160,8192,6146,-2590,-5900,-98,86,26
2223019892,-6364,5196,732,-20,606,970,0,0,-7,-1,-16561,0,7390,-3482,-4806,-99,41,22
2223069892,-7844,7514,-644,-92,575,681,-15559,0,-15537,0,8160,8192,5992,-3138,-5404,-96,49,31
2223119892,-4642,5798,-662,122,-355,-406,0,0,-7,-1,-16556,0,3028,-1506,-6142,-100,28,37
2223169892,-3676,6168,-1358,20,-220,-229,-17554,0,-15537,0,8160,8192,4564,968,-6966,-108,47,52
2223219892,-3046,7716,-2940,143,-515,-893,8160,8192,-7836,-31614,645,8192,7236,1922,-4240,-117,23,32
2223269892,-4610,9486,-2042,283,-21,190,8160,8192,-23372,-31613,645,8192,2888,-1294,-8276,-118,49,32
2223319892,-3632,7098,-2012,-399,830,1354,0,0,-7,-1,-16546,0,6186,876,-6456,-105,-11,45
2223369892,-3206,8184,-2342,61,249,466,8160,8192,11092,-31611,645,8192,6052,2086,-5496,-109,28,23
2223419892,-3524,7918,-2902,345,-465,-665,0,0,-7,-1,-15541,0,6626,1990,-5432,-112,106,18
2223469893,-3196,8610,-2750,292,-329,-151,-16539,0,-15537,0,8160,8192,5882,1360,-6028,-107,35,21
2223519895,-3230,7142,-1818,-75,416,911,-16537,0,-15537,0,8160,8192,6040,1110,-5702,-116,-9,30
2223569892,-3550,7502,-2156,103,10,397,0,0,-7,-1,-16535,0,5948,950,-6044,-128,-22,24
2223619892,-2620,7310,-2386,26,4,343,-16532,0,-15537,0,8160,8192,5878,438,-5746,-110,-7,21
2223669892,-3540,7564,-2152,94,204,600,-17530,0,-15537,0,8160,8192,5772,1324,-6044,-122,20,36
2223719892,-2946,7524,-2414,58,-289,-183,0,0,-7,-1,-17528,0,5926,1158,-5656,-108,10,24
2223769892,-3194,7614,-2422,184,-182,-160,0,0,-7,-1,-17525,0,5560,944,-5980,-107,39,25
2223819892,-3802,7304,-1734,109,15,370,8160,8192,0,0,645,8192,5942,-56,-5676,-110,41,33
2223869892,-3906,7198,-1846,131,-82,109,0,0,-7,-1,-16520,0,5852,86,-6032,-103,66,23
2223919892,-4010,7144,-1662,159,-75,107,-16519,0,-15537,0,8160,8192,5796,-228,-6068,-106,67,29
2223969892,-4252,7056,-1580,159,-48,173,8160,8192,0,0,645,8192,5748,-144,-5940,-112,54,31
2224019892,-3514,7392,-2140,32,-221,-143,0,0,-7,-1,-17514,0,5632,686,-6046,-103,17,27
2224069892,-3760,7262,-1706,142,-124,88,8160,8192,-9804,-31601,645,8192,5834,6,-5958,-103,10,31
2224119892,-3974,7222,-1792,90,-27,217,-16509,0,-15537,0,8160,8192,5834,28,-5974,-107,27,30
2224169892,-4158,7236,-1564,136,-69,125,-16508,0,-15537,0,8160,8192,5658,-196,-6008,-106,41,29
2224219892,-3528,7326,-2290,53,-163,-68,-16505,0,-15537,0,8160,8192,5698,796,-6024,-110,37,36
2224269892,-3706,7434,-1712,183,-156,39,-16502,0,-15537,0,8160,8192,5922,140,-5938,-101,27,34
2224319892,-3826,7320,-1936,107,-48,190,0,0,-7,-1,-16499,0,5522,258,-5952,-106,20,28
2224369892,-3560,7644,-2054,118,-135,44,-16497,0,-15537,0,8160,8192,5992,860,-5988,-101,38,20
2224419892,-2192,7900,-3464,140,-537,-894,-16495,0,-15537,0,8160,8192,5568,2532,-5822,-111,60,15
2224469892,-1962,8376,-3166,507,-959,-1214,-16494,0,-15537,0,8160,8192,5728,3060,-5686,-102,47,32
2224519892,-3708,7312,-2264,266,-692,-1064,-16493,0,-15537,0,8160,8192,5610,1032,-5718,-88,52,28
2224569892,-3636,6490,-600,196,-288,-25,0,0,-7,-1,-17491,0,6218,-1056,-5810,-92,5,27
2224619892,-4814,6756,-1218,-441,735,1055,8160,8192,15908,-31592,645,8192,5402,-182,-6030,-98,5,25
2224669892,-5568,7734,-2066,-79,99,348,-16486,0,-15537,0,8160,8192,5488,86,-6360,-106,21,28
2224719892,-4718,6792,-1286,182,-411,-331,8160,8192,-15164,-31591,645,8192,5756,-310,-5938,-99,0,43
2224769892,-3928,6504,-1800,189,-660,-791,-16480,0,-15537,0,8160,8192,5702,174,-6078,-113,5,21
2224819892,-4002,6940,-1606,482,-896,-896,-16479,0,-15537,0,8160,8192,6836,952,-5406,-96,22,28
2224869892,-3398,7258,-2594,125,-588,-632,0,0,-7,-1,-16477,0,5226,2128,-6500,-106,57,37
2224919892,-4514,7304,-1910,328,-543,-423,-16475,0,-15537,0,8160,8192,5596,812,-6578,-106,33,42
2224969892,-4324,7030,-1902,-55,174,511,8160,8192,0,0,645,8192,6358,474,-5580,-101,41,35
2225019892,-5258,6930,-1884,24,-18,430,-17474,0,-15537,0,8160,8192,7072,800,-5308,-107,23,28
2225069892,-4740,6200,-1388,85,-41,239,8160,8192,0,0,645,8192,6112,-44,-5372,-114,41,27
2225119892,-4774,6582,-1460,96,-185,27,-16470,0,-15537,0,8160,8192,5660,-244,-6588,-106,18,39
2225169892,-4854,6192,-1076,52,-132,252,0,0,-7,-1,-16467,0,5812,-20,-6286,-105,54,42
2225219892,-5272,6516,-1332,10,-265,-20,8160,8192,26084,-31583,645,8192,5352,-218,-6158,-110,30,42
2225269892,-4602,5232,-738,72,-188,69,-17462,0,-15537,0,8160,8192,4902,-428,-7094,-110,29,22
2225319892,-6384,6812,-592,102,76,208,8160,8192,-4988,-31582,645,8192,5656,-1854,-6126,-105,21,17
2225369892,-5816,5916,-430,-44,68,340,-16461,0,-15537,0,8160,8192,5956,-1570,-5890,-100,50,33
2225419892,-5840,6140,-500,80,162,184,-18459,0,-15537,0,8160,8192,5756,-1788,-6128,-101,38,30
2225469892,-5958,6144,-434,-35,370,490,-16458,0,-15537,0,8160,8192,6016,-1864,-5926,-105,46,32
2225519892,-6592,6292,-304,25,421,617,8160,8192,0,0,645,8192,5816,-2694,-5790,-108,62,23
2225569892,-6556,6340,-130,29,221,646,8160,8192,-17132,-31578,645,8192,5350,-2660,-6320,-100,97,50
2225619892,-7074,7104,-330,47,287,465,0,0,-7,-1,-16452,0,6078,-2396,-5980,-113,60,17
2225669892,-6024,7422,-574,66,-33,169,-16451,0,-15537,0,8160,8192,6288,-134,-6082,-89,13,35
2225719892,-4078,6460,-812,35,-165,-229,8160,8192,1796,-31575,645,8192,5444,-662,-7228,-107,2,45
2225769892,-3302,6346,-1278,78,-164,-199,0,0,-7,-1,-16446,0,8078,1314,-4592,-106,-14,56
2225819892,-2610,7186,-2220,74,-281,-368,0,0,-7,-1,-16444,0,4686,1500,-7902,-110,26,37
2225869892,-3034,8172,-2026,163,-16,146,-16442,0,-15537,0,8160,8192,7968,3194,-4598,-109,20,35
2225919892,-3482,7496,-2080,18,351,839,-16439,0,-15537,0,8160,8192,6164,1160,-5904,-97,-18,40
2225969892,-2920,7616,-2894,-73,228,471,-18436,0,-15537,0,8160,8192,6232,1500,-5264,-105,17,26
2226019892,-3090,8138,-3204,218,-278,-333,-18434,0,-15537,0,8160,8192,5906,1610,-5600,-112,75,21
2226069892,-2774,7768,-1766,511,-353,-88,0,0,-7,-1,-16432,0,5812,636,-5732,-106,105,27
2226119892,-4136,7402,-1702,-4,465,1055,8160,8192,8580,-31569,645,8192,5358,332,-6450,-106,39,21
2226169892,-3542,7024,-1646,111,-76,281,-16428,0,-15537,0,8160,8192,5908,316,-5988,-129,-52,28
2226219892,-3180,6928,-1862,48,44,513,-18426,0,-15537,0,8160,8192,6448,600,-5394,-118,-31,32
2226269892,-3182,7172,-2630,49,-64,186,-16424,0,-15537,0,8160,8192,5504,1468,-6410,-121,-4,29
2226319892,-2606,7982,-2730,188,-413,-672,0,0,-7,-1,-17423,0,5888,1824,-5862,-112,44,29
2226369892,-2696,7770,-2434,164,-63,145,-16421,0,-15537,0,8160,8192,5930,1390,-5968,-100,29,26
2226419892,-3590,7508,-2206,-6,175,592,-16419,0,-15537,0,8160,8192,5766,744,-6134,-116,34,40
2226469892,-4032,7300,-1698,101,-180,-3,-16417,0,-15537,0,8160,8192,5856,-138,-5932,-109,44,39
2226519892,-4474,7060,-1520,157,-27,153,-18415,0,-15537,0,8160,8192,5822,-594,-6044,-102,59,21
2226569892,-4190,7104,-1546,91,-79,139,-16414,0,-15537,0,8160,8192,5856,-282,-5994,-94,16,22
2226619892,-4080,7432,-1716,35,-185,-14,-16412,0,-15537,0,8160,8192,5818,-130,-6140,-109,-5,30
2226669892,-4206,7252,-1716,114,-47,188,8160,8192,-31244,-31561,645,8192,5686,16,-6098,-113,26,34
2226719892,-3744,7202,-1810,113,-127,-25,-16408,0,-15537,0,8160,8192,5816,286,-5976,-110,56,33
2226769892,-3550,7326,-1982,132,-57,138,-16406,0,-15537,0,8160,8192,6134,352,-5936,-104,57,30
2226819892,-3530,7508,-2106,84,-163,-48,-16404,0,-15537,0,8160,8192,5614,558,-6078,-105,46,35
2226869892,-3440,7374,-1972,138,-76,90,0,0,-7,-1,-16403,0,5850,366,-6124,-101,45,28
2226919892,-3402,7546,-2142,77,-167,-36,-17400,0,-15537,0,8160,8192,5734,776,-6012,-107,35,35
2226969892,-3242,7410,-2192,89,-156,-15,0,0,-7,-1,-16397,0,5876,918,-5898,-108,33,32
2227019892,-2688,7788,-2968,78,-462,-542,8160,8192,0,0,645,8192,5014,2044,-6242,-103,1,27
2227069892,-2082,7660,-3592,336,-840,-1115,8160,8192,0,0,645,8192,5814,2844,-6140,-95,-11,28
2227119892,-3828,7852,-2124,363,-728,-981,-16393,0,-15537,0,8160,8192,5846,1240,-6442,-85,29,15
2227169892,-3110,6970,-1758,223,-569,-369,0,0,-7,-1,-16391,0,5746,544,-6578,-89,58,20
2227219892,-4990,7748,-2198,-157,307,589,-16389,0,-15537,0,8160,8192,5236,-732,-6640,-101,38,30
2227269892,-5512,7318,-1978,-74,146,443,-18387,0,-15537,0,8160,8192,5708,-80,-6340,-104,26,28
2227319892,-5088,7026,-1350,137,-225,-9,0,0,-7,-1,-16384,0,5480,-220,-6450,-95,29,37
2227369892,-4122,7392,-2480,128,-543,-699,0,0,-7,-1,-16382,0,5986,1326,-6262,-114,78,28
2227419892,-1858,5878,-534,578,-1131,-1055,-16380,0,-15537,0,8160,8192,5946,686,-6026,-102,23,34
2227469892,-4646,7066,-1834,93,-302,-336,0,0,-7,-1,-17378,0,4330,-170,-7454,-103,24,34
2227519892,-4542,7134,-1836,110,-143,228,-17375,0,-15537,0,8160,8192,6248,846,-5254,-111,35,20
2227569892,-3934,5828,-1002,68,45,457,-16373,0,-15537,0,8160,8192,6256,142,-5616,-101,2,36
2227619892,-5240,6628,-1626,85,-88,291,-16370,0,-15537,0,8160,8192,5350,-1078,-6352,-106,18,20
2227669892,-5710,8050,-2048,115,-146,118,8160,8192,-14284,-31546,645,8192,4504,-354,-6736,-110,43,34
2227719892,-5416,7168,-1646,59,-142,62,-16365,0,-15537,0,8160,8192,5636,442,-6340,-103,-2,38
2227769892,-4814,6646,-1446,27,-209,106,-16363,0,-15537,0,8160,8192,4794,-384,-6962,-102,36,30
2227819892,-5454,6812,-1528,67,-240,-40,0,0,-7,-1,-16363,0,5642,-1194,-6358,-111,33,35
2227869892,-5358,6568,-924,61,-103,159,-18361,0,-15537,0,8160,8192,5342,994,-5774,-102,41,33
2227919892,-5276,6600,-908,67,-149,14,-16359,0,-15537,0,8160,8192,5174,-1154,-6506,-109,23,27
2227969892,-5160,6534,-830,59,-98,142,-16356,0,-15537,0,8160,8192,5630,-1058,-6210,-98,50,37
2228019892,-5336,6750,-1224,17,69,154,-17354,0,-15537,0,8160,8192,5948,-626,-5888,-108,35,28
2228069892,-5388,6646,-812,83,189,371,-16353,0,-15537,0,8160,8192,6022,-1248,-5800,-110,19,31
2228119892,-5368,6392,-968,-68,78,315,0,0,-7,-1,-16350,0,5734,-1072,-6106,-104,29,31
2228169892,-5526,6450,-886,120,21,184,0,0,-7,-1,-16350,0,5566,-1038,-6202,-103,28,34
2228219892,-5438,6714,-898,97,-69,188,-16348,0,-15537,0,8160,8192,6130,-1074,-5754,-103,45,24
2228269892,-5712,6382,-406,112,234,414,-16346,0,-15537,0,8160,8192,6386,-1684,-6014,-103,58,31
2228319892,-5562,5914,-406,-64,447,720,0,0,-7,-1,-17344,0,7802,-646,-4040,-94,102,46
2228369892,-5876,5374,30,37,340,551,8160,8192,30356,-31535,645,8192,4538,-3182,-6588,-111,58,26
2228419892,-4820,5036,-848,25,104,329,-18340,0,-15537,0,8160,8192,5338,-650,-6738,-118,30,36
2228469892,-4468,5776,-504,36,-192,-113,-16337,0,-15537,0,8160,8192,6058,-802,-6222,-103,1,33
2228519892,-4628,6220,-1012,-4,-5,77,-15996,0,-15537,0,8160,8192,7526,-252,-4120,-102,-11,42
2228569892,-3782,8306,-2538,-72,-134,-206,-16332,0,-15537,0,8160,8192,5254,900,-6800,-107,24,32
2228619892,-3376,7076,-3142,272,-216,-184,-18329,0,-15537,0,8160,8192,5020,1910,-6726,-110,22,23
2228669892,-3078,8394,-3048,79,21,371,-18328,0,-15537,0,8160,8192,5798,1748,-6276,-114,5,28
2228719892,-2844,7918,-2876,111,-111,-82,-16326,0,-15537,0,8160,8192,4808,2466,-6652,-109,47,27
2228769892,-2328,7874,-2412,423,-385,-221,-16323,0,-15537,0,8160,8192,6560,1986,-5068,-108,81,20
2228819892,-3622,8982,-3088,145,141,508,0,0,-7,-1,-17321,0,6004,1294,-5792,-110,88,23
2228869892,-2822,7192,-2466,140,109,586,0,0,-7,-1,-16320,0,5768,1608,-6376,-107,71,28
2228919892,-3410,7346,-2086,20,231,724,8160,8192,-9468,-31527,645,8192,5784,214,-5798,-112,0,22
2228969892,-4072,7054,-1736,129,146,684,-16317,0,-15537,0,8160,8192,5558,340,-6198,-126,-58,26
2229019892,-3590,7364,-2042,52,-216,-27,-18315,0,-15537,0,8160,8192,6038,524,-5970,-116,-27,32
2229069892,-2884,7658,-2706,81,-210,-113,-18312,0,-15537,0,8160,8192,5964,1516,-5944,-113,28,20
2229119892,-3550,7752,-2188,148,-75,196,-16310,0,-15537,0,8160,8192,5382,440,-6250,-105,35,33
2229169892,-3188,7566,-2402,44,-117,-45,-16308,0,-15537,0,8160,8192,6302,884,-6108,-109,39,38
2229219892,-3182,7458,-2144,164,-163,-17,-18306,0,-15537,0,8160,8192,5780,1018,-6054,-106,42,30
2229269892,-3812,7382,-1996,32,-4,203,0,0,-7,-1,-16304,0,6034,-12,-6000,-108,48,34
2229319892,-4512,7062,-1466,115,-50,222,-16302,0,-15537,0,8160,8192,5812,-154,-6004,-100,17,26
2229369892,-3918,7360,-1986,11,-204,-202,0,0,-7,-1,-16300,0,5604,-68,-6150,-93,5,17
2229419892,-4244,7248,-1660,102,-86,183,-16297,0,-15537,0,8160,8192,5876,-198,-6082,-109,11,35
2229469892,-4146,7120,-1744,63,-42,144,-16294,0,-15537,0,8160,8192,5868,-32,-6006,-106,32,32
2229519892,-4020,7448,-1776,130,-109,75,-18291,0,-15537,0,8160,8192,5638,160,-6076,-106,54,30
2229569892,-3684,7492,-2036,111,-73,98,8160,8192,0,0,645,8192,5650,612,-6118,-104,50,29
2229619892,-3814,7544,-1936,142,-117,36,8160,8192,-30364,-31516,645,8192,5718,256,-6120,-104,65,29
2229669892,-3560,7292,-2008,100,-122,29,0,0,-7,-1,-16285,0,5708,440,-6034,-112,24,31
2229719892,-3524,7470,-2264,94,-183,-100,-16284,0,-15537,0,8160,8192,5540,724,-6214,-103,35,25
2229769892,-3640,7454,-2042,150,-282,-288,-16283,0,-15537,0,8160,8192,5932,396,-6068,-105,37,39
2229819892,-4130,7150,-1480,109,-60,117,-17281,0,-15537,0,8160,8192,5788,-122,-6076,-91,44,31
2229869892,-4152,6954,-1572,27,-35,122,0,0,-7,-1,-17279,0,6050,-82,-5894,-113,33,31
2229919892,-3376,7524,-2348,164,-380,-408,8160,8192,7492,-31511,645,8192,5778,1208,-6038,-108,29,32
2229969892,-3754,7832,-2374,196,-351,-373,-16274,0,-15537,0,8160,8192,5798,620,-5844,-105,33,31
2230019892,-3324,6634,-1882,56,-273,-211,8160,8192,-23580,-31510,645,8192,5566,544,-5928,-93,46,28
2230069892,-3456,7100,-2318,135,-333,-268,-16271,0,-15537,0,8160,8192,5954,818,-6096,-108,21,30
2230119892,-4016,7144,-1760,178,-252,-206,-16270,0,-15537,0,8160,8192,5426,664,-6328,-101,17,29
2230169892,-3828,6996,-1846,80,-222,-32,8160,8192,-4652,-31508,645,8192,6002,356,-5690,-101,7,29
2230219892,-4158,6896,-1828,122,-248,-161,0,0,-7,-1,-16268,0,4988,700,-6812,-102,55,29
2230269892,-3754,7662,-2738,224,-679,-900,-16267,0,-15537,0,8160,8192,5348,1582,-6394,-105,52,27
2230319892,-4036,7080,-1758,436,-663,-594,0,0,-7,-1,-17265,0,6308,562,-5882,-95,32,33
2230369892,-3728,6668,-2184,66,-375,-374,0,0,-7,-1,-16263,0,5834,1262,-6170,-111,53,24
2230419892,-1788,4562,-1204,237,-393,-30,0,0,-7,-1,-17262,0,8004,1128,-4320,-101,2,28
2230469892,-5000,6694,-1780,57,-172,-20,-18261,0,-15537,0,8160,8192,3704,-346,-7368,-101,29,36
2230519892,-4528,7080,-1638,148,-155,98,0,0,-7,-1,-17260,0,4880,372,-6256,-114,45,26
2230569892,-4006,6386,-1584,77,-178,132,0,0,-7,-1,-17258,0,4970,1584,-6314,-104,24,39
2230619892,-4902,7004,-2068,123,-181,99,-16255,0,-15537,0,8160,8192,6340,1406,-5914,-99,21,32
2230669892,-3634,6488,-1284,60,-151,44,8160,8192,0,0,645,8192,7770,738,-4290,-104,43,32
2230719892,-5206,6760,-1324,31,-33,179,-17251,0,-15537,0,8160,8192,5468,-52,-5952,-91,9,33
2230769892,-5152,6608,-1372,36,-262,98,-16249,0,-15537,0,8160,8192,5206,-286,-6002,-114,33,33
2230819892,-6056,7596,-1458,4,-199,264,-16247,0,-15537,0,8160,8192,6212,-2320,-5622,-108,-12,13
2230869892,-5414,6164,-556,-2,-60,26,5544,8192,-7,-1,-17185,0,5720,-950,-6476,-94,11,35
2230919892,-6354,6332,-840,88,206,351,-16242,0,-15537,0,8160,8192,5680,-1706,-5956,-110,19,23
2230969892,-5454,6284,-278,77,171,290,-16240,0,-15537,0,8160,8192,6162,-1482,-5938,-101,4,32
2231019892,-5644,6536,-778,-86,237,335,-17237,0,-15537,0,8160,8192,6022,-1192,-5954,-104,33,40
2231069892,-5604,6496,-692,21,291,360,-16235,0,-15537,0,8160,8192,5966,-1310,-5990,-107,46,27
2231119892,-6106,6488,-458,109,221,611,-16233,0,-15537,0,8160,8192,5818,-2012,-6064,-110,52,31
2231169892,-6020,5792,-24,-7,321,535,8160,8192,12308,-31492,645,8192,5904,-2442,-6386,-103,88,29
2231219892,-6056,6286,-54,99,56,471,0,0,-7,-1,-16230,0,4928,-2502,-6224,-95,60,35
2231269892,-7418,7966,-310,121,390,643,8160,8192,-18764,-31491,645,8192,5394,-3762,-6172,-88,102,49
2231319892,-5496,6410,-976,68,-218,-136,-17225,0,-15537,0,8160,8192,5682,-1052,-6592,-111,26,28
2231369892,-5546,7720,-1210,104,-71,105,8160,8192,0,0,645,8192,3174,-1806,-7588,-114,48,34
2231419892,-4828,8922,-2376,-47,-135,-90,0,0,-7,-1,-17221,0,7972,-84,-4128,-89,2,51
2231469892,-3696,7238,-1688,217,-198,-154,-17221,0,-15537,0,8160,8192,6008,792,-5700,-118,26,28
2231519892,-3276,6724,-1690,26,123,418,0,0,-7,-1,-16219,0,6070,1028,-4366,-102,31,30
2231569892,-3112,7684,-2778,39,-83,-7,8160,8192,19092,-31486,645,8192,5882,2612,-5984,-103,22,31
2231619892,-2832,7546,-2842,351,-472,-323,8160,8192,3556,-31485,645,8192,5552,2130,-6442,-122,33,24
2231669892,-2262,7190,-2556,187,-224,-134,-16212,0,-15537,0,8160,8192,5428,1418,-5576,-108,23,23
2231719892,-2692,7686,-2708,122,-63,217,-18212,0,-15537,0,8160,8192,6072,2206,-6370,-110,24,29
2231769892,-3604,7122,-1314,80,359,878,-16210,0,-15537,0,8160,8192,5220,288,-6136,-109,3,16
2231819892,-3668,6628,-2474,-98,455,836,0,0,-7,-1,-17208,0,6000,1310,-6112,-118,29,24
2231869892,-3384,7574,-2400,138,-198,-30,8160,8192,0,0,645,8192,5818,878,-6062,-118,32,22
2231919892,-4122,7436,-2126,62,104,435,-18204,0,-15537,0,8160,8192,5724,-46,-6410,-118,44,30
2231969892,-3214,7448,-2300,84,-149,-22,-16202,0,-15537,0,8160,8192,6176,1010,-5774,-118,24,32
2232019892,-2552,7864,-2806,144,-324,-341,-16201,0,-15537,0,8160,8192,5674,1512,-6006,-110,24,30
2232069892,-3188,7618,-2178,152,-35,280,0,0,-7,-1,-16199,0,5632,912,-6314,-107,32,27
2232119892,-3766,7486,-1926,72,95,360,8160,8192,-20732,-31478,645,8192,5646,444,-6200,-101,46,20
2232169892,-3746,7206,-1878,180,-104,161,8160,8192,29268,-31477,645,8192,5946,378,-6002,-107,67,25
2232219892,-3910,7184,-1732,123,-109,37,0,0,-7,-1,-17194,0,6038,-194,-6000,-111,49,33
2232269892,-3980,7214,-1784,97,-85,118,-16193,0,-15537,0,8160,8192,5666,162,-6078,-102,42,25
2232319892,-3796,7168,-1870,69,-155,-7,0,0,-7,-1,-17190,0,5936,-48,-5978,-111,4,31
2232369892,-4106,7244,-1652,99,-75,164,8160,8192,0,0,645,8192,5812,-186,-6044,-104,12,30
2232419892,-3744,7208,-2024,93,-112,47,-18184,0,-15537,0,8160,8192,5810,208,-5988,-110,23,36
2232469892,-3376,7364,-2120,81,-156,-62,-16182,0,-15537,0,8160,8192,5802,620,-6078,-102,37,34
2232519892,-3750,7390,-1886,152,-55,169,8160,8192,0,0,645,8192,5754,242,-6054,-101,53,33
2232569892,-3742,7480,-2120,93,-137,-10,0,0,-7,-1,-17178,0,5424,460,-6234,-101,42,27
2232619892,-3540,7292,-2072,109,-115,44,8160,8192,20516,-31470,645,8192,5894,358,-6002,-107,29,36
2232669892,-3552,7406,-2080,71,-133,36,-17173,0,-15537,0,8160,8192,5874,520,-6032,-104,16,26
2232719892,-3652,7382,-2234,75,-210,-147,-17171,0,-15537,0,8160,8192,5766,488,-5888,-105,17,35
2232769892,-3522,7318,-1966,112,-215,-106,8160,8192,-26092,-31468,645,8192,5958,484,-5870,-99,25,27
2232819892,-3576,7482,-2160,96,-225,-71,-16166,0,-15537,0,8160,8192,5892,524,-5900,-108,16,37
2232869892,-3642,7642,-2250,104,-253,-209,0,0,-7,-1,-16166,0,5430,988,-6256,-99,28,24
2232919892,-3214,7424,-2168,138,-379,-373,8160,8192,-7164,-31466,645,8192,5624,1132,-6150,-106,27,38
2232969892,-3438,7610,-2148,305,-552,-617,-16162,0,-15537,0,8160,8192,5400,942,-6124,-95,48,21
2233019892,-3506,7296,-1972,199,-287,-295,8160,8192,27300,-31464,645,8192,5676,68,-6254,-101,64,39
2233069892,-3880,6946,-1750,60,-121,-4,8160,8192,11764,-31463,645,8192,5734,432,-6060,-107,45,28
2233119892,-4654,7094,-1792,92,-176,-74,-16156,0,-15537,0,8160,8192,5820,314,-6264,-106,14,33
2233169892,-4882,7850,-2388,134,-301,-260,-16154,0,-15537,0,8160,8192,5966,490,-5778,-106,26,23
2233219892,-4492,7086,-1554,237,-416,-312,0,0,-7,-1,-17152,0,5382,-46,-6438,-92,27,34
2233269892,-4130,6986,-1830,136,-338,-269,-16149,0,-15537,0,8160,8192,5914,722,-5900,-114,66,23
2233319892,-4540,7020,-1662,177,-210,-158,0,0,-7,-1,-17146,0,5388,-624,-6354,-100,54,23
2233369892,-3980,7574,-2260,212,-401,-150,8160,8192,-15916,-31459,645,8192,5560,1324,-6116,-103,29,33
2233419892,-3900,7008,-1872,173,-440,-346,0,0,-7,-1,-16141,0,6012,986,-6224,-95,33,25
2233469892,-4194,7160,-2182,150,-313,-106,-16717,0,-15537,0,8160,8192,6654,948,-6080,-107,50,26
2233519892,-4142,7192,-2278,37,-196,163,0,0,-7,-1,-16137,0,5756,-356,-6670,-112,28,23
2233569892,-6256,8186,-2742,18,-159,288,8160,8192,-12524,-31456,645,8192,4748,-88,-6730,-105,-2,7
2233619892,-4302,6734,-1200,65,-118,144,8160,8192,-28060,-31455,645,8192,4856,656,-6702,-109,25,26
2233669892,-5070,6978,-1494,45,-115,44,0,0,-7,-1,-17130,0,5072,-186,-6566,-93,0,41
2233719892,-4658,6764,-1574,57,-257,-74,8160,8192,6404,-31453,645,8192,5652,606,-5938,-111,25,16
2233769892,-3354,4364,-496,111,-355,-26,-16128,0,-15537,0,8160,8192,5980,202,-6334,-114,17,20
2233819892,-5024,6458,-640,55,-140,-20,0,0,-7,-1,-16126,0,5910,-1258,-5658,-83,47,43
2233869892,-5198,6208,-810,3,-42,63,8160,8192,0,0,645,8192,5892,-992,-5858,-114,26,19
2233919892,-5392,6256,-682,80,191,233,8160,8192,9796,-31450,645,8192,6444,-836,-5548,-97,25,40
2233969892,-5774,6394,-620,60,369,232,0,0,-7,-1,-16119,0,5668,-1828,-6092,-108,47,25
2234019892,-5508,6560,-932,-156,399,617,-16116,0,-15537,0,8160,8192,6204,-1136,-5578,-107,39,31
2234069892,-5914,6082,-544,28,481,598,-16114,0,-15537,0,8160,8192,5606,-1346,-6152,-102,28,27
2234119892,-5336,6506,-968,90,-138,102,0,0,-7,-1,-17112,0,5656,-900,-6210,-103,28,30
2234169892,-6228,6310,-84,199,75,316,-16111,0,-15537,0,8160,8192,5854,-2432,-6156,-106,51,26
2234219892,-6472,6350,2,-115,402,878,-16108,0,-15537,0,8160,8192,5944,-2454,-5556,-95,54,23
2234269892,-7198,6244,-606,-99,558,772,-16106,0,-15537,0,8160,8192,6196,-2792,-5908,-105,78,18
2234319892,-5714,5762,-48,243,-6,321,8160,8192,0,0,645,8192,5116,-2188,-7088,-88,78,43
2234369892,-4718,5294,-578,81,-154,-14,-16102,0,-15537,0,8160,8192,5508,-950,-7048,-105,43,73
2234419892,-4382,6030,-908,118,20,351,0,0,-7,-1,-17100,0,2756,-1078,-7316,-94,28,58
2234469892,-3794,7274,-2042,-25,-365,-347,0,0,-7,-1,-17097,0,4338,1190,-8058,-102,5,45
2234519892,-3092,7570,-2060,222,-222,49,-16094,0,-15537,0,8160,8192,5762,1124,-6166,-97,42,33
2234569892,-3090,7068,-1446,127,-31,205,0,0,-7,-1,-16092,0,7718,1254,-5388,-109,47,40
2234619892,-2662,6398,-1560,156,-31,107,-16090,0,-15537,0,8160,8192,3916,1022,-4280,-106,42,29
2234669892,-2954,7758,-2646,259,-375,-136,0,0,-7,-1,-17089,0,7002,2248,-5256,-127,-2,25
2234719892,-2340,8158,-3220,101,-269,-223,0,0,-7,-1,-16088,0,6246,2066,-6262,-122,-25,35
2234769892,-2214,8926,-3174,329,-311,-29,-16087,0,-15537,0,8160,8192,5500,3314,-5092,-99,10,24
2234819892,-2720,7972,-3208,42,13,208,0,0,-7,-1,-17085,0,5110,2630,-6002,-115,44,30
2234869892,-3600,7700,-2220,133,315,854,-16083,0,-15537,0,8160,8192,5748,994,-6166,-120,50,22
2234919892,-3222,7090,-2156,-120,408,897,-16081,0,-15537,0,8160,8192,5820,662,-6058,-118,44,24
2234969892,-3490,7368,-1892,104,-178,0,-16078,0,-15537,0,8160,8192,5572,470,-6198,-118,21,31
2235019892,-3652,7382,-2202,130,9,371,-16075,0,-15537,0,8160,8192,5516,452,-5968,-121,1,29
2235069892,-3198,7356,-2294,70,-233,-294,-17074,0,-15537,0,8160,8192,5562,880,-6204,-106,36,23
2235119892,-3314,7540,-2044,132,-74,172,8160,8192,0,0,645,8192,5726,778,-6312,-106,39,29
2235169892,-3682,7378,-2090,139,-27,199,0,0,-7,-1,-16070,0,5672,634,-6140,-104,49,28
2235219892,-3912,7298,-1616,162,-86,120,0,0,-7,-1,-16069,0,5616,32,-5982,-107,52,32
2235269892,-4238,7188,-1484,157,-52,184,-16067,0,-15537,0,8160,8192,5776,-498,-6088,-111,56,34
2235319892,-3766,7384,-1838,68,-180,-89,-18065,0,-15537,0,8160,8192,5910,204,-6164,-101,46,28
2235369892,-3986,7372,-1748,119,-94,80,0,0,-7,-1,-16064,0,5766,-80,-6054,-105,31,29
2235419892,-3784,7150,-1914,85,-116,49,0,0,-7,-1,-16064,0,5734,250,-5982,-103,24,31
2235469892,-3718,7378,-1862,108,-88,109,-17061,0,-15537,0,8160,8192,5860,266,-6038,-107,22,33
2235519892,-3548,7356,-2044,92,-130,36,-16058,0,-15537,0,8160,8192,5760,274,-6076,-102,42,27
2235569892,-3726,7514,-1956,133,-88,92,-16056,0,-15537,0,8160,8192,5748,436,-6144,-109,50,33
2235619892,-3448,7472,-2070,77,-163,-69,0,0,-7,-1,-16053,0,5782,614,-5988,-101,43,27
2235669892,-3522,7344,-2046,107,-125,54,0,0,-7,-1,-17053,0,5718,576,-6016,-113,26,38
2235719892,-3476,7306,-1920,72,-175,5,-16051,0,-15537,0,8160,8192,5728,380,-5996,-100,10,32
2235769892,-3952,7156,-1732,91,-97,77,-16049,0,-15537,0,8160,8192,5732,8,-6094,-100,10,30
2235819892,-3770,7084,-1614,108,-209,-56,-16047,0,-15537,0,8160,8192,6088,-2,-5842,-104,0,29
2235869892,-3710,7318,-1912,121,-254,-232,-16045,0,-15537,0,8160,8192,5412,924,-6256,-106,19,31
2235919892,-3778,7682,-2088,178,-325,-245,-16043,0,-15537,0,8160,8192,5696,592,-6028,-107,30,34
2235969892,-3894,7066,-2224,72,-205,-215,-16042,0,-15537,0,8160,8192,5942,892,-6076,-101,47,29
2236019892,-3562,7392,-1960,231,-416,-439,8160,8192,12644,-31418,645,8192,5958,658,-6156,-106,59,30
2236069892,-3694,7052,-1626,78,-64,24,0,0,-7,-1,-16037,0,5414,638,-6296,-99,52,27
2236119892,-3858,7722,-2230,78,-188,-201,0,0,-7,-1,-16035,0,5434,1492,-5902,-98,76,35
2236169892,-3686,7144,-1936,133,-296,-193,0,0,-7,-1,-16034,0,5548,880,-6272,-103,31,24
2236219892,-3906,7148,-1932,146,-467,-568,-18033,0,-15537,0,8160,8192,5502,716,-6050,-92,29,29
2236269892,-3782,6958,-1984,157,-364,-387,0,0,-7,-1,-16030,0,4908,752,-6740,-101,27,28
2236319892,-4112,6616,-1738,190,-433,-384,8160,8192,0,0,645,8192,5850,24,-5938,-93,16,30
2236369892,-4352,7160,-1690,149,-347,-273,-16025,0,-15537,0,8160,8192,4978,406,-6154,-110,25,17
2236419892,-4492,6898,-1958,134,-308,-287,0,0,-7,-1,-16024,0,6492,192,-5728,-108,35,31
2236469892,-3912,6788,-2230,102,-295,-65,-16021,0,-15537,0,8160,8192,3356,464,-7358,-104,42,31
2236519892,-3852,6518,-1858,135,-239,-61,8160,8192,-11644,-31411,645,8192,5990,1798,-5366,-102,7,38
2236569892,-4444,6950,-2068,102,-280,-165,-17017,0,-15537,0,8160,8192,6642,880,-5734,-98,33,39
2236619892,-4200,6632,-1624,98,-100,126,-16015,0,-15537,0,8160,8192,4674,322,-6448,-105,38,21
2236669892,-5508,7642,-2054,77,-84,338,0,0,-7,-1,-16013,0,4344,1074,-7790,-108,42,28
2236719892,-4634,6852,-1580,-1,-91,137,0,0,-7,-1,-16012,0,5550,-432,-6516,-95,-4,33
2236769892,-4924,6954,-1614,50,-109,-50,-17009,0,-15537,0,8160,8192,4620,-778,-5950,-113,43,12
2236819892,-2196,4734,94,77,-383,-95,0,0,-7,-1,-16007,0,8148,-6,-4036,-115,-10,22
2236869892,-4954,6224,-936,10,-357,-90,0,0,-7,-1,-16005,0,5080,-280,-7306,-87,41,41
2236919892,-4806,6288,-1296,40,-262,-131,0,0,-7,-1,-17003,0,6182,-280,-5678,-103,-7,20
2236969892,-5728,7158,-1462,211,212,93,-16000,0,-15537,0,8160,8192,5230,-474,-6358,-112,45,34
2237019892,-5976,6904,-946,74,270,204,0,0,-7,-1,-16997,0,5920,-294,-5770,-102,63,31
2237069892,-5058,5660,-558,-65,332,497,-15996,0,-15537,0,8160,8192,5938,-650,-5938,-113,37,33
2237119892,-5684,6508,-1040,-117,276,455,-15993,0,-15537,0,8160,8192,5496,-1644,-6132,-109,27,25
2237169892,-5786,6036,-514,172,69,204,-15991,0,-15537,0,8160,8192,5596,-1096,-6156,-103,24,27
2237219892,-5702,6276,-502,105,-50,50,-15988,0,-15537,0,8160,8192,5738,-1860,-6084,-102,35,30
2237269892,-6088,6314,-398,82,61,305,-16986,0,-15537,0,8160,8192,5754,-2076,-6128,-107,63,35
2237319892,-6116,5894,-282,-19,166,575,0,0,-7,-1,-15983,0,5680,-2252,-6060,-106,64,37
2237369892,-6042,5604,100,-53,524,810,8160,8192,-13612,-31398,645,8192,5114,-2246,-6562,-99,133,19
2237419892,-5828,5792,-504,-17,222,520,-15979,0,-15537,0,8160,8192,7856,-2074,-6060,-102,54,24
2237469892,-6482,6332,58,237,250,668,-15977,0,-15537,0,8160,8192,5294,-2694,-6070,-107,54,34
2237519892,-4948,6768,-534,39,-110,146,-15974,0,-15537,0,8160,8192,6326,-572,-4948,-111,-3,55
2237569892,-5840,9548,-1134,-13,-225,-207,0,0,-7,-1,-15973,0,6660,2760,-5570,-117,17,25
2237619892,-3104,6076,-2260,37,-131,-8,-15971,0,-15537,0,8160,8192,3490,-1604,-7342,-118,59,30
2237669892,-5436,8818,-1694,190,-158,209,-15968,0,-15537,0,8160,8192,6356,830,-5786,-109,-2,45
2237719892,-3506,7620,-2014,-48,-204,-83,-15967,0,-15537,0,8160,8192,4732,-160,-5694,-96,-21,42
2237769892,-2944,7456,-3026,262,-456,-652,8160,8192,-6828,-31392,645,8192,5788,694,-6004,-107,-6,33
2237819892,-2722,8624,-2872,469,-540,-316,8160,8192,-22364,-31391,645,8192,5492,1492,-5986,-92,-20,43
2237869892,-3132,7722,-2490,19,228,589,0,0,-7,-1,-15955,0,5766,1782,-6428,-113,19,28
2237919892,-2784,7712,-2554,-50,273,723,0,0,-7,-1,-15953,0,5168,2342,-5968,-112,41,17
2237969892,-1606,5680,-2394,138,-160,33,0,0,-7,-1,-15952,0,7338,1982,-4366,-115,0,16
2238019892,-2760,7974,-2408,192,-126,71,-15949,0,-15537,0,8160,8192,5702,1850,-6198,-113,31,28
2238069892,-3744,7388,-1942,51,287,791,-15945,0,-15537,0,8160,8192,5502,66,-6136,-118,39,25
2238119892,-3868,7282,-1884,105,85,434,-15942,0,-15537,0,8160,8192,5620,470,-6100,-124,38,31
2238169892,-3220,7220,-2134,160,-128,145,-15940,0,-15537,0,8160,8192,5402,380,-6428,-117,56,33
2238219892,-3054,7834,-2324,103,-143,-117,-15937,0,-15537,0,8160,8192,5698,1038,-6460,-110,69,33
2238269892,-2950,7622,-2562,166,-134,-5,-15935,0,-15537,0,8160,8192,5994,1454,-6074,-112,43,27
2238319892,-3160,7658,-2234,113,-32,192,-15933,0,-15537,0,8160,8192,5252,816,-6170,-103,44,17
2238369892,-4096,7238,-1776,207,32,416,-15929,0,-15537,0,8160,8192,6026,6,-6060,-107,57,29
2238419892,-3712,7344,-2082,67,-188,-109,0,0,-7,-1,-15923,0,5838,220,-5994,-110,48,35
2238469892,-4064,7124,-1612,142,-32,226,-15921,0,-15537,0,8160,8192,5744,-114,-6004,-107,34,35
2238519892,-3490,7282,-2196,26,-229,-182,-15919,0,-15537,0,8160,8192,5648,550,-6110,-109,22,28
2238569892,-3746,7260,-1804,125,-61,174,8160,8192,6740,-31379,645,8192,5644,86,-5990,-102,16,33
2238619892,-3798,7338,-1980,65,-126,63,-16912,0,-15537,0,8160,8192,5856,248,-5918,-103,14,33
2238669892,-3790,7460,-1838,110,-137,10,-15780,0,-15537,0,8160,8192,5802,140,-6170,-97,30,23
2238719892,-3318,7352,-2184,64,-194,-97,0,0,-7,-1,-16908,0,5870,810,-6018,-110,27,32
2238769892,-3842,7616,-1860,146,-162,11,0,0,-7,-1,-15906,0,6020,-52,-5880,-101,30,27
2238819892,-3666,7100,-1884,28,-91,32,-15904,0,-15537,0,8160,8192,5540,414,-6086,-107,32,35
2238869892,-3834,7500,-2044,160,-223,-59,-15902,0,-15537,0,8160,8192,6206,258,-5774,-104,24,30
2238919892,-3994,7144,-1588,56,-44,194,-15900,0,-15537,0,8160,8192,5786,124,-6058,-102,10,28
2238969892,-3842,7244,-1944,104,-251,-159,-15896,0,-15537,0,8160,8192,5628,260,-6218,-110,12,37
2239019892,-3782,7396,-2006,157,-272,-223,-15894,0,-15537,0,8160,8192,5878,386,-6056,-102,17,25
2239069892,-3840,7354,-1746,115,-203,-142,-15892,0,-15537,0,8160,8192,6002,502,-5838,-106,29,32
2239119892,-3674,7312,-2056,74,-171,-54,-15890,0,-15537,0,8160,8192,5930,990,-5976,-105,24,30
2239169892,-3436,7326,-2136,155,-399,-462,0,0,-7,-1,-15886,0,5530,692,-6180,-107,31,26
2239219892,-3354,7256,-2376,181,-363,-328,0,0,-7,-1,-15883,0,5788,844,-6022,-108,43,33
2239269892,-3638,7354,-2072,122,-265,-311,-17881,0,-15537,0,8160,8192,5662,744,-5754,-87,56,31
2239319892,-4074,7550,-2114,160,-284,-105,-15880,0,-15537,0,8160,8192,5494,570,-6070,-107,29,27
2239369892,-4684,7382,-1816,71,-171,-184,-15878,0,-15537,0,8160,8192,5766,264,-6142,-99,33,31
2239419892,-3776,6756,-1606,100,-225,-165,-15875,0,-15537,0,8160,8192,4456,336,-6842,-97,26,26
2239469892,-4078,6700,-1726,166,-378,-280,0,0,-7,-1,-15873,0,6170,338,-5796,-101,20,36
2239519892,-4110,6910,-1754,124,-296,-261,0,0,-7,-1,-16871,0,5728,546,-6122,-104,35,13
2239569892,-4042,6996,-1956,117,-295,-259,0,0,-7,-1,-15870,0,5686,356,-6346,-108,45,33
2239619892,-4532,7348,-1916,219,-347,-188,-17867,0,-15537,0,8160,8192,5362,954,-5948,-106,43,29
2239669892,-4162,7434,-2210,170,-488,-415,-17865,0,-15537,0,8160,8192,6308,202,-5256,-100,27,28
2239719892,-3916,7218,-2364,180,-428,-135,0,0,-7,-1,-15863,0,6558,1172,-5516,-113,30,23
2239769892,-4328,7800,-2606,66,-232,126,-15860,0,-15537,0,8160,8192,5496,424,-6558,-108,28,24
2239819892,-4558,7878,-2444,44,-96,269,8160,8192,0,0,645,8192,5344,1050,-6894,-106,30,17
2239869892,-3926,6340,-1606,59,-167,112,-15855,0,-15537,0,8160,8192,5802,1586,-5776,-111,34,24
2239919892,-4192,6470,-1742,20,-213,94,-15853,0,-15537,0,8160,8192,4984,846,-6596,-105,64,27
2239969892,-5140,6464,-1452,80,-174,-180,-16851,0,-15537,0,8160,8192,3500,-894,-6628,-105,33,39
2240019892,-4644,5792,-516,-31,-179,-19,-15848,0,-15537,0,8160,8192,4804,-1070,-5630,-88,53,40
2240069892,-5636,7254,-1622,-59,-298,34,8160,8192,-588,-31357,645,8192,6638,-860,-5834,-92,-6,28
2240119892,-6392,7080,-1300,233,298,155,-17843,0,-15537,0,8160,8192,6486,-980,-5782,-112,45,35
2240169892,-5926,6206,-798,125,271,168,8160,8192,-31660,-31355,645,8192,4376,-2410,-6762,-103,55,30
2240219892,-5618,6356,-662,-43,232,280,-15835,0,-15537,0,8160,8192,5986,-952,-6152,-108,24,29
2240269892,-5606,5640,-610,-80,373,352,8160,8192,2804,-31353,645,8192,5734,-1502,-6300,-107,15,26
2240319892,-6092,5756,334,95,250,752,-16831,0,-15537,0,8160,8192,5882,-2254,-6156,-96,11,34
2240369892,-6512,6298,-424,-77,266,415,-16829,0,-15537,0,8160,8192,6014,-2508,-6026,-106,55,34
2240419892,-6346,5866,-56,147,212,596,8160,8192,21732,-31351,645,8192,6172,-2828,-5886,-106,94,25
2240469892,-7898,6828,470,53,286,723,8160,8192,6196,-31350,645,8192,7162,-3522,-4858,-99,67,32
2240519892,-5020,4080,590,151,589,1210,-15822,0,-15537,0,8160,8192,1252,-5936,-5812,-93,80,26
2240569892,-4406,5264,-886,11,-380,-342,8160,8192,0,0,645,8192,3100,-2118,-8126,-132,16,43
2240619892,-5222,7730,-1170,105,-60,308,8160,8192,0,0,645,8192,5252,-3624,-5178,-105,-7,54
2240669892,-5502,8914,-1876,26,-124,29,-15816,0,-15537,0,8160,8192,3936,-826,-6876,-93,43,66
2240719892,-3530,7764,-2294,172,-534,-195,0,0,-7,-1,-15813,0,4274,-750,-4322,-107,33,35
2240769892,-2428,7574,-1974,41,-224,-135,-15811,0,-15537,0,8160,8192,7560,2428,-5882,-106,53,38
2240819892,-2314,6192,-1888,216,-217,-9,8160,8192,28516,-31345,645,8192,7608,1008,-5374,-113,15,26
2240869892,-1890,7546,-2672,257,-498,-602,0,0,-7,-1,-15809,0,6408,1852,-4916,-104,-7,27
2240919892,-2460,8366,-3354,383,-546,-495,-17807,0,-15537,0,8160,8192,6656,2446,-5500,-121,9,25
2240969892,-2890,8432,-3290,130,-29,119,0,0,-7,-1,-15806,0,5122,2846,-6892,-109,26,19
2241019892,-2836,7538,-2616,101,160,481,-15803,0,-15537,0,8160,8192,5518,922,-5990,-107,81,22
2241069892,-3944,7738,-2230,16,246,600,-16801,0,-15537,0,8160,8192,5870,1102,-6234,-104,29,23
2241119892,-3898,7264,-1988,51,100,441,-17800,0,-15537,0,8160,8192,6406,982,-5852,-103,-15,14
2241169892,-3656,7392,-2222,15,80,443,8160,8192,-14700,-31340,645,8192,5982,910,-6200,-121,-10,32
2241219892,-2698,8012,-2858,156,-373,-281,0,0,-7,-1,-16795,0,5762,1702,-5902,-116,27,32
2241269892,-3214,7562,-2188,138,-3,337,-17792,0,-15537,0,8160,8192,5726,782,-6106,-114,59,34
2241319892,-3122,7290,-2700,53,-126,-134,8160,8192,0,0,645,8192,5894,1406,-6104,-111,74,25
2241369892,-3824,7546,-1842,223,-54,276,-15788,0,-15537,0,8160,8192,5748,20,-6128,-105,58,28
2241419892,-3994,7198,-1966,-31,46,139,0,0,-7,-1,-15788,0,5798,250,-6028,-111,34,34
2241469892,-3996,7170,-1784,159,-190,-11,-15785,0,-15537,0,8160,8192,5938,92,-6100,-100,20,28
2241519892,-4182,6990,-1654,59,-42,161,-15782,0,-15537,0,8160,8192,5872,-142,-6020,-103,12,29
2241569892,-3942,7204,-1924,97,-229,-95,8160,8192,-7916,-31334,645,8192,5898,454,-5996,-101,6,28
2241619892,-4066,7316,-1628,154,-150,18,0,0,-7,-1,-16778,0,5838,-186,-6032,-103,18,31
2241669892,-4088,7154,-1742,35,-38,151,0,0,-7,-1,-15777,0,5612,66,-6140,-110,32,29
2241719892,-4186,7272,-1832,139,-144,6,-15774,0,-15537,0,8160,8192,5786,70,-6064,-109,40,34
2241769892,-4014,7412,-1904,129,-139,-18,-15771,0,-15537,0,8160,8192,5728,192,-6098,-98,50,24
2241819892,-3980,7174,-1854,112,-123,47,-15769,0,-15537,0,8160,8192,5554,286,-6096,-110,40,35
2241869892,-3708,7286,-2046,109,-155,-21,8160,8192,29940,-31329,645,8192,6174,372,-5906,-102,37,27
2241919892,-3810,7294,-1922,99,-148,12,-15765,0,-15537,0,8160,8192,5610,530,-6080,-108,26,37
2241969892,-4190,7076,-1664,103,-70,183,0,0,-7,-1,-16763,0,5892,-222,-5894,-104,20,31
2242019892,-3750,7170,-2098,59,-206,-134,8160,8192,0,0,645,8192,5570,844,-6086,-107,24,31
2242069892,-3826,7490,-2098,229,-391,-336,0,0,-7,-1,-15759,0,5732,398,-6004,-103,12,34
2242119892,-4086,7398,-1898,73,-188,-87,-15757,0,-15537,0,8160,8192,5910,394,-6056,-102,16,32
2242169892,-3412,7286,-1950,100,-131,82,-16754,0,-15537,0,8160,8192,6018,394,-5966,-104,28,29
2242219892,-3858,7476,-1882,105,-131,-7,0,0,-7,-1,-15751,0,5556,648,-6186,-100,50,29
2242269892,-3510,7014,-2098,119,-201,-41,-15751,0,-15537,0,8160,8192,5554,562,-6108,-110,56,34
2242319892,-4050,7374,-2322,185,-455,-498,-15748,0,-15537,0,8160,8192,5624,242,-5982,-101,37,21
2242369892,-2510,5840,-1966,347,-815,-828,-15745,0,-15537,0,8160,8192,5124,1008,-6588,-113,32,29
2242419892,-3860,6792,-2022,159,-415,-333,-15742,0,-15537,0,8160,8192,6044,1074,-5964,-100,2,26
2242469892,-4638,7222,-1876,88,-243,-186,8160,8192,-25420,-31320,645,8192,6160,790,-5802,-95,32,23
2242519892,-4440,7130,-2298,62,-176,-127,-15736,0,-15537,0,8160,8192,5898,1006,-5684,-94,46,29
2242569892,-4202,6622,-1926,117,-286,-218,-15733,0,-15537,0,8160,8192,6088,492,-6002,-92,43,29
2242619892,-4350,7186,-2110,119,-276,-222,0,0,-7,-1,-15731,0,5538,992,-6058,-110,31,19
2242669892,-4252,7214,-2104,181,-278,-161,8160,8192,-22028,-31317,645,8192,5278,598,-6446,-100,60,32
2242719892,-4112,7054,-2322,124,-313,-3,-17726,0,-15537,0,8160,8192,4442,1068,-7030,-101,26,29
2242769892,-3540,7004,-1930,109,-345,-92,8160,8192,12436,-31315,645,8192,4368,1246,-6310,-104,-8,33
2242819892,-3946,6492,-1480,98,-137,45,-15721,0,-15537,0,8160,8192,6704,740,-5428,-98,17,32
2242869892,-4034,6318,-1620,59,-154,112,8160,8192,0,0,645,8192,7558,700,-4536,-112,18,26
2242919892,-4896,6678,-1870,87,-57,135,8160,8192,31364,-31313,645,8192,5818,804,-6664,-113,55,36
2242969892,-4568,6496,-1232,35,-122,67,-17715,0,-15537,0,8160,8192,5216,190,-6584,-98,47,42
2243019892,-4594,6592,-1188,52,-292,-219,8160,8192,292,-31311,645,8192,6528,510,-5724,-106,13,55
2243069892,-4650,6552,-1302,-8,-295,-87,8160,8192,-15244,-31311,645,8192,4602,374,-6928,-94,17,29
2243119892,-5592,6340,-1032,99,80,139,-16709,0,-15537,0,8160,8192,4574,-1180,-6462,-106,29,20
2243169892,-6310,6616,-554,187,128,191,-15705,0,-15537,0,8160,8192,5690,-1866,-5372,-108,36,34
2243219892,-6280,6550,-1004,35,121,96,-17703,0,-15537,0,8160,8192,3850,50,-7016,-106,59,32
2243269892,-6248,7010,-1154,15,119,187,8160,8192,0,0,645,8192,4986,-2032,-6180,-104,19,32
2243319892,-5962,6194,-648,16,126,247,0,0,-7,-1,-16696,0,5196,-1278,-6494,-110,25,24
2243369892,-5522,5982,-488,115,-49,101,8160,8192,0,0,645,8192,5910,-1574,-6052,-96,25,26
2243419892,-6080,6230,-618,-14,70,231,-15693,0,-15537,0,8160,8192,5760,-1654,-6168,-98,17,31
2243469892,-6130,5970,-218,44,139,548,-16690,0,-15537,0,8160,8192,5806,-2114,-6126,-105,29,31
2243519892,-6274,6012,-120,30,138,412,0,0,-7,-1,-15687,0,5830,-2484,-5968,-104,55,23
2243569892,-6218,5842,250,106,223,676,-15684,0,-15537,0,8160,8192,6140,-3136,-6002,-98,56,29
2243619892,-6082,5584,50,-51,375,679,0,0,-7,-1,-15682,0,4386,-2296,-7170,-98,83,23
2243669892,-6204,6038,72,-4,409,924,-16680,0,-15537,0,8160,8192,7036,-1934,-5746,-115,79,35
2243719892,-5084,5544,-900,57,214,329,-16678,0,-15537,0,8160,8192,4830,-1698,-5952,-107,88,60
2243769892,-2158,3260,-2162,279,-200,282,-15676,0,-15537,0,8160,8192,5120,270,-4286,-104,21,55
2243819892,-3932,7806,-2342,-38,-84,239,0,0,-7,-1,-15674,0,6782,-666,-6294,-114,2,40
2243869892,-3096,6678,-2126,106,-460,-350,0,0,-7,-1,-15669,0,2748,1390,-8404,-105,14,43
2243919892,-2804,6652,-1358,215,-108,84,-15666,0,-15537,0,8160,8192,1812,308,-6760,-113,85,36
2243969892,-1476,5976,-1544,70,-113,-133,8160,8192,0,0,645,8192,6096,1286,-4932,-104,68,19
2244019892,-2324,7596,-2418,443,-516,-530,8160,8192,17252,-31296,645,8192,5414,1702,-5604,-102,0,36
2244069892,-2952,8138,-2952,146,-181,23,-15659,0,-15537,0,8160,8192,5730,2256,-6254,-115,-4,14
2244119892,-2828,7824,-2998,38,50,419,-15657,0,-15537,0,8160,8192,5306,3894,-6758,-105,-7,20
2244169892,-2528,7262,-2834,60,40,252,8160,8192,-29356,-31294,645,8192,6538,2330,-5882,-99,26,23
2244219892,-3366,7176,-2108,173,-46,154,0,0,-7,-1,-15651,0,4772,746,-6622,-108,38,19
2244269892,-3642,7132,-1896,61,55,472,0,0,-7,-1,-16648,0,6128,-84,-5794,-111,-16,30
2244319892,-3314,7336,-2400,-26,138,513,-15645,0,-15537,0,8160,8192,5136,1490,-6038,-112,20,28
2244369892,-2648,7468,-2432,221,-438,-479,-15643,0,-15537,0,8160,8192,5756,956,-5876,-122,54,32
2244419892,-3052,7552,-2294,184,-169,15,-15641,0,-15537,0,8160,8192,5692,1270,-6082,-110,58,32
2244469892,-3730,7260,-2164,-29,155,360,-15637,0,-15537,0,8160,8192,5436,1042,-6174,-115,55,29
2244519892,-3664,7496,-2218,221,-307,-228,8160,8192,-7036,-31289,645,8192,5306,458,-6462,-103,48,35
2244569892,-4380,7254,-1734,52,73,269,-16633,0,-15537,0,8160,8192,5864,-38,-6022,-99,41,24
2244619892,-4178,7024,-1684,56,13,294,-15631,0,-15537,0,8160,8192,5788,-10,-5986,-106,37,31
2244669892,-3984,7076,-1932,132,-200,-108,0,0,-7,-1,-16629,0,5570,398,-6054,-100,30,29
2244719892,-3588,7308,-1904,147,-285,-168,-17626,0,-15537,0,8160,8192,5796,338,-5964,-107,2,29
2244769892,-4292,7312,-1720,39,8,341,8160,8192,0,0,645,8192,5994,22,-5952,-108,-1,32
2244819892,-4020,7020,-1804,65,-98,55,8160,8192,0,0,645,8192,5820,288,-6020,-103,22,25
2244869892,-4038,7328,-1942,168,-250,-175,-15618,0,-15537,0,8160,8192,5842,448,-6074,-102,40,27
2244919892,-3480,7122,-2112,111,-210,-110,0,0,-7,-1,-15615,0,5588,772,-6054,-115,30,35
2244969892,-3558,7420,-2428,173,-412,-439,0,0,-7,-1,-16612,0,5520,948,-6478,-103,39,30
2245019892,-3966,7392,-1926,220,-371,-320,0,0,-7,-1,-16611,0,5816,716,-5842,-106,9,33
2245069892,-4080,7328,-2038,91,-195,-98,-15609,0,-15537,0,8160,8192,5716,222,-6080,-92,14,22
2245119892,-4146,6838,-1864,-58,101,421,0,0,-7,-1,-15607,0,5806,34,-6060,-108,18,34
2245169892,-4452,7118,-1690,3,4,240,8160,8192,0,0,645,8192,5494,352,-6360,-103,28,26
2245219892,-4724,6956,-1802,101,-200,-195,-17598,0,-15537,0,8160,8192,5796,40,-5958,-109,29,30
2245269892,-4156,6518,-1600,196,-439,-626,-15596,0,-15537,0,8160,8192,5348,8,-6320,-103,57,28
2245319892,-3938,6520,-1424,240,-519,-610,-17594,0,-15537,0,8160,8192,5528,244,-6260,-108,51,31
2245369892,-4552,7426,-2110,133,-292,-301,-15591,0,-15537,0,8160,8192,5566,748,-6012,-101,51,20
2245419892,-3916,6898,-1984,146,-424,-446,0,0,-7,-1,-15587,0,5932,1452,-6044,-108,32,34
2245469892,-4294,7132,-2092,227,-343,-186,-15585,0,-15537,0,8160,8192,5914,714,-5652,-98,55,25
2245519892,-3880,6744,-1920,52,-268,-184,-15583,0,-15537,0,8160,8192,5894,736,-5844,-100,25,20
2245569892,-4562,6998,-1956,166,-233,13,-15580,0,-15537,0,8160,8192,6070,936,-6034,-94,12,29
2245619892,-4418,7080,-2184,70,-185,-36,-15576,0,-15537,0,8160,8192,5962,1166,-6028,-102,44,12
2245669892,-4688,6912,-1876,184,-210,34,0,0,-7,-1,-15574,0,6714,296,-6234,-99,31,29
2245719892,-4644,6940,-2256,35,-177,17,0,0,-7,-1,-16572,0,6098,60,-5624,-100,18,26
2245769892,-4816,7134,-1764,133,-119,73,-15570,0,-15537,0,8160,8192,5814,192,-5968,-106,23,37
2245819892,-4644,6390,-1404,66,-52,91,-15568,0,-15537,0,8160,8192,5824,762,-6508,-103,22,38
2245869892,-4508,6694,-1394,90,-135,22,-15565,0,-15537,0,8160,8192,5610,512,-6282,-110,25,22
2245919892,-4528,6736,-1708,115,-279,-136,-15563,0,-15537,0,8160,8192,8392,744,-4474,-115,18,29
2245969892,-4708,6682,-1350,49,-238,-125,0,0,-7,-1,-15560,0,5140,346,-6254,-104,6,37
2246019892,-5640,7408,-1854,61,-204,-256,-15557,0,-15537,0,8160,8192,5294,436,-6478,-120,54,20
2246069892,-6372,5776,-1514,215,-238,-324,-15554,0,-15537,0,8160,8192,5790,-888,-7398,-117,20,22
2246119892,-4956,6530,-1300,-12,-93,14,8160,8192,20100,-31264,645,8192,4116,-1660,-7366,-83,2,30
2246169892,-5556,6016,-1182,29,259,450,-15551,0,-15537,0,8160,8192,5498,-888,-6426,-102,-30,26
2246219892,-6124,6354,-870,-5,204,449,-16033,0,-15537,0,8160,8192,6556,-1704,-5256,-104,-2,29
2246269892,-5478,6010,-632,-8,88,107,0,0,-7,-1,-15548,0,5800,-1498,-5938,-107,37,23
2246319892,-5256,5654,-698,124,-145,28,-16547,0,-15537,0,8160,8192,6240,-1184,-6102,-110,41,29
2246369892,-6344,6320,-922,32,-47,128,8160,8192,7956,-31260,645,8192,5500,-1394,-6276,-102,23,34
2246419892,-6342,5894,28,131,1,297,8160,8192,-7580,-31260,645,8192,5928,-2138,-6030,-105,52,28
2246469895,-6680,5628,170,112,16,125,-15537,0,-15537,0,8160,8192,6076,-2688,-6052,-109,62,33
2246519892,-7506,6346,266,139,228,639,8160,8192,26884,-31258,645,8192,7062,-3766,-5748,-106,69,22
2246569892,-5242,4094,1134,-166,704,1246,8160,8192,0,0,645,8192,5080,-2494,-6608,-108,64,28
2246619892,-6534,5720,-282,-94,399,958,8160,8192,0,0,645,8192,4648,-1918,-7666,-104,67,39
2246669892,-6022,6930,-1014,38,56,437,-18529,0,-15537,0,8160,8192,5812,-2362,-5450,-97,33,56
2246719892,-5626,8296,-2058,-25,-60,110,-18527,0,-15537,0,8160,8192,5814,308,-6524,-137,39,42
2246769892,-2970,7072,-1648,49,-118,-7,-18526,0,-15537,0,8160,8192,3392,1742,-7376,-118,58,34
2246819892,-4438,10042,-2904,147,-163,171,-16524,0,-15537,0,8160,8192,8122,-1302,-6422,-107,37,51
2246869892,-3776,7340,-2370,65,-126,172,-16521,0,-15537,0,8160,8192,6764,2068,-5628,-115,28,30
2246919892,-4096,8208,-2900,211,-240,-198,-18519,0,-15537,0,8160,8192,4192,576,-7064,-102,63,15
2246969892,-3664,8058,-2576,285,-333,-382,8160,8192,18132,-31251,645,8192,5088,1588,-5496,-105,16,28
2247019892,-2918,7460,-2946,175,-139,-74,-16517,0,-15537,0,8160,8192,6756,2434,-5316,-115,40,19
2247069892,-3348,7834,-3000,85,-28,298,0,0,-7,-1,-16517,0,4304,1864,-7242,-114,-43,26
2247119892,-3202,7710,-2670,16,79,439,8160,8192,-28476,-31249,645,8192,6338,2290,-5802,-95,-52,19
2247169892,-2728,6986,-2584,87,-88,210,-16513,0,-15537,0,8160,8192,5130,1878,-6844,-111,-16,23
2247219892,-3556,7936,-2034,180,-61,270,-16512,0,-15537,0,8160,8192,5860,494,-5950,-116,13,26
2247269892,-3806,7292,-2174,54,181,434,8160,8192,-9548,-31247,645,8192,5702,1280,-6278,-119,88,32
2247319892,-2930,7460,-2590,189,-313,-294,-16509,0,-15537,0,8160,8192,5730,1734,-5764,-114,50,29
2247369892,-3640,7552,-2042,124,-46,230,0,0,-7,-1,-16506,0,6228,646,-5966,-110,32,24
2247419892,-3654,7160,-2202,48,-23,142,-16504,0,-15537,0,8160,8192,6092,608,-6006,-111,41,25
2247469892,-3524,7126,-1824,157,-147,37,8160,8192,-6156,-31244,645,8192,5838,514,-6012,-107,37,33
2247519892,-3978,7126,-1680,63,41,272,-18500,0,-15537,0,8160,8192,5640,118,-5942,-107,59,30
2247569892,-4362,6924,-1708,86,40,297,8160,8192,28308,-31242,645,8192,5704,-64,-5980,-113,74,28
2247619892,-3832,7126,-2128,136,-250,-325,-16495,0,-15537,0,8160,8192,5758,636,-6040,-96,55,25
2247669892,-3888,7200,-1732,193,-239,-44,-16494,0,-15537,0,8160,8192,5752,-92,-5972,-110,20,34
2247719892,-4234,7028,-1752,-66,130,400,-17492,0,-15537,0,8160,8192,5808,-2,-6062,-106,9,32
2247769892,-4270,7064,-1826,101,-148,18,-16490,0,-15537,0,8160,8192,5796,144,-6126,-102,13,29
2247819892,-4172,7234,-1766,127,-191,-111,-16488,0,-15537,0,8160,8192,5900,-132,-6168,-101,34,27
2247869892,-4352,7216,-1604,49,15,247,8160,8192,0,0,645,8192,5508,-124,-6036,-110,35,32
2247919892,-3982,7132,-2014,67,-75,35,8160,8192,-14908,-31237,645,8192,5724,476,-6002,-104,42,27
2247969892,-3788,7478,-2114,186,-254,-126,0,0,-7,-1,-16482,0,5736,650,-6024,-115,38,38
2248019892,-3558,7498,-2418,73,-164,-75,-18480,0,-15537,0,8160,8192,5818,1130,-5980,-102,29,26
2248069892,-3272,7038,-2084,143,-427,-482,-18478,0,-15537,0,8160,8192,5606,1024,-5976,-107,23,40
2248119892,-4438,7438,-1866,183,-258,-163,-16476,0,-15537,0,8160,8192,5760,512,-5920,-89,40,26
2248169892,-4502,7198,-1882,6,-77,26,0,0,-7,-1,-16474,0,5836,442,-6044,-105,25,34
2248219892,-4038,7116,-2000,110,-309,-329,8160,8192,0,0,645,8192,5662,844,-6210,-101,26,23
2248269892,-4168,7324,-2052,248,-426,-395,-17470,0,-15537,0,8160,8192,5988,1230,-5920,-111,40,32
2248319892,-3934,6960,-2176,141,-297,-237,0,0,-7,-1,-16467,0,5776,694,-5810,-94,50,21
2248369892,-4352,7220,-1952,117,-186,-74,0,0,-7,-1,-16465,0,5234,712,-6256,-106,31,29
2248419892,-4452,7092,-1990,118,-261,-139,0,0,-7,-1,-16463,0,5666,1022,-6362,-96,6,26
2248469892,-4194,7238,-2228,160,-364,-227,8160,8192,10804,-31228,645,8192,5126,590,-6290,-99,25,27
2248519892,-3902,6886,-1714,233,-497,-408,-17459,0,-15537,0,8160,8192,6276,418,-5632,-98,22,33
2248569892,-4862,7610,-2398,108,-266,-157,8160,8192,0,0,645,8192,5976,336,-6070,-107,27,20
2248619892,-4252,6990,-2114,141,-185,9,-16456,0,-15537,0,8160,8192,6732,1324,-6128,-100,47,27
2248669892,-4210,6570,-1914,78,-142,210,0,0,-7,-1,-16454,0,4250,154,-7130,-106,33,29
2248719892,-4092,6538,-1586,101,-130,64,0,0,-7,-1,-17452,0,6128,20,-5628,-102,10,35
2248769892,-4984,6594,-1714,56,-29,79,-16450,0,-15537,0,8160,8192,6084,-20,-5918,-101,35,36
2248819892,-4980,7106,-1802,50,-102,78,-16448,0,-15537,0,8160,8192,5724,610,-5974,-107,25,25
2248869892,-4778,6354,-1384,130,-185,-35,0,0,-7,-1,-17447,0,6466,-64,-5824,-116,34,25
2248919892,-5044,6380,-1464,80,-244,-160,-18444,0,-15537,0,8160,8192,5150,-224,-6048,-113,27,37
2248969892,-4514,6414,-1396,61,-294,-107,8160,8192,0,0,645,8192,5668,66,-5698,-101,37,36
2249019892,-4270,6574,-1622,63,-371,-398,-17441,0,-15537,0,8160,8192,5562,428,-6204,-113,22,37
2249069892,-4504,6154,-1328,108,-197,-37,-16440,0,-15537,0,8160,8192,3840,-696,-6688,-114,12,23
2249119892,-5620,5988,-930,78,43,173,8160,8192,5444,-31218,645,8192,6334,-1680,-5250,-89,37,31
2249169892,-5874,6134,-714,31,318,502,-16436,0,-15537,0,8160,8192,5876,-1304,-5998,-115,40,24
2249219892,-5958,6378,-1000,35,24,-5,8160,8192,-25628,-31217,645,8192,5564,-1198,-6432,-105,42,41
2249269892,-6046,6550,-1120,139,-152,-128,-17432,0,-15537,0,8160,8192,5534,-1356,-6118,-101,25,32
2249319892,-5656,6296,-758,88,-163,-8,8160,8192,0,0,645,8192,5990,-1190,-6002,-99,14,30
2249369892,-5804,6176,-708,89,-147,106,8160,8192,-6700,-31215,645,8192,5922,-1398,-6064,-105,38,34
2249419892,-6250,5974,-294,153,-40,194,0,0,-7,-1,-17426,0,5884,-2122,-6104,-105,51,34
2249469892,-6428,5678,-8,74,236,611,-16424,0,-15537,0,8160,8192,6616,-2612,-5808,-107,50,23
2249519892,-6880,5666,324,29,513,946,8160,8192,12228,-31212,645,8192,6062,-3282,-6348,-113,73,16
2249569892,-6310,5678,-358,-132,404,799,-16420,0,-15537,0,8160,8192,9484,-2068,-3278,-101,53,34
2249619892,-2538,3780,968,84,-44,69,0,0,-7,-1,-16418,0,5352,-680,-6772,-96,63,51
2249669892,-4832,6352,-994,181,-125,237,0,0,-7,-1,-17416,0,7100,-712,-5036,-111,36,47
2249719892,-4942,7438,-2470,-51,-23,236,-16414,0,-15537,0,8160,8192,7706,762,-5258,-106,23,36
2249769892,-4728,7764,-2030,78,27,290,0,0,-7,-1,-16411,0,5982,634,-6920,-116,58,37
2249819892,-4224,7398,-2480,67,-96,91,-16408,0,-15537,0,8160,8192,4272,904,-6260,-117,58,36
2249869892,-3366,8238,-2682,80,-159,-85,-16406,0,-15537,0,8160,8192,4234,380,-8240,-113,59,35
2249919892,-2508,6778,-2198,167,-291,-261,-18404,0,-15537,0,8160,8192,6050,2096,-6732,-117,-46,32
2249969892,-2986,8282,-3148,237,-394,-278,0,0,-7,-1,-16403,0,5338,2312,-5248,-113,-42,13
2250019892,-2428,7268,-2968,222,-350,-320,0,0,-7,-1,-16401,0,6090,2242,-5378,-108,-6,15
2250069892,-4032,8714,-3198,99,143,516,8160,8192,0,0,645,8192,5450,1764,-6092,-107,27,12
2250119892,-3542,7272,-2084,-63,508,1041,-18396,0,-15537,0,8160,8192,5450,1300,-6178,-107,73,20
2250169892,-4340,7022,-1794,-47,358,906,8160,8192,0,0,645,8192,5400,-280,-6290,-117,6,30
2250219892,-4194,6972,-1888,42,-22,203,8160,8192,0,0,645,8192,5464,352,-6430,-122,5,35
2250269892,-3790,7368,-1968,209,-291,-112,-18389,0,-15537,0,8160,8192,5764,66,-5932,-121,18,38
2250319892,-2938,7412,-2426,135,-350,-398,8160,8192,25796,-31200,645,8192,5566,1370,-5936,-115,34,28
2250369892,-3290,7570,-2340,268,-322,-41,-16385,0,-15537,0,8160,8192,5666,968,-6016,-108,55,24
2250419892,-3536,7584,-2252,75,-56,60,-16382,0,-15537,0,8160,8192,6284,886,-5656,-108,67,26
2250469892,-3424,7360,-2522,130,-125,11,8160,8192,-20812,-31198,645,8192,5730,1256,-6068,-105,68,33
2250519892,-4356,7152,-1434,126,32,307,-16377,0,-15537,0,8160,8192,5852,-174,-6000,-107,60,33
2250569892,-4326,6970,-1928,41,-148,-38,0,0,-7,-1,-17376,0,5742,462,-6050,-101,37,23
2250619892,-4622,7114,-1612,235,-330,-213,-16373,0,-15537,0,8160,8192,5880,-418,-5964,-98,11,29
2250669892,-4340,7108,-1716,15,-74,117,-16371,0,-15537,0,8160,8192,5806,62,-6246,-106,12,25
2250719892,-4322,7020,-1742,112,-137,-47,0,0,-7,-1,-16368,0,5890,272,-5996,-103,34,35
2250769892,-3882,7162,-1922,128,-207,-138,-16366,0,-15537,0,8160,8192,5588,586,-6102,-102,48,29
2250819892,-4080,7028,-1970,111,-148,-16,8160,8192,1508,-31192,645,8192,5582,430,-6098,-110,52,39
2250869892,-4742,6966,-1274,115,-49,120,8160,8192,0,0,645,8192,5714,-666,-6226,-104,36,37
2250919892,-4586,7074,-1930,-4,-39,124,-17362,0,-15537,0,8160,8192,5932,192,-6036,-105,12,30
2250969892,-4034,7234,-2018,168,-308,-212,-16359,0,-15537,0,8160,8192,5556,688,-6160,-102,9,30
2251019892,-3622,7500,-2372,117,-356,-347,8160,8192,4900,-31189,645,8192,5892,1314,-5868,-100,2,29
2251069892,-3610,7088,-2030,212,-407,-319,-16354,0,-15537,0,8160,8192,6030,508,-5840,-102,16,32
2251119892,-3802,7222,-2160,73,-211,-109,-16352,0,-15537,0,8160,8192,5602,878,-6214,-99,40,27
2251169892,-4062,7548,-2514,190,-430,-426,0,0,-7,-1,-16350,0,5798,946,-6014,-104,51,24
2251219892,-4114,7182,-1944,263,-379,-370,8160,8192,8292,-31186,645,8192,5724,698,-5848,-100,61,23
2251269892,-3388,5990,-1260,72,-216,-213,-17346,0,-15537,0,8160,8192,6106,-14,-6014,-96,46,27
2251319892,-4326,7042,-2008,67,-125,75,0,0,-7,-1,-17344,0,5516,776,-6510,-96,25,26
2251369892,-4612,6882,-1980,94,-176,74,-16341,0,-15537,0,8160,8192,6238,1018,-5330,-97,11,29
2251419892,-4202,6498,-1576,170,-241,-72,0,0,-7,-1,-16339,0,5682,434,-6036,-93,22,31
2251469892,-4736,7190,-2000,93,-198,-21,0,0,-7,-1,-16336,0,5574,636,-6090,-110,18,16
2251519892,-4302,6760,-1554,166,-229,-42,-16334,0,-15537,0,8160,8192,5416,-540,-6276,-100,45,25
2251569892,-4878,7412,-2338,67,-217,-49,0,0,-7,-1,-16334,0,6776,1602,-5682,-105,22,30
2251619892,-4264,6742,-1746,113,-167,17,-17332,0,-15537,0,8160,8192,6006,-388,-6322,-107,15,36
2251669892,-4154,6482,-1418,83,-136,-71,-17330,0,-15537,0,8160,8192,6118,530,-5754,-98,13,34
2251719892,-4482,6444,-1542,129,-174,2,-16328,0,-15537,0,8160,8192,5956,934,-5166,-110,14,22
2251769892,-4954,7192,-1856,107,-210,-136,0,0,-7,-1,-16326,0,6228,500,-6172,-109,25,36
2251819892,-4536,6748,-1562,80,-328,-241,8160,8192,0,0,645,8192,6346,310,-5906,-95,-6,43
2251869892,-4166,5876,-1234,85,-236,-286,-16321,0,-15537,0,8160,8192,5864,28,-6382,-122,34,22
2251919892,-4496,6120,-924,87,-133,80,-16319,0,-15537,0,8160,8192,6406,-522,-5074,-119,2,12
2251969892,-5062,5816,-644,71,187,293,-16318,0,-15537,0,8160,8192,6078,-776,-5928,-106,32,30
2252019892,-5050,6262,-544,-10,225,351,-16316,0,-15537,0,8160,8192,4650,-1000,-6550,-97,5,40
2252069892,-5386,5608,-642,100,-67,-16,-16314,0,-15537,0,8160,8192,5620,-1250,-6504,-110,35,26
2252119892,-6486,6648,-960,118,-70,36,-16313,0,-15537,0,8160,8192,5536,-1552,-5958,-111,50,31
2252169892,-5724,6016,-882,122,-176,-107,-16311,0,-15537,0,8160,8192,5334,-1320,-6306,-110,43,29
2252219892,-6692,6008,-70,114,-56,227,8160,8192,25252,-31171,645,8192,6020,-2114,-5984,-105,8,31
2252269892,-6618,5806,-310,49,-23,190,8160,8192,9716,-31170,645,8192,6090,-1982,-5930,-107,33,31
2252319892,-6432,5594,186,202,43,351,-16303,0,-15537,0,8160,8192,6498,-2088,-6036,-98,73,22
2252369892,-5852,5448,406,40,239,532,-16301,0,-15537,0,8160,8192,5866,-2758,-6028,-100,48,26
2252419892,-6620,5712,482,13,462,1044,-17298,0,-15537,0,8160,8192,7826,-3830,-5366,-96,42,25
2252469892,-5816,5258,6,-170,579,1048,-16296,0,-15537,0,8160,8192,7610,-3068,-5152,-120,56,33
2252519892,-5830,6272,-328,-20,196,510,0,0,-7,-1,-17294,0,5290,-2320,-5116,-96,41,51
2252569892,-5302,7696,-1114,19,-14,278,8160,8192,-17964,-31166,645,8192,3174,-630,-7338,-97,14,66
2252619892,-3488,7556,-2988,60,-429,-476,0,0,-7,-1,-17289,0,8948,-426,-3866,-104,9,35
2252669892,-3506,8214,-2818,277,-331,-134,0,0,-7,-1,-16286,0,4718,1206,-6140,-103,32,45
2252719892,-3448,6924,-2428,-74,188,534,8160,8192,0,0,645,8192,7352,1490,-4904,-111,32,39
2252769892,-1432,6086,-1846,95,-82,7,0,0,-7,-1,-16282,0,5120,606,-6522,-107,31,24
2252819892,-3086,8058,-2554,368,-579,-433,-18280,0,-15537,0,8160,8192,5490,1424,-5242,-120,-2,30
2252869892,-3168,8066,-2436,166,-161,54,0,0,-7,-1,-16278,0,4522,1078,-7146,-110,30,16
2252919892,-3194,7390,-2766,67,71,374,8160,8192,0,0,645,8192,5182,2104,-5522,-112,68,32
2252969892,-2340,6684,-2598,173,-200,-162,-17275,0,-15537,0,8160,8192,4776,2438,-6804,-110,67,29
2253019892,-3290,7566,-2542,187,-92,157,-16273,0,-15537,0,8160,8192,5534,1380,-6198,-116,20,28
2253069892,-4016,7136,-2294,-30,265,712,-16271,0,-15537,0,8160,8192,6078,1018,-5642,-114,14,32
2253119892,-3550,6956,-2180,12,2,142,0,0,-7,-1,-16269,0,5848,760,-5772,-107,22,23
2253169892,-3618,7712,-2486,134,-133,12,0,0,-7,-1,-16266,0,5524,1494,-5786,-113,40,28
2253219892,-3746,7304,-2278,130,-133,32,-17263,0,-15537,0,8160,8192,5936,612,-5828,-107,36,20
2253269892,-3672,7054,-1956,64,68,287,-16260,0,-15537,0,8160,8192,5990,706,-5758,-108,56,34
2253319892,-4328,7202,-1708,154,-98,100,0,0,-7,-1,-16258,0,5818,-10,-5972,-113,59,35
2253369892,-4446,7014,-1764,36,24,250,-16258,0,-15537,0,8160,8192,5804,44,-6118,-103,38,31
2253419892,-4422,6890,-1516,130,-99,92,-16256,0,-15537,0,8160,8192,5764,-266,-5974,-104,35,29
2253469892,-3976,7116,-1888,74,-164,-48,8160,8192,0,0,645,8192,5688,362,-6194,-96,11,24
2253519892,-3860,7222,-1974,111,-141,66,-16252,0,-15537,0,8160,8192,5982,296,-6072,-102,-5,31
2253569892,-4046,7190,-1866,39,-34,219,8160,8192,-1004,-31151,645,8192,6084,308,-5906,-106,14,31
2253619892,-4160,7050,-1774,103,-79,95,-17248,0,-15537,0,8160,8192,5582,146,-6094,-105,40,28
2253669892,-3976,7194,-1894,114,-160,-29,-16248,0,-15537,0,8160,8192,5894,218,-6046,-106,41,35
2253719892,-4040,7132,-1674,115,-66,90,0,0,-7,-1,-16247,0,5454,464,-6232,-103,46,25
2253769892,-3936,7340,-2134,99,-164,-62,8160,8192,0,0,645,8192,5932,670,-5850,-108,35,30
2253819892,-3774,7490,-2176,158,-290,-230,-18243,0,-15537,0,8160,8192,5626,1312,-6102,-100,24,29
2253869892,-4144,7368,-2228,123,-260,-279,0,0,-7,-1,-17240,0,6018,840,-6062,-96,41,30
2253919892,-3742,7240,-1988,159,-342,-248,-16237,0,-15537,0,8160,8192,5654,476,-6018,-99,23,31
2253969892,-4030,7168,-1942,90,-253,-165,0,0,-7,-1,-16235,0,5888,472,-5792,-107,26,30
2254019892,-4096,7122,-1852,180,-341,-358,-16232,0,-15537,0,8160,8192,5970,754,-5980,-94,59,25
2254069892,-3824,6934,-1962,217,-378,-265,0,0,-7,-1,-17230,0,5308,452,-6166,-100,58,26
2254119892,-3946,7120,-2192,63,-271,-403,8160,8192,24708,-31142,645,8192,5744,1332,-5806,-95,50,34
2254169892,-3654,6364,-1784,152,-323,-94,-16227,0,-15537,0,8160,8192,6122,430,-6048,-99,-1,21
2254219892,-4326,7068,-1854,45,-184,-93,-16226,0,-15537,0,8160,8192,5776,472,-6184,-99,-2,26
2254269892,-3618,6788,-1848,157,-314,-113,8160,8192,-21900,-31140,645,8192,6000,894,-5716,-103,14,25
2254319892,-3838,7060,-1998,187,-323,-91,8160,8192,28100,-31139,645,8192,5598,534,-6042,-93,47,26
2254369892,-3880,6698,-1950,157,-301,-193,8160,8192,0,0,645,8192,5210,34,-6158,-105,69,26
2254419892,-4494,6912,-2116,120,-154,126,0,0,-7,-1,-16219,0,3632,872,-6358,-105,41,28
2254469892,-4056,6118,-1370,60,-90,125,-18217,0,-15537,0,8160,8192,6776,418,-4786,-99,-3,36
2254519892,-5134,6748,-1630,56,-36,46,0,0,-7,-1,-17214,0,5300,346,-7096,-100,20,39
2254569892,-4514,6400,-1186,114,-141,6,-16211,0,-15537,0,8160,8192,5320,-1480,-6708,-116,31,28
2254619892,-4346,6368,-1312,97,-193,14,-16208,0,-15537,0,8160,8192,6802,318,-5008,-109,10,26
2254669892,-4978,6714,-1534,27,-265,-244,8160,8192,0,0,645,8192,6432,-42,-5704,-100,-10,34
2254719892,-4646,6596,-1384,79,-281,-281,-17203,0,-15537,0,8160,8192,5742,882,-6578,-118,9,20
2254769892,-5148,6386,-1048,139,-283,-289,-16200,0,-15537,0,8160,8192,7294,-822,-6214,-107,15,39
2254819892,-5008,6468,-1128,6,-61,-100,-16198,0,-15537,0,8160,8192,6102,-616,-5716,-95,16,28
2254869892,-5202,6410,-1332,139,22,78,0,0,-7,-1,-16196,0,6078,266,-6250,-119,35,22
2254919892,-5686,6200,-786,119,77,191,8160,8192,-27260,-31130,645,8192,6424,-412,-5996,-98,28,49
2254969892,-5926,6434,-1134,112,36,145,0,0,-7,-1,-16191,0,5676,-1046,-5498,-107,58,29
2255019892,-5496,6412,-1382,116,-238,-125,0,0,-7,-1,-17189,0,5700,-484,-6178,-109,29,30
2255069892,-5200,5850,-948,93,-223,-152,-16186,0,-15537,0,8160,8192,5186,-996,-6310,-107,30,34
2255119892,-5904,5990,-584,63,-125,96,-16184,0,-15537,0,8160,8192,5608,-1280,-6248,-105,8,31
2255169892,-6234,5748,-304,104,-23,195,-16182,0,-15537,0,8160,8192,5822,-1952,-6124,-99,48,27
2255219892,-6416,5534,54,139,-22,139,-16180,0,-15537,0,8160,8192,5906,-2432,-6144,-103,50,31
2255269892,-7020,5780,154,149,211,571,-18179,0,-15537,0,8160,8192,5886,-2434,-5884,-108,64,30
2255319892,-6516,5302,156,-14,407,857,-16177,0,-15537,0,8160,8192,7580,-2284,-5250,-100,35,36
2255369892,-7008,5384,48,-49,406,911,-16175,0,-15537,0,8160,8192,4586,-2886,-6848,-110,32,34
2255419892,-6486,5946,124,-17,434,890,-16172,0,-15537,0,8160,8192,4560,-3646,-6530,-110,65,39
2255469892,-4564,5030,10,-90,276,674,-18170,0,-15537,0,8160,8192,7870,188,-4052,-84,57,54
2255519892,-5556,7138,-2134,-3,-92,-83,0,0,-7,-1,-17168,0,6170,-504,-4430,-94,41,42
2255569892,-3966,7200,-1516,173,-219,-381,-16166,0,-15537,0,8160,8192,3844,-372,-6658,-104,36,34
2255619892,-3442,6960,-1850,23,35,124,-18164,0,-15537,0,8160,8192,6884,986,-4684,-104,47,32
2255669892,-2684,6248,-2050,-69,165,380,8160,8192,0,0,645,8192,7386,4204,-5972,-93,46,17
2255719892,-1698,7498,-3096,200,-482,-748,-18161,0,-15537,0,8160,8192,5454,2786,-5934,-98,-5,26
2255769892,-3174,7768,-2516,469,-494,-180,8160,8192,-29228,-31117,645,8192,5748,976,-5464,-110,12,4
2255819892,-3274,7306,-2730,-97,205,512,-16157,0,-15537,0,8160,8192,5844,2626,-5774,-106,17,19
2255869892,-2990,7624,-2646,185,-153,106,-17155,0,-15537,0,8160,8192,4962,1228,-6912,-106,32,25
2255919892,-3318,7418,-2288,141,-8,270,8160,8192,0,0,645,8192,5388,356,-6346,-112,28,21
2255969892,-3460,7188,-2144,-4,172,537,0,0,-7,-1,-17150,0,5006,1348,-6710,-112,0,23
2256019892,-3844,7346,-2286,49,9,298,-16147,0,-15537,0,8160,8192,5904,1358,-6030,-117,-9,34
2256069892,-4076,7502,-2224,104,-106,101,-16146,0,-15537,0,8160,8192,5536,880,-6546,-121,12,34
2256119892,-2968,7624,-2950,110,-198,-203,0,0,-7,-1,-16144,0,5418,2200,-6514,-112,70,21
2256169892,-3516,7842,-2412,257,-244,-36,-16141,0,-15537,0,8160,8192,5620,1102,-6322,-112,51,17
2256219892,-3700,7124,-1962,-17,187,500,-16139,0,-15537,0,8160,8192,5668,582,-6074,-109,37,31
2256269892,-4128,6946,-1760,84,-47,217,0,0,-7,-1,-16138,0,5794,196,-5910,-105,19,30
2256319892,-4148,6996,-1624,99,-112,84,-16136,0,-15537,0,8160,8192,5822,-60,-5842,-104,16,31
2256369892,-3968,7060,-2132,73,-274,-282,5544,8192,-7,-1,-15817,0,5688,636,-6070,-95,22,24
2256419892,-4262,7300,-1684,175,-227,-88,8160,8192,30948,-31107,645,8192,5960,-236,-6048,-103,25,26
2256469892,-4418,7008,-1758,10,-16,138,0,0,-7,-1,-16129,0,5646,260,-6034,-105,33,33
2256519892,-4386,7060,-1822,147,-167,-30,8160,8192,-124,-31106,645,8192,5894,170,-5936,-102,45,32
2256569892,-4104,7176,-1886,138,-231,-198,-16126,0,-15537,0,8160,8192,5866,222,-5964,-106,47,28
2256619892,-3780,7242,-2140,115,-235,-171,8160,8192,0,0,645,8192,5524,1086,-6252,-106,49,26
2256669892,-4006,7094,-1912,152,-218,-54,-16120,0,-15537,0,8160,8192,5854,780,-5968,-108,35,35
2256719892,-3898,7052,-2098,72,-238,-250,-16118,0,-15537,0,8160,8192,5812,510,-5968,-98,26,32
2256769892,-4168,7426,-1916,131,-179,54,0,0,-7,-1,-16115,0,5574,380,-6074,-100,13,31
2256819892,-4224,7082,-1968,69,-97,57,-17112,0,-15537,0,8160,8192,5772,254,-6030,-101,27,28
2256869892,-4474,6874,-1614,77,-43,114,8160,8192,0,0,645,8192,5558,838,-6138,-107,33,28
2256919892,-4462,7420,-2278,91,-239,-212,0,0,-7,-1,-16109,0,5584,776,-6146,-102,50,24
2256969892,-3310,5964,-1094,197,-403,-476,0,0,-7,-1,-17106,0,5598,602,-6248,-105,46,35
2257019892,-3600,6266,-1512,121,-267,-220,8160,8192,0,0,645,8192,5706,442,-6222,-100,27,26
2257069892,-4990,7320,-2116,189,-411,-304,-16102,0,-15537,0,8160,8192,5912,548,-6078,-104,22,29
2257119892,-4784,7764,-2646,168,-394,-356,0,0,-7,-1,-16100,0,5110,774,-6386,-101,32,26
2257169892,-4380,6916,-1890,175,-292,-72,-16098,0,-15537,0,8160,8192,5758,582,-5918,-93,20,36
2257219892,-3778,6666,-1900,72,-156,88,8160,8192,0,0,645,8192,5210,230,-5852,-114,49,21
2257269892,-2842,5474,-1056,143,-162,206,-17094,0,-15537,0,8160,8192,6014,538,-6124,-104,17,34
2257319892,-5150,7020,-1896,64,-102,59,8160,8192,0,0,645,8192,3814,572,-7682,-101,35,37
2257369892,-4566,7092,-1604,140,-126,20,-16091,0,-15537,0,8160,8192,5314,856,-6054,-119,55,29
2257419892,-4034,5596,-1106,94,-85,75,8160,8192,-17628,-31092,645,8192,6734,374,-5396,-103,14,31
2257469892,-4614,6582,-1626,107,-169,73,0,0,-7,-1,-16087,0,6430,478,-5142,-104,16,22
2257519892,-4476,6480,-1392,96,-167,-78,0,0,-7,-1,-16084,0,6538,-358,-5610,-103,28,32
2257569892,-4952,6768,-1484,36,-271,-202,0,0,-7,-1,-17081,0,6182,418,-6162,-104,3,36
2257619892,-4604,6136,-1578,67,-252,-282,-16078,0,-15537,0,8160,8192,7758,790,-4758,-117,19,21
2257669892,-5228,6468,-1070,136,-117,-98,-17076,0,-15537,0,8160,8192,5648,-384,-6090,-107,10,41
2257719892,-4962,6566,-1350,-4,37,71,8160,8192,20228,-31087,645,8192,4858,-662,-6600,-98,24,21
2257769892,-5070,6096,-982,101,218,365,8160,8192,0,0,645,8192,4556,-1026,-6816,-117,40,24
2257819892,-6276,6370,-930,49,98,237,-17070,0,-15537,0,8160,8192,5448,-1168,-6146,-97,21,46
2257869892,-5536,6248,-1084,93,-106,-146,-16068,0,-15537,0,8160,8192,5188,-1228,-6576,-107,37,29
2257919892,-5774,6228,-920,140,-210,-60,8160,8192,0,0,645,8192,5780,-1142,-6014,-101,11,31
2257969892,-5948,5766,-300,103,-100,76,-18064,0,-15537,0,8160,8192,5586,-1462,-6138,-100,33,29
2258019892,-5952,5952,-510,70,-66,238,-16062,0,-15537,0,8160,8192,5748,-1434,-6064,-106,47,38
2258069892,-6358,5608,30,226,0,287,-17060,0,-15537,0,8160,8192,6076,-2848,-5978,-101,56,29
2258119892,-6360,5416,330,-9,433,880,-16058,0,-15537,0,8160,8192,5852,-2676,-6514,-105,67,28
2258169892,-6458,4658,1086,26,443,907,8160,8192,0,0,645,8192,4778,-3650,-6474,-116,69,26
2258219892,-5470,4748,352,-208,552,1120,0,0,-7,-1,-16054,0,3194,-2202,-8392,-80,80,34
2258269892,-4668,4780,-614,52,66,285,-16052,0,-15537,0,8160,8192,8560,-3120,-1954,-77,86,32
2258319892,-3948,7338,-2602,49,-426,-158,8160,8192,0,0,645,8192,6400,1388,-5260,-117,13,55
2258369892,-4622,7694,-2038,202,-153,-256,-16046,0,-15537,0,8160,8192,1388,-956,-8744,-104,58,45
2258419892,-3890,7058,-1726,1,93,427,-17043,0,-15537,0,8160,8192,4914,-114,-5352,-112,42,46
2258469892,-3186,6920,-1976,-112,269,451,0,0,-7,-1,-17041,0,6908,-1550,-6540,-105,35,35
2258519892,-3756,7706,-3020,150,-234,16,-16039,0,-15537,0,8160,8192,7222,2128,-5968,-115,-45,22
2258569892,-2922,7216,-2528,161,-265,-62,-16036,0,-15537,0,8160,8192,5292,938,-6302,-122,9,10
2258619892,-2484,7928,-3426,172,-462,-574,-16034,0,-15537,0,8160,8192,5048,3484,-6774,-102,12,23
2258669892,-2842,7758,-2690,504,-642,-527,8160,8192,-12812,-31073,645,8192,6012,1446,-6114,-101,21,28
2258719892,-3272,7898,-2744,-20,293,720,5544,8192,-7,-1,-17007,0,6124,1308,-6064,-101,25,18
2258769892,-3870,7156,-2170,-97,459,850,-16029,0,-15537,0,8160,8192,5718,1518,-6098,-108,21,27
2258819892,-3864,7260,-1952,41,195,678,-16027,0,-15537,0,8160,8192,5692,556,-5990,-117,10,24
2258869892,-4180,6880,-1742,28,58,362,0,0,-7,-1,-16024,0,5874,-132,-5700,-114,20,28
2258919892,-3362,7134,-2266,97,-233,-180,8160,8192,-24956,-31069,645,8192,5756,842,-5832,-116,30,24
2258969892,-3182,7522,-2362,273,-405,-339,0,0,-7,-1,-16021,0,5584,1326,-6122,-114,73,26
2259019892,-3354,7410,-2664,175,-158,-134,8160,8192,9508,-31067,645,8192,5696,1356,-6256,-110,119,24
2259069892,-3378,7370,-2140,182,-158,10,0,0,-7,-1,-17017,0,5650,786,-5914,-102,61,27
2259119892,-4484,7212,-1666,29,117,446,8160,8192,-21564,-31066,645,8192,5860,8,-5892,-103,18,37
2259169892,-4280,7060,-1888,24,-43,145,-16013,0,-15537,0,8160,8192,5546,218,-6164,-100,27,26
2259219892,-4202,7200,-1892,154,-320,-258,0,0,-7,-1,-16010,0,5708,360,-6094,-97,18,31
2259269892,-4182,7158,-1808,119,-243,-139,8160,8192,-2636,-31064,645,8192,5266,54,-6166,-110,1,26
2259319892,-4012,7044,-1892,71,-152,2,-17006,0,-15537,0,8160,8192,5822,292,-6096,-104,11,33
2259369892,-3846,7208,-2396,92,-276,-212,-16005,0,-15537,0,8160,8192,5816,1078,-5830,-102,20,26
2259419892,-4016,7038,-1860,177,-293,-107,-16003,0,-15537,0,8160,8192,5764,52,-5864,-105,31,37
2259469892,-4458,6848,-1580,-7,67,252,-18001,0,-15537,0,8160,8192,5736,-388,-6320,-101,32,31
2259519892,-4064,6824,-2006,3,-7,213,-15998,0,-15537,0,8160,8192,5874,422,-5990,-109,13,31
2259569892,-4214,7056,-1892,88,-232,-174,0,0,-7,-1,-15997,0,5864,564,-6032,-104,-4,31
2259619892,-4116,7250,-1986,144,-418,-418,-15995,0,-15537,0,8160,8192,5578,646,-6178,-103,14,33
2259669892,-3914,7310,-2340,188,-445,-469,0,0,-7,-1,-15994,0,6052,1376,-5904,-101,44,28
2259719892,-3924,7360,-2240,251,-547,-555,-16994,0,-15537,0,8160,8192,5946,978,-6042,-103,38,24
2259769892,-3952,7618,-2744,159,-342,-318,8160,8192,0,0,645,8192,5664,744,-6280,-105,53,33
2259819892,-4382,6882,-2350,89,-170,17,-15989,0,-15537,0,8160,8192,6596,812,-5580,-98,7,27
2259869892,-4402,7326,-2150,116,-166,139,0,0,-7,-1,-15987,0,4850,630,-6644,-104,45,32
2259919892,-4264,6724,-1808,136,-226,-109,-15985,0,-15537,0,8160,8192,5818,342,-6294,-96,25,29
2259969892,-4982,7624,-2392,113,-225,42,8160,8192,-23532,-31053,645,8192,5970,58,-6080,-109,29,24
2260019892,-4852,6882,-2094,134,-191,-30,0,0,-7,-1,-16981,0,6656,-228,-5370,-102,58,32
2260069892,-4778,7222,-1934,99,-134,209,-16978,0,-15537,0,8160,8192,4620,468,-6576,-100,44,30
2260119892,-4942,6888,-1806,71,-166,-10,8160,8192,-4604,-31051,645,8192,4720,514,-6758,-101,12,37
2260169892,-4356,6660,-1834,43,-164,-78,-17975,0,-15537,0,8160,8192,4394,96,-6620,-99,28,35
2260219892,-4034,6194,-1470,58,-209,-132,0,0,-7,-1,-16974,0,4636,912,-6418,-112,22,30
2260269892,-5170,6994,-1626,103,-195,-108,0,0,-7,-1,-15971,0,5332,-78,-5948,-114,52,20
2260319892,-4766,6480,-1442,43,-234,-115,-15968,0,-15537,0,8160,8192,6528,388,-5254,-111,28,29
2260369892,-4626,6166,-1364,93,-150,54,8160,8192,-16748,-31047,645,8192,5352,-502,-5502,-101,33,37
2260419892,-4972,6138,-1508,17,-170,-188,0,0,-7,-1,-15964,0,5604,-912,-5600,-112,31,36
2260469892,-4844,6174,-1036,68,-108,4,-15961,0,-15537,0,8160,8192,5868,-296,-5976,-110,10,18
2260519892,-5480,6472,-1382,95,79,170,0,0,-7,-1,-16959,0,4858,-1210,-6466,-95,44,35
2260569892,-4926,6156,-1238,74,-40,38,-15956,0,-15537,0,8160,8192,4882,-74,-6440,-113,28,22
2260619892,-5816,6990,-1486,140,-130,-3,8160,8192,0,0,645,8192,5162,-468,-6400,-99,35,44
2260669892,-5366,5998,-612,146,-101,29,8160,8192,21108,-31042,645,8192,5634,-840,-6198,-113,65,33
2260719892,-5688,6042,-710,91,-131,-84,0,0,-7,-1,-15950,0,5842,-722,-5916,-114,60,39
2260769892,-6072,6162,-842,128,-253,-114,-17948,0,-15537,0,8160,8192,5828,-900,-6122,-110,37,35
2260819892,-5956,6212,-816,112,-230,-200,-15945,0,-15537,0,8160,8192,5890,-1306,-6092,-108,57,38
2260869892,-5576,6320,-986,90,-65,120,-15943,0,-15537,0,8160,8192,5972,-962,-6028,-105,40,34
2260919892,-5720,6016,-696,129,-2,192,0,0,-7,-1,-15941,0,5732,-1168,-6062,-101,37,30
2260969892,-5630,5968,-922,98,-34,159,0,0,-7,-1,-15939,0,5672,-1138,-6176,-105,29,35
2261019892,-6034,6198,-788,96,118,543,8160,8192,0,0,645,8192,6588,-1966,-5532,-106,22,23
2261069892,-6196,6008,-598,38,274,721,0,0,-7,-1,-15934,0,8398,-2056,-4258,-106,21,29
2261119892,-7222,6940,-636,0,374,895,0,0,-7,-1,-16931,0,6458,-1928,-5408,-116,33,36
2261169892,-6598,5814,-28,-13,471,970,-15929,0,-15537,0,8160,8192,6826,-2018,-5492,-115,67,43
2261219892,-6490,7096,-936,-43,70,285,8160,8192,-18716,-31034,645,8192,5730,-208,-6720,-97,44,70
2261269892,-5216,7192,-1880,107,-166,-132,0,0,-7,-1,-15925,0,5454,318,-5302,-102,20,39
2261319892,-2614,5660,-1208,239,-297,-135,8160,8192,0,0,645,8192,3306,-570,-7462,-107,114,40
2261369892,-4202,6140,-2470,-1,11,258,-15916,0,-15537,0,8160,8192,7560,254,-5448,-107,43,25
2261419892,-4718,7446,-1990,66,132,375,0,0,-7,-1,-15913,0,7514,918,-4410,-102,21,21
2261469892,-2728,6232,-1348,-101,314,765,8160,8192,-30860,-31030,645,8192,5898,42,-6560,-92,27,18
2261519892,-3726,6856,-1624,-10,54,150,-15909,0,-15537,0,8160,8192,5518,1308,-6278,-101,-20,25
2261569892,-3450,7516,-2304,271,-451,-296,0,0,-7,-1,-16906,0,5652,1418,-6338,-116,1,12
2261619892,-2306,8214,-3274,249,-640,-847,-15904,0,-15537,0,8160,8192,5114,2866,-7386,-102,-12,13
2261669892,-3134,8482,-2940,448,-585,-439,-15902,0,-15537,0,8160,8192,6104,3254,-5186,-94,25,25
2261719892,-2416,7552,-2894,10,80,435,0,0,-7,-1,-15899,0,6380,1876,-5684,-111,7,29
2261769892,-3428,7264,-2342,63,315,738,0,0,-7,-1,-16897,0,5658,1276,-5940,-119,76,22
2261819892,-3668,7250,-2356,-66,367,618,-15895,0,-15537,0,8160,8192,5650,414,-6078,-106,72,18
2261869892,-4278,7196,-1708,62,44,468,8160,8192,0,0,645,8192,6026,106,-5898,-110,-27,32
2261919892,-4278,6920,-1828,-34,107,350,-15891,0,-15537,0,8160,8192,5184,514,-6252,-121,-8,32
2261969892,-3554,7496,-2278,261,-468,-578,0,0,-7,-1,-15889,0,4110,804,-6974,-109,52,19
2262019892,-3420,7532,-1922,180,-177,29,0,0,-7,-1,-16886,0,5878,666,-6060,-107,57,32
2262069892,-3966,7144,-2158,19,72,258,-15884,0,-15537,0,8160,8192,5728,528,-6114,-109,71,36
2262119892,-4464,7132,-1512,140,21,258,-16882,0,-15537,0,8160,8192,5776,-222,-5994,-107,72,34
2262169892,-4182,6980,-1940,40,-95,-17,0,0,-7,-1,-15880,0,5658,248,-5980,-101,33,26
2262219892,-4164,7214,-1776,189,-301,-169,8160,8192,0,0,645,8192,5912,20,-5926,-101,7,31
2262269892,-4096,7028,-1880,36,-84,109,-15872,0,-15537,0,8160,8192,5470,246,-6184,-103,2,27
2262319892,-4190,6966,-1796,77,-103,110,8160,8192,0,0,645,8192,5728,52,-6022,-105,6,32
2262369892,-4180,7096,-1842,68,-130,43,0,0,-7,-1,-15865,0,5790,146,-6062,-103,11,32
2262419892,-4096,7282,-1990,122,-196,-92,-17863,0,-15537,0,8160,8192,6034,374,-5984,-103,30,32
2262469892,-4240,7252,-1724,133,-111,1,0,0,-7,-1,-15861,0,5622,-2,-6084,-100,54,29
2262519892,-4080,7048,-2000,71,-117,8,-16856,0,-15537,0,8160,8192,5696,406,-6088,-105,56,34
2262569892,-4140,7150,-1934,146,-222,-119,-15854,0,-15537,0,8160,8192,6046,542,-5860,-103,36,30
2262619892,-4154,7168,-1758,104,-201,-75,-15850,0,-15537,0,8160,8192,5690,248,-6128,-103,20,29
2262669892,-3844,7318,-2432,112,-347,-404,0,0,-7,-1,-15847,0,5764,1344,-5960,-110,21,30
2262719892,-3396,7380,-2494,324,-669,-750,-15845,0,-15537,0,8160,8192,5508,1640,-6148,-94,43,27
2262769892,-4016,7122,-1968,227,-439,-354,8160,8192,0,0,645,8192,6026,662,-6030,-98,31,26
2262819892,-4724,7156,-1480,2,78,286,8160,8192,8420,-31009,645,8192,5972,654,-6040,-100,26,22
2262869892,-3708,6606,-1360,67,-96,3,-15837,0,-15537,0,8160,8192,4952,528,-6466,-103,44,33
2262919892,-4160,6356,-1488,105,-118,48,0,0,-7,-1,-16835,0,5636,-152,-6134,-98,32,32
2262969892,-5112,7336,-1784,64,-88,156,8160,8192,27348,-31007,645,8192,5870,50,-5910,-100,37,29
2263019892,-3980,6546,-1854,57,-264,-242,8160,8192,0,0,645,8192,5050,878,-6492,-102,19,31
2263069892,-4928,7198,-1872,236,-391,-261,8160,8192,-3724,-31006,645,8192,5960,198,-5850,-100,26,30
2263119892,-4068,6688,-1774,44,-217,-60,-16825,0,-15537,0,8160,8192,5888,510,-6318,-102,22,31
2263169892,-4468,6934,-2004,144,-215,-43,-15824,0,-15537,0,8160,8192,6054,1256,-5878,-106,48,23
2263219892,-2980,5520,-1520,164,-284,-115,8160,8192,0,0,645,8192,5206,1064,-7032,-108,44,32
2263269892,-4576,7652,-2430,129,-234,-94,0,0,-7,-1,-15818,0,4824,546,-6694,-108,35,34
2263319892,-5112,7620,-2294,78,-129,70,8160,8192,-15868,-31002,645,8192,5682,278,-6352,-104,6,34
2263369892,-4510,6914,-1802,89,-101,0,8160,8192,-31404,-31001,645,8192,6250,30,-5508,-101,14,37
2263419892,-4672,6794,-1724,101,-131,-3,-15807,0,-15537,0,8160,8192,5272,-462,-5686,-111,34,26
2263469892,-4434,6058,-1688,113,-142,-54,0,0,-7,-1,-15805,0,5142,-348,-6806,-108,34,30
2263519892,-4746,6698,-1556,50,-155,-55,-15801,0,-15537,0,8160,8192,4706,572,-6910,-104,-9,37
2263569892,-4850,6284,-1612,43,-216,-171,8160,8192,-28012,-30998,645,8192,7110,8,-4860,-114,15,15
2263619892,-6076,6836,-1188,169,-196,-215,-17797,0,-15537,0,8160,8192,5164,322,-4972,-103,41,38
2263669892,-6590,7728,-1920,-30,-34,-140,0,0,-7,-1,-16794,0,5078,-774,-6930,-88,48,48
2263719892,-5114,6092,-1014,231,-140,-168,8160,8192,-9084,-30996,645,8192,6876,-118,-5256,-112,33,23
2263769892,-4894,5484,-644,73,64,199,-15791,0,-15537,0,8160,8192,7334,-418,-5154,-93,3,44
2263819892,-5882,6078,-692,146,149,364,-16790,0,-15537,0,8160,8192,6602,-1322,-5902,-99,23,31
2263869892,-6244,6552,-738,102,-53,-16,-15788,0,-15537,0,8160,8192,6264,-740,-5854,-105,55,32
2263919892,-5450,5446,2,128,-203,-163,5544,8192,-7,-1,-16070,0,5752,-2438,-5948,-107,12,30
2263969892,-6522,5862,-260,-19,72,378,-15783,0,-15537,0,8160,8192,5740,-1658,-6330,-96,13,26
2264019892,-6376,5616,-16,132,-69,206,-15781,0,-15537,0,8160,8192,6092,-2660,-6016,-100,22,29
2264069892,-6824,5510,310,90,286,749,-15777,0,-15537,0,8160,8192,6032,-2396,-6366,-92,36,17
2264119892,-7124,5370,670,22,380,832,8160,8192,0,0,645,8192,6560,-3178,-5098,-97,21,26
2264169892,-8130,5688,988,-86,726,1384,8160,8192,-17836,-30989,645,8192,6714,-2444,-5646,-96,27,32
2264219892,-7562,6748,730,-209,785,1319,0,0,-7,-1,-15769,0,4366,-4142,-5852,-84,35,51
2264269892,-7292,8242,-1092,-64,-29,95,-15767,0,-15537,0,8160,8192,8126,-896,-3652,-88,55,37
2264319892,-3282,7648,-3682,203,-840,-1112,-16765,0,-15537,0,8160,8192,4592,2,-6632,-104,49,37
2264369892,-3852,8956,-2152,441,-406,-92,-16763,0,-15537,0,8160,8192,8546,1722,-5872,-123,84,48
2264419892,-5092,8466,-2872,-376,845,1205,0,0,-7,-1,-15761,0,5564,482,-6294,-118,84,30
2264469892,-3250,7116,-2652,137,-321,-133,0,0,-7,-1,-16759,0,7002,3800,-5682,-125,-14,65
2264519892,-2668,9224,-3764,672,-1127,-1374,8160,8192,0,0,645,8192,6262,5174,-6036,-130,-3,23
2264569892,-1538,9160,-4400,342,-880,-823,-15753,0,-15537,0,8160,8192,5938,4164,-5866,-123,-54,30
2264619892,-742,9732,-5734,247,-1174,-1679,-15750,0,-15537,0,8160,8192,5388,5886,-6130,-121,16,30
2264669892,-3256,7670,-2114,532,90,857,-15749,0,-15537,0,8160,8192,5594,870,-5824,-108,25,17
2264719892,-3286,7386,-3528,-682,1307,1794,-15747,0,-15537,0,8160,8192,5128,2460,-6408,-117,64,20
2264769892,-4304,6972,-2524,94,346,873,-15744,0,-15537,0,8160,8192,5878,566,-5910,-101,66,7
2264819892,-4324,6862,-1782,78,-41,314,8160,8192,-23196,-30979,645,8192,5846,200,-6036,-112,45,23
2264869892,-4438,6882,-1558,134,-264,-172,0,0,-7,-1,-16740,0,5968,-580,-5890,-112,34,34
2264919892,-4788,6980,-1360,95,-83,88,-15738,0,-15537,0,8160,8192,5770,-278,-5978,-102,45,24
2264969892,-4592,6834,-1604,118,-91,41,-16736,0,-15537,0,8160,8192,6202,-396,-5738,-105,43,23
2265019892,-4386,7076,-1402,96,-33,168,8160,8192,-19804,-30976,645,8192,5846,-292,-5978,-101,42,26
2265069892,-4446,6922,-1806,50,33,156,8160,8192,0,0,645,8192,5848,56,-6120,-112,42,27
2265119892,-4040,7250,-2000,125,-130,64,-15726,0,-15537,0,8160,8192,5658,836,-6062,-108,42,34
2265169892,-3838,7256,-2096,148,-261,-258,-15725,0,-15537,0,8160,8192,5734,404,-6000,-102,25,32
2265219892,-4394,7210,-1576,63,19,300,-15722,0,-15537,0,8160,8192,5932,-42,-6032,-104,11,32
2265269892,-4552,6920,-1830,-35,76,313,-15719,0,-15537,0,8160,8192,5834,144,-6034,-106,9,29
2265319892,-4350,7076,-1688,152,-197,-59,-17717,0,-15537,0,8160,8192,5876,260,-6064,-100,33,27
2265369892,-4036,7098,-1984,108,-157,-83,-15712,0,-15537,0,8160,8192,6152,814,-5884,-114,41,31
2265419892,-2732,7602,-3592,104,-570,-733,8160,8192,-13020,-30970,645,8192,5186,2988,-6736,-112,35,25
2265469892,-2622,7868,-3224,465,-1163,-1476,-16708,0,-15537,0,8160,8192,5532,3412,-5948,-103,29,38
2265519892,-3318,7878,-3092,244,-893,-1201,0,0,-7,-1,-15706,0,5480,2334,-6308,-90,50,23
2265569892,-4506,6608,-1756,119,-90,417,8160,8192,5908,-30967,645,8192,6690,-576,-5108,-83,-1,28
2265619892,-4914,6758,-1692,-163,379,898,-15699,0,-15537,0,8160,8192,4802,-170,-6776,-98,30,25
2265669892,-4754,6392,-1604,132,-217,-133,0,0,-7,-1,-15697,0,5524,58,-6392,-93,33,23
2265719892,-5372,7342,-1674,140,-114,155,-16694,0,-15537,0,8160,8192,6250,-1058,-6174,-102,46,17
2265769892,-4918,6818,-1804,19,-93,59,-15693,0,-15537,0,8160,8192,6016,98,-6194,-104,68,35
2265819892,-4596,7006,-2130,198,-408,-204,8160,8192,0,0,645,8192,6084,252,-5832,-103,18,33
2265869892,-5504,7266,-1924,95,-220,-123,0,0,-7,-1,-15689,0,6018,-520,-6058,-98,9,33
2265919892,-4578,6802,-1662,37,-157,-40,0,0,-7,-1,-15686,0,6032,84,-6046,-98,17,35
2265969892,-5014,6864,-1468,119,-90,-12,-15683,0,-15537,0,8160,8192,6192,710,-5926,-112,38,28
2266019892,-4808,6226,-760,101,-116,26,0,0,-7,-1,-15680,0,6402,-250,-6126,-116,38,29
2266069892,-5060,6558,-1420,14,-232,-75,0,0,-7,-1,-15678,0,7012,-212,-5300,-108,18,26
2266119892,-4760,6106,-1082,113,-114,-65,-15677,0,-15537,0,8160,8192,6822,320,-5230,-102,49,45
2266169892,-4572,5910,-796,67,-15,148,-17674,0,-15537,0,8160,8192,5822,-184,-6050,-120,53,25
2266219892,-5322,6294,-1002,138,19,192,0,0,-7,-1,-15671,0,5298,-1506,-6404,-104,29,34
2266269892,-5100,6300,-1446,68,5,155,0,0,-7,-1,-15667,0,6422,-686,-5726,-111,18,22
2266319892,-5622,6296,-1098,107,-3,189,8160,8192,0,0,645,8192,5824,-996,-6156,-91,37,42
2266369892,-5736,6518,-1232,45,-126,-98,-16662,0,-15537,0,8160,8192,6356,-640,-5816,-112,24,30
2266419892,-5368,6234,-1006,110,-260,-132,8160,8192,0,0,645,8192,6152,-650,-5936,-109,20,32
2266469892,-5578,6252,-922,86,-153,53,8160,8192,-11596,-30954,645,8192,5720,-850,-6240,-104,32,28
2266519892,-5706,6236,-874,101,-66,111,-15601,0,-15537,0,8160,8192,5682,-960,-6162,-105,31,30
2266569892,-5960,6148,-334,179,49,250,-16654,0,-15537,0,8160,8192,6152,-1954,-5878,-105,51,31
2266619892,-6890,6134,-220,82,310,810,0,0,-7,-1,-16652,0,6002,-2478,-5914,-103,71,34
2266669892,-6364,5386,656,-18,413,823,-15647,0,-15537,0,8160,8192,5128,-2962,-6258,-117,30,24
2266719892,-7196,6558,48,-33,478,1016,8160,8192,-23740,-30950,645,8192,4236,-2848,-5798,-89,67,42
2266769892,-6396,7218,-932,-98,184,204,-15642,0,-15537,0,8160,8192,5190,-1458,-5222,-82,74,56
2266819892,-4918,5894,-854,340,-334,-84,0,0,-7,-1,-15640,0,5236,-1424,-6434,-92,56,37
2266869892,-4658,5872,-976,-164,433,997,-15639,0,-15537,0,8160,8192,6468,-106,-6810,-100,51,49
2266919892,-3208,6654,-2766,-169,-148,-568,8160,8192,-20348,-30947,645,8192,6992,2690,-4474,-98,27,49
2266969892,-3540,8820,-2984,755,-896,-946,0,0,-7,-1,-15631,0,5918,272,-7430,-124,45,31
2267019892,-2496,7716,-2418,-76,142,319,0,0,-7,-1,-16629,0,5532,2784,-6554,-102,24,38
2267069892,-2572,7230,-2836,48,55,221,8160,8192,-1420,-30945,645,8192,5842,2152,-6424,-117,24,26
2267119892,-2946,7502,-2600,255,-236,-125,-16625,0,-15537,0,8160,8192,6152,1322,-5106,-115,55,15
2267169892,-2006,5376,-1436,98,76,396,0,0,-7,-1,-16622,0,4750,716,-6644,-114,50,9
2267219892,-4564,7532,-2336,-31,325,911,0,0,-7,-1,-16620,0,6236,1442,-5678,-112,14,27
2267269892,-4044,7264,-2258,-21,78,288,8160,8192,1972,-30941,645,8192,5534,1522,-5822,-127,-14,33
2267319892,-3064,7376,-2320,221,-424,-304,-15616,0,-15537,0,8160,8192,6158,1778,-6012,-116,-25,33
2267369892,-3404,7466,-2140,116,-42,282,-16613,0,-15537,0,8160,8192,5806,264,-6120,-110,23,25
2267419892,-3414,7436,-2722,62,-173,-70,8160,8192,0,0,645,8192,5310,1884,-6314,-113,53,33
2267469892,-3092,7608,-2398,272,-355,-353,-15609,0,-15537,0,8160,8192,5856,1358,-6022,-107,54,37
2267519892,-4034,7270,-2054,43,21,207,-15607,0,-15537,0,8160,8192,5840,456,-6238,-104,45,32
2267569892,-5118,6748,-1126,28,239,574,0,0,-7,-1,-15605,0,5890,-664,-5974,-98,62,30
2267619892,-4334,6950,-1758,81,-142,-43,-15603,0,-15537,0,8160,8192,5900,-96,-6014,-104,32,25
2267669892,-4494,7054,-1372,179,-98,201,8160,8192,8756,-30935,645,8192,5688,-522,-6148,-112,11,33
2267719892,-4626,6978,-1548,17,55,307,8160,8192,-6780,-30935,645,8192,5540,-124,-6052,-104,15,29
2267769892,-4044,7258,-1992,152,-210,-86,-15597,0,-15537,0,8160,8192,5818,522,-6062,-103,33,32
2267819892,-3830,7394,-2038,158,-168,-71,-17594,0,-15537,0,8160,8192,5766,404,-6226,-106,53,28
2267869892,-4196,7176,-1862,54,40,278,-15591,0,-15537,0,8160,8192,5850,38,-6176,-102,45,35
2267919892,-3806,7212,-2266,30,-64,42,-15589,0,-15537,0,8160,8192,5838,1246,-6070,-110,31,26
2267969892,-1950,8314,-4020,219,-884,-1369,8160,8192,0,0,645,8192,5634,4300,-5988,-114,2,27
2268019892,-2726,8260,-3600,573,-1512,-1997,0,0,-7,-1,-15585,0,5426,2208,-6272,-80,14,24
2268069892,-4442,7906,-1934,146,-167,63,8160,8192,15540,-30929,645,8192,5970,-212,-5902,-81,18,21
2268119892,-5884,7502,-2106,-246,714,1306,-17582,0,-15537,0,8160,8192,5110,-1022,-6532,-84,54,17
2268169892,-4842,6756,-1098,57,11,280,-15580,0,-15537,0,8160,8192,5828,-1100,-5906,-100,53,29
2268219892,-5532,7550,-1626,180,-260,-274,-16578,0,-15537,0,8160,8192,6712,-288,-5512,-101,55,28
2268269892,-4906,6674,-1282,100,-194,21,-16575,0,-15537,0,8160,8192,5458,-450,-6246,-92,34,36
2268319892,-3846,6142,-1384,102,-276,-140,8160,8192,0,0,645,8192,5958,762,-6106,-112,27,16
2268369892,-4282,6550,-1388,241,-388,-308,-15570,0,-15537,0,8160,8192,5920,-264,-5992,-105,36,31
2268419892,-4962,6788,-1676,60,-97,71,0,0,-7,-1,-15566,0,6452,712,-5172,-102,16,26
2268469892,-3420,6302,-1570,94,-240,59,8160,8192,0,0,645,8192,5458,974,-5978,-104,28,36
2268519892,-4690,7250,-1964,110,-136,49,-17562,0,-15537,0,8160,8192,5836,494,-6116,-109,24,20
2268569892,-4652,6736,-1534,107,-143,-66,-17560,0,-15537,0,8160,8192,6444,-300,-6222,-104,15,40
2268619892,-4226,6742,-1654,87,-178,-144,-15558,0,-15537,0,8160,8192,5844,-236,-5692,-116,37,30
2268669892,-5466,7962,-2648,95,-267,-130,-15556,0,-15537,0,8160,8192,4924,268,-6570,-113,9,21
2268719892,-4110,6776,-1584,87,-254,-167,-15552,0,-15537,0,8160,8192,6568,1618,-5512,-110,44,41
2268769892,-4730,6710,-1406,100,-250,-254,-15549,0,-15537,0,8160,8192,5938,-152,-6052,-104,16,38
2268819892,-4576,6186,-1464,67,-247,-267,0,0,-7,-1,-16547,0,7118,288,-5098,-122,18,23
2268869892,-5220,6732,-1366,95,-239,-235,-15544,0,-15537,0,8160,8192,6082,-284,-6552,-104,26,38
2268919894,-5570,6932,-1764,76,-182,-251,-15538,0,-15537,0,8160,8192,4698,-516,-5692,-108,15,23
2268969895,-4602,6256,-1084,96,45,150,-15537,0,-15537,0,8160,8192,5806,-810,-5592,-118,26,24
2269019895,-5316,5992,-844,38,170,321,0,0,-7,-1,-15537,0,5940,-728,-6176,-95,22,39
2269069892,-5886,6326,-956,81,99,220,0,0,-7,-1,-16535,0,5946,-696,-6182,-107,43,30
2269119892,-6266,6412,-804,166,-123,-82,0,0,-7,-1,-16533,0,4874,-868,-7066,-108,55,30
2269169892,-6254,6164,-844,76,-136,-122,0,0,-7,-1,-16532,0,5168,-1212,-6466,-109,59,31
2269219892,-6148,6182,-688,69,-179,9,8160,8192,-14108,-30912,645,8192,5598,-870,-6198,-105,20,35
2269269892,-5466,6190,-1198,24,-254,-254,-16529,0,-15537,0,8160,8192,5992,-722,-6048,-102,28,27
2269319892,-5740,6338,-770,230,-234,-147,-16526,0,-15537,0,8160,8192,6026,-788,-5962,-107,38,31
2269369892,-5746,6038,-726,103,-5,117,8160,8192,4820,-30909,645,8192,5940,-1378,-6050,-110,49,30
2269419892,-6848,5088,306,193,311,877,-17522,0,-15537,0,8160,8192,6206,-2842,-5946,-110,71,31
2269469892,-7258,5148,734,8,533,979,-17519,0,-15537,0,8160,8192,5026,-2752,-6778,-109,87,46
2269519892,-7306,5536,434,37,474,1150,8160,8192,0,0,645,8192,5834,-3682,-6122,-123,63,45
2269569892,-6910,6128,-206,-138,521,921,-18514,0,-15537,0,8160,8192,8290,-2696,-4072,-115,67,49
2269619892,-4636,4572,150,5,175,530,-17511,0,-15537,0,8160,8192,6024,-3070,-5896,-85,59,59
2269669892,-5554,7860,-2372,-104,-76,154,8160,8192,-22860,-30905,645,8192,5962,556,-6772,-95,-39,48
2269719892,-3854,8374,-3030,172,-447,-402,-16508,0,-15537,0,8160,8192,7540,680,-6156,-83,23,16
2269769892,-3328,7988,-2988,122,-216,-85,-16506,0,-15537,0,8160,8192,7702,1564,-4432,-105,8,20
2269819892,-2540,6960,-2276,1,43,125,-16503,0,-15537,0,8160,8192,6100,2572,-4730,-99,-7,19
2269869892,-2568,6434,-2468,181,-264,-198,0,0,-7,-1,-17500,0,5730,2942,-6772,-84,-36,37
2269919892,-2236,7498,-2962,237,-447,-329,-16497,0,-15537,0,8160,8192,5264,2190,-5886,-116,-28,34
2269969892,-2958,8446,-3306,203,-304,-103,0,0,-7,-1,-17495,0,5322,2472,-6458,-105,20,15
2270019892,-3356,7696,-2274,131,144,519,-18493,0,-15537,0,8160,8192,6820,1748,-4448,-100,44,26
2270069892,-3882,6470,-1718,-55,571,1328,0,0,-7,-1,-17490,0,4956,226,-6648,-124,-3,32
2270119892,-3872,7304,-2540,-153,236,482,8160,8192,0,0,645,8192,5740,1486,-5836,-118,9,24
2270169892,-3334,7214,-1702,301,-414,-270,8160,8192,18388,-30897,645,8192,6192,1220,-6014,-107,-3,31
2270219892,-3314,7818,-2754,68,-127,-119,-18483,0,-15537,0,8160,8192,5796,1750,-6112,-107,83,25
2270269892,-3484,7570,-2600,309,-311,-162,-16482,0,-15537,0,8160,8192,5792,1254,-5774,-107,86,26
2270319892,-3344,7768,-2428,149,-180,-123,-17480,0,-15537,0,8160,8192,5746,1212,-6052,-133,58,27
2270369892,-3498,7090,-2200,118,39,284,-18479,0,-15537,0,8160,8192,5610,814,-6122,-99,85,33
2270419892,-4112,7138,-1862,63,108,405,-16477,0,-15537,0,8160,8192,5746,-74,-6058,-100,86,39
2270469892,-4660,6844,-1568,48,78,385,8160,8192,0,0,645,8192,5956,-40,-5876,-102,41,33
2270519892,-4060,7144,-1922,143,-315,-294,-16472,0,-15537,0,8160,8192,5892,112,-5982,-105,1,20
2270569892,-4098,7166,-1700,123,-246,-115,0,0,-7,-1,-17469,0,6096,224,-5840,-105,-22,31
2270619892,-3974,7330,-2076,48,-78,100,8160,8192,9636,-30890,645,8192,5682,752,-6078,-98,-4,23
2270669892,-3870,7210,-2030,160,-330,-203,-16466,0,-15537,0,8160,8192,5712,382,-5930,-106,22,27
2270719892,-4074,7148,-1822,113,-197,-130,-17464,0,-15537,0,8160,8192,5996,-94,-6026,-102,35,31
2270769892,-4438,7136,-1896,106,-205,-72,-16461,0,-15537,0,8160,8192,5956,260,-5954,-112,27,33
2270819892,-3232,7050,-2264,141,-449,-661,-18460,0,-15537,0,8160,8192,5824,2102,-5800,-106,33,24
2270869892,-3226,7626,-2946,421,-1031,-1138,-16460,0,-15537,0,8160,8192,5894,1612,-5636,-97,0,29
2270919892,-4164,7066,-1926,105,-215,-95,-18458,0,-15537,0,8160,8192,6140,142,-5680,-93,-11,28
2270969892,-5254,6782,-1468,-113,461,990,-18456,0,-15537,0,8160,8192,6668,-270,-5412,-94,2,17
2271019892,-5394,6726,-1394,-41,121,215,8160,8192,16420,-30884,645,8192,5994,-184,-5892,-107,28,32
2271069892,-4690,6458,-1180,198,-209,-35,-16450,0,-15537,0,8160,8192,5804,-450,-6478,-95,32,29
2271119892,-4728,6972,-1852,57,-182,-2,0,0,-7,-1,-16448,0,5968,212,-5774,-110,49,35
2271169892,-4428,7444,-2242,183,-491,-607,0,0,-7,-1,-16446,0,6216,982,-5686,-100,34,29
2271219892,-4318,7268,-2048,288,-592,-513,0,0,-7,-1,-16443,0,6048,700,-5852,-107,15,34
2271269892,-4244,7064,-2248,5,-148,-15,-16440,0,-15537,0,8160,8192,5912,968,-5692,-93,17,31
2271319892,-4032,7360,-2358,150,-241,22,-16438,0,-15537,0,8160,8192,5116,1472,-6268,-116,40,23
2271369892,-4994,7176,-2102,164,-85,112,-16436,0,-15537,0,8160,8192,4938,490,-6424,-106,60,38
2271419892,-4130,6718,-1616,52,-53,174,0,0,-7,-1,-16434,0,6970,1460,-5604,-102,22,32
2271469892,-4558,6780,-1772,129,-152,57,-16323,0,-15537,0,8160,8192,5922,-62,-6046,-114,16,31
2271519892,-4508,6462,-1492,89,-103,4,8160,8192,-7868,-30877,645,8192,6340,420,-5990,-98,26,31
2271569892,-4568,6736,-1496,99,-170,-38,-16428,0,-15537,0,8160,8192,5890,-272,-6006,-112,28,28
2271619892,-3254,5722,-1198,126,-289,-176,-16425,0,-15537,0,8160,8192,7010,1020,-5504,-109,42,33
2271669892,-4676,6572,-1620,100,-239,-203,-17422,0,-15537,0,8160,8192,4740,188,-6654,-103,15,36
2271719892,-5030,6282,-1334,31,-205,-136,8160,8192,0,0,645,8192,6658,-328,-5576,-115,1,16
2271769892,-5324,6748,-1058,123,-204,-247,-18418,0,-15537,0,8160,8192,7600,-1342,-6062,-108,24,37
2271819892,-5600,7120,-1352,52,-59,-181,-16416,0,-15537,0,8160,8192,5408,-476,-5302,-86,35,38
2271869892,-5270,6068,-678,91,191,429,-16413,0,-15537,0,8160,8192,4922,-1178,-6290,-110,33,21
2271919892,-6218,6346,-1034,-13,287,390,-16411,0,-15537,0,8160,8192,5342,-1080,-6200,-103,46,44
2271969892,-6242,6908,-1154,195,-134,-117,-16410,0,-15537,0,8160,8192,6020,-712,-6060,-106,61,26
2272019892,-5474,5648,-958,79,-106,38,8160,8192,-32156,-30869,645,8192,6358,-830,-5798,-110,30,28
2272069892,-6614,5926,-292,122,-163,38,0,0,-7,-1,-16406,0,5544,-1976,-6274,-107,31,29
2272119892,-6734,5616,262,90,30,365,-17403,0,-15537,0,8160,8192,5606,-2460,-6242,-107,54,33
2272169892,-7312,5656,266,186,119,450,-17401,0,-15537,0,8160,8192,5756,-3256,-5902,-99,46,29
2272219892,-8078,6412,254,68,405,773,8160,8192,-28764,-30866,645,8192,4144,-3604,-7500,-103,44,30
2272269892,-7464,6098,346,-17,500,1092,-16397,0,-15537,0,8160,8192,5582,-4040,-5394,-118,62,34
2272319892,-7050,6950,-1246,-193,375,771,8160,8192,5700,-30864,645,8192,7508,-1334,-5442,-76,89,34
2272369892,-5718,6254,-1236,99,-129,162,8160,8192,0,0,645,8192,7982,-1782,-4912,-83,28,22
2272419892,-4470,7782,-1910,-81,-11,267,-16391,0,-15537,0,8160,8192,5152,-750,-6784,-117,34,48
2272469892,-4214,9560,-2372,118,-196,-21,-16389,0,-15537,0,8160,8192,3544,-1416,-6404,-99,33,36
2272519892,-3658,7884,-2522,56,-158,177,0,0,-7,-1,-16388,0,4236,-510,-6830,-121,-15,43
2272569892,-2532,7364,-2564,-70,-13,-26,-16386,0,-15537,0,8160,8192,7696,2228,-5042,-98,-13,24
2272619892,-3322,7534,-2698,300,-465,-410,-18383,0,-15537,0,8160,8192,4142,1300,-7296,-93,-51,35
2272669892,-3118,7978,-2996,218,-226,-26,8160,8192,0,0,645,8192,6534,2002,-5572,-108,23,20
2272719892,-2716,8114,-3110,97,-158,84,-16379,0,-15537,0,8160,8192,6296,2198,-5066,-111,59,20
2272769892,-2898,7638,-2978,257,-293,-206,8160,8192,-3052,-30858,645,8192,5698,2672,-6422,-113,37,26
2272819892,-3442,7206,-1764,138,219,686,-18376,0,-15537,0,8160,8192,5818,358,-5834,-108,32,26
2272869892,-4364,7006,-1670,-218,692,1241,-16375,0,-15537,0,8160,8192,6076,400,-5862,-109,-9,25
2272919892,-4448,7084,-1808,19,208,611,-16372,0,-15537,0,8160,8192,5722,12,-6192,-115,17,31
2272969892,-3878,7720,-2164,197,-366,-385,8160,8192,340,-30854,645,8192,6026,794,-5744,-112,29,38
2273019892,-2766,7432,-2634,224,-492,-571,-18369,0,-15537,0,8160,8192,5444,1558,-6554,-110,48,23
2273069892,-3620,7680,-2312,219,-250,-59,0,0,-7,-1,-17366,0,6022,1536,-6376,-112,49,25
2273119892,-3386,7790,-2532,108,-168,-62,0,0,-7,-1,-16364,0,5582,1032,-6120,-110,54,29
2273169892,-4750,6984,-1302,69,241,710,8160,8192,3732,-30851,645,8192,5644,-496,-6152,-99,50,33
2273219892,-4442,6556,-2116,-147,280,522,8160,8192,0,0,645,8192,5576,380,-6136,-105,71,17
2273269892,-4320,7344,-1640,369,-545,-518,-17360,0,-15537,0,8160,8192,5684,152,-6092,-97,12,29
2273319892,-3616,7378,-2076,116,-300,-215,-18358,0,-15537,0,8160,8192,5930,692,-6016,-99,13,27
2273369892,-4258,7176,-1966,123,-204,-176,8160,8192,7124,-30848,645,8192,5774,558,-6046,-106,18,33
2273419892,-3496,7132,-2144,124,-348,-307,0,0,-7,-1,-16355,0,5516,466,-5896,-96,34,32
2273469892,-4430,6814,-1506,168,-219,-34,-16352,0,-15537,0,8160,8192,6004,-302,-6014,-99,32,30
2273519892,-5180,6898,-1142,30,127,407,-16350,0,-15537,0,8160,8192,5680,-806,-6274,-103,43,31
2273569892,-4442,6878,-1908,35,-83,4,-16347,0,-15537,0,8160,8192,5788,158,-5894,-114,44,36
2273619892,-4122,7134,-1844,185,-327,-240,0,0,-7,-1,-16345,0,6008,194,-5882,-101,35,30
2273669892,-4322,7078,-2028,69,-184,-24,-18343,0,-15537,0,8160,8192,5722,704,-6186,-111,30,38
2273719892,-4366,6976,-2054,182,-351,-347,8160,8192,0,0,645,8192,5798,400,-6118,-100,24,24
2273769892,-3900,7324,-2360,186,-439,-385,-16339,0,-15537,0,8160,8192,5922,696,-6014,-108,41,32
2273819892,-3462,7694,-3024,159,-498,-414,0,0,-7,-1,-17337,0,6028,1606,-5658,-101,48,24
2273869892,-4002,7208,-2218,232,-456,-369,-16335,0,-15537,0,8160,8192,5650,1438,-6180,-111,31,32
2273919892,-4072,7106,-1978,55,-196,-89,-16333,0,-15537,0,8160,8192,5928,996,-5738,-92,31,24
2273969892,-4024,6768,-1850,90,-163,34,8160,8192,0,0,645,8192,4720,1058,-6550,-104,14,31
2274019892,-4466,6732,-1724,105,-159,103,8160,8192,1764,-30838,645,8192,5344,504,-6352,-89,20,28
2274069892,-5066,7456,-1864,70,-83,86,-16328,0,-15537,0,8160,8192,6140,460,-6010,-108,29,14
2274119892,-4720,6596,-1534,141,-106,74,0,0,-7,-1,-16326,0,5820,-188,-6052,-105,47,29
2274169892,-4786,7598,-2328,64,-188,74,-16323,0,-15537,0,8160,8192,5614,652,-5476,-102,44,31
2274219892,-4310,6844,-1812,114,-185,-57,0,0,-7,-1,-16321,0,5280,-598,-6068,-107,35,35
2274269892,-4260,6754,-2144,51,-209,-45,-16318,0,-15537,0,8160,8192,6414,1340,-5642,-105,45,30
2274319892,-4208,6664,-1994,56,-248,-85,8160,8192,0,0,645,8192,6908,1292,-5040,-107,28,18
2274369892,-5618,8140,-2576,98,-259,-162,-18315,0,-15537,0,8160,8192,6518,664,-5744,-109,23,20
2274419892,-4824,7022,-1832,114,-254,-195,8160,8192,8548,-30832,645,8192,6552,364,-5514,-107,41,23
2274469892,-5518,6944,-1606,124,-244,-130,8160,8192,-6988,-30832,645,8192,6722,466,-5622,-94,36,35
2274519892,-4552,6526,-1556,24,-237,-183,-16310,0,-15537,0,8160,8192,5454,134,-5918,-109,11,24
2274569892,-4280,6174,-1410,85,-2,244,0,0,-7,-1,-16307,0,5522,184,-6206,-104,-4,17
2274619892,-5548,6166,-1160,39,308,505,8160,8192,11940,-30829,645,8192,7602,-358,-5398,-83,29,35
2274669892,-5512,5918,-904,77,79,229,-16304,0,-15537,0,8160,8192,4534,-972,-6898,-108,23,26
2274719892,-5672,6354,-796,136,-82,63,0,0,-7,-1,-16302,0,5698,-1322,-6000,-106,41,43
2274769892,-5294,5776,-632,98,-158,-103,8160,8192,30868,-30827,645,8192,5952,-488,-6116,-103,34,27
2274819892,-5648,5974,-840,114,-247,-163,0,0,-7,-1,-17297,0,6068,-1620,-6018,-102,27,28
2274869892,-6240,5930,-374,111,-21,238,0,0,-7,-1,-16295,0,5652,-1368,-6292,-107,83,30
2274919892,-6402,5560,-188,151,-7,128,-16293,0,-15537,0,8160,8192,5840,-2378,-6158,-110,93,33
2274969892,-7096,5748,106,165,255,640,8160,8192,-31276,-30824,645,8192,6866,-2550,-5428,-98,77,28
2275019892,-7588,6218,-314,13,369,689,-16288,0,-15537,0,8160,8192,3708,-2920,-7320,-111,125,26
2275069892,-6430,5778,224,52,270,668,-16286,0,-15537,0,8160,8192,6072,-3618,-5716,-113,43,37
2275119892,-7166,5886,-102,-195,577,1434,-18284,0,-15537,0,8160,8192,6562,-4312,-4042,-110,-74,58
2275169892,-3674,5132,-878,-348,302,293,-16283,0,-15537,0,8160,8192,5736,-1520,-4792,-107,-62,41
2275219892,-3996,6318,-1776,481,-734,-438,8160,8192,22116,-30820,645,8192,6930,1066,-4266,-91,24,47
2275269892,-3042,7374,-2892,59,-351,-437,0,0,-7,-1,-16280,0,6798,692,-5288,-104,62,36
2275319892,-3212,6776,-2010,187,-47,121,-16278,0,-15537,0,8160,8192,5848,1462,-5492,-95,30,44
2275369892,-4032,8088,-2722,-46,221,603,8160,8192,0,0,645,8192,5646,494,-6346,-118,33,36
2275419892,-3476,7986,-2858,85,-122,26,8160,8192,0,0,645,8192,3686,1898,-7776,-103,-11,47
2275469892,-2758,7816,-2668,344,-500,-446,8160,8192,0,0,645,8192,5050,2402,-6384,-107,21,23
2275519892,-2562,7754,-3152,168,-312,-276,-16272,0,-15537,0,8160,8192,5136,2232,-5952,-104,40,9
2275569892,-2530,7152,-2890,234,-470,-283,0,0,-7,-1,-16270,0,5608,1696,-6002,-107,-27,16
2275619892,-3148,7256,-2192,62,342,825,-18268,0,-15537,0,8160,8192,5752,1648,-6258,-106,42,12
2275669892,-4194,7022,-1820,-75,550,1096,-16266,0,-15537,0,8160,8192,5856,346,-5738,-125,57,38
2275719892,-4038,6976,-2136,-13,222,571,0,0,-7,-1,-16263,0,5620,588,-5892,-128,61,42
2275769892,-3682,6992,-2064,198,-315,-427,0,0,-7,-1,-17262,0,5448,1196,-6152,-107,48,21
2275819892,-2986,7572,-2644,239,-498,-434,0,0,-7,-1,-17260,0,5334,1282,-6388,-118,32,34
2275869892,-4152,7012,-2158,85,-36,174,-16259,0,-15537,0,8160,8192,5564,832,-6316,-93,20,20
2275919892,-3620,7288,-1924,125,33,348,-18257,0,-15537,0,8160,8192,5562,376,-6240,-99,39,25
2275969892,-4374,7184,-1528,69,87,394,-16256,0,-15537,0,8160,8192,5866,-230,-6038,-114,31,35
2276019892,-4176,6934,-1834,78,-89,6,8160,8192,-29852,-30808,645,8192,5738,200,-6014,-104,65,28
2276069892,-4494,7122,-1456,253,-228,-29,0,0,-7,-1,-16251,0,5610,-468,-6218,-108,68,36
2276119892,-3864,7056,-2028,-25,14,152,-16249,0,-15537,0,8160,8192,5708,672,-5992,-110,31,28
2276169892,-3740,7254,-2202,174,-236,-51,-16247,0,-15537,0,8160,8192,5906,618,-6016,-103,22,36
2276219892,-3432,7382,-2462,53,-241,-256,-16246,0,-15537,0,8160,8192,5496,1056,-6144,-102,4,23
2276269892,-3334,7230,-2520,181,-480,-401,-18244,0,-15537,0,8160,8192,5578,1438,-5966,-100,-1,30
2276319892,-4114,7474,-2002,159,-325,-209,-17244,0,-15537,0,8160,8192,6104,-298,-5978,-93,3,35
2276369892,-5126,6750,-1210,24,128,522,0,0,-7,-1,-16241,0,5898,-1096,-6090,-109,38,35
2276419892,-4120,6842,-2008,12,-184,-87,-16239,0,-15537,0,8160,8192,5884,664,-5988,-108,26,25
2276469892,-3892,7202,-1992,284,-492,-481,0,0,-7,-1,-17237,0,5690,120,-6116,-109,17,38
2276519892,-4110,7162,-1814,58,-188,-43,-18235,0,-15537,0,8160,8192,5858,126,-5926,-98,12,29
2276569892,-4394,7260,-2082,82,-221,-88,8160,8192,-4140,-30800,645,8192,5794,680,-6074,-107,32,30
2276619892,-4472,7106,-1738,233,-389,-343,8160,8192,0,0,645,8192,5758,632,-6028,-96,42,29
2276669892,-4136,6836,-1694,185,-359,-252,8160,8192,30324,-30798,645,8192,5788,172,-6270,-106,32,32
2276719892,-4324,7348,-2000,94,-171,-3,8160,8192,14788,-30797,645,8192,5272,256,-6172,-99,51,23
2276769892,-4294,7146,-2032,146,-337,-246,-16223,0,-15537,0,8160,8192,5524,318,-6332,-107,36,32
2276819892,-4394,6984,-2054,150,-258,-68,-16221,0,-15537,0,8160,8192,6026,664,-5764,-105,39,27
2276869892,-4714,7156,-2144,118,-231,-126,-18218,0,-15537,0,8160,8192,5592,682,-6262,-101,24,27
2276919892,-4250,6586,-1538,129,-150,80,8160,8192,18180,-30794,645,8192,5470,276,-6278,-101,41,34
2276969892,-4190,6422,-1818,57,-179,-17,-16212,0,-15537,0,8160,8192,5384,836,-6316,-106,32,28
2277019892,-4376,6888,-1868,154,-203,-32,0,0,-7,-1,-16211,0,6138,924,-5694,-113,45,24
2277069892,-3482,5650,-1288,120,-131,115,8160,8192,0,0,645,8192,5712,-336,-6266,-105,43,31
2277119892,-4924,7160,-2234,89,-190,3,-16206,0,-15537,0,8160,8192,5752,632,-6066,-104,27,34
2277169892,-4676,7004,-2014,93,-137,-37,-18204,0,-15537,0,8160,8192,5718,398,-5740,-104,25,33
2277219892,-4190,6968,-1910,73,-223,-49,-16202,0,-15537,0,8160,8192,4904,150,-7046,-108,37,29
2277269892,-3960,6634,-1982,35,-214,-27,0,0,-7,-1,-16201,0,6570,1082,-5560,-105,12,27
2277319892,-5120,7980,-1768,120,-233,-26,-16199,0,-15537,0,8160,8192,3980,2102,-7094,-106,22,32
2277369892,-3754,6080,-968,81,-201,-167,-16196,0,-15537,0,8160,8192,4174,738,-6796,-100,38,30
2277419892,-4884,6702,-1560,93,-309,-274,0,0,-7,-1,-16194,0,5226,558,-6650,-108,9,37
2277469892,-4802,6404,-1550,89,-103,-164,-16194,0,-15537,0,8160,8192,6082,634,-5856,-111,22,15
2277519892,-4936,6522,-1414,38,-140,-152,-16192,0,-15537,0,8160,8192,6680,618,-5164,-102,8,41
2277569892,-5188,7102,-2120,17,17,108,8160,8192,12820,-30784,645,8192,5126,512,-5778,-106,-2,19
2277619892,-4502,5958,-1032,39,170,299,-16189,0,-15537,0,8160,8192,4584,78,-6566,-113,29,17
2277669892,-5506,6648,-1210,150,-236,-259,-16186,0,-15537,0,8160,8192,4712,-992,-6352,-98,36,43
2277719892,-4798,6010,-1302,116,-145,-9,8160,8192,31748,-30782,645,8192,6046,-194,-6012,-103,56,31
2277769892,-5244,5634,-854,134,-109,32,-16182,0,-15537,0,8160,8192,5324,-136,-6466,-114,51,29
2277819892,-6222,6422,-774,117,-189,-87,-16180,0,-15537,0,8160,8192,5870,-1316,-5804,-109,19,26
2277869892,-6002,6048,-496,121,-222,-232,-16177,0,-15537,0,8160,8192,5944,-1232,-6008,-97,29,35
2277919892,-5708,5576,-382,79,-178,-104,-16176,0,-15537,0,8160,8192,5618,-1554,-6252,-101,24,34
2277969892,-5902,6120,-972,14,-54,129,-16175,0,-15537,0,8160,8192,5630,-872,-6216,-106,24,31
2278019892,-5752,6148,-950,113,-128,71,0,0,-7,-1,-16172,0,5754,-1056,-6066,-105,-2,36
2278069892,-6294,6002,-322,123,104,385,0,0,-7,-1,-16169,0,5626,-1774,-6388,-101,25,32
2278119892,-6558,5484,-100,44,273,657,-16167,0,-15537,0,8160,8192,5822,-2174,-6094,-107,70,31
2278169892,-6964,5452,432,97,258,635,8160,8192,0,0,645,8192,5994,-3260,-5806,-113,52,24
2278219892,-7530,5818,572,-18,605,1160,-16165,0,-15537,0,8160,8192,5654,-3720,-5870,-95,44,27
2278269892,-6932,5560,92,-207,679,1304,0,0,-7,-1,-17163,0,5804,-2938,-6270,-84,22,27
2278319892,-5826,6886,-1198,-12,51,238,8160,8192,-23612,-30773,645,8192,4700,-2966,-6352,-120,49,21
2278369892,-4722,6744,-592,206,-76,73,0,0,-7,-1,-17157,0,6890,510,-6912,-85,93,59
2278419892,-3010,4912,2,-48,313,679,0,0,-7,-1,-16155,0,7698,-522,-4990,-102,29,51
2278469892,-4106,6274,-1418,-223,247,301,8160,8192,-4684,-30771,645,8192,2918,5816,-9510,-96,47,49
2278519892,-4450,7608,-2458,166,-106,-58,-16151,0,-15537,0,8160,8192,7508,1868,-6118,-120,28,32
2278569892,-3414,8106,-2872,168,-387,-382,8160,8192,29780,-30769,645,8192,6300,208,-5182,-122,36,21
2278619892,-3128,7406,-2692,303,-409,-438,0,0,-7,-1,-17147,0,6672,1360,-5450,-92,-6,43
2278669892,-2310,7602,-3252,241,-502,-477,8160,8192,-1292,-30768,645,8192,6064,3666,-5010,-113,15,31
2278719892,-1984,7466,-3326,283,-452,-468,-16143,0,-15537,0,8160,8192,5648,1564,-5328,-106,69,11
2278769892,-3950,8260,-2508,86,371,1012,-18141,0,-15537,0,8160,8192,6310,54,-5424,-111,-7,11
2278819892,-3468,7058,-2732,-403,855,1227,0,0,-7,-1,-16138,0,4800,1882,-6948,-112,12,25
2278869892,-3034,7392,-2556,288,-371,-200,-16135,0,-15537,0,8160,8192,5678,1276,-5672,-111,-5,29
2278919892,-3998,7836,-2134,99,-43,273,8160,8192,0,0,645,8192,6146,750,-6090,-122,19,41
2278969892,-3482,7482,-2778,168,-285,-499,0,0,-7,-1,-16131,0,5966,1982,-6118,-106,115,23
2279019892,-2986,7564,-2746,387,-586,-594,8160,8192,0,0,645,8192,5642,1602,-6272,-116,42,21
2279069892,-3456,7388,-2516,76,-216,-212,8160,8192,5492,-30761,645,8192,5226,1010,-6194,-105,13,26
2279119892,-4596,6898,-1410,-34,307,821,-16125,0,-15537,0,8160,8192,5608,-206,-6084,-108,0,29
2279169892,-4734,6692,-1854,-158,200,354,0,0,-7,-1,-16122,0,5766,340,-6014,-102,2,39
2279219892,-4440,7220,-1578,203,-248,-31,0,0,-7,-1,-16120,0,5674,-182,-6230,-96,41,32
2279269892,-4396,6998,-1688,55,-196,-261,-16119,0,-15537,0,8160,8192,5664,-126,-6152,-104,42,28
2279319892,-4302,7010,-1904,136,-294,-211,0,0,-7,-1,-16118,0,5784,336,-6060,-102,17,29
2279369892,-4234,7136,-1900,112,-245,-193,-16116,0,-15537,0,8160,8192,5786,316,-5908,-108,11,34
2279419892,-4096,7230,-1888,134,-287,-159,8160,8192,0,0,645,8192,5942,168,-6114,-97,35,37
2279469892,-4178,6904,-2000,106,-166,-66,0,0,-7,-1,-16110,0,6098,646,-5944,-108,54,37
2279519892,-3908,6882,-1996,180,-396,-367,8160,8192,-3260,-30755,645,8192,5622,880,-6188,-101,47,34
2279569892,-4330,6904,-1786,212,-360,-327,-18109,0,-15537,0,8160,8192,5960,172,-5892,-99,42,27
2279619892,-4564,7066,-1888,87,-212,-131,0,0,-7,-1,-16108,0,5836,524,-5896,-106,28,32
2279669892,-4552,6568,-1436,126,-126,5,0,0,-7,-1,-17106,0,5312,272,-6234,-98,34,23
2279719892,-4650,7208,-2062,89,-188,-39,-16103,0,-15537,0,8160,8192,5982,152,-5954,-107,20,30
2279769892,-4504,7000,-1872,98,-134,35,0,0,-7,-1,-17101,0,5904,332,-5992,-98,41,23
2279819892,-4530,6950,-1926,79,-136,92,8160,8192,0,0,645,8192,5676,648,-6000,-108,34,32
2279869892,-4488,7104,-1820,109,-243,-103,0,0,-7,-1,-16096,0,5872,734,-5824,-100,26,23
2279919892,-4284,6628,-1464,170,-303,-101,-16096,0,-15537,0,8160,8192,5546,386,-6070,-101,15,35
2279969892,-5146,7660,-2222,62,-136,77,-18093,0,-15537,0,8160,8192,4776,488,-6364,-97,46,31
2280019892,-4154,6552,-1760,110,-203,-50,-17091,0,-15537,0,8160,8192,5444,326,-6054,-109,49,23
2280069892,-4314,6722,-1606,162,-205,-38,0,0,-7,-1,-16089,0,5360,542,-6360,-107,45,34
2280119892,-4552,6978,-1768,78,-91,55,0,0,-7,-1,-17087,0,5634,466,-6566,-105,35,30
2280169892,-4592,7044,-1904,145,-179,2,-16085,0,-15537,0,8160,8192,7044,812,-5380,-101,29,32
2280219892,-4902,7276,-2014,117,-137,35,0,0,-7,-1,-16083,0,5108,8,-6542,-110,30,36
2280269892,-4342,6846,-1866,52,-129,-33,0,0,-7,-1,-16081,0,6096,374,-5842,-97,42,34
2280319892,-4684,7020,-2324,43,-232,-93,-16079,0,-15537,0,8160,8192,5710,412,-6130,-113,15,30
2280369892,-4510,7440,-1934,74,-182,22,8160,8192,-5228,-30742,645,8192,6426,1656,-5372,-102,19,29
2280419892,-5018,7428,-1994,108,-218,-102,-16076,0,-15537,0,8160,8192,5234,560,-6390,-109,22,33
2280469892,-4408,6818,-1602,94,-358,-300,-16073,0,-15537,0,8160,8192,5282,206,-6836,-104,-7,39
2280519892,-4680,6576,-1768,79,-277,-223,-17071,0,-15537,0,8160,8192,5458,162,-5944,-110,30,25
2280569892,-4990,6436,-1488,62,-255,-360,-16069,0,-15537,0,8160,8192,5834,182,-6530,-103,4,41
2280619892,-5074,7282,-1754,58,-96,-93,0,0,-7,-1,-16067,0,5690,1656,-6426,-110,2,19
2280669892,-4492,6074,-1182,105,150,240,-16066,0,-15537,0,8160,8192,6028,60,-5538,-113,24,22
2280719892,-5334,5800,-696,87,191,291,8160,8192,0,0,645,8192,5984,-746,-6298,-96,25,40
2280769892,-5444,5902,-750,68,76,147,0,0,-7,-1,-16062,0,5398,-608,-6288,-107,52,31
2280819892,-5748,5816,-548,165,-144,-140,8160,8192,-13980,-30735,645,8192,4868,-1382,-7168,-106,60,32
2280869892,-6058,6208,-984,-5,-163,-151,8160,8192,-29516,-30734,645,8192,5448,-960,-6584,-101,25,36
2280919892,-5602,6142,-1026,125,-321,-211,0,0,-7,-1,-16057,0,5372,-690,-6194,-109,20,27
2280969892,-6176,5436,104,187,-105,137,0,0,-7,-1,-16056,0,5828,-2472,-6086,-101,37,26
2281019892,-6998,5114,500,101,251,486,-16054,0,-15537,0,8160,8192,5940,-3350,-6032,-103,67,33
2281069892,-10412,5196,2654,295,679,1594,0,0,-7,-1,-16052,0,6426,-8452,-5980,-105,53,30
2281119892,-7156,3864,1140,-608,1169,1743,-17051,0,-15537,0,8160,8192,5312,-2478,-5080,-102,35,24
2281169892,-7120,5882,-646,86,-225,49,8160,8192,8340,-30729,645,8192,4814,-2308,-7654,-88,16,31
2281219892,-4876,7110,-1504,32,-234,91,-18047,0,-15537,0,8160,8192,7620,-146,-5056,-95,-46,45
2281269892,-5554,8954,-2654,-33,11,85,-16044,0,-15537,0,8160,8192,6672,1630,-8040,-78,84,48
2281319892,-3016,7946,-2910,161,-328,-610,-16041,0,-15537,0,8160,8192,8926,4446,-5570,-107,43,30
2281369892,-3448,7968,-2220,197,68,325,-16039,0,-15537,0,8160,8192,5594,1564,-7134,-114,65,40
2281419892,-3318,8174,-3174,-203,280,538,-16037,0,-15537,0,8160,8192,4642,1964,-6472,-109,54,37
2281469892,-4150,8614,-2240,375,-221,-96,-16034,0,-15537,0,8160,8192,7132,2090,-6088,-120,47,32
2281519892,-4216,7364,-1878,88,16,448,0,0,-7,-1,-17032,0,6424,1216,-5854,-110,-7,43
2281569892,-3636,6884,-1762,64,-4,230,8160,8192,15124,-30723,645,8192,5176,860,-5964,-114,5,20
2281619892,-3116,7836,-3180,187,-369,-471,0,0,-7,-1,-16028,0,5322,2606,-5930,-117,81,32
2281669892,-2194,7786,-3198,488,-741,-868,-17025,0,-15537,0,8160,8192,5256,2680,-6692,-103,69,24
2281719892,-3122,7594,-2392,136,143,555,-16023,0,-15537,0,8160,8192,6476,1352,-5508,-123,35,27
2281769892,-4030,7286,-2102,-227,797,1301,0,0,-7,-1,-16020,0,5568,728,-6100,-107,41,24
2281819892,-4530,6250,-1252,83,293,769,8160,8192,0,0,645,8192,5910,120,-5726,-111,46,25
2281869892,-3610,7642,-2678,60,-294,-586,8160,8192,0,0,645,8192,6102,1356,-5686,-101,60,35
2281919892,-1890,7716,-3404,304,-663,-707,-16014,0,-15537,0,8160,8192,6098,3034,-5626,-117,68,19
2281969892,-3100,7822,-2674,166,-185,52,0,0,-7,-1,-17013,0,5828,1470,-5900,-100,51,16
2282019892,-3744,6930,-2176,40,-175,-103,8160,8192,6372,-30716,645,8192,5772,580,-5976,-116,19,29
2282069892,-5202,7244,-1420,-35,346,855,-16008,0,-15537,0,8160,8192,6252,-464,-6122,-102,13,30
2282119892,-4036,6362,-2354,-99,23,-80,-16006,0,-15537,0,8160,8192,6490,1160,-5474,-121,42,38
2282169892,-3884,6848,-1860,413,-685,-690,-16004,0,-15537,0,8160,8192,5820,496,-5906,-81,69,23
2282219892,-4220,6956,-2064,-1,-279,-334,-16002,0,-15537,0,8160,8192,6336,836,-5716,-95,-8,20
2282269892,-4208,7184,-1974,252,-551,-460,-16000,0,-15537,0,8160,8192,5582,86,-6108,-99,-25,25
2282319892,-4418,6794,-1464,92,-113,213,8160,8192,-21308,-30712,645,8192,6334,-654,-5746,-101,-13,28
2282369892,-4902,6344,-1378,-33,119,449,8160,8192,28692,-30711,645,8192,5922,-566,-6100,-107,24,25
2282419892,-3866,6808,-2272,42,-193,33,-17996,0,-15537,0,8160,8192,5362,774,-6302,-111,27,26
2282469892,-4846,6756,-1508,121,-105,49,8160,8192,0,0,645,8192,6276,-338,-5718,-103,16,31
2282519892,-4604,6782,-1596,74,-149,59,8160,8192,-17916,-30709,645,8192,6184,-150,-5836,-104,31,31
2282569892,-4242,7018,-2034,122,-383,-384,-15989,0,-15537,0,8160,8192,5516,314,-6242,-110,20,39
2282619892,-3896,6904,-1972,186,-450,-417,0,0,-7,-1,-15987,0,5536,894,-6056,-101,27,36
2282669892,-4438,7488,-2230,133,-292,-137,-15986,0,-15537,0,8160,8192,5712,556,-6048,-106,14,35
2282719892,-4576,7210,-2098,53,-110,36,-15983,0,-15537,0,8160,8192,5842,704,-6114,-104,24,30
2282769892,-4450,7060,-2146,135,-326,-226,0,0,-7,-1,-15981,0,6030,856,-6054,-113,11,40
2282819892,-4170,6984,-1878,171,-229,-78,8160,8192,19940,-30704,645,8192,5740,584,-6012,-103,52,30
2282869892,-4400,6482,-1470,93,-82,173,8160,8192,4404,-30703,645,8192,6104,160,-5920,-104,44,40
2282919892,-4562,6888,-1862,75,-121,53,-17974,0,-15537,0,8160,8192,5424,846,-6422,-108,62,24
2282969892,-3898,7262,-2358,189,-404,-433,0,0,-7,-1,-15972,0,5610,1570,-6166,-116,62,33
2283019892,-4816,7574,-2324,224,-344,53,-16969,0,-15537,0,8160,8192,6802,428,-5362,-104,11,31
2283069892,-4554,7138,-2094,-40,-30,185,0,0,-7,-1,-15965,0,4288,852,-7364,-104,18,28
2283119892,-4808,7028,-2198,145,-184,-24,0,0,-7,-1,-16963,0,5616,1640,-6366,-105,8,34
2283169892,-4352,6686,-1886,42,-116,-74,-16962,0,-15537,0,8160,8192,6080,580,-6038,-97,34,30
2283219892,-4194,6080,-1666,57,-140,13,0,0,-7,-1,-15958,0,7128,714,-5394,-110,30,31
2283269892,-4960,6616,-1732,44,-184,-126,-15954,0,-15537,0,8160,8192,6542,-312,-5740,-115,41,22
2283319892,-4162,6106,-1360,114,-230,-136,-15951,0,-15537,0,8160,8192,4688,-336,-6396,-115,37,24
2283369892,-4900,6672,-1460,108,-281,-154,8160,8192,-19884,-30696,645,8192,5706,-40,-5980,-100,43,45
2283419892,-4614,6074,-1556,53,-268,-209,8160,8192,30116,-30695,645,8192,4782,216,-7364,-112,28,36
2283469892,-5596,6398,-1490,117,-105,15,8160,8192,14580,-30694,645,8192,6602,-184,-5652,-119,11,19
2283519892,-5950,6814,-1220,35,257,271,-16944,0,-15537,0,8160,8192,6146,294,-6022,-98,37,39
2283569892,-5216,6304,-1268,105,18,114,0,0,-7,-1,-16942,0,6588,-284,-5610,-103,3,25
2283619892,-5354,6576,-1280,124,-82,49,-16940,0,-15537,0,8160,8192,4914,-374,-6792,-102,44,39
2283669892,-5940,6470,-1068,131,-98,-38,8160,8192,0,0,645,8192,7242,-668,-5222,-105,59,33
2283719892,-6156,6136,-662,97,-135,-68,-15935,0,-15537,0,8160,8192,6416,-954,-5736,-105,38,34
2283769892,-6600,6428,-974,109,-287,-238,0,0,-7,-1,-15933,0,5712,-822,-5978,-104,22,35
2283819892,-5548,6416,-1070,124,-312,-197,0,0,-7,-1,-16931,0,5566,-734,-6046,-106,17,31
2283869892,-5528,5930,-756,148,-102,95,-15929,0,-15537,0,8160,8192,5502,-896,-6110,-107,31,27
2283919892,-6814,5530,196,183,151,503,0,0,-7,-1,-15927,0,6126,-3062,-6008,-110,48,44
2283969892,-7038,5670,246,58,364,644,0,0,-7,-1,-15924,0,5878,-2226,-6362,-112,108,32
2284019892,-7550,5188,950,142,357,916,0,0,-7,-1,-16923,0,7178,-4140,-6202,-113,39,26
2284069892,-6398,5326,-70,-212,630,1081,-15920,0,-15537,0,8160,8192,7294,-2602,-4340,-103,14,40
2284119892,-6710,4544,824,110,365,1195,8160,8192,9220,-30684,645,8192,5744,-4560,-6524,-81,0,45
2284169892,-6716,9038,-2862,-477,480,909,0,0,-7,-1,-16913,0,4316,-812,-5796,-109,40,17
2284219892,-5920,8610,-2066,350,-381,-497,5544,8192,-7,-1,-15639,0,5912,-1364,-4604,-114,111,24
2284269892,-3336,6918,-1820,127,-321,-121,8160,8192,28148,-30682,645,8192,8538,2504,-4094,-111,30,53
2284319892,-3164,7976,-3314,-129,-23,-233,0,0,-7,-1,-15905,0,4812,5398,-6694,-107,24,34
2284369892,-3380,8762,-4302,484,-646,-595,8160,8192,-2924,-30681,645,8192,5314,3148,-5454,-114,-45,27
2284419892,-2424,7990,-3428,312,-498,-386,0,0,-7,-1,-15900,0,5766,2984,-6406,-121,-13,12
2284469892,-3536,8250,-2866,146,-35,317,-15898,0,-15537,0,8160,8192,5282,1892,-6950,-106,18,17
2284519892,-3598,7774,-2826,44,261,596,-16896,0,-15537,0,8160,8192,5566,1628,-6244,-110,65,23
2284569892,-3298,7912,-2962,136,31,299,-15892,0,-15537,0,8160,8192,5034,1784,-6204,-112,53,19
2284619892,-3800,7244,-2064,141,127,576,8160,8192,0,0,645,8192,6262,98,-5804,-120,47,29
2284669892,-3474,7122,-2520,-135,204,440,-17885,0,-15537,0,8160,8192,5774,1608,-6280,-113,39,33
2284719892,-3226,7832,-2812,179,-458,-307,-15882,0,-15537,0,8160,8192,5536,1894,-6492,-124,-48,39
2284769892,-2378,7900,-3170,218,-503,-593,0,0,-7,-1,-16881,0,5486,2142,-6070,-108,21,18
2284819892,-3976,7330,-1848,143,-15,410,-15879,0,-15537,0,8160,8192,6076,40,-6120,-89,22,7
2284869892,-4272,7012,-1828,-61,273,579,0,0,-7,-1,-15877,0,5654,246,-6314,-112,52,22
2284919892,-5306,6782,-1250,99,240,539,0,0,-7,-1,-15874,0,6434,-1212,-5078,-98,95,26
2284969892,-4054,7076,-2136,-39,-241,-372,-17871,0,-15537,0,8160,8192,5406,554,-6090,-121,27,53
2285019892,-4974,7238,-1292,256,-263,-2,0,0,-7,-1,-15869,0,6094,-552,-6100,-103,32,43
2285069892,-4598,7062,-1670,-117,256,572,-15866,0,-15537,0,8160,8192,5986,66,-6162,-103,-3,27
2285119892,-4290,7180,-1840,190,-295,-168,8160,8192,26180,-30669,645,8192,5592,2,-6056,-104,-33,25
2285169892,-3816,7232,-1940,65,-102,98,-16860,0,-15537,0,8160,8192,5724,598,-6080,-108,-10,27
2285219892,-3628,7266,-2438,140,-292,-293,0,0,-7,-1,-16858,0,5724,1164,-5796,-109,20,36
2285269892,-3086,7772,-2784,149,-354,-393,-15856,0,-15537,0,8160,8192,5560,2102,-6090,-105,43,36
2285319892,-3490,7330,-2510,173,-422,-404,-15854,0,-15537,0,8160,8192,5596,878,-5948,-96,42,31
2285369892,-4512,7012,-1636,185,-243,-37,0,0,-7,-1,-15852,0,5998,-42,-6018,-98,51,32
2285419892,-4330,7180,-2228,20,-157,-81,0,0,-7,-1,-15850,0,5576,170,-6056,-106,42,26
2285469892,-4694,7388,-1916,269,-428,-380,-15848,0,-15537,0,8160,8192,6080,126,-6112,-102,44,33
2285519892,-4850,6948,-1452,149,-183,-162,-16845,0,-15537,0,8160,8192,5776,-290,-6038,-94,50,31
2285569892,-5280,6544,-1180,49,73,386,8160,8192,0,0,645,8192,5782,-418,-5926,-98,28,30
2285619892,-4902,6592,-1436,74,-144,-13,-17840,0,-15537,0,8160,8192,6032,-190,-6008,-105,43,22
2285669892,-4166,6934,-1938,148,-382,-405,0,0,-7,-1,-15837,0,5844,636,-5846,-107,48,30
2285719892,-3646,6516,-1698,243,-530,-477,-17833,0,-15537,0,8160,8192,5980,234,-5858,-92,28,24
2285769892,-4150,6900,-1780,61,-143,50,8160,8192,0,0,645,8192,5668,722,-6192,-104,26,32
2285819892,-4310,6936,-2054,83,-199,-40,-15828,0,-15537,0,8160,8192,5626,938,-6206,-84,21,26
2285869892,-4352,7292,-1892,165,-240,-28,8160,8192,-10252,-30658,645,8192,5284,450,-6118,-105,32,21
2285919892,-3988,6944,-2098,96,-234,-163,-16823,0,-15537,0,8160,8192,5876,536,-6146,-102,52,30
2285969892,-4858,7184,-1924,103,-68,115,8160,8192,24212,-30656,645,8192,5552,314,-6320,-99,40,23
2286019892,-3782,6072,-1228,72,-69,188,8160,8192,8676,-30655,645,8192,4866,42,-6458,-105,31,39
2286069892,-5006,7028,-1584,90,-32,221,-16819,0,-15537,0,8160,8192,5828,-198,-6090,-120,47,29
2286119892,-5656,6956,-1430,129,-71,-24,0,0,-7,-1,-15818,0,5240,10,-6338,-99,32,34
2286169892,-4930,6722,-1846,70,-202,-158,8160,8192,27604,-30653,645,8192,4122,88,-7466,-115,31,28
2286219892,-5494,8118,-3022,50,-369,-322,0,0,-7,-1,-15814,0,6202,1428,-5464,-112,14,14
2286269892,-4226,7266,-2192,152,-394,-315,-15811,0,-15537,0,8160,8192,6210,866,-5576,-104,20,32
2286319892,-4306,6692,-1624,101,-351,-377,-15809,0,-15537,0,8160,8192,6396,666,-5586,-91,3,39
2286369892,-4638,6864,-2028,81,-308,-424,0,0,-7,-1,-15807,0,5320,1492,-5634,-117,53,20
2286419892,-6444,7792,-2626,185,-363,-235,-16805,0,-15537,0,8160,8192,6366,-142,-5272,-119,25,23
2286469892,-5142,5910,-1102,81,293,296,8160,8192,-76,-30649,645,8192,5716,-454,-6588,-101,52,27
2286519892,-5670,5696,-394,-8,461,644,0,0,-7,-1,-16799,0,4802,-1192,-7030,-92,22,41
2286569892,-6466,6418,-1190,-86,349,447,-15797,0,-15537,0,8160,8192,6472,-1598,-5676,-100,52,26
2286619892,-7304,6802,-840,154,-40,16,-15795,0,-15537,0,8160,8192,6338,-1218,-6142,-106,29,28
2286669892,-6026,5756,-320,80,-166,-141,-17792,0,-15537,0,8160,8192,5816,-1716,-6324,-100,17,30
2286719892,-6286,5716,-380,59,-76,143,0,0,-7,-1,-16788,0,5712,-1910,-6278,-99,27,22
2286769892,-7018,5320,444,138,75,539,8160,8192,-27756,-30644,645,8192,5860,-2830,-6104,-104,54,29
2286819892,-7308,5260,836,134,153,459,-15784,0,-15537,0,8160,8192,5840,-3664,-6058,-104,58,35
2286869892,-7494,5874,416,83,344,580,0,0,-7,-1,-15780,0,7164,-2936,-5936,-96,101,17
2286919892,-8144,6584,150,-39,596,1246,-15779,0,-15537,0,8160,8192,5862,-2546,-6376,-89,22,23
2286969892,-7702,5852,218,-205,770,1514,-15777,0,-15537,0,8160,8192,7178,-3184,-6346,-137,33,36
2287019892,-7480,8442,-1024,-280,445,540,0,0,-7,-1,-15775,0,4394,-810,-5300,-85,57,60
2287069892,-7066,9188,-1864,287,-389,5,0,0,-7,-1,-16773,0,5812,-242,-6278,-112,21,31
2287119892,-2768,7706,-3320,-254,-137,-153,8160,8192,0,0,645,8192,6956,1636,-6694,-107,110,43
2287169892,-3290,7998,-3126,411,-462,-944,-17766,0,-15537,0,8160,8192,4384,3660,-5312,-109,70,28
2287219892,-1870,7838,-3226,347,-603,-362,8160,8192,29028,-30637,645,8192,4928,4246,-7304,-97,3,46
2287269892,-2566,8390,-4006,191,-695,-1025,-17761,0,-15537,0,8160,8192,5452,3090,-6068,-120,-28,26
2287319892,-1728,7982,-3130,442,-540,-71,-17756,0,-15537,0,8160,8192,6740,2128,-5820,-115,38,20
2287369892,-4042,8746,-3410,-131,653,948,-15754,0,-15537,0,8160,8192,4248,680,-7590,-115,14,20
2287419892,-3100,7826,-3084,-22,378,874,-15752,0,-15537,0,8160,8192,5664,2296,-5872,-110,36,30
2287469892,-3630,7302,-2358,127,167,519,8160,8192,0,0,645,8192,5466,1108,-6232,-116,44,18
2287519892,-3518,7298,-2274,14,27,374,0,0,-7,-1,-15747,0,6294,852,-5662,-107,0,30
2287569892,-3822,7288,-2118,113,-53,345,8160,8192,-14188,-30632,645,8192,5940,968,-5990,-117,15,22
2287619892,-3286,7646,-2848,259,-577,-963,-17740,0,-15537,0,8160,8192,5002,1732,-6274,-106,103,18
2287669892,-3096,7814,-2572,221,-293,-179,-15738,0,-15537,0,8160,8192,6214,1438,-5850,-106,47,22
2287719892,-3644,6760,-2272,-45,52,290,8160,8192,4740,-30629,645,8192,5690,1336,-5660,-102,28,24
2287769892,-5318,7026,-1126,164,-60,192,-15734,0,-15537,0,8160,8192,6162,-774,-6002,-98,36,30
2287819892,-4424,6924,-1906,-163,314,554,8160,8192,-26332,-30628,645,8192,5988,326,-6098,-113,55,26
2287869892,-4048,6860,-1758,158,-337,-259,0,0,-7,-1,-15727,0,5882,562,-5916,-113,-2,29
2287919892,-1944,7318,-2814,134,-813,-1129,0,0,-7,-1,-15722,0,5672,2916,-5790,-98,9,27
2287969892,-3710,8004,-2870,441,-1103,-1317,-15718,0,-15537,0,8160,8192,5038,1966,-6456,-83,10,30
2288019892,-3462,6822,-1224,111,-113,294,0,0,-7,-1,-15716,0,6720,-114,-6014,-76,5,35
2288069892,-5638,5812,-688,-189,853,1493,0,0,-7,-1,-16714,0,6020,-1416,-5876,-117,76,34
2288119892,-5440,6482,-1958,-80,-104,-69,-15713,0,-15537,0,8160,8192,6026,-320,-5714,-115,-3,40
2288169892,-5024,6898,-1254,308,-460,-381,-17711,0,-15537,0,8160,8192,5936,-742,-5904,-100,5,38
2288219892,-4850,6860,-1738,-80,-84,49,-15708,0,-15537,0,8160,8192,6072,-78,-5780,-107,43,30
2288269892,-4468,7008,-1978,177,-337,-279,-15706,0,-15537,0,8160,8192,5538,760,-6342,-101,55,20
2288319892,-3558,7422,-2946,206,-793,-989,8160,8192,14916,-30620,645,8192,5528,1942,-6090,-106,26,43
2288369892,-4158,7130,-1692,311,-390,-230,8160,8192,-620,-30620,645,8192,6038,558,-5954,-106,51,19
2288419892,-4374,7478,-2802,-70,-32,141,-17699,0,-15537,0,8160,8192,5228,1058,-6096,-110,42,28
2288469892,-4792,7168,-1884,167,-85,219,-15696,0,-15537,0,8160,8192,4988,596,-6886,-104,13,29
2288519892,-3682,6358,-1438,-7,-110,157,-17694,0,-15537,0,8160,8192,5272,1206,-7208,-105,21,38
2288569892,-4416,6460,-1690,164,-150,89,8160,8192,2772,-30616,645,8192,5690,490,-6422,-116,51,23
2288619892,-5226,7226,-1948,116,-127,136,8160,8192,0,0,645,8192,5882,442,-6110,-107,20,39
2288669892,-4774,6496,-1616,115,-125,111,-15689,0,-15537,0,8160,8192,7260,-112,-4642,-107,32,26
2288719892,-5290,7666,-2116,117,-265,-195,-15687,0,-15537,0,8160,8192,5940,98,-5628,-115,29,32
2288769892,-4616,6856,-1798,116,-263,-242,-17682,0,-15537,0,8160,8192,4282,272,-6988,-98,30,30
2288819892,-4690,6694,-1694,13,-209,-122,-17679,0,-15537,0,8160,8192,5268,-522,-6114,-114,38,15
2288869892,-5376,6178,-1008,111,-145,-176,-15675,0,-15537,0,8160,8192,4616,-1796,-6726,-100,21,38
2288919892,-4294,6140,-1244,-32,-96,-89,0,0,-7,-1,-15674,0,5272,688,-5816,-102,-24,9
2288969892,-5820,7394,-1776,157,-102,-44,-15672,0,-15537,0,8160,8192,4436,-164,-7042,-116,29,22
2289019892,-5796,6122,-836,124,169,281,-15670,0,-15537,0,8160,8192,5600,-1224,-6040,-99,32,44
2289069892,-5930,6218,-740,72,126,186,-16668,0,-15537,0,8160,8192,5636,-994,-6126,-108,45,28
2289119892,-6048,6114,-1166,162,-162,-134,-15666,0,-15537,0,8160,8192,5312,98,-6160,-109,63,29
2289169892,-5500,5948,-720,93,-184,-151,8160,8192,0,0,645,8192,5778,-910,-6366,-106,25,28
2289219892,-6000,6350,-1102,83,-197,17,8160,8192,0,0,645,8192,5812,-1112,-5950,-104,27,27
2289269892,-6046,6250,-778,94,-136,24,8160,8192,0,0,645,8192,5960,-1088,-5992,-105,26,28
2289319892,-6418,5568,-30,182,-10,215,0,0,-7,-1,-15659,0,5820,-2312,-6240,-107,36,33
2289369892,-6650,5436,250,97,205,539,0,0,-7,-1,-16657,0,5892,-2352,-6162,-103,44,33
2289419892,-7164,5526,596,140,288,791,-17654,0,-15537,0,8160,8192,5260,-4224,-6618,-108,64,20
2289469892,-8918,6774,-390,-135,616,1165,0,0,-7,-1,-16650,0,4910,-3954,-6878,-100,35,34
2289519892,-6180,5154,84,-171,553,1120,-15648,0,-15537,0,8160,8192,7602,-2492,-5878,-123,24,24
2289569892,-5456,6890,-1280,49,-42,153,-15646,0,-15537,0,8160,8192,5968,-1218,-5426,-108,85,43
2289619892,-6180,8122,-1796,180,-36,104,-17644,0,-15537,0,8160,8192,5984,-42,-5196,-84,53,44
2289669892,-3588,7292,-2616,-160,78,379,0,0,-7,-1,-15643,0,5888,2302,-8932,-100,16,36
2289719892,-3616,9142,-3620,83,-393,-595,-15640,0,-15537,0,8160,8192,2798,2962,-8608,-118,26,35
2289769892,-2338,7844,-2866,254,-356,-119,0,0,-7,-1,-15636,0,5128,1244,-5838,-105,5,30
2289819892,-3292,7364,-3406,74,-74,-30,8160,8192,0,0,645,8192,6184,446,-4102,-105,30,25
2289869892,-4140,7880,-2332,259,-76,335,0,0,-7,-1,-16630,0,5744,1060,-6748,-95,21,28
2289919892,-3690,6804,-1820,-37,317,769,-15627,0,-15537,0,8160,8192,5426,1834,-6566,-114,40,21
2289969892,-3602,7364,-3282,128,-353,-499,8160,8192,26516,-30595,645,8192,5464,1712,-6056,-115,33,21
2290019892,-3198,8512,-2690,416,-582,-432,-15622,0,-15537,0,8160,8192,6410,1764,-5714,-107,5,19
2290069892,-3418,7554,-2386,-32,253,692,-15619,0,-15537,0,8160,8192,5772,452,-5996,-114,5,28
2290119892,-4088,7000,-2172,-78,537,1169,-17618,0,-15537,0,8160,8192,4964,698,-6248,-118,10,28
2290169892,-3574,7256,-2458,73,-217,-214,-15615,0,-15537,0,8160,8192,5296,1040,-6200,-114,16,33
2290219892,-2942,7718,-2840,228,-287,-117,-17613,0,-15537,0,8160,8192,6220,1986,-5950,-118,61,38
2290269892,-2898,7510,-2846,183,-314,-339,-16611,0,-15537,0,8160,8192,5346,1718,-6260,-95,79,19
2290319892,-3628,7346,-2154,161,3,319,-15610,0,-15537,0,8160,8192,5934,1516,-5752,-97,67,11
2290369892,-4534,7476,-1720,166,-124,72,-15608,0,-15537,0,8160,8192,6022,22,-5976,-117,50,19
2290419892,-2838,7412,-2804,80,-160,-119,0,0,-7,-1,-15605,0,5536,2286,-6418,-111,67,3
2290469892,-2516,8304,-4136,321,-885,-1257,0,0,-7,-1,-16604,0,4568,4592,-5946,-137,71,24
2290519892,-3286,8556,-3720,529,-1352,-1629,-15602,0,-15537,0,8160,8192,6722,1378,-5590,-77,68,30
2290569892,-4418,6986,-990,67,150,534,-15598,0,-15537,0,8160,8192,5684,-1256,-5396,-68,10,35
2290619892,-5760,6084,-1894,-274,589,1450,-17596,0,-15537,0,8160,8192,5024,-758,-4862,-92,-55,39
2290669892,-6414,6830,-872,-63,216,645,8160,8192,0,0,645,8192,5116,-1086,-5770,-94,71,4
2290719892,-4248,6312,-1670,33,-585,-1000,8160,8192,0,0,645,8192,5926,452,-5096,-94,-39,23
2290769892,-4764,6900,-1136,420,-717,-655,-17586,0,-15537,0,8160,8192,5728,-964,-6466,-101,2,21
2290819892,-4646,6902,-1974,-152,46,210,8160,8192,24548,-30582,645,8192,5958,500,-6084,-107,44,41
2290869892,-4834,6570,-1506,165,-194,1,0,0,-7,-1,-15581,0,5918,0,-5798,-104,13,34
2290919892,-5448,7374,-1966,70,-88,20,-15579,0,-15537,0,8160,8192,3754,320,-7536,-104,20,36
2290969892,-5532,7646,-1732,142,-143,112,-17577,0,-15537,0,8160,8192,5310,-184,-6190,-109,11,50
2291019892,-4510,6666,-2198,-15,-180,-96,-15573,0,-15537,0,8160,8192,6426,850,-5816,-107,62,35
2291069892,-3754,6298,-1736,165,-427,-372,-15571,0,-15537,0,8160,8192,6448,1000,-5258,-102,11,45
2291119892,-4630,6996,-1764,72,-157,33,-15569,0,-15537,0,8160,8192,5622,912,-5790,-108,17,27
2291169892,-5156,6684,-1796,92,-134,120,-15566,0,-15537,0,8160,8192,6722,74,-5624,-111,35,28
2291219892,-4460,6424,-1510,112,-196,-198,8160,8192,31332,-30576,645,8192,5244,754,-6420,-112,64,19
2291269892,-4932,6912,-1724,148,-463,-518,0,0,-7,-1,-16563,0,5482,96,-5978,-100,38,48
2291319892,-5006,6540,-1344,131,2,40,0,0,-7,-1,-15562,0,5844,346,-6292,-117,26,19
2291369892,-5720,6730,-1294,25,34,257,0,0,-7,-1,-15560,0,4752,916,-5990,-101,29,43
2291419892,-5358,6736,-1628,27,88,131,-15559,0,-15537,0,8160,8192,4972,-338,-6590,-99,9,27
2291469892,-5558,6722,-1246,81,49,77,-15557,0,-15537,0,8160,8192,5390,-636,-6182,-118,20,24
2291519892,-5302,6150,-902,92,-12,84,8160,8192,0,0,645,8192,6782,-306,-5484,-98,30,42
2291569892,-5622,6324,-1204,92,-115,-145,-15551,0,-15537,0,8160,8192,5288,-744,-6346,-113,48,28
2291619892,-5702,6318,-990,126,-164,-110,0,0,-7,-1,-15549,0,6560,-1056,-5592,-106,62,31
2291669892,-6034,6522,-1288,69,-183,-147,8160,8192,0,0,645,8192,5784,-758,-5854,-107,51,38
2291719892,-6132,6628,-1206,171,-386,-326,0,0,-7,-1,-16544,0,5908,-554,-5964,-110,24,30
2291769892,-5918,6490,-932,85,-77,-1,0,0,-7,-1,-15543,0,7218,-792,-4420,-100,20,26
2291819892,-6540,5554,-242,109,93,312,8160,8192,-24028,-30567,645,8192,6316,-1826,-5722,-105,25,33
2291869892,-5646,5798,-728,-15,33,137,8160,8192,25972,-30566,645,8192,5938,-1054,-6170,-107,22,36
2291919893,-5836,6078,-700,145,25,362,8160,8192,0,0,645,8192,5892,-1204,-6038,-108,40,32
2291969892,-5596,6142,-938,16,107,341,8160,8192,-5100,-30565,645,8192,5862,-924,-6014,-103,74,31
2292019892,-6290,6910,-1252,70,125,475,-18534,0,-15537,0,8160,8192,4658,-1528,-7090,-98,34,23
2292069892,-5646,6050,-858,15,153,608,0,0,-7,-1,-16532,0,5202,-1642,-6666,-96,1,21
2292119892,-6054,6658,-1020,-43,286,598,8160,8192,13828,-30562,645,8192,6466,-912,-6220,-102,12,15
2292169892,-6380,6180,-538,143,312,760,0,0,-7,-1,-16529,0,6054,-2444,-5526,-96,74,31
2292219892,-5794,5814,100,-68,578,1064,-16526,0,-15537,0,8160,8192,7308,-2178,-5074,-94,68,35
2292269892,-5468,5926,-544,-102,357,445,8160,8192,0,0,645,8192,2416,-1848,-8190,-91,92,45
2292319892,-3916,6070,-712,119,-179,142,-16520,0,-15537,0,8160,8192,6820,502,-5100,-127,41,56
2292369892,-4828,7184,-2306,50,-127,-194,0,0,-7,-1,-16518,0,3808,-870,-5922,-118,37,59
2292419892,-3714,7626,-2036,110,-121,72,-16516,0,-15537,0,8160,8192,5516,2374,-7426,-96,42,53
2292469892,-3414,8450,-3490,152,-304,-390,-17513,0,-15537,0,8160,8192,5374,-34,-6334,-106,43,29
2292519892,-3606,8394,-2482,440,-417,-127,8160,8192,0,0,645,8192,3950,1436,-7490,-101,23,40
2292569892,-2760,7694,-2966,44,-114,-125,8160,8192,5076,-30555,645,8192,5728,2404,-6668,-108,31,32
2292619892,-2862,7644,-3062,333,-431,-365,-16507,0,-15537,0,8160,8192,4698,2232,-6482,-108,69,18
2292669892,-3936,8520,-3724,160,-121,81,8160,8192,-25996,-30554,645,8192,5604,1606,-5654,-114,36,26
2292719892,-3750,7740,-2412,7,444,975,-16502,0,-15537,0,8160,8192,5556,686,-6448,-103,35,21
2292769892,-4310,7434,-2050,-48,360,773,-16500,0,-15537,0,8160,8192,5842,780,-5894,-119,38,21
2292819892,-4266,6842,-1706,36,162,591,-17497,0,-15537,0,8160,8192,5984,494,-5816,-127,3,32
2292869892,-3668,6886,-1772,84,-213,-144,0,0,-7,-1,-16495,0,5542,118,-6474,-104,-7,21
2292919892,-3524,7822,-2500,194,-460,-471,8160,8192,27396,-30550,645,8192,5696,848,-6274,-105,-10,25
2292969892,-3316,7678,-2422,147,-191,9,8160,8192,11860,-30549,645,8192,5744,1128,-6022,-108,26,22
2293019892,-3238,7524,-2694,196,-201,-66,0,0,-7,-1,-17487,0,5838,1652,-6094,-122,79,22
2293069892,-2526,7802,-3232,128,-430,-584,-17484,0,-15537,0,8160,8192,5372,2684,-5792,-136,65,45
2293119892,-3238,7830,-3114,312,-749,-896,-16482,0,-15537,0,8160,8192,5490,1140,-6358,-75,18,39
2293169892,-4804,7188,-1232,112,201,720,0,0,-7,-1,-16480,0,5794,-530,-6082,-85,69,16
2293219892,-4636,6570,-2110,-236,234,139,-16477,0,-15537,0,8160,8192,5250,522,-6084,-82,75,12
2293269892,-5890,6846,-198,361,-215,288,0,0,-7,-1,-17474,0,6148,-2226,-5950,-105,-11,50
2293319892,-4766,6690,-1816,-301,134,229,8160,8192,-31356,-30544,645,8192,5224,390,-6402,-115,-26,41
2293369892,-4740,6802,-1438,380,-544,-557,-16471,0,-15537,0,8160,8192,6038,-412,-5802,-94,37,23
2293419892,-4384,7030,-1656,106,-337,-246,8160,8192,0,0,645,8192,5840,124,-6008,-103,37,37
2293469892,-4516,7006,-1952,84,-258,-184,8160,8192,0,0,645,8192,5654,428,-6136,-108,6,36
2293519892,-4458,7014,-1702,184,-261,-136,8160,8192,0,0,645,8192,6026,292,-5984,-106,27,32
2293569892,-4726,7078,-1876,92,-131,107,8160,8192,0,0,645,8192,6432,54,-5528,-108,33,29
2293619892,-4160,7100,-2198,72,-262,-124,-18457,0,-15537,0,8160,8192,5684,1144,-6050,-105,38,33
2293669892,-3836,6738,-1878,311,-589,-576,-16454,0,-15537,0,8160,8192,5922,668,-5904,-95,41,35
2293719892,-4420,6932,-1628,113,-96,103,8160,8192,0,0,645,8192,5756,226,-6140,-114,44,32
2293769892,-4254,6532,-1804,59,-66,167,-16448,0,-15537,0,8160,8192,5754,548,-6106,-106,43,22
2293819892,-5072,7424,-2018,166,-179,79,-16446,0,-15537,0,8160,8192,5458,54,-5964,-112,21,34
2293869892,-4324,7282,-2068,90,-237,-35,0,0,-7,-1,-16444,0,5276,606,-6730,-101,20,26
2293919892,-4118,7180,-1950,151,-254,-35,0,0,-7,-1,-16442,0,5374,880,-6548,-106,24,35
2293969892,-4226,6638,-1712,80,-195,49,-16439,0,-15537,0,8160,8192,5804,926,-6754,-109,8,29
2294019892,-4716,7110,-1974,87,-134,-92,-18436,0,-15537,0,8160,8192,6012,1018,-6192,-104,29,34
2294069892,-4470,6698,-1844,84,-204,-156,8160,8192,-2252,-30533,645,8192,5126,586,-6848,-119,40,27
2294119892,-3564,6152,-1384,38,-175,-6,0,0,-7,-1,-16433,0,5430,474,-6618,-108,17,17
2294169892,-4842,7084,-1688,95,-155,-50,-16430,0,-15537,0,8160,8192,5204,488,-6282,-119,45,26
2294219892,-5242,6788,-1338,96,-164,-95,-16429,0,-15537,0,8160,8192,6300,-148,-5696,-94,38,48
2294269892,-4868,6846,-1952,36,-390,-349,-16427,0,-15537,0,8160,8192,6748,310,-6194,-117,23,22
2294319892,-6734,8386,-2530,229,-243,-48,-16425,0,-15537,0,8160,8192,6882,210,-5100,-117,25,25
2294369892,-4706,5780,-1152,19,-19,-33,-17422,0,-15537,0,8160,8192,5276,-222,-5810,-86,42,43
2294419892,-5356,6360,-1412,78,37,86,8160,8192,0,0,645,8192,4728,-18,-6524,-112,23,23
2294469892,-5454,6512,-1222,104,45,128,0,0,-7,-1,-16418,0,5870,624,-5750,-98,30,41
2294519892,-4614,6050,-986,107,-81,-77,0,0,-7,-1,-16418,0,6988,-110,-5368,-104,55,28
2294569892,-5328,5824,-1256,93,-157,-103,-16415,0,-15537,0,8160,8192,5748,-198,-6320,-110,41,31
2294619892,-6104,6530,-896,69,-208,-20,0,0,-7,-1,-17415,0,5878,-748,-5862,-113,12,27
2294669892,-5922,5930,-552,142,-274,-248,-17412,0,-15537,0,8160,8192,5982,-1674,-5870,-100,28,27
2294719892,-5940,6138,-1012,36,-195,-232,0,0,-7,-1,-17409,0,5778,-1032,-5908,-102,42,34
2294769892,-5842,5982,-796,110,-62,185,-16408,0,-15537,0,8160,8192,6068,-1026,-5866,-110,29,34
2294819892,-6062,5930,-574,89,3,183,-16406,0,-15537,0,8160,8192,5770,-1124,-6022,-106,27,35
2294869892,-5658,6138,-798,98,-54,56,-16403,0,-15537,0,8160,8192,6016,-720,-6082,-105,45,37
2294919892,-5412,6172,-1072,104,-54,166,0,0,-7,-1,-16400,0,5946,-790,-5976,-107,65,32
2294969892,-5710,5690,-464,99,187,549,0,0,-7,-1,-16397,0,6178,-1596,-5742,-112,69,30
2295019892,-6446,5720,-256,68,401,912,8160,8192,0,0,645,8192,6510,-1884,-5490,-111,75,28
2295069892,-7014,5986,-80,63,335,788,-16393,0,-15537,0,8160,8192,6328,-1820,-5930,-96,48,29
2295119892,-6728,6394,-302,-21,359,719,-16391,0,-15537,0,8160,8192,7862,-1066,-3236,-87,39,27
2295169892,-6192,6314,-448,-59,361,864,8160,8192,-16364,-30516,645,8192,6932,-1216,-5168,-109,2,28
2295219892,-5818,6386,-1206,-84,248,619,8160,8192,-31900,-30515,645,8192,7940,-912,-5486,-92,21,42
2295269892,-3976,7176,-1774,-78,64,287,0,0,-7,-1,-16384,0,2994,426,-7890,-124,34,39
2295319892,-4520,8264,-2802,144,-328,-617,0,0,-7,-1,-16382,0,6660,1378,-4366,-137,91,23
2295369892,-1028,4890,738,216,-33,440,-16380,0,-15537,0,8160,8192,6634,248,-3862,-102,45,41
2295419892,-4816,7524,-2578,-291,491,801,8160,8192,0,0,645,8192,5574,-62,-6368,-114,25,40
2295469892,-3880,6932,-2058,303,-285,-144,8160,8192,0,0,645,8192,2680,1080,-8672,-114,46,29
2295519892,-2872,6482,-2118,274,-584,-782,8160,8192,5956,-30510,645,8192,6892,1544,-5456,-93,-27,43
2295569892,-2206,6994,-2576,206,-320,-137,0,0,-7,-1,-17372,0,4438,2692,-6648,-102,6,29
2295619892,-2524,7532,-3030,138,-268,-266,0,0,-7,-1,-17370,0,5038,2214,-5834,-111,54,14
2295669892,-3836,8724,-3226,196,-18,376,8160,8192,24884,-30508,645,8192,6300,1630,-5092,-116,-2,24
2295719892,-3460,7616,-2690,-87,266,659,8160,8192,9348,-30507,645,8192,4958,1358,-6930,-112,-22,26
2295769892,-3052,7280,-2342,151,-146,233,-16363,0,-15537,0,8160,8192,6134,1652,-5874,-119,-2,26
2295819892,-4330,7472,-2234,71,5,184,-16361,0,-15537,0,8160,8192,5420,848,-6020,-116,-17,33
2295869892,-3284,7358,-2208,106,-101,87,-16358,0,-15537,0,8160,8192,5936,1220,-6158,-106,56,26
2295919892,-3354,7228,-2488,166,-136,-36,-18356,0,-15537,0,8160,8192,5632,990,-6052,-109,67,23
2295969892,-3292,7238,-2430,180,-177,-69,0,0,-7,-1,-17354,0,5634,944,-5600,-105,71,15
2296019892,-3428,7402,-2500,95,-96,45,8160,8192,-18332,-30503,645,8192,5306,1182,-6340,-119,53,23
2296069892,-3756,7110,-2068,105,-152,-49,-16349,0,-15537,0,8160,8192,5824,1116,-6072,-108,55,42
2296119892,-3960,7344,-2116,170,-423,-555,8160,8192,16132,-30501,645,8192,6256,808,-5730,-89,65,36
2296169892,-3844,6718,-1474,182,-264,-2,-16347,0,-15537,0,8160,8192,6294,72,-5696,-85,23,34
2296219892,-4334,6928,-1724,5,42,252,0,0,-7,-1,-16345,0,5642,222,-5994,-98,32,22
2296269892,-3992,7006,-1814,123,-268,-92,-16342,0,-15537,0,8160,8192,5868,410,-5852,-110,-8,27
2296319892,-4434,7264,-2246,25,-242,-129,8160,8192,19524,-30498,645,8192,5738,604,-6234,-109,-24,37
2296369892,-3820,6248,-1354,200,-357,-316,0,0,-7,-1,-17338,0,6278,-150,-6126,-93,32,32
2296419892,-4574,6808,-1520,178,-279,-102,0,0,-7,-1,-17336,0,6418,-54,-5838,-103,21,26
2296469892,-4360,6870,-1836,87,-270,-102,-16334,0,-15537,0,8160,8192,5932,364,-5978,-103,-7,33
2296519892,-4960,6960,-1568,153,-155,100,-16332,0,-15537,0,8160,8192,5724,-266,-6106,-97,28,28
2296569892,-4446,7072,-2062,54,-212,-153,0,0,-7,-1,-16330,0,5970,472,-5770,-107,44,31
2296619892,-4286,6850,-1716,250,-404,-247,8160,8192,-8156,-30494,645,8192,5356,368,-6204,-101,41,24
2296669892,-4376,6650,-1676,75,-237,-93,0,0,-7,-1,-16325,0,5820,184,-6078,-100,18,33
2296719892,-4448,6732,-1926,81,-162,-20,0,0,-7,-1,-16323,0,5718,838,-6118,-97,30,27
2296769892,-4634,7664,-2354,149,-285,-36,8160,8192,10772,-30491,645,8192,6204,678,-5486,-116,29,20
2296819892,-4178,6716,-1884,109,-196,-88,-16320,0,-15537,0,8160,8192,6070,494,-5962,-99,33,27
2296869892,-5084,7384,-2066,68,-107,61,8160,8192,0,0,645,8192,5498,438,-6500,-102,10,31
2296919892,-4132,6664,-1556,85,-79,148,8160,8192,0,0,645,8192,7784,658,-4534,-99,35,34
2296969892,-4500,6972,-1812,143,-171,-63,-16312,0,-15537,0,8160,8192,5564,80,-6092,-112,36,31
2297019892,-4340,7058,-2036,59,-216,-157,8160,8192,-1372,-30488,645,8192,5244,238,-6046,-97,22,34
2297069892,-4242,6658,-1746,71,-224,-139,-16309,0,-15537,0,8160,8192,5080,854,-6858,-115,37,30
2297119892,-3892,6296,-1552,34,-226,-117,0,0,-7,-1,-16307,0,5484,1030,-6994,-112,39,23
2297169892,-4906,6786,-1816,108,-188,-125,-17305,0,-15537,0,8160,8192,5646,626,-5758,-117,59,27
2297219892,-4758,6490,-1244,82,-240,-140,8160,8192,2020,-30484,645,8192,7354,188,-5176,-100,47,47
2297269892,-4484,6312,-1762,20,-181,-175,0,0,-7,-1,-16300,0,3640,252,-6654,-109,1,29
2297319892,-4476,6868,-1442,86,-30,91,-18298,0,-15537,0,8160,8192,5444,-442,-6538,-113,10,10
2297369892,-5026,6750,-1674,7,168,279,-16295,0,-15537,0,8160,8192,5622,112,-6246,-113,24,20
2297419892,-4840,5592,-920,109,15,8,8160,8192,0,0,645,8192,6624,-434,-5346,-95,8,43
2297469892,-5362,6538,-1146,128,-110,-52,8160,8192,-10124,-30481,645,8192,4704,-440,-6946,-105,37,34
2297519892,-5100,5768,-552,150,-133,-74,0,0,-7,-1,-16291,0,6484,-738,-5396,-120,80,33
2297569892,-6120,5658,-336,167,-306,-236,0,0,-7,-1,-16289,0,6152,-726,-6026,-115,42,24
2297619892,-6050,6266,-908,58,-158,-108,8160,8192,8804,-30478,645,8192,5148,-856,-6774,-99,40,36
2297669892,-6122,5408,-108,153,-220,-147,-17285,0,-15537,0,8160,8192,6154,-1576,-5974,-109,36,37
2297719892,-6168,6142,-860,55,-79,14,-17282,0,-15537,0,8160,8192,6058,-1186,-5902,-120,41,29
2297769892,-5682,5930,-746,116,-90,74,-16280,0,-15537,0,8160,8192,5970,-1142,-6024,-106,41,25
2297819892,-5708,5942,-678,70,-22,202,-16278,0,-15537,0,8160,8192,5858,-1244,-5944,-103,31,31
2297869892,-6072,6046,-708,57,53,419,8160,8192,0,0,645,8192,5622,-1264,-6124,-100,31,38
2297919892,-6078,6058,-516,78,97,323,-18273,0,-15537,0,8160,8192,5482,-1578,-6330,-102,59,36
2297969892,-6626,6120,-590,94,225,569,-16271,0,-15537,0,8160,8192,5540,-2458,-6268,-106,54,27
2298019892,-5562,4934,286,-36,507,1007,0,0,-7,-1,-17268,0,6586,-2748,-5382,-91,46,32
2298069892,-6074,5592,-880,-40,279,593,-16266,0,-15537,0,8160,8192,5720,-398,-6596,-89,37,22
2298119892,-6434,7440,-1162,113,38,461,8160,8192,-15484,-30471,645,8192,4348,-1788,-7674,-93,27,26
2298169892,-4838,5890,-852,-58,326,625,0,0,-7,-1,-16261,0,7390,-280,-4158,-86,17,40
2298219892,-4296,6618,-1036,91,123,562,-16259,0,-15537,0,8160,8192,7400,-694,-4362,-91,50,50
2298269892,-4654,6562,-1482,5,95,423,0,0,-7,-1,-16258,0,6526,-146,-4832,-103,16,49
2298319892,-5066,7642,-1944,4,60,199,-18256,0,-15537,0,8160,8192,4866,-1130,-6572,-110,29,31
2298369892,-4316,6974,-1586,31,163,630,-17254,0,-15537,0,8160,8192,6636,-444,-5622,-97,24,57
2298419892,-4066,7466,-2100,3,-84,47,8160,8192,0,0,645,8192,7154,-256,-5802,-110,30,33
2298469892,-3108,6984,-2112,384,-714,-705,0,0,-7,-1,-16249,0,5364,1112,-7112,-115,2,25
2298519892,-2898,7458,-2652,248,-384,-267,-16248,0,-15537,0,8160,8192,5888,1672,-5974,-122,26,22
2298569892,-2490,7594,-2740,192,-316,-191,8160,8192,0,0,645,8192,7494,2370,-5716,-108,-13,24
2298619892,-3776,7494,-3286,191,-195,113,-18244,0,-15537,0,8160,8192,8802,2600,-3046,-110,-3,22
2298669892,-3064,7856,-2944,82,84,285,8160,8192,10228,-30462,645,8192,5250,1452,-6370,-113,61,25
2298719892,-4046,8404,-2906,140,-41,289,-16240,0,-15537,0,8160,8192,5594,1106,-5918,-120,28,35
2298769892,-3640,6852,-1814,42,234,604,0,0,-7,-1,-16238,0,5502,1278,-6194,-124,52,47
2298819892,-3022,7418,-2752,92,-416,-583,-16236,0,-15537,0,8160,8192,5812,1248,-5866,-108,11,39
2298869892,-3176,7934,-2682,150,-88,313,0,0,-7,-1,-16234,0,5642,1490,-6584,-107,10,33
2298919892,-2964,7450,-2968,103,-244,-333,0,0,-7,-1,-17231,0,5460,1812,-5950,-105,58,7
2298969892,-3048,7362,-2372,237,-208,-121,8160,8192,-17452,-30458,645,8192,6022,1718,-5882,-103,84,12
2299019892,-4132,7142,-1672,70,-142,-66,8160,8192,32548,-30457,645,8192,5482,370,-6266,-115,40,45
2299069892,-3962,7294,-2360,68,-114,29,-16226,0,-15537,0,8160,8192,6276,1070,-5800,-98,58,25
2299119892,-4156,7088,-2492,91,-328,-438,-18224,0,-15537,0,8160,8192,5030,1466,-6412,-96,12,28
2299169892,-3542,6836,-1220,224,-342,-26,-16222,0,-15537,0,8160,8192,6358,-202,-6368,-85,-17,22
2299219892,-4806,6884,-1794,-134,150,349,8160,8192,-29596,-30454,645,8192,5616,4,-5826,-101,6,29
2299269892,-4742,7236,-1880,166,-308,-94,0,0,-7,-1,-17217,0,5480,188,-6250,-96,25,16
2299319892,-3968,6094,-1560,146,-303,-370,-16144,0,-15537,0,8160,8192,5106,264,-6894,-112,51,31
2299369892,-4400,6898,-1892,134,-262,-23,0,0,-7,-1,-16212,0,6136,214,-5800,-99,38,22
2299419892,-4454,7196,-1824,93,-280,-210,-16210,0,-15537,0,8160,8192,6532,244,-5554,-101,4,31
2299469892,-4196,6540,-1590,182,-333,-152,-16207,0,-15537,0,8160,8192,5888,736,-6010,-99,21,28
2299519892,-4542,7078,-1700,133,-257,-105,0,0,-7,-1,-16204,0,5484,112,-6084,-101,35,29
2299569892,-4418,6958,-1718,101,-168,54,8160,8192,-7276,-30449,645,8192,5188,612,-6246,-102,45,32
2299619892,-4228,6986,-1828,110,-137,104,8160,8192,-22812,-30448,645,8192,5638,-48,-6036,-109,62,21
2299669892,-4920,7126,-1738,139,-151,-16,0,0,-7,-1,-17198,0,6278,564,-5612,-105,48,34
2299719892,-5292,7296,-2060,105,-169,-60,0,0,-7,-1,-16195,0,6036,426,-5712,-106,37,28
2299769892,-4640,7080,-2034,140,-231,-14,8160,8192,0,0,645,8192,5946,216,-6218,-105,39,33
2299819892,-4346,6648,-1426,108,-180,72,0,0,-7,-1,-16192,0,5472,628,-6908,-111,25,29
2299869892,-4414,6762,-1772,76,-154,-127,8160,8192,30580,-30444,645,8192,5778,750,-5982,-98,19,35
2299919892,-4610,7082,-2022,44,-200,-121,-16188,0,-15537,0,8160,8192,5898,790,-6152,-113,16,25
2299969892,-2966,4866,-700,50,-159,23,0,0,-7,-1,-16186,0,6570,88,-6454,-117,13,17
2300019892,-3856,6088,-1350,102,-264,-188,-16184,0,-15537,0,8160,8192,7582,506,-4900,-106,37,38
2300069892,-4648,6316,-1772,90,-304,-297,0,0,-7,-1,-16182,0,5638,784,-5920,-103,7,37
2300119892,-4190,6528,-1790,20,-215,-176,8160,8192,18436,-30440,645,8192,5558,1086,-6142,-111,16,28
2300169892,-4684,6828,-1514,58,-109,-123,-16176,0,-15537,0,8160,8192,5270,-410,-6672,-104,-6,39
2300219892,-4720,6566,-1264,15,60,159,-17174,0,-15537,0,8160,8192,5230,54,-6032,-111,-13,16
2300269892,-4664,6034,-1312,86,13,71,-16172,0,-15537,0,8160,8192,7380,508,-4712,-103,11,26
2300319892,-4860,6612,-1372,104,-88,-91,-16169,0,-15537,0,8160,8192,6830,150,-5714,-96,-7,37
2300369892,-5136,6380,-1236,69,-56,68,8160,8192,6292,-30436,645,8192,5690,-188,-6560,-109,24,30
2300419892,-5304,5940,-760,158,-197,-121,-16165,0,-15537,0,8160,8192,5838,-796,-6416,-109,53,30
2300469892,-5916,6678,-1250,112,-374,-356,-17163,0,-15537,0,8160,8192,5832,-1108,-6146,-111,6,36
2300519892,-5622,6116,-982,201,-393,-256,-18162,0,-15537,0,8160,8192,6140,-1248,-5570,-113,43,22
2300569892,-5768,5944,-536,87,-113,3,8160,8192,0,0,645,8192,6244,-1352,-5770,-104,19,32
2300619892,-5800,5660,-738,85,-45,19,-16158,0,-15537,0,8160,8192,6120,-1252,-5890,-106,50,37
2300669892,-5820,6022,-702,85,-94,30,-18156,0,-15537,0,8160,8192,5870,-1040,-5988,-109,33,35
2300719892,-5910,6160,-812,78,28,348,-16153,0,-15537,0,8160,8192,5954,-680,-6000,-105,38,32
2300769892,-5862,6090,-842,101,12,251,-17150,0,-15537,0,8160,8192,5938,-994,-5964,-110,56,36
2300819892,-6368,6176,-554,126,85,404,-16147,0,-15537,0,8160,8192,5852,-1486,-6140,-110,54,29
2300869892,-6184,6016,-616,35,327,620,-16146,0,-15537,0,8160,8192,5868,-1356,-5898,-113,124,28
2300919892,-7270,6652,-340,154,319,705,8160,8192,32004,-30428,645,8192,3968,-2966,-8004,-108,140,36
2300969892,-6870,5846,138,2,604,1206,8160,8192,16468,-30427,645,8192,5616,-3030,-6186,-111,52,20
2301019892,-6736,6832,-1046,-178,380,918,-17140,0,-15537,0,8160,8192,6224,-2186,-5528,-92,-14,22
2301069892,-5766,7328,-1314,19,40,379,-16137,0,-15537,0,8160,8192,5180,-1712,-5486,-59,-19,34
2301119892,-5850,8450,-2790,-48,-70,283,-16135,0,-15537,0,8160,8192,8612,-942,-5950,-125,-14,35
2301169892,-4232,8118,-1958,8,37,44,-18132,0,-15537,0,8160,8192,3844,-120,-6742,-113,23,18
2301219892,-5270,8474,-2476,118,-58,447,8160,8192,0,0,645,8192,3088,886,-6870,-103,-2,47
2301269892,-4058,6514,-1822,-171,340,646,-16126,0,-15537,0,8160,8192,7668,1148,-5368,-112,36,32
2301319892,-4530,7986,-2638,153,-100,2,-16124,0,-15537,0,8160,8192,6884,2466,-3952,-119,41,29
2301369892,-2904,7426,-2304,284,-661,-829,0,0,-7,-1,-17122,0,5190,2920,-5336,-99,1,49
2301419892,-2284,7862,-3118,348,-599,-588,0,0,-7,-1,-17120,0,5548,2060,-6092,-102,26,29
2301469892,-2768,7344,-3384,213,-309,-181,-17117,0,-15537,0,8160,8192,5138,2400,-5862,-119,65,21
2301519892,-4184,8866,-3404,122,35,418,8160,8192,-23356,-30419,645,8192,7100,1984,-5706,-108,-13,13
2301569892,-4412,7404,-1878,-29,552,1153,8160,8192,0,0,645,8192,5840,244,-5960,-117,-22,32
2301619892,-3842,7288,-2102,-142,484,912,0,0,-7,-1,-16109,0,5548,1140,-6338,-118,41,31
2301669892,-3388,6942,-2454,165,-297,-220,0,0,-7,-1,-16107,0,5216,1192,-6212,-124,47,40
2301719892,-3644,7888,-2348,279,-368,-157,-16105,0,-15537,0,8160,8192,6222,440,-6026,-102,74,39
2301769892,-3482,7458,-2890,51,-88,-98,-16103,0,-15537,0,8160,8192,5268,1824,-6586,-107,76,13
2301819892,-2430,8042,-2944,427,-822,-1052,-17102,0,-15537,0,8160,8192,5502,2064,-6456,-116,37,17
2301869892,-2710,8218,-3702,223,-507,-562,-16101,0,-15537,0,8160,8192,5646,3106,-5864,-124,30,25
2301919892,-3470,7342,-2346,165,-343,-256,-15676,0,-15537,0,8160,8192,5162,874,-6446,-101,18,29
2301969892,-5348,7786,-1932,8,271,778,0,0,-7,-1,-16097,0,5750,-532,-5870,-94,28,41
2302019892,-4926,6908,-1572,-201,277,599,8160,8192,0,0,645,8192,5798,50,-5990,-94,-11,26
2302069892,-4446,6680,-1634,151,-172,-13,0,0,-7,-1,-16092,0,5922,692,-6062,-98,33,18
2302119892,-5370,8158,-2386,80,-240,-82,-16089,0,-15537,0,8160,8192,5262,360,-6476,-109,1,28
2302169892,-4324,7484,-2298,174,-601,-508,-17086,0,-15537,0,8160,8192,6060,656,-5760,-107,-14,35
2302219892,-5076,7746,-1728,247,-356,-279,-17084,0,-15537,0,8160,8192,5434,-188,-6216,-99,56,27
2302269892,-4064,7032,-2328,18,-211,-167,-16082,0,-15537,0,8160,8192,5680,976,-5774,-102,82,29
2302319892,-4452,6674,-1548,308,-430,-216,-16079,0,-15537,0,8160,8192,5490,160,-6090,-102,20,27
2302369892,-4624,6944,-1666,-12,-57,204,-16077,0,-15537,0,8160,8192,5424,198,-6164,-97,7,35
2302419892,-4656,7412,-1962,132,-208,137,-16076,0,-15537,0,8160,8192,5532,248,-6260,-112,48,18
2302469892,-4744,7154,-1736,118,-194,-125,-17073,0,-15537,0,8160,8192,5772,-96,-6086,-105,43,33
2302519892,-4112,6482,-1564,127,-224,-127,8160,8192,-6396,-30404,645,8192,7468,626,-4708,-107,27,30
2302569892,-4446,6938,-1852,127,-196,19,-16070,0,-15537,0,8160,8192,5816,754,-6136,-102,32,36
2302619892,-4460,7148,-1768,88,-117,67,-16067,0,-15537,0,8160,8192,4164,332,-7252,-107,28,34
2302669892,-4502,6996,-2016,68,-181,-81,8160,8192,12532,-30401,645,8192,5124,242,-6602,-99,34,37
2302719892,-4488,7126,-2146,20,-179,-63,-18063,0,-15537,0,8160,8192,6276,614,-6222,-110,21,26
2302769892,-3572,5734,-1248,67,-223,-59,0,0,-7,-1,-16061,0,5560,888,-6810,-114,5,14
2302819892,-4462,7090,-2006,75,-280,-298,-16059,0,-15537,0,8160,8192,4948,472,-6230,-108,42,33
2302869892,-4870,7036,-1728,110,-326,-296,-17057,0,-15537,0,8160,8192,5552,-304,-5612,-101,1,40
2302919892,-4872,6636,-1864,-13,-135,-187,8160,8192,0,0,645,8192,5628,398,-5480,-117,24,15
2302969892,-5452,6972,-1408,113,-96,-159,0,0,-7,-1,-16053,0,5344,-562,-6464,-101,28,45
2303019892,-5622,7404,-1684,49,20,-97,-16052,0,-15537,0,8160,8192,4790,4,-7176,-84,44,43
2303069892,-4514,5996,-1156,86,80,72,-16051,0,-15537,0,8160,8192,4660,-180,-6508,-112,22,20
2303119892,-4714,6080,-1090,114,2,218,0,0,-7,-1,-16050,0,6304,374,-5560,-104,28,33
2303169892,-5630,6142,-998,150,-78,-177,0,0,-7,-1,-16048,0,4712,370,-6780,-112,76,28
2303219892,-5238,6028,-670,73,-266,-324,-17047,0,-15537,0,8160,8192,4020,-588,-7028,-105,29,32
2303269892,-5622,5938,-810,153,-341,-301,0,0,-7,-1,-16045,0,5518,-1302,-6404,-101,50,26
2303319892,-5728,5824,-748,10,-191,-333,8160,8192,7172,-30391,645,8192,7050,-880,-5198,-108,33,40
2303369892,-5556,5732,-746,124,-128,90,-16040,0,-15537,0,8160,8192,5886,-812,-5756,-116,34,22
2303419892,-6218,5796,-672,-214,105,-166,0,0,-7,-1,-17039,0,5652,-1210,-6170,-101,16,36
2303469892,-6210,6084,-886,19,-32,-16,-16038,0,-15537,0,8160,8192,5684,-1434,-6050,-108,18,31
2303519892,-5562,5964,-708,108,-10,394,0,0,-7,-1,-16036,0,5818,-902,-6062,-106,21,29
2303569892,-5874,6104,-720,39,30,212,8160,8192,-4972,-30388,645,8192,5798,-858,-6044,-104,31,32
2303619892,-5508,6212,-804,136,-220,-70,-16033,0,-15537,0,8160,8192,5992,-974,-5936,-102,17,31
2303669892,-5810,5982,-530,169,121,597,0,0,-7,-1,-16031,0,5952,-1370,-6026,-102,33,30
2303719892,-6598,5932,-430,76,340,807,0,0,-7,-1,-17029,0,5586,-1566,-6240,-113,69,29
2303769892,-6310,5352,22,63,300,666,-16026,0,-15537,0,8160,8192,6300,-1786,-5914,-107,83,37
2303819892,-6428,5942,-476,34,302,970,-16023,0,-15537,0,8160,8192,5174,-2306,-6432,-97,37,38
2303869892,-6220,6942,-1128,-181,450,732,0,0,-7,-1,-16020,0,5996,-1290,-7016,-87,54,22
2303919892,-4878,6182,-1016,120,-119,204,-16018,0,-15537,0,8160,8192,3010,-1020,-8026,-111,23,16
2303969892,-3932,5432,-346,-57,419,876,0,0,-7,-1,-16016,0,6868,-1274,-5350,-91,48,38
2304019892,-3624,6282,-1362,-308,640,723,-16015,0,-15537,0,8160,8192,4972,-594,-6006,-103,140,-6
2304069892,-4096,6534,-748,145,16,417,8160,8192,-29260,-30380,645,8192,4822,-1446,-6890,-122,67,41
2304119892,-1034,1888,-2262,-96,127,345,8160,8192,0,0,645,8192,3540,-1746,-5562,-100,50,39
2304169892,-3176,7420,-2668,169,-442,-364,8160,8192,5204,-30378,645,8192,5642,2468,-6484,-111,1,41
2304219892,-2492,7264,-2050,363,-589,-543,-17005,0,-15537,0,8160,8192,4672,154,-6226,-114,-8,30
2304269892,-2768,6696,-2024,199,-358,-365,8160,8192,-25868,-30377,645,8192,3076,1542,-7686,-95,-50,38
2304319892,-3266,7422,-2552,247,-307,21,8160,8192,0,0,645,8192,6448,2048,-5392,-111,-32,27
2304369892,-2526,7914,-3184,104,-139,-35,8160,8192,8596,-30375,645,8192,5332,1824,-6400,-117,51,17
2304419892,-4458,8848,-3048,103,183,658,-15998,0,-15537,0,8160,8192,4452,1150,-7338,-118,12,26
2304469892,-3698,7560,-2350,-34,267,676,8160,8192,-22476,-30374,645,8192,5358,628,-6244,-115,33,35
2304519892,-3530,7382,-2508,140,-131,75,8160,8192,27524,-30373,645,8192,5798,1386,-5754,-121,27,29
2304569892,-4686,7342,-1404,212,-24,378,-17993,0,-15537,0,8160,8192,5848,-558,-6434,-114,14,38
2304619892,-3114,7846,-3240,-41,-149,-288,-17991,0,-15537,0,8160,8192,5136,2388,-6130,-103,39,36
2304669892,-2398,7644,-3030,467,-747,-808,-15989,0,-15537,0,8160,8192,5772,2494,-5974,-93,92,15
2304719892,-3088,8104,-2586,325,-505,-516,-15987,0,-15537,0,8160,8192,5872,1018,-6170,-102,71,18
2304769892,-3972,7272,-2662,-28,130,268,0,0,-7,-1,-15985,0,6078,1566,-5818,-126,63,33
2304819892,-2512,7974,-3830,129,-571,-1001,8160,8192,-156,-30369,645,8192,5450,4156,-5898,-107,106,14
2304869892,-3116,8190,-3770,407,-1219,-1696,-17980,0,-15537,0,8160,8192,4196,2634,-6882,-100,9,31
2304919892,-4360,7166,-2162,62,-62,413,0,0,-7,-1,-15978,0,5716,-314,-6526,-53,-26,15
2304969892,-5842,5650,-88,-183,750,1576,-15977,0,-15537,0,8160,8192,7622,-2516,-4820,-73,-79,-10
2305019892,-6726,6344,-916,-140,486,918,-15976,0,-15537,0,8160,8192,5608,-1350,-6322,-99,62,6
2305069892,-5172,6312,-876,206,-569,-616,0,0,-7,-1,-16974,0,6506,-830,-5748,-102,-96,39
2305119892,-5146,6810,-868,171,-207,84,8160,8192,0,0,645,8192,5898,-1160,-6180,-94,43,37
2305169892,-5156,6294,-1222,10,-65,35,8160,8192,0,0,645,8192,5894,-672,-6024,-117,82,29
2305219892,-4476,6768,-1556,251,-486,-439,0,0,-7,-1,-15968,0,5422,-226,-6154,-111,55,29
2305269892,-4786,6740,-1362,163,-246,-105,8160,8192,0,0,645,8192,6196,-162,-5606,-109,16,44
2305319892,-5134,6674,-1628,63,-32,177,-15965,0,-15537,0,8160,8192,5428,638,-6346,-109,70,41
2305369892,-4718,7340,-2114,181,-250,-57,-16964,0,-15537,0,8160,8192,6072,374,-5888,-104,42,35
2305419892,-4090,6910,-1836,75,-324,-228,8160,8192,10020,-30359,645,8192,5912,56,-6126,-104,11,33
2305469892,-4660,6910,-1438,178,-88,183,-15956,0,-15537,0,8160,8192,5228,90,-6176,-99,55,33
2305519892,-3660,7148,-3140,-72,-430,-259,8160,8192,-21052,-30358,645,8192,6280,2658,-5696,-112,51,33
2305569892,-5086,7480,-1834,500,-465,-425,8160,8192,28948,-30357,645,8192,6366,466,-5920,-113,41,26
2305619892,-4442,6940,-1964,-115,32,173,-15948,0,-15537,0,8160,8192,5434,550,-6152,-101,32,34
2305669892,-3958,6026,-1702,55,-105,81,0,0,-7,-1,-15946,0,6300,414,-6192,-101,17,29
2305719892,-3894,6200,-1600,48,-221,-84,0,0,-7,-1,-15944,0,6804,1240,-5952,-113,11,27
2305769892,-5476,7388,-2224,192,-217,-171,8160,8192,32340,-30354,645,8192,3802,98,-7014,-112,49,30
2305819892,-3720,6340,-1482,32,-236,-102,-15937,0,-15537,0,8160,8192,5602,1092,-6198,-110,1,32
2305869892,-4404,6638,-1814,61,-156,-16,-15933,0,-15537,0,8160,8192,6804,12,-5022,-96,48,40
2305919892,-4452,6702,-1480,123,-262,-247,-15930,0,-15537,0,8160,8192,4808,38,-6500,-124,43,45
2305969892,-3770,5174,-1156,84,-189,-33,-15929,0,-15537,0,8160,8192,6012,256,-6330,-116,3,23
2306019892,-6390,6690,-1250,51,251,326,0,0,-7,-1,-15927,0,4996,-160,-6862,-86,9,31
2306069892,-5150,6222,-1284,50,-35,144,-15925,0,-15537,0,8160,8192,7016,358,-5406,-107,-22,27
2306119892,-5816,6658,-1370,158,-61,62,-15924,0,-15537,0,8160,8192,5470,-916,-6334,-101,30,33
2306169892,-5868,6336,-1056,95,-113,-98,-17922,0,-15537,0,8160,8192,5446,-560,-6476,-101,55,27
2306219892,-5010,5842,-970,135,-332,-288,-15919,0,-15537,0,8160,8192,6148,-974,-6228,-109,41,33
2306269892,-6140,6502,-816,121,-296,-181,8160,8192,8052,-30346,645,8192,5528,-736,-6116,-104,32,37
2306319892,-5676,5670,-676,73,-117,-81,-17917,0,-15537,0,8160,8192,5774,-1402,-6156,-110,42,25
2306369892,-6068,6182,-890,110,-75,95,8160,8192,0,0,645,8192,5948,-986,-5988,-115,52,35
2306419892,-5972,5936,-578,159,-59,144,-15912,0,-15537,0,8160,8192,5666,-1266,-6040,-108,37,39
2306469892,-6146,5808,-464,86,94,415,-15910,0,-15537,0,8160,8192,5724,-1428,-6116,-100,-6,32
2306519892,-5606,6172,-964,5,47,348,0,0,-7,-1,-16909,0,5714,-904,-6112,-100,35,35
2306569892,-5104,4972,-316,130,-60,218,0,0,-7,-1,-15907,0,6260,-1432,-5868,-104,24,32
2306619892,-6096,6412,-832,48,286,671,-15905,0,-15537,0,8160,8192,7046,-1206,-5222,-102,48,19
2306669892,-6556,6786,-768,59,252,648,-15903,0,-15537,0,8160,8192,5064,-1774,-6690,-102,41,29
2306719892,-6210,6538,-568,-29,351,719,8160,8192,-700,-30340,645,8192,6128,-730,-6352,-102,19,39
2306769892,-6368,6768,-564,67,270,663,8160,8192,-16236,-30339,645,8192,7964,-2572,-5192,-110,53,20
2306819892,-6832,7734,-1880,-111,238,591,-15895,0,-15537,0,8160,8192,7546,-1900,-4208,-116,3,19
2306869892,-5716,7478,-1816,73,10,163,0,0,-7,-1,-15892,0,3176,-4568,-6296,-120,52,33
2306919892,-4188,6030,-616,49,135,408,-15890,0,-15537,0,8160,8192,5510,360,-6566,-124,67,23
2306969892,-5472,8098,-2086,-99,245,630,-16888,0,-15537,0,8160,8192,6380,-346,-4946,-91,25,55
2307019892,-4134,7352,-2278,24,-91,118,0,0,-7,-1,-16886,0,5142,778,-6628,-124,43,34
2307069892,-3310,7312,-2292,212,-221,-431,8160,8192,21620,-30334,645,8192,3166,662,-6828,-122,63,30
2307119892,-3284,7182,-2598,346,-629,-628,-15881,0,-15537,0,8160,8192,7574,1920,-4656,-98,-17,49
2307169892,-2234,7280,-2796,122,-307,-220,0,0,-7,-1,-16877,0,5854,1878,-6334,-109,21,28
2307219892,-2544,7418,-2750,214,-263,-75,0,0,-7,-1,-15874,0,7218,1322,-5268,-117,65,19
2307269892,-4904,8630,-3386,104,91,470,-15872,0,-15537,0,8160,8192,8508,2278,-3630,-108,-15,20
2307319892,-4058,7408,-2030,-23,418,900,8160,8192,0,0,645,8192,5100,-144,-6786,-106,13,25
2307369892,-3996,7000,-2184,-35,263,727,-17866,0,-15537,0,8160,8192,5666,564,-5980,-115,-5,28
2307419892,-4282,7970,-2242,148,-199,-62,0,0,-7,-1,-15863,0,4972,148,-6554,-107,25,43
2307469892,-3406,7518,-2666,120,-125,-42,-17862,0,-15537,0,8160,8192,5164,2430,-6326,-107,103,34
2307519892,-3222,7810,-2878,372,-654,-938,-16860,0,-15537,0,8160,8192,5330,2294,-6142,-100,80,12
2307569892,-2646,8016,-3118,385,-681,-679,-15858,0,-15537,0,8160,8192,5810,2244,-5890,-113,50,31
2307619892,-3362,7484,-2696,-18,14,224,8160,8192,-18204,-30326,645,8192,5842,976,-5910,-110,30,36
2307669892,-4360,7038,-1596,60,297,879,-15856,0,-15537,0,8160,8192,5798,322,-5990,-93,56,31
2307719892,-4670,6962,-1906,-194,432,680,-15853,0,-15537,0,8160,8192,5678,412,-6070,-95,57,12
2307769892,-4096,7514,-2274,147,-347,-206,-15850,0,-15537,0,8160,8192,5820,706,-6120,-108,-12,23
2307819892,-3760,6948,-2870,117,-588,-877,-15849,0,-15537,0,8160,8192,5804,2078,-5846,-108,-20,24
2307869892,-3044,7846,-2924,436,-1083,-1110,8160,8192,-30348,-30322,645,8192,5642,1554,-5878,-103,15,22
2307919892,-4450,7212,-1486,214,-371,-390,-16844,0,-15537,0,8160,8192,6438,32,-6218,-76,47,30
2307969892,-5284,5942,-658,-50,469,1023,8160,8192,4116,-30320,645,8192,6348,-400,-5774,-105,37,33
2308019892,-5062,6454,-1974,-175,12,173,-17841,0,-15537,0,8160,8192,5510,220,-6200,-108,-12,23
2308069892,-4998,7698,-2388,340,-631,-559,0,0,-7,-1,-15839,0,5582,-172,-6130,-103,40,31
2308119892,-4658,6810,-1650,33,-130,36,-15836,0,-15537,0,8160,8192,5750,-162,-6060,-100,44,23
2308169892,-4376,6932,-1844,85,-240,-50,8160,8192,0,0,645,8192,6086,-316,-5856,-103,16,28
2308219892,-4062,6550,-1822,108,-332,-200,-15830,0,-15537,0,8160,8192,5510,548,-6412,-104,19,26
2308269892,-4330,6756,-1734,173,-330,-165,-15827,0,-15537,0,8160,8192,5830,264,-5994,-106,30,28
2308319892,-4578,6956,-1780,64,-96,121,-15824,0,-15537,0,8160,8192,6214,630,-5746,-97,19,31
2308369892,-4838,7026,-1980,92,-157,11,-15822,0,-15537,0,8160,8192,5224,716,-6474,-116,32,28
2308419892,-3934,6800,-1868,119,-221,-57,-15819,0,-15537,0,8160,8192,5954,690,-5892,-104,41,25
2308469892,-3794,6916,-1828,88,-190,46,-15815,0,-15537,0,8160,8192,6838,524,-5190,-100,25,33
2308519892,-4328,6332,-1476,72,-102,-10,0,0,-7,-1,-16812,0,5830,1564,-6528,-101,35,40
2308569892,-5076,7530,-2140,129,-164,-63,-15810,0,-15537,0,8160,8192,5456,592,-5898,-102,25,33
2308619892,-4476,6868,-1732,95,-232,-194,0,0,-7,-1,-15807,0,4528,470,-6498,-104,34,37
2308669892,-4224,6154,-1564,61,-181,-116,8160,8192,-16780,-30310,645,8192,6058,300,-5578,-109,37,28
2308719892,-5096,6720,-1782,92,-169,-138,0,0,-7,-1,-15798,0,8132,-374,-4890,-118,39,24
2308769892,-3982,6200,-1326,33,-362,-226,8160,8192,17684,-30308,645,8192,5052,-248,-6670,-117,35,23
2308819892,-4692,6498,-1408,112,-165,-92,-15792,0,-15537,0,8160,8192,6222,368,-5726,-97,20,37
2308869892,-4118,6392,-1546,6,-115,-45,-15789,0,-15537,0,8160,8192,5448,-258,-6122,-116,17,35
2308919892,-3772,5260,-884,70,2,145,-16787,0,-15537,0,8160,8192,5496,570,-6230,-117,16,20
2308969892,-5164,5762,-1018,88,137,181,-17785,0,-15537,0,8160,8192,6618,-484,-5682,-98,32,36
2309019892,-5696,7090,-1908,97,-143,-68,-15783,0,-15537,0,8160,8192,6910,-318,-5446,-99,0,32
2309069892,-5080,6626,-1282,96,-145,-47,0,0,-7,-1,-15780,0,5980,-1414,-5596,-106,32,31
2309119892,-6114,6820,-1300,73,-196,-164,8160,8192,-25532,-30303,645,8192,4828,-330,-5962,-109,66,32
2309169892,-5908,5950,-886,167,-309,-251,-15776,0,-15537,0,8160,8192,5710,-1158,-6324,-112,34,31
2309219892,-5912,5736,-358,106,-139,-33,-15774,0,-15537,0,8160,8192,5606,-526,-5866,-105,28,31
2309269892,-6162,6070,-878,80,-80,14,-15771,0,-15537,0,8160,8192,5886,-1044,-6066,-105,32,26
2309319892,-5720,6114,-1166,38,-104,-13,8160,8192,0,0,645,8192,5918,-450,-6024,-100,21,29
2309369892,-5690,6074,-1014,84,-73,77,-15770,0,-15537,0,8160,8192,5996,-918,-5836,-102,31,29
2309419892,-6032,5980,-646,78,57,347,-15766,0,-15537,0,8160,8192,5808,-1218,-6070,-107,40,34
2309469892,-6888,5432,204,202,120,500,0,0,-7,-1,-15763,0,6238,-2574,-5948,-113,61,35
2309519892,-7104,5412,452,81,363,804,-15761,0,-15537,0,8160,8192,6288,-3114,-5778,-105,57,36
2309569892,-8322,6388,456,55,573,1349,-15759,0,-15537,0,8160,8192,3772,-4492,-7186,-119,51,23
2309619892,-7194,6164,-104,-304,631,1132,8160,8192,15716,-30295,645,8192,7626,-988,-6362,-106,-26,49
2309669892,-7640,8040,-2008,129,-124,79,8160,8192,180,-30294,645,8192,6388,492,-7196,-99,16,51
2309719892,-2192,4234,412,112,-162,350,8160,8192,0,0,645,8192,9180,1538,-5942,-110,-25,55
2309769892,-5872,9084,-2482,-164,312,592,-15750,0,-15537,0,8160,8192,6030,2002,-6452,-128,42,23
2309819892,-1112,6308,-892,99,-146,-200,-15749,0,-15537,0,8160,8192,10254,-740,-5280,-97,87,44
2309869892,-3360,7852,-2548,205,-274,-132,-17746,0,-15537,0,8160,8192,5376,794,-6142,-104,32,45
2309919892,-3474,8372,-3468,84,-100,79,-15744,0,-15537,0,8160,8192,7342,-1180,-5798,-104,25,19
2309969892,-3124,8630,-3016,365,-537,-421,-15741,0,-15537,0,8160,8192,5220,3356,-6944,-97,-11,40
2310019892,-2152,7202,-2994,344,-541,-532,8160,8192,22500,-30289,645,8192,5192,1848,-6708,-103,46,21
2310069892,-2932,7650,-2632,206,-226,-59,0,0,-7,-1,-15734,0,6712,1026,-4564,-111,51,25
2310119892,-4020,6684,-2456,-42,497,1054,8160,8192,-8572,-30288,645,8192,5940,832,-5938,-113,-6,14
2310169892,-4056,7144,-2024,-84,437,828,8160,8192,0,0,645,8192,6248,828,-6054,-118,15,31
2310219892,-4166,6756,-1624,178,146,542,8160,8192,25892,-30286,645,8192,5716,158,-6004,-123,81,30
2310269892,-3610,6844,-2300,-22,-69,22,8160,8192,10356,-30285,645,8192,5856,1344,-6008,-109,24,25
2310319892,-3846,8028,-2646,211,-423,-238,0,0,-7,-1,-15720,0,5960,1562,-6046,-97,-8,40
2310369892,-2092,8068,-3678,196,-739,-1333,8160,8192,-20716,-30284,645,8192,5620,2632,-6008,-104,72,-2
2310419892,-2972,7636,-3068,425,-406,-119,-15715,0,-15537,0,8160,8192,6050,2080,-5772,-114,94,28
2310469892,-3124,7618,-3124,-26,-87,-117,-15711,0,-15537,0,8160,8192,6092,1904,-5972,-120,98,30
2310519892,-3194,7078,-3012,106,-162,-148,8160,8192,-1788,-30282,645,8192,5456,1928,-5940,-100,61,26
2310569892,-4370,7014,-1608,118,-180,56,8160,8192,0,0,645,8192,5726,-72,-5776,-71,-32,20
2310619892,-4714,6602,-1630,-78,77,387,-15700,0,-15537,0,8160,8192,6356,-704,-5422,-84,-12,19
2310669892,-5422,6748,-1244,114,-87,-15,-15698,0,-15537,0,8160,8192,5524,206,-5790,-91,35,30
2310719892,-5426,6774,-1284,38,-115,162,0,0,-7,-1,-15695,0,5734,-720,-6110,-109,-34,26
2310769892,-4540,6284,-1228,70,-205,-62,-17692,0,-15537,0,8160,8192,5556,-1474,-6464,-105,17,33
2310819892,-4700,7028,-1722,100,-230,-71,8160,8192,-29468,-30277,645,8192,5182,-218,-6524,-108,71,28
2310869892,-4552,6680,-1534,160,-443,-392,8160,8192,0,0,645,8192,5766,-308,-5988,-113,36,40
2310919892,-4552,6642,-1434,157,-280,-167,-17682,0,-15537,0,8160,8192,5940,-82,-6064,-106,27,29
2310969892,-5106,6820,-1392,93,-33,197,-15680,0,-15537,0,8160,8192,5612,-334,-6230,-106,53,37
2311019892,-4258,7142,-2474,11,-251,-87,-15676,0,-15537,0,8160,8192,5420,1640,-6144,-102,66,31
2311069892,-4014,7208,-2184,358,-819,-1108,8160,8192,0,0,645,8192,5658,1220,-6312,-100,19,34
2311119892,-4184,7752,-2256,129,-149,221,-15671,0,-15537,0,8160,8192,5968,1256,-5750,-112,42,25
2311169892,-4314,6634,-2130,-3,-52,120,-15668,0,-15537,0,8160,8192,6128,910,-5234,-104,35,30
2311219892,-5264,7668,-2314,132,-89,84,-16666,0,-15537,0,8160,8192,6034,602,-5668,-104,20,32
2311269892,-4960,7374,-2148,95,-132,73,-15663,0,-15537,0,8160,8192,6652,1342,-5086,-101,30,40
2311319892,-4154,6294,-1178,108,-90,165,-15660,0,-15537,0,8160,8192,5784,-6,-6348,-109,17,31
2311369892,-4842,6490,-1712,72,-109,-77,-15658,0,-15537,0,8160,8192,5982,14,-5560,-97,21,33
2311419892,-4084,6294,-1426,77,-210,-141,0,0,-7,-1,-15656,0,6564,376,-5492,-108,12,26
2311469892,-4050,5988,-1188,59,-211,-108,-15654,0,-15537,0,8160,8192,7132,832,-5386,-114,23,26
2311519892,-4894,6706,-1740,95,-123,-58,-15653,0,-15537,0,8160,8192,6896,1350,-6228,-105,50,24
2311569892,-5302,7064,-1780,83,-339,-311,0,0,-7,-1,-15651,0,5448,680,-6358,-99,15,43
2311619892,-5134,6936,-1810,116,-214,-230,-15648,0,-15537,0,8160,8192,4278,670,-6758,-122,53,22
2311669892,-2952,4498,-532,135,-147,3,-16646,0,-15537,0,8160,8192,8032,582,-5742,-114,12,20
2311719892,-5244,6350,-1284,24,46,0,0,0,-7,-1,-16643,0,5126,-464,-6552,-87,45,44
2311769892,-5606,6342,-1624,107,-12,39,-15640,0,-15537,0,8160,8192,5488,20,-6136,-109,22,19
2311819892,-5272,6216,-1352,57,-10,111,0,0,-7,-1,-15638,0,6880,-106,-5302,-99,14,36
2311869892,-6260,6720,-1644,101,-62,-54,0,0,-7,-1,-15636,0,5110,-628,-6150,-107,64,30
2311919892,-5448,5916,-800,71,-220,-257,8160,8192,0,0,645,8192,6508,-420,-6022,-108,16,34
2311969892,-5134,6170,-1140,114,-339,-171,-16632,0,-15537,0,8160,8192,6350,-406,-5838,-113,33,23
2312019892,-6038,6006,-898,92,-151,33,-15630,0,-15537,0,8160,8192,5900,-646,-6022,-94,33,32
2312069892,-5638,5724,-762,83,-183,-48,-15628,0,-15537,0,8160,8192,6208,-972,-5836,-107,13,34
2312119892,-5846,5998,-924,-99,61,61,-15627,0,-15537,0,8160,8192,5584,-882,-6244,-113,10,26
2312169892,-5716,5814,-734,78,-87,1,0,0,-7,-1,-15624,0,5766,-1162,-6124,-104,29,25
2312219892,-5916,5936,-890,96,2,320,0,0,-7,-1,-16622,0,6014,-764,-5986,-110,34,34
2312269892,-6004,5918,-734,58,-23,217,-15617,0,-15537,0,8160,8192,5970,-882,-5926,-106,19,35
2312319892,-5680,6222,-852,130,-83,167,0,0,-7,-1,-16613,0,5816,-736,-6110,-100,28,41
2312369892,-5888,5828,-446,108,151,529,-15613,0,-15537,0,8160,8192,5664,-1452,-6108,-103,36,31
2312419892,-6378,6160,-532,40,244,654,-15610,0,-15537,0,8160,8192,5494,-1622,-6284,-113,21,28
2312469892,-6450,6308,-586,79,161,546,8160,8192,0,0,645,8192,6672,-2226,-5504,-96,11,36
2312519892,-5378,5224,-424,32,298,682,-15605,0,-15537,0,8160,8192,8296,-1036,-5084,-99,51,31
2312569892,-6410,6682,-1198,36,213,589,0,0,-7,-1,-15604,0,6440,-1412,-5810,-101,51,33
2312619892,-5222,6526,-948,-12,343,629,8160,8192,0,0,645,8192,5528,-832,-6540,-96,103,19
2312669892,-5836,7688,-1388,16,164,417,8160,8192,-14476,-30249,645,8192,1832,-1386,-8818,-91,84,30
2312719892,-4994,6982,-1872,-60,195,466,-15597,0,-15537,0,8160,8192,7182,140,-5848,-103,46,30
2312769892,-4354,7052,-1606,50,66,179,-15594,0,-15537,0,8160,8192,6398,-550,-5728,-123,121,26
2312819892,-1688,5256,-318,51,5,518,8160,8192,0,0,645,8192,6950,-1876,-6170,-118,40,47
2312869892,-4582,8096,-2888,-55,31,97,8160,8192,0,0,645,8192,5614,-1094,-5460,-121,13,37
2312919892,-2812,7272,-1592,356,-497,-274,0,0,-7,-1,-16587,0,4434,1970,-6646,-125,16,32
2312969892,-4214,8110,-2788,173,-358,-391,-15585,0,-15537,0,8160,8192,4922,1238,-6436,-100,-21,35
2313019892,-3132,7694,-2744,190,-305,-101,0,0,-7,-1,-16583,0,5156,1304,-5510,-119,-3,20
2313069892,-3304,8160,-2898,178,-304,-188,0,0,-7,-1,-15580,0,7138,1236,-4638,-104,-5,14
2313119892,-4304,8850,-2878,154,82,427,0,0,-7,-1,-15578,0,4040,640,-6766,-106,37,21
2313169892,-3910,7382,-2222,-60,402,847,-15576,0,-15537,0,8160,8192,6476,950,-5286,-113,13,28
2313219892,-3256,7210,-2584,114,-23,173,-15574,0,-15537,0,8160,8192,5376,1896,-6182,-117,52,28
2313269892,-2904,7288,-2558,251,-507,-559,0,0,-7,-1,-15573,0,5552,1378,-6026,-114,8,37
2313319892,-3458,7286,-2420,93,129,608,0,0,-7,-1,-15569,0,5126,1570,-6386,-99,77,29
2313369892,-3730,7598,-2738,181,-273,-261,0,0,-7,-1,-15566,0,5886,702,-6482,-87,100,11
2313419892,-2856,7422,-2828,191,-362,-411,8160,8192,0,0,645,8192,5626,1986,-5716,-140,18,27
2313469892,-3496,7210,-2222,119,-92,197,-15562,0,-15537,0,8160,8192,5340,420,-6586,-111,10,40
2313519892,-5084,6752,-1532,-54,296,631,-16559,0,-15537,0,8160,8192,5890,-76,-5842,-114,68,27
2313569892,-3656,6968,-2320,138,-389,-534,0,0,-7,-1,-16557,0,6034,1130,-5690,-91,49,25
2313619892,-2704,7718,-3352,187,-663,-838,-15554,0,-15537,0,8160,8192,5498,3028,-6070,-113,-25,31
2313669892,-2892,7036,-2354,249,-708,-653,-17553,0,-15537,0,8160,8192,5542,1052,-6022,-80,-25,24
2313719892,-4452,7246,-1908,18,-124,127,0,0,-7,-1,-15550,0,5644,310,-6160,-92,-31,25
2313769892,-4578,6668,-1664,61,-10,300,0,0,-7,-1,-15547,0,5682,-500,-5916,-102,29,23
2313819892,-4786,6156,-1410,-7,-27,27,0,0,-7,-1,-15544,0,4948,300,-6660,-95,42,31
2313869892,-4656,6854,-1610,121,-233,-157,-17541,0,-15537,0,8160,8192,5464,-546,-5886,-99,48,25
2313919892,-4518,6344,-1356,79,-140,-6,0,0,-7,-1,-15539,0,5568,744,-6288,-105,71,34
2313969895,-4910,6524,-1616,137,-298,-191,8160,8192,-25196,-30229,645,8192,6434,-202,-5644,-106,29,31
2314019892,-5070,6912,-1618,130,-223,14,-18535,0,-15537,0,8160,8192,5782,-22,-6036,-98,27,39
2314069892,-4862,6804,-1500,113,-141,19,8160,8192,0,0,645,8192,6174,96,-5946,-110,51,23
2314119892,-4444,6548,-1532,104,-148,48,8160,8192,0,0,645,8192,5890,348,-6050,-103,47,27
2314169892,-5440,7076,-1294,106,-56,104,0,0,-7,-1,-16529,0,6602,286,-5604,-98,11,34
2314219892,-4760,7224,-1982,34,-197,-65,8160,8192,0,0,645,8192,5406,874,-6026,-110,28,31
2314269892,-5012,7404,-1736,243,-291,-197,8160,8192,12660,-30224,645,8192,5846,764,-5738,-96,17,33
2314319892,-4374,6850,-2006,70,-248,-94,-16522,0,-15537,0,8160,8192,5908,122,-5724,-110,18,41
2314369892,-4172,6938,-2224,79,-207,-1,0,0,-7,-1,-16521,0,5812,1160,-5928,-107,33,19
2314419892,-4380,6722,-1798,155,-245,-15,8160,8192,0,0,645,8192,5424,552,-6390,-104,12,31
2314469892,-4572,6978,-1824,102,-186,-124,-16515,0,-15537,0,8160,8192,6106,682,-5814,-110,40,34
2314519892,-5216,7176,-1892,108,-162,-93,-16513,0,-15537,0,8160,8192,6350,630,-5834,-112,42,24
2314569892,-4676,6558,-1630,98,-233,-207,-17510,0,-15537,0,8160,8192,7464,1846,-4026,-106,45,36
2314619892,-5128,6854,-1508,86,-174,-65,-16508,0,-15537,0,8160,8192,5456,462,-6044,-97,19,44
2314669892,-5402,7072,-1706,66,-124,-152,-18505,0,-15537,0,8160,8192,4272,-474,-7126,-120,37,20
2314719892,-4412,5882,-1036,178,-209,-163,-16503,0,-15537,0,8160,8192,7796,156,-5186,-105,33,39
2314769892,-5478,6798,-1732,3,26,59,0,0,-7,-1,-16501,0,5926,-756,-5548,-102,19,14
2314819892,-5638,6952,-1650,59,41,161,8160,8192,0,0,645,8192,6104,-512,-5786,-116,23,24
2314869892,-5300,6410,-1170,40,-47,-45,8160,8192,22836,-30215,645,8192,5502,-336,-6106,-90,-3,40
2314919892,-5294,6320,-1060,92,-76,-14,-18496,0,-15537,0,8160,8192,5764,-226,-6190,-107,29,26
2314969892,-5256,5840,-724,142,-135,-133,0,0,-7,-1,-16493,0,5304,144,-6148,-111,63,31
2315019892,-4624,5572,-956,106,-319,-275,-16491,0,-15537,0,8160,8192,5902,-708,-5876,-114,46,29
2315069892,-4812,5240,-558,130,-310,-205,8160,8192,0,0,645,8192,5926,-74,-6158,-116,38,27
2315119892,-6042,5930,-704,105,-170,-158,-16487,0,-15537,0,8160,8192,5766,-1232,-6096,-102,39,27
2315169892,-5514,5876,-1082,-224,103,-208,-16485,0,-15537,0,8160,8192,5848,-700,-5980,-100,41,35
2315219892,-5894,6112,-944,73,-79,148,8160,8192,-20380,-30210,645,8192,5700,-674,-6114,-103,12,33
2315269892,-5958,6078,-878,138,-11,377,-16479,0,-15537,0,8160,8192,5840,-1018,-5980,-106,24,29
2315319892,-5856,6064,-940,59,61,304,8160,8192,14084,-30208,645,8192,5836,-928,-6004,-109,43,36
2315369892,-6634,5834,-388,124,163,627,0,0,-7,-1,-16475,0,5862,-1700,-6130,-111,66,35
2315419892,-7112,5756,-118,93,270,627,-16475,0,-15537,0,8160,8192,5674,-2768,-6320,-108,71,29
2315469892,-6700,5648,-8,109,275,797,-16473,0,-15537,0,8160,8192,6110,-2798,-5624,-96,58,36
2315519892,-5244,3988,906,-29,523,1065,-18471,0,-15537,0,8160,8192,2974,-2942,-7498,-102,43,23
2315569892,-5772,5686,-218,-114,334,851,-18469,0,-15537,0,8160,8192,4312,-2466,-6466,-86,-7,30
2315619892,-5222,6024,-762,58,98,405,0,0,-7,-1,-17467,0,5250,-102,-6016,-88,6,47
2315669892,-4682,5800,-726,100,4,555,8160,8192,0,0,645,8192,2574,-2424,-6072,-104,18,52
2315719892,-5106,9044,-2892,-232,155,445,0,0,-7,-1,-16463,0,4970,1024,-5774,-129,59,25
2315769892,-4364,8458,-2738,263,-362,-295,-16461,0,-15537,0,8160,8192,4720,2666,-4680,-97,47,54
2315819892,-3458,7402,-2436,140,-47,182,8160,8192,-10204,-30201,645,8192,5688,1544,-5704,-119,63,27
2315869892,-4386,7946,-3192,86,-126,-144,0,0,-7,-1,-16457,0,7676,1786,-5254,-106,53,25
2315919892,-2448,7286,-2662,380,-567,-521,0,0,-7,-1,-17455,0,4620,1462,-6506,-98,18,32
2315969892,-3650,7854,-2554,220,-224,-20,-16453,0,-15537,0,8160,8192,4984,1302,-6122,-121,14,21
2316019892,-3812,7220,-2542,85,14,320,-18450,0,-15537,0,8160,8192,4960,1722,-6364,-104,32,24
2316069892,-3160,7362,-2328,105,92,311,8160,8192,-22348,-30197,645,8192,5876,2010,-5934,-103,51,27
2316119892,-2878,6048,-1478,106,57,383,-17446,0,-15537,0,8160,8192,7176,916,-5110,-111,-14,21
2316169892,-3554,7110,-2226,2,32,325,8160,8192,12116,-30195,645,8192,5230,2074,-6584,-110,-37,31
2316219892,-4068,7244,-1928,176,-111,332,-16444,0,-15537,0,8160,8192,5718,-214,-6068,-131,-16,45
2316269892,-4190,6906,-1768,-83,60,332,8160,8192,-18956,-30194,645,8192,5656,230,-6404,-106,-84,32
2316319892,-2968,7910,-3252,124,-429,-627,0,0,-7,-1,-16440,0,5752,2270,-6408,-100,90,24
2316369892,-3288,7922,-2492,501,-305,-7,8160,8192,0,0,645,8192,6318,2034,-6040,-92,181,-2
2316419892,-2522,7664,-3128,119,-295,-532,-16436,0,-15537,0,8160,8192,5746,3178,-6024,-136,75,35
2316469892,-3390,7512,-2430,387,-433,-322,-16434,0,-15537,0,8160,8192,5530,1774,-6008,-119,64,33
2316519892,-3424,6974,-2444,27,-241,-183,0,0,-7,-1,-16433,0,6392,1160,-5786,-73,15,17
2316569892,-3876,6980,-2030,30,-151,82,0,0,-7,-1,-16430,0,6332,710,-5532,-74,-47,16
2316619892,-5120,7496,-1754,49,-77,161,0,0,-7,-1,-17429,0,5974,-448,-5922,-79,6,26
2316669892,-6418,6386,-558,-105,561,1328,-16427,0,-15537,0,8160,8192,5762,-2288,-6150,-104,-39,19
2316719892,-4238,6798,-2172,-277,-113,-131,-16425,0,-15537,0,8160,8192,5310,1676,-6092,-121,-32,43
2316769892,-4816,7282,-1384,598,-756,-716,-16424,0,-15537,0,8160,8192,6066,-510,-6042,-98,84,30
2316819892,-5156,7060,-1480,-44,29,123,-17423,0,-15537,0,8160,8192,5690,-726,-6266,-103,85,36
2316869892,-4828,6616,-1734,93,-164,47,8160,8192,-8780,-30185,645,8192,5570,-218,-6106,-108,33,28
2316919892,-3182,7194,-2304,89,-535,-595,0,0,-7,-1,-16419,0,5704,1748,-6146,-108,36,37
2316969892,-4050,7138,-2076,422,-785,-788,-16417,0,-15537,0,8160,8192,5280,792,-6580,-102,51,33
2317019892,-3794,6780,-1818,37,-86,121,-17414,0,-15537,0,8160,8192,5876,772,-5976,-104,29,33
2317069892,-4186,7012,-2276,71,-168,35,-16413,0,-15537,0,8160,8192,5598,1154,-6120,-107,34,26
2317119892,-4496,7052,-2008,163,-235,-50,8160,8192,0,0,645,8192,5710,776,-5910,-101,36,41
2317169892,-4586,6970,-2000,91,-108,33,-16409,0,-15537,0,8160,8192,6806,624,-5602,-106,33,19
2317219892,-4658,7016,-2088,141,-198,7,-18408,0,-15537,0,8160,8192,5314,904,-6024,-111,48,35
2317269892,-4514,7042,-1898,78,-97,122,0,0,-7,-1,-16405,0,6462,156,-5840,-104,27,27
2317319892,-4972,7022,-2196,117,-231,47,8160,8192,-17532,-30178,645,8192,4866,196,-6592,-105,28,34
2317369892,-4256,6334,-1414,100,-112,106,0,0,-7,-1,-16401,0,5878,312,-5788,-116,36,23
2317419892,-4830,6812,-1584,133,-130,37,0,0,-7,-1,-17398,0,5016,564,-6026,-101,28,33
2317469892,-4668,6770,-1360,135,-202,-79,-16396,0,-15537,0,8160,8192,3890,496,-6726,-109,20,25
2317519892,-4394,6164,-1336,108,-246,-171,8160,8192,-14140,-30175,645,8192,6168,790,-5974,-106,39,21
2317569892,-4546,6468,-1724,114,-302,-303,0,0,-7,-1,-16392,0,4262,-156,-7054,-106,13,33
2317619892,-4986,7038,-2148,52,-379,-262,-16389,0,-15537,0,8160,8192,4890,162,-6088,-100,23,35
2317669892,-4702,6778,-1648,78,-248,-285,8160,8192,0,0,645,8192,5058,160,-7388,-101,-2,33
2317719892,-5490,7020,-1902,18,-135,-85,-16385,0,-15537,0,8160,8192,5992,322,-5542,-108,-12,13
2317769892,-5770,6612,-1534,50,85,80,-16383,0,-15537,0,8160,8192,6070,-42,-5624,-112,9,19
2317819892,-5930,6910,-1464,119,-3,133,-17381,0,-15537,0,8160,8192,5746,-222,-5806,-94,15,46
2317869892,-5588,6224,-1514,110,0,89,-16379,0,-15537,0,8160,8192,5744,-556,-5834,-105,61,32
2317919892,-5014,5224,-418,152,-154,-111,-18378,0,-15537,0,8160,8192,5854,-472,-6668,-117,51,33
2317969892,-6120,5924,-720,77,-206,-154,-16376,0,-15537,0,8160,8192,6718,-992,-5554,-113,40,22
2318019892,-6544,6034,-438,91,-38,155,8160,8192,27108,-30167,645,8192,6116,-1290,-5876,-100,42,33
2318069892,-5728,5844,-558,94,-244,-238,0,0,-7,-1,-16370,0,5774,-1446,-6202,-107,25,38
2318119892,-5542,5898,-792,98,-171,-100,-16369,0,-15537,0,8160,8192,5650,-812,-6240,-114,17,25
2318169892,-6306,5586,-260,93,97,380,-17367,0,-15537,0,8160,8192,5644,-1632,-6310,-107,21,31
2318219892,-5884,5884,-912,14,-40,154,-16365,0,-15537,0,8160,8192,5850,-914,-6032,-102,4,31
2318269892,-6184,6144,-498,162,-27,272,-16363,0,-15537,0,8160,8192,6028,-1410,-6006,-97,31,37
2318319892,-6448,6128,-586,55,151,411,-16362,0,-15537,0,8160,8192,5906,-1452,-6180,-104,54,34
2318369892,-6430,5644,-70,113,269,773,0,0,-7,-1,-17361,0,5700,-2670,-6108,-112,16,23
2318419892,-6304,5408,132,-10,372,776,-16359,0,-15537,0,8160,8192,5656,-2734,-5784,-98,24,35
2318469892,-7880,7180,-996,29,356,837,0,0,-7,-1,-16357,0,8360,-2278,-3932,-105,27,31
2318519892,-5378,6026,-664,-86,289,764,-16356,0,-15537,0,8160,8192,4466,-2506,-6224,-104,40,34
2318569892,-5666,7086,-1118,23,146,504,-16354,0,-15537,0,8160,8192,5746,-846,-5468,-77,61,31
2318619892,-6528,8958,-2902,-90,83,374,-18351,0,-15537,0,8160,8192,3530,-688,-5900,-113,49,23
2318669892,-5678,8900,-2312,-82,208,432,8160,8192,0,0,645,8192,5612,1180,-7090,-126,44,24
2318719892,-4516,8118,-2498,92,-81,153,0,0,-7,-1,-16347,0,6236,588,-7750,-98,54,47
2318769892,-4422,6792,-1470,134,158,553,-16346,0,-15537,0,8160,8192,5512,-526,-5504,-112,61,25
2318819892,-4570,8132,-3174,52,-263,-314,-16344,0,-15537,0,8160,8192,4744,866,-6964,-108,62,18
2318869892,-3390,7552,-2672,474,-742,-861,-17342,0,-15537,0,8160,8192,6162,2288,-6026,-98,15,37
2318919892,-2592,8064,-3014,209,-372,-366,8160,8192,9604,-30153,645,8192,4508,1752,-6390,-114,49,28
2318969892,-3094,8346,-3560,174,-312,-152,-16337,0,-15537,0,8160,8192,4956,2946,-7100,-113,39,24
2319019892,-3348,7742,-2702,139,163,526,-16334,0,-15537,0,8160,8192,6308,2472,-5152,-97,17,25
2319069892,-3082,6426,-2006,-57,418,1005,8160,8192,28532,-30151,645,8192,5892,280,-5746,-109,-19,24
2319119892,-4482,7114,-1602,-20,385,966,0,0,-7,-1,-16331,0,5610,-506,-5988,-124,-19,26
2319169892,-4664,7570,-2174,44,35,264,-18329,0,-15537,0,8160,8192,5478,-98,-6330,-118,47,37
2319219892,-3774,6908,-1944,222,-243,-50,-16327,0,-15537,0,8160,8192,5632,1484,-6200,-131,75,62
2319269892,-2724,8066,-3388,324,-948,-1467,0,0,-7,-1,-17325,0,5908,2626,-5878,-120,84,39
2319319892,-2294,7970,-3372,400,-533,-474,-18324,0,-15537,0,8160,8192,5380,2744,-6258,-99,76,7
2319369892,-3626,7630,-2430,29,-200,-184,8160,8192,0,0,645,8192,5816,1310,-6164,-107,5,24
2319419892,-4840,6866,-1182,122,289,900,8160,8192,0,0,645,8192,5798,-536,-6024,-111,4,34
2319469892,-4706,7178,-1842,-281,737,1176,-18316,0,-15537,0,8160,8192,5882,230,-6012,-96,76,39
2319519892,-4124,6972,-2138,225,-325,-421,0,0,-7,-1,-16314,0,5572,540,-6218,-93,122,18
2319569892,-3284,7654,-2736,208,-499,-463,-16312,0,-15537,0,8160,8192,5956,2282,-6058,-111,5,25
2319619892,-2178,7232,-3610,181,-1235,-1721,-15713,0,-15537,0,8160,8192,5244,2892,-5468,-102,-61,31
2319669892,-4274,7320,-1246,544,-838,-552,-16308,0,-15537,0,8160,8192,5716,-516,-6210,-83,-14,33
2319719892,-5674,6346,-974,-377,1012,1443,-16306,0,-15537,0,8160,8192,5184,-1318,-6428,-99,81,18
2319769892,-5142,6682,-1822,-130,33,267,-16304,0,-15537,0,8160,8192,5150,962,-6190,-104,13,29
2319819892,-4910,6962,-1122,389,-600,-652,0,0,-7,-1,-17302,0,5466,-426,-6138,-103,15,27
2319869892,-4196,6792,-1752,1,-142,67,-16300,0,-15537,0,8160,8192,5664,-118,-6156,-101,24,28
2319919892,-4764,6762,-1670,103,-109,202,8160,8192,26564,-30138,645,8192,5654,256,-6254,-101,33,26
2319969892,-4236,6830,-1678,150,-439,-519,0,0,-7,-1,-16297,0,5534,912,-6014,-105,21,30
2320019892,-4464,6862,-1772,226,-376,-209,-18296,0,-15537,0,8160,8192,6122,452,-5842,-101,16,27
2320069892,-4588,7202,-2062,8,-129,74,-16294,0,-15537,0,8160,8192,5782,370,-5950,-101,21,32
2320119892,-4776,7546,-2214,143,-174,128,-16292,0,-15537,0,8160,8192,5036,602,-6702,-112,51,16
2320169892,-5592,7572,-2084,128,-87,11,0,0,-7,-1,-16290,0,5590,1306,-5666,-102,45,33
2320219892,-4660,6834,-1752,95,-154,67,0,0,-7,-1,-16288,0,5706,646,-5956,-110,37,31
2320269892,-3584,6046,-1404,118,-175,70,-17285,0,-15537,0,8160,8192,5782,466,-5942,-99,29,26
2320319892,-5320,7268,-1854,122,-134,111,-16283,0,-15537,0,8160,8192,6364,624,-5942,-115,27,34
2320369892,-4770,6580,-1394,73,-52,31,-16282,0,-15537,0,8160,8192,6130,-180,-5632,-100,29,34
2320419892,-4846,7530,-2164,29,-251,-232,-16281,0,-15537,0,8160,8192,5860,466,-6306,-106,30,24
2320469892,-4868,7766,-2402,147,-404,-354,0,0,-7,-1,-16280,0,5608,2274,-5242,-102,15,29
2320519892,-4458,7258,-2300,118,-400,-286,0,0,-7,-1,-16278,0,6144,886,-5916,-106,19,24
2320569892,-4532,7184,-1920,62,-286,-217,-18276,0,-15537,0,8160,8192,5798,132,-5324,-97,-5,37
2320619892,-4824,7044,-2262,68,-275,-203,-16274,0,-15537,0,8160,8192,4888,700,-6594,-117,38,25
2320669892,-5402,6658,-1106,149,-144,-321,0,0,-7,-1,-17272,0,5994,-498,-6410,-104,24,38
2320719892,-5148,7296,-1714,-41,-11,-105,-16270,0,-15537,0,8160,8192,6594,-672,-5288,-86,8,36
2320769892,-4772,6072,-1066,132,53,300,8160,8192,24596,-30125,645,8192,4910,200,-6338,-107,17,20
2320819892,-5440,5976,-796,152,98,296,8160,8192,0,0,645,8192,5660,-668,-6006,-104,32,31
2320869892,-5768,5792,-550,108,73,81,8160,8192,-6476,-30124,645,8192,5018,-38,-6020,-105,64,28
2320919892,-5866,5940,-568,97,-165,-137,-16261,0,-15537,0,8160,8192,4918,-1874,-5472,-107,33,27
2320969892,-5610,5934,-894,55,-215,-123,8160,8192,27988,-30122,645,8192,6526,-1200,-5774,-110,30,23
2321019892,-6196,6108,-772,44,-99,159,-18257,0,-15537,0,8160,8192,5396,-930,-6470,-99,23,37
2321069892,-5800,5870,-610,139,-230,-202,-16256,0,-15537,0,8160,8192,5628,-1172,-6248,-107,35,34
2321119892,-5876,5806,-656,109,-91,85,0,0,-7,-1,-16253,0,5894,-1324,-6100,-107,23,35
2321169892,-5940,6058,-1022,38,8,184,-17252,0,-15537,0,8160,8192,5778,-546,-6124,-102,30,32
2321219892,-6152,5992,-534,163,-49,254,-16250,0,-15537,0,8160,8192,5838,-1306,-6002,-107,37,36
2321269892,-6676,5744,-564,67,217,604,8160,8192,308,-30117,645,8192,5788,-1814,-6206,-110,51,27
2321319892,-6744,5908,-116,130,282,739,-16245,0,-15537,0,8160,8192,5622,-2002,-6122,-113,94,28
2321369892,-6858,6154,-422,110,193,463,8160,8192,-30764,-30116,645,8192,5502,-2346,-6786,-101,79,37
2321419892,-6550,5848,452,56,436,972,0,0,-7,-1,-16243,0,4532,-3108,-8106,-111,58,31
2321469892,-5660,5302,-280,-167,517,1083,-16242,0,-15537,0,8160,8192,4050,-1582,-7476,-103,36,29
2321519892,-4144,5008,-638,-94,195,548,0,0,-7,-1,-16239,0,5604,-1942,-5632,-81,18,32
2321569892,-4554,7286,-1386,45,-76,133,0,0,-7,-1,-16237,0,5538,-136,-4494,-119,7,32
2321619892,-3396,6762,-1244,-20,119,221,-16235,0,-15537,0,8160,8192,6128,820,-5640,-111,66,15
2321669892,-3964,8676,-2214,48,-14,247,0,0,-7,-1,-16233,0,5976,136,-8298,-98,35,42
2321719892,-3924,7250,-2366,4,141,474,0,0,-7,-1,-16231,0,6086,1650,-6620,-112,26,27
2321769892,-4438,8022,-2994,130,-183,-240,0,0,-7,-1,-17229,0,3988,-234,-6254,-106,20,10
2321819892,-3550,7856,-2014,294,-434,-152,-16228,0,-15537,0,8160,8192,6344,272,-6366,-101,-25,30
2321869892,-3810,7168,-2184,10,-53,117,8160,8192,10484,-30108,645,8192,5258,634,-6584,-109,0,26
2321919892,-3356,7616,-2580,149,-256,-113,-16225,0,-15537,0,8160,8192,6062,1588,-6022,-110,33,19
2321969892,-3274,7972,-2450,243,-230,-129,0,0,-7,-1,-16224,0,5296,1716,-6544,-115,45,34
2322019892,-3790,7592,-2398,83,220,569,8160,8192,29412,-30106,645,8192,5750,1798,-5860,-128,63,40
2322069892,-3526,7426,-2836,112,-6,146,0,0,-7,-1,-17219,0,4928,1730,-6564,-125,86,52
2322119892,-1888,8212,-3956,192,-573,-887,-16217,0,-15537,0,8160,8192,5366,3242,-6182,-105,68,34
2322169892,-3350,7632,-2352,323,-188,119,-18215,0,-15537,0,8160,8192,5714,1210,-6124,-93,65,32
2322219892,-4092,6710,-2670,-104,200,201,-16213,0,-15537,0,8160,8192,5496,1374,-6130,-116,30,7
2322269892,-3576,7928,-2596,295,-507,-447,8160,8192,0,0,645,8192,5744,1332,-6118,-114,-6,19
2322319892,-3756,7710,-2344,92,-70,154,0,0,-7,-1,-17209,0,5578,1142,-6118,-133,45,40
2322369892,-3206,7382,-2946,11,-200,-218,-16207,0,-15537,0,8160,8192,5826,2044,-5692,-97,64,24
2322419892,-4594,7526,-1936,357,-544,-541,0,0,-7,-1,-17204,0,4190,530,-6636,-82,97,44
2322469892,-5092,6376,-1066,-6,162,409,-16201,0,-15537,0,8160,8192,6694,-1090,-5546,-90,50,28
2322519892,-5290,6630,-1824,-52,-51,203,-18200,0,-15537,0,8160,8192,5800,124,-6248,-96,-32,3
2322569892,-5014,7276,-1690,273,-541,-591,-16197,0,-15537,0,8160,8192,5820,-68,-5356,-118,-35,38
2322619892,-4710,6606,-968,107,-58,249,8160,8192,-25948,-30097,645,8192,5270,-632,-6360,-97,23,33
2322669892,-5508,6636,-1428,8,98,445,-16191,0,-15537,0,8160,8192,5730,-78,-6132,-96,65,25
2322719892,-4656,6512,-1590,168,-477,-488,0,0,-7,-1,-16189,0,5512,174,-6126,-109,13,31
2322769892,-4860,6926,-1370,226,-358,-240,-18187,0,-15537,0,8160,8192,5494,-318,-6282,-99,22,26
2322819892,-4924,6614,-1314,11,12,366,-17185,0,-15537,0,8160,8192,6022,-240,-5840,-106,19,38
2322869892,-4888,6776,-1796,46,-135,-2,8160,8192,27444,-30093,645,8192,5754,524,-6006,-108,33,30
2322919892,-4708,7214,-1932,217,-429,-407,-16180,0,-15537,0,8160,8192,5722,442,-5980,-110,14,27
2322969892,-4506,7282,-2172,113,-243,-187,-16177,0,-15537,0,8160,8192,5588,974,-6064,-107,55,26
2323019892,-4546,7124,-2344,95,-220,-48,-16175,0,-15537,0,8160,8192,5446,786,-6438,-106,26,34
2323069892,-3740,6540,-1882,65,-163,-78,0,0,-7,-1,-17172,0,6434,672,-5788,-100,35,32
2323119892,-4358,7020,-1894,120,-89,98,-18170,0,-15537,0,8160,8192,6532,396,-6292,-102,32,36
2323169892,-4180,6620,-1814,31,-121,50,-18168,0,-15537,0,8160,8192,6294,514,-5826,-105,21,34
2323219892,-4250,7012,-2122,89,-222,-84,-17165,0,-15537,0,8160,8192,5518,1186,-6024,-105,28,20
2323269892,-3580,6920,-2054,70,-354,-113,-16163,0,-15537,0,8160,8192,5896,1328,-5444,-103,5,40
2323319892,-5184,7448,-2570,135,-299,-139,-16160,0,-15537,0,8160,8192,5276,1472,-4840,-100,33,22
2323369892,-4306,6482,-1418,118,-194,-174,-16158,0,-15537,0,8160,8192,5886,1020,-6356,-102,42,30
2323419892,-4584,6468,-1676,36,-303,-252,0,0,-7,-1,-17155,0,5550,-28,-6454,-99,-22,47
2323469892,-4534,6070,-1506,47,-162,-242,-16154,0,-15537,0,8160,8192,5440,1460,-6012,-119,32,21
2323519892,-6212,7904,-2362,177,-204,-25,-16153,0,-15537,0,8160,8192,4152,990,-6936,-110,4,17
2323569892,-5178,6068,-1344,33,197,238,0,0,-7,-1,-17150,0,6946,280,-5116,-100,25,28
2323619892,-5092,6168,-1040,71,93,140,8160,8192,0,0,645,8192,5212,-436,-6234,-93,19,42
2323669892,-5732,6178,-1452,39,30,176,0,0,-7,-1,-17145,0,6160,56,-6408,-97,16,29
2323719892,-5508,5676,-786,141,-290,-349,-18144,0,-15537,0,8160,8192,6434,-164,-5078,-111,35,21
2323769892,-5330,5922,-896,116,-273,-93,-18143,0,-15537,0,8160,8192,5984,-298,-5728,-117,27,23
2323819892,-6032,6120,-1472,16,-135,-109,-17141,0,-15537,0,8160,8192,5634,-870,-5720,-106,57,40
2323869892,-5848,5860,-666,-18,-177,-219,-16139,0,-15537,0,8160,8192,5950,-846,-5914,-125,28,17
2323919892,-6216,5448,-300,2,-116,-181,-16136,0,-15537,0,8160,8192,5748,-1410,-5934,-96,6,41
2323969892,-5978,5688,-582,91,-32,161,8160,8192,0,0,645,8192,5974,-1482,-6052,-108,27,28
2324019892,-6198,5724,-732,101,18,377,0,0,-7,-1,-16132,0,5598,-1254,-6328,-105,23,28
2324069892,-5818,6024,-928,11,11,240,8160,8192,0,0,645,8192,5716,-720,-6062,-104,26,29
2324119892,-5988,6056,-718,78,1,230,8160,8192,32260,-30074,645,8192,5830,-826,-6062,-106,31,32
2324169892,-5680,6198,-920,151,-79,342,-16128,0,-15537,0,8160,8192,5686,-808,-6060,-105,35,36
2324219892,-5670,6120,-950,90,136,318,-16126,0,-15537,0,8160,8192,5616,-688,-6226,-109,83,30
2324269892,-5740,6108,-680,164,55,373,8160,8192,0,0,645,8192,5312,-1406,-6322,-109,52,29
2324319892,-6544,6126,-380,103,326,784,0,0,-7,-1,-16122,0,6816,-2002,-5482,-105,73,36
2324369892,-6902,5474,90,42,572,1437,0,0,-7,-1,-17119,0,5232,-2550,-6558,-112,40,24
2324419892,-5580,4206,366,-161,487,897,-16117,0,-15537,0,8160,8192,6796,-1630,-6234,-90,44,37
2324469892,-5582,5976,-270,45,63,477,-16116,0,-15537,0,8160,8192,7052,-70,-5896,-86,-2,33
2324519892,-5004,6972,-762,67,88,376,8160,8192,-26492,-30068,645,8192,5634,-692,-6710,-80,53,34
2324569892,-5452,8340,-2000,-70,248,526,0,0,-7,-1,-16113,0,7458,92,-5216,-115,83,16
2324619892,-3276,6060,-766,-87,324,587,-16111,0,-15537,0,8160,8192,7010,240,-4724,-111,105,18
2324669892,-3902,6438,-1950,-51,74,253,-16108,0,-15537,0,8160,8192,4464,4942,-6366,-106,83,47
2324719892,-3422,7584,-2020,297,-445,-443,8160,8192,-23100,-30065,645,8192,7478,1302,-4648,-96,63,47
2324769892,-3882,8754,-3382,318,-564,-538,-16104,0,-15537,0,8160,8192,6410,3150,-6088,-115,56,30
2324819892,-3596,8668,-3222,341,-462,-309,-16102,0,-15537,0,8160,8192,5072,2774,-7142,-100,-4,42
2324869892,-2818,7180,-2654,195,-207,-195,0,0,-7,-1,-16099,0,5510,1734,-6358,-111,6,23
2324919892,-3414,8062,-2944,261,-180,3,0,0,-7,-1,-16097,0,6306,2298,-5406,-109,47,24
2324969892,-3760,7784,-2634,6,297,657,-16094,0,-15537,0,8160,8192,6638,1422,-5128,-107,-12,20
2325019892,-3408,7196,-2252,5,206,545,0,0,-7,-1,-16093,0,6040,1204,-5934,-115,11,33
2325069892,-4136,7310,-1782,174,30,270,8160,8192,-780,-30060,645,8192,5706,22,-5722,-119,57,31
2325119892,-5076,6920,-1198,54,329,923,0,0,-7,-1,-16090,0,5210,-1170,-6326,-132,31,36
2325169892,-3266,7412,-3372,-61,-308,-565,-16088,0,-15537,0,8160,8192,5830,2618,-5918,-115,26,44
2325219892,-2518,8018,-2344,698,-1085,-1094,0,0,-7,-1,-16085,0,5492,1238,-6186,-101,54,23
2325269892,-3028,7596,-2972,-113,151,182,-18083,0,-15537,0,8160,8192,6148,1984,-5872,-105,55,12
2325319892,-3662,7594,-2768,198,-244,23,-16081,0,-15537,0,8160,8192,5632,1816,-6334,-107,45,29
2325369892,-3636,7390,-2410,105,-99,-4,8160,8192,-28460,-30055,645,8192,5510,1518,-6162,-113,64,29
2325419892,-4320,8056,-2102,164,-66,330,-16078,0,-15537,0,8160,8192,5896,866,-6104,-90,26,29
2325469892,-4086,7528,-2226,46,-157,-85,0,0,-7,-1,-16075,0,6010,1412,-5934,-91,12,21
2325519892,-3844,7072,-1902,157,-367,-279,-18073,0,-15537,0,8160,8192,5802,726,-5790,-99,-14,31
2325569892,-4118,6174,-1308,68,-174,3,-16071,0,-15537,0,8160,8192,4844,-194,-6588,-88,-7,34
2325619892,-5074,6470,-1368,20,-31,299,8160,8192,0,0,645,8192,6178,-614,-5890,-107,9,40
2325669892,-4426,6990,-2076,92,-312,-372,0,0,-7,-1,-17068,0,5892,438,-5932,-98,67,20
2325719892,-4242,7016,-1922,369,-677,-720,8160,8192,0,0,645,8192,5814,564,-6064,-102,53,30
2325769892,-4026,6082,-1138,179,-264,-161,-16063,0,-15537,0,8160,8192,5742,262,-6018,-93,26,24
2325819892,-5182,7106,-2324,25,-161,47,-16061,0,-15537,0,8160,8192,5904,786,-5946,-100,-7,32
2325869892,-4768,6798,-1584,180,-214,-22,-16058,0,-15537,0,8160,8192,5084,750,-6284,-100,46,25
2325919892,-4962,7342,-2064,108,-254,-170,-18056,0,-15537,0,8160,8192,5752,724,-6130,-105,30,30
2325969892,-4480,6726,-1546,142,-114,138,-17054,0,-15537,0,8160,8192,5752,310,-5948,-88,28,29
2326019892,-5020,6872,-1804,57,-123,68,-17051,0,-15537,0,8160,8192,6120,90,-5996,-111,16,24
2326069892,-4714,7144,-2008,130,-185,25,-16050,0,-15537,0,8160,8192,6136,328,-5918,-100,48,24
2326119892,-4312,6598,-1580,45,-177,-33,-18048,0,-15537,0,8160,8192,6264,104,-5512,-106,20,42
2326169892,-4884,7066,-1782,94,-130,46,8160,8192,-14892,-30043,645,8192,5824,-348,-5812,-99,39,27
2326219892,-4676,6724,-1662,93,-131,-33,8160,8192,0,0,645,8192,5602,872,-5810,-106,26,36
2326269892,-4696,7096,-2134,77,-257,-21,0,0,-7,-1,-16043,0,5770,718,-5726,-111,42,22
2326319892,-4484,6780,-1766,109,-214,-22,-18041,0,-15537,0,8160,8192,5550,1166,-6276,-103,24,32
2326369892,-4452,6500,-1526,139,-340,-206,-16038,0,-15537,0,8160,8192,6038,524,-5580,-108,27,30
2326419892,-5476,7430,-1954,137,-152,-193,-16036,0,-15537,0,8160,8192,5700,226,-5976,-110,50,18
2326469892,-4874,6736,-1488,67,-194,-121,-18034,0,-15537,0,8160,8192,5310,1272,-6226,-110,39,31
2326519892,-5182,6556,-1428,50,-132,25,-16032,0,-15537,0,8160,8192,6580,-708,-5466,-92,10,38
2326569892,-5686,6852,-1556,63,-51,-44,8160,8192,0,0,645,8192,5096,526,-6770,-114,25,21
2326619892,-5160,6550,-1254,125,-56,-7,0,0,-7,-1,-17026,0,5742,-6,-6444,-108,14,41
2326669892,-4776,6492,-1414,18,100,62,0,0,-7,-1,-17024,0,4984,94,-6752,-112,25,12
2326719892,-5530,6686,-1528,131,-90,-30,-17021,0,-15537,0,8160,8192,6198,902,-6224,-97,41,38
2326769892,-4762,6254,-1588,141,-349,-331,-18018,0,-15537,0,8160,8192,5542,134,-5852,-107,14,28
2326819892,-5072,6780,-1802,104,-232,-142,-16016,0,-15537,0,8160,8192,5678,720,-6254,-96,10,44
2326869892,-5210,6214,-1458,110,-213,-272,-16013,0,-15537,0,8160,8192,6026,-248,-6244,-106,58,22
2326919892,-5684,6364,-1586,196,-296,-253,-16012,0,-15537,0,8160,8192,5452,-270,-6068,-120,49,34
2326969892,-5434,5966,-784,15,17,63,-18009,0,-15537,0,8160,8192,6102,-354,-5568,-111,59,34
2327019892,-5726,5714,-1078,-67,-79,-182,0,0,-7,-1,-16007,0,6560,-350,-5562,-99,45,38
2327069892,-6042,5858,-656,183,-156,125,-16004,0,-15537,0,8160,8192,6160,-1366,-5822,-109,1,26
2327119892,-6020,5832,-534,93,97,422,8160,8192,0,0,645,8192,5790,-1172,-6166,-111,46,22
2327169892,-6090,5952,-1004,110,-69,141,5544,8192,-7,-1,-15965,0,5716,-966,-6034,-106,52,36
2327219892,-5720,6036,-930,70,-107,53,-17998,0,-15537,0,8160,8192,5862,-904,-5936,-107,27,29
2327269892,-6282,6008,-478,156,54,507,-15996,0,-15537,0,8160,8192,5848,-1158,-5968,-105,28,35
2327319892,-6490,5666,-260,50,242,566,0,0,-7,-1,-15994,0,5752,-2020,-6144,-105,64,48
2327369892,-7252,6212,-302,120,265,756,0,0,-7,-1,-16991,0,6222,-2344,-5776,-111,79,40
2327419892,-5746,5668,-302,47,223,628,8160,8192,0,0,645,8192,5806,-1804,-5912,-106,68,41
2327469892,-7258,6792,-1020,94,281,821,8160,8192,-25612,-30023,645,8192,5066,-2384,-6744,-114,70,47
2327519892,-5578,6008,-1042,-76,158,356,0,0,-7,-1,-16985,0,5842,-318,-6366,-124,23,54
2327569892,-5452,6386,-428,209,211,833,-15982,0,-15537,0,8160,8192,5640,-1848,-6074,-101,31,55
2327619892,-5182,7494,-2172,-155,322,665,8160,8192,-6684,-30021,645,8192,9092,-1292,-4182,-82,74,54
2327669892,-4308,6228,-1062,162,-99,318,-16977,0,-15537,0,8160,8192,6918,-1414,-6470,-106,21,26
2327719892,-5940,9122,-2434,-81,117,276,-15976,0,-15537,0,8160,8192,424,-2414,-10566,-112,-4,32
2327769892,-3804,6654,-1380,-28,245,609,0,0,-7,-1,-15974,0,6080,-186,-5340,-95,20,39
2327819892,-3442,7148,-2318,134,-354,-148,8160,8192,-3292,-30018,645,8192,11868,900,-4192,-105,22,34
2327869892,-3514,8492,-3326,370,-792,-754,0,0,-7,-1,-15969,0,5554,978,-4876,-102,-30,30
2327919892,-2374,7736,-2794,257,-511,-223,0,0,-7,-1,-15967,0,6274,2538,-5172,-118,-19,19
2327969892,-3308,8276,-2958,145,-195,-124,-15965,0,-15537,0,8160,8192,7240,2302,-5396,-109,-17,27
2328019892,-698,5156,-1398,252,-133,287,-15962,0,-15537,0,8160,8192,6212,2024,-6184,-121,-13,18
2328069892,-3210,7550,-2742,-54,296,619,8160,8192,-15436,-30014,645,8192,6166,1556,-6032,-116,20,37
2328119892,-3958,7906,-2622,150,-4,271,-15956,0,-15537,0,8160,8192,5974,876,-5424,-124,30,28
2328169892,-3318,7616,-2702,73,-148,-60,8160,8192,19028,-30012,645,8192,5408,1458,-5946,-101,23,26
2328219892,-3780,7414,-2008,205,-40,408,8160,8192,3492,-30011,645,8192,5806,860,-5954,-105,59,36
2328269892,-3362,7392,-2792,74,-288,-431,-15950,0,-15537,0,8160,8192,6034,1496,-6074,-110,33,17
2328319892,-3152,7500,-2456,289,-260,-60,-17948,0,-15537,0,8160,8192,5442,1938,-5840,-110,57,10
2328369892,-3294,7556,-2602,105,-183,-101,-15946,0,-15537,0,8160,8192,5616,1298,-6336,-129,64,36
2328419892,-4198,7126,-1866,81,94,426,0,0,-7,-1,-16943,0,5948,238,-5808,-108,51,38
2328469892,-4112,7066,-2246,67,-286,-239,8160,8192,-8652,-30008,645,8192,5620,736,-6230,-100,40,35
2328519892,-4312,7246,-2188,243,-468,-520,8160,8192,-24188,-30007,645,8192,6214,518,-5890,-88,48,29
2328569892,-4552,6682,-1224,81,21,310,-15937,0,-15537,0,8160,8192,6102,-254,-5814,-92,0,26
2328619892,-4934,6588,-1540,-22,48,376,-15935,0,-15537,0,8160,8192,5588,-260,-6294,-98,1,30
2328669892,-4568,6810,-1696,106,-266,-183,-15933,0,-15537,0,8160,8192,5746,-66,-6204,-108,8,31
2328719892,-4468,6886,-1712,151,-372,-377,8160,8192,-20796,-30004,645,8192,5784,138,-6028,-100,33,30
2328769892,-4702,6756,-1710,123,-184,-96,8160,8192,0,0,645,8192,6062,610,-5762,-97,55,33
2328819892,-4658,7170,-1890,125,-212,-132,-15926,0,-15537,0,8160,8192,6106,626,-5818,-101,56,32
2328869892,-4108,6656,-1844,222,-364,-321,-15924,0,-15537,0,8160,8192,5556,1242,-6044,-99,72,36
2328919892,-3860,6516,-1740,214,-457,-344,8160,8192,-17404,-30001,645,8192,5376,432,-6288,-106,42,24
2328969892,-4374,6914,-2296,124,-288,-131,-15920,0,-15537,0,8160,8192,6460,794,-5522,-104,9,27
2329019892,-4570,6610,-1542,137,-135,94,-15916,0,-15537,0,8160,8192,5452,150,-6448,-99,35,27
2329069892,-4888,7072,-2112,66,-164,46,8160,8192,0,0,645,8192,5948,518,-6020,-105,23,29
2329119892,-4554,6594,-1578,130,-155,98,8160,8192,0,0,645,8192,5844,-20,-5868,-98,26,27
2329169892,-4584,6762,-1792,32,-161,61,8160,8192,-29548,-29997,645,8192,5858,64,-5978,-98,19,27
2329219892,-5192,6640,-1600,125,-100,99,0,0,-7,-1,-15903,0,5456,-378,-6370,-105,35,19
2329269892,-4966,7114,-1700,104,-133,88,-15901,0,-15537,0,8160,8192,5936,170,-5680,-97,41,22
2329319892,-5000,7362,-2030,116,-241,-10,8160,8192,-10620,-29995,645,8192,6418,830,-5402,-104,23,24
2329369892,-4490,6746,-1700,139,-180,-10,-15895,0,-15537,0,8160,8192,5796,276,-6116,-95,21,24
2329419892,-3938,6206,-1330,104,-196,-12,8160,8192,23844,-29993,645,8192,6288,64,-5490,-100,7,28
2329469892,-4546,7250,-2062,59,-162,-62,-15889,0,-15537,0,8160,8192,5410,336,-6488,-103,35,15
2329519892,-4582,7030,-2192,103,-251,0,0,0,-7,-1,-16887,0,5224,926,-6450,-100,22,27
2329569892,-4436,6636,-1586,125,-247,-163,0,0,-7,-1,-15885,0,6420,-226,-5334,-104,25,24
2329619892,-4828,7096,-1896,104,-171,-182,-15882,0,-15537,0,8160,8192,6412,898,-5326,-107,60,17
2329669892,-5152,6836,-1820,95,-211,-202,-15878,0,-15537,0,8160,8192,4782,364,-6158,-107,64,16
2329719892,-5284,6862,-2014,57,-191,-162,0,0,-7,-1,-15875,0,6024,1198,-6086,-95,19,36
2329769892,-4510,6582,-1582,60,-161,-80,8160,8192,0,0,645,8192,5486,782,-6004,-114,24,19
2329819892,-3044,4620,-642,103,-102,142,0,0,-7,-1,-16870,0,9116,798,-4540,-112,-13,18
2329869892,-5514,6704,-1300,29,129,73,0,0,-7,-1,-15867,0,5892,512,-6682,-84,27,44
2329919892,-5050,6208,-1330,106,-17,88,0,0,-7,-1,-16866,0,5572,118,-5842,-111,16,20
2329969892,-5962,6568,-1462,121,-66,9,0,0,-7,-1,-15863,0,5088,-182,-6600,-104,38,38
2330019892,-5974,6554,-1086,85,-83,-106,8160,8192,-31516,-29984,645,8192,5566,-1900,-5724,-105,70,31
2330069892,-4944,5032,-996,65,-268,-207,8160,8192,18484,-29983,645,8192,7798,-446,-4924,-111,-3,32
2330119892,-5412,6096,-870,108,-220,-55,0,0,-7,-1,-15856,0,5492,-584,-6132,-106,34,18
2330169892,-5982,5938,-724,113,-176,-40,8160,8192,-12588,-29982,645,8192,5558,-578,-6316,-98,35,37
2330219892,-5948,5944,-472,115,-45,149,-17849,0,-15537,0,8160,8192,5866,-1220,-6066,-112,40,36
2330269892,-6010,5890,-732,108,-60,83,0,0,-7,-1,-15847,0,5748,-1086,-6080,-114,46,27
2330319892,-5796,6020,-890,98,-57,118,8160,8192,6340,-29979,645,8192,5930,-690,-5886,-109,23,28
2330369892,-5682,5966,-990,67,-22,232,-15843,0,-15537,0,8160,8192,5612,-656,-6120,-103,29,29
2330419892,-6292,5776,-426,127,8,278,-17841,0,-15537,0,8160,8192,6058,-1504,-6022,-105,33,36
2330469892,-6226,5696,-104,49,266,560,-17839,0,-15537,0,8160,8192,6242,-1786,-5732,-105,78,38
2330519892,-6374,5178,318,147,283,723,-15836,0,-15537,0,8160,8192,5874,-2962,-5850,-107,100,38
2330569892,-7076,5130,726,-23,571,1172,0,0,-7,-1,-15835,0,6010,-3322,-5888,-97,14,32
2330619892,-7688,6786,-252,-185,668,1285,-16834,0,-15537,0,8160,8192,9270,-836,-1662,-83,-2,40
2330669892,-5200,5268,-126,-22,115,454,0,0,-7,-1,-15832,0,5800,-1738,-5954,-114,-2,13
2330719892,-4732,7274,-870,-4,27,290,0,0,-7,-1,-15830,0,4590,-2990,-8818,-80,30,48
2330769892,-2344,4626,-90,10,56,212,8160,8192,-2412,-29973,645,8192,5258,-1422,-5172,-96,1,53
2330819892,-2574,5640,-672,-48,65,167,0,0,-7,-1,-16825,0,3502,1998,-7822,-102,25,39
2330869892,-3752,6980,-2300,49,44,-27,-15824,0,-15537,0,8160,8192,3430,1686,-7274,-115,52,27
2330919892,-4846,8908,-2882,212,-330,-148,0,0,-7,-1,-16822,0,8142,2748,-5612,-115,25,24
2330969892,-3116,7978,-3240,261,-579,-772,0,0,-7,-1,-15820,0,5568,3262,-6602,-91,-13,31
2331019892,-2438,7806,-3228,463,-680,-610,-15818,0,-15537,0,8160,8192,4724,2584,-6576,-113,35,22
2331069892,-3322,7938,-2534,128,-22,241,-16817,0,-15537,0,8160,8192,5458,2112,-6872,-110,19,27
2331119892,-3506,6934,-1848,-1,557,974,-15813,0,-15537,0,8160,8192,5642,1078,-6470,-104,47,18
2331169892,-3984,6976,-2050,-39,543,1060,-17812,0,-15537,0,8160,8192,5010,448,-6268,-104,52,22
2331219892,-4112,7274,-2188,89,4,236,-15809,0,-15537,0,8160,8192,5512,632,-6272,-117,24,31
2331269892,-2988,7412,-2786,167,-436,-339,-15807,0,-15537,0,8160,8192,5342,1774,-5886,-126,2,48
2331319892,-4066,8298,-2354,192,-292,96,8160,8192,23300,-29964,645,8192,5770,620,-5996,-101,-7,47
2331369892,-3274,7588,-2816,198,-372,-892,-16802,0,-15537,0,8160,8192,5358,1732,-6330,-81,186,16
2331419892,-2856,7864,-3128,348,-310,-175,8160,8192,-7772,-29963,645,8192,5594,2374,-6126,-114,114,15
2331469892,-2840,7374,-3110,141,-353,-437,-16796,0,-15537,0,8160,8192,5938,1714,-5826,-130,72,26
2331519892,-3130,7036,-2748,144,-263,-114,0,0,-7,-1,-16794,0,5418,2434,-6282,-110,29,26
2331569892,-4244,7472,-2744,128,-452,-436,-17790,0,-15537,0,8160,8192,5872,1388,-5826,-72,-54,14
2331619892,-4952,6894,-876,122,-29,466,-17788,0,-15537,0,8160,8192,5088,-582,-6232,-73,-51,17
2331669892,-6342,7670,-1822,-251,503,1024,0,0,-7,-1,-15786,0,6098,-1172,-5680,-82,-17,21
2331719892,-5242,6534,-1336,57,-188,36,-15782,0,-15537,0,8160,8192,6098,-500,-5728,-109,5,28
2331769892,-5128,7096,-1086,226,-383,-345,-15782,0,-15537,0,8160,8192,5536,-172,-6262,-118,-22,43
2331819892,-4750,6892,-1678,65,-211,-152,0,0,-7,-1,-15779,0,5626,504,-6158,-106,81,40
2331869892,-5074,7014,-1554,214,-245,-124,0,0,-7,-1,-15778,0,6142,-414,-5714,-117,91,48
2331919892,-4710,6734,-1634,114,-212,-78,-17776,0,-15537,0,8160,8192,5758,-10,-5936,-108,48,32
2331969892,-4964,6924,-1580,131,-187,-5,8160,8192,0,0,645,8192,5718,354,-5852,-108,11,39
2332019892,-4682,6890,-1758,90,-159,25,-16770,0,-15537,0,8160,8192,5988,54,-5890,-104,42,39
2332069892,-4552,6628,-1486,114,-213,-110,8160,8192,-13132,-29953,645,8192,6014,626,-5834,-105,17,30
2332119892,-4432,7260,-2132,166,-407,-269,0,0,-7,-1,-15764,0,5770,564,-5906,-116,20,31
2332169892,-4234,7050,-1944,148,-285,-181,0,0,-7,-1,-15762,0,5994,644,-6064,-104,41,29
2332219892,-4200,6210,-1176,108,-5,260,0,0,-7,-1,-15761,0,5674,-378,-6196,-106,65,29
2332269892,-4576,6968,-1720,102,-81,325,8160,8192,0,0,645,8192,6058,-134,-5684,-102,56,27
2332319892,-4346,7420,-2798,84,-447,-570,-15757,0,-15537,0,8160,8192,6148,858,-5518,-104,19,35
2332369892,-4598,7140,-1714,207,-185,88,-15754,0,-15537,0,8160,8192,5972,248,-5800,-98,14,30
2332419892,-5668,7806,-2328,-50,-40,203,-16752,0,-15537,0,8160,8192,6148,808,-5734,-108,9,38
2332469892,-4526,6992,-1926,140,-166,-145,-15749,0,-15537,0,8160,8192,5592,752,-6188,-104,44,32
2332519892,-3794,6764,-2072,30,-315,-222,0,0,-7,-1,-16746,0,5630,754,-5936,-106,14,37
2332569892,-4360,7014,-1980,134,-229,-14,-15743,0,-15537,0,8160,8192,6094,742,-6194,-110,33,26
2332619892,-4192,6320,-1480,84,-192,-197,0,0,-7,-1,-15742,0,5546,502,-6000,-113,36,27
2332669892,-4140,6546,-1730,133,-281,-218,-15740,0,-15537,0,8160,8192,5426,1176,-6670,-111,37,29
2332719892,-4512,6588,-1822,57,-251,-110,0,0,-7,-1,-15738,0,5766,468,-6092,-96,42,41
2332769892,-4934,6790,-1572,96,-283,-183,-15737,0,-15537,0,8160,8192,5206,-572,-6730,-114,31,39
2332819892,-4568,6630,-1360,2,-18,-32,-15734,0,-15537,0,8160,8192,6806,-530,-5350,-118,14,11
2332869892,-5446,6374,-1056,121,-13,122,-15730,0,-15537,0,8160,8192,4938,-656,-6754,-118,47,25
2332919892,-4992,6102,-926,50,79,113,8160,8192,0,0,645,8192,5710,-512,-6170,-93,17,44
2332969892,-5408,5990,-728,91,80,159,0,0,-7,-1,-16725,0,5838,-572,-5928,-107,24,28
2333019892,-5114,6032,-1070,97,-183,-145,8160,8192,0,0,645,8192,5846,-422,-6326,-107,40,26
2333069892,-6114,6672,-1354,119,-222,-104,8160,8192,3828,-29937,645,8192,5098,-1228,-6674,-111,24,31
2333119892,-5836,5920,-754,67,-134,83,-15720,0,-15537,0,8160,8192,5688,-944,-6100,-111,39,27
2333169892,-5926,5942,-670,96,-173,-83,-16717,0,-15537,0,8160,8192,5608,-1030,-6126,-106,46,30
2333219892,-5798,5972,-776,133,-175,-28,8160,8192,22756,-29935,645,8192,5960,-854,-5966,-101,32,30
2333269892,-5964,6008,-822,78,-37,141,8160,8192,0,0,645,8192,5852,-888,-6030,-104,22,33
2333319892,-5724,6064,-826,85,-40,227,-15710,0,-15537,0,8160,8192,5860,-938,-5958,-102,22,27
2333369892,-5672,6172,-1110,66,-57,145,0,0,-7,-1,-15708,0,5826,-596,-5996,-110,38,29
2333419892,-5774,6224,-1104,136,-20,285,8160,8192,0,0,645,8192,5692,-972,-6076,-109,45,37
2333469892,-5770,6006,-606,47,239,605,-15705,0,-15537,0,8160,8192,5708,-1428,-6190,-99,43,35
2333519892,-5770,5644,-110,100,223,592,-15703,0,-15537,0,8160,8192,5750,-1984,-6328,-107,65,29
2333569892,-5002,5062,58,-17,276,720,0,0,-7,-1,-15701,0,7442,-1940,-5208,-105,18,31
2333619892,-5736,6274,-952,33,192,609,-15699,0,-15537,0,8160,8192,6712,-1734,-5204,-112,60,31
2333669892,-3910,4912,482,127,185,691,-15697,0,-15537,0,8160,8192,5410,-1032,-6638,-102,56,49
2333719892,-5872,6698,-1176,-84,341,715,0,0,-7,-1,-15695,0,4726,-1896,-5238,-88,73,52
2333769892,-5930,8106,-1582,-16,132,460,-15694,0,-15537,0,8160,8192,3738,-630,-7490,-84,3,58
2333819892,-4566,8062,-3322,46,-359,-298,8160,8192,-32604,-29926,645,8192,5718,1216,-6792,-101,20,30
2333869892,-2776,6020,-1236,240,-200,-20,-16688,0,-15537,0,8160,8192,5856,1702,-6278,-104,48,38
2333919892,-3740,7584,-2400,-30,179,478,8160,8192,1860,-29924,645,8192,5916,96,-5628,-106,42,45
2333969892,-3928,6726,-1400,109,169,343,-15684,0,-15537,0,8160,8192,7846,552,-3268,-106,66,21
2334019892,-3952,6694,-1874,166,-208,-143,-15683,0,-15537,0,8160,8192,5392,166,-5840,-109,21,40
2334069892,-3848,7268,-2044,151,-219,-78,0,0,-7,-1,-15681,0,6432,1670,-5986,-118,41,24
2334119892,-2124,6818,-2042,146,-267,-197,0,0,-7,-1,-16679,0,7920,3690,-4218,-108,24,31
2334169892,-4846,8366,-2996,320,-306,-300,-15677,0,-15537,0,8160,8192,5370,1910,-6370,-106,46,26
2334219892,-3492,7888,-2606,19,102,521,8160,8192,-25820,-29920,645,8192,6098,1492,-5944,-102,-31,21
2334269892,-3028,6848,-2442,5,120,450,-15672,0,-15537,0,8160,8192,6574,2052,-5266,-110,-41,11
2334319892,-3564,7278,-1988,150,-287,-124,0,0,-7,-1,-15671,0,6248,76,-5770,-101,-113,32
2334369892,-2118,7536,-3834,-231,39,111,8160,8192,-6892,-29918,645,8192,5718,3592,-6034,-80,27,15
2334419892,-3208,7464,-2878,474,-401,-210,-15668,0,-15537,0,8160,8192,5634,1442,-6466,-103,174,9
2334469892,-3194,7420,-2710,136,-267,-463,-15666,0,-15537,0,8160,8192,5786,1752,-5916,-136,84,8
2334519892,-4700,6780,-1334,190,64,490,0,0,-7,-1,-16662,0,5406,-744,-6326,-117,67,36
2334569892,-4742,6906,-1908,-160,408,637,-15661,0,-15537,0,8160,8192,5878,108,-6028,-95,120,19
2334619892,-4482,6724,-1774,173,-161,-125,0,0,-7,-1,-16659,0,5722,242,-5938,-95,32,27
2334669892,-4684,7138,-1516,85,-269,16,8160,8192,30964,-29913,645,8192,5768,-458,-6146,-96,-42,28
2334719892,-4534,7018,-1916,-28,-164,-85,-15655,0,-15537,0,8160,8192,5970,456,-6020,-103,-40,22
2334769892,-3994,7226,-2012,204,-499,-537,0,0,-7,-1,-15653,0,6150,688,-5826,-105,-14,30
2334819892,-4472,7146,-1454,101,-59,216,-15651,0,-15537,0,8160,8192,5534,-42,-5978,-107,28,36
2334869892,-4424,6900,-1910,22,-24,175,-17647,0,-15537,0,8160,8192,5654,708,-5974,-104,49,35
2334919892,-4528,7038,-1580,232,-313,-233,0,0,-7,-1,-15646,0,5538,220,-6204,-104,48,30
2334969892,-4228,7014,-1764,93,-229,-177,-15643,0,-15537,0,8160,8192,5878,448,-5968,-109,44,31
2335019892,-4026,7018,-2116,142,-320,-341,0,0,-7,-1,-15642,0,5802,1108,-5954,-107,28,32
2335069892,-3944,7464,-2498,249,-605,-600,0,0,-7,-1,-15640,0,5986,948,-5974,-108,14,30
2335119892,-4076,7216,-2304,171,-368,-214,8160,8192,22212,-29906,645,8192,6306,920,-5636,-101,19,26
2335169892,-4568,6654,-1578,66,34,198,-15635,0,-15537,0,8160,8192,4928,1522,-6188,-92,63,36
2335219892,-4714,6586,-1522,102,-77,133,-15632,0,-15537,0,8160,8192,5760,372,-6182,-107,35,27
2335269892,-4396,6346,-1292,78,-113,65,-15630,0,-15537,0,8160,8192,5824,-566,-6108,-104,38,31
2335319892,-4848,6542,-1558,66,-103,141,-15628,0,-15537,0,8160,8192,5654,-244,-6154,-102,23,29
2335369892,-4644,6292,-1348,120,-254,-127,-17626,0,-15537,0,8160,8192,5562,-172,-6320,-106,35,29
2335419892,-4774,6764,-1500,102,-159,20,0,0,-7,-1,-16624,0,5854,-66,-6062,-100,25,33
2335469892,-4304,5948,-1354,85,-144,94,-16621,0,-15537,0,8160,8192,5588,-294,-6408,-105,24,26
2335519892,-4390,6754,-1766,74,-200,-6,-15617,0,-15537,0,8160,8192,5650,226,-6180,-110,34,24
2335569892,-4502,6610,-1680,133,-256,-168,-16615,0,-15537,0,8160,8192,5744,304,-6072,-102,49,28
2335619892,-4492,7110,-2264,89,-247,-78,-15613,0,-15537,0,8160,8192,5442,832,-6128,-107,39,28
2335669892,-4512,7082,-2116,134,-262,-27,-15610,0,-15537,0,8160,8192,5092,592,-6548,-112,38,32
2335719892,-4566,7280,-2256,88,-218,-28,-15608,0,-15537,0,8160,8192,5352,1102,-6360,-103,50,32
2335769892,-4762,7046,-1990,106,-106,64,0,0,-7,-1,-16607,0,5476,1128,-5976,-109,45,27
2335819892,-4534,6938,-1932,97,-177,-156,-16604,0,-15537,0,8160,8192,6412,76,-5896,-103,35,37
2335869892,-4218,6802,-1962,50,-218,-221,-15602,0,-15537,0,8160,8192,6950,-162,-4466,-111,36,26
2335919892,-5234,7994,-2526,95,-264,-109,-15600,0,-15537,0,8160,8192,5432,380,-5012,-112,32,16
2335969892,-4668,6660,-1516,102,-195,-134,-16596,0,-15537,0,8160,8192,4622,314,-6630,-106,53,30
2336019892,-5142,6444,-1342,49,-127,-121,-15594,0,-15537,0,8160,8192,6388,464,-5710,-94,21,41
2336069892,-5008,6750,-1766,53,-92,-101,0,0,-7,-1,-16592,0,4440,418,-6190,-118,10,17
2336119892,-2580,4794,-438,71,-131,177,8160,8192,0,0,645,8192,7820,76,-4622,-111,-25,25
2336169892,-5092,5932,-962,-11,233,181,8160,8192,23636,-29890,645,8192,5628,-580,-5130,-90,54,48
2336219892,-4776,5688,-826,133,-67,33,0,0,-7,-1,-15586,0,5760,142,-6436,-113,28,23
2336269892,-5382,6088,-1004,99,-37,65,8160,8192,-7436,-29889,645,8192,7088,-98,-5854,-104,39,33
2336319892,-5742,5932,-670,123,-56,-16,8160,8192,0,0,645,8192,6792,-1344,-5458,-112,76,29
2336369892,-5970,5832,-784,88,-162,-155,8160,8192,0,0,645,8192,5390,-738,-6686,-111,71,28
2336419892,-5988,6130,-864,89,-216,-66,8160,8192,0,0,645,8192,5494,-708,-6270,-102,20,27
2336469892,-5730,6016,-1046,33,-271,-285,8160,8192,-4044,-29886,645,8192,5612,-718,-6136,-107,7,28
2336519892,-5900,6166,-668,133,-126,-4,-15573,0,-15537,0,8160,8192,6068,-1560,-5920,-101,28,27
2336569892,-6402,5720,-356,85,135,461,0,0,-7,-1,-15571,0,5852,-1768,-6094,-108,24,31
2336619892,-6436,5378,102,146,121,419,0,0,-7,-1,-15568,0,5696,-2498,-6072,-106,47,29
2336669892,-6606,5560,132,62,196,608,-17565,0,-15537,0,8160,8192,6256,-2452,-5814,-106,33,39
2336719892,-6884,5890,-330,-22,375,831,-15562,0,-15537,0,8160,8192,6572,-2406,-5516,-110,73,26
2336769892,-7058,6968,-834,13,315,663,8160,8192,-31724,-29881,645,8192,6178,-2146,-5364,-106,28,31
2336819892,-5752,5700,-124,59,261,740,-17558,0,-15537,0,8160,8192,7408,-1500,-5370,-126,53,29
2336869892,-5666,6508,-1112,-96,352,773,0,0,-7,-1,-16556,0,4958,-2868,-5738,-111,25,31
2336919892,-4868,6632,-874,8,153,347,8160,8192,-12796,-29879,645,8192,5370,-1840,-5390,-113,39,32
2336969892,-5298,8382,-3156,-12,-172,-256,8160,8192,-28332,-29878,645,8192,5866,858,-6910,-110,87,6
2337019892,-2050,5796,-1226,232,-269,-158,8160,8192,21668,-29877,645,8192,8070,-686,-4976,-96,33,35
2337069892,-3946,6906,-2058,-70,327,722,-15543,0,-15537,0,8160,8192,5352,-42,-5676,-116,39,26
2337119892,-3580,7276,-2890,-18,51,97,-15541,0,-15537,0,8160,8192,3860,830,-6860,-107,45,20
2337169893,-2510,7280,-1784,422,-589,-442,-15539,0,-15537,0,8160,8192,5406,1874,-5848,-110,5,25
2337219895,-3188,7684,-2806,116,-278,-202,-15537,0,-15537,0,8160,8192,5966,1640,-5518,-109,18,9
2337269892,-3050,7228,-2358,270,-210,18,-16534,0,-15537,0,8160,8192,6036,1196,-5830,-108,65,22
2337319892,-3342,6640,-2238,145,27,174,8160,8192,-6012,-29873,645,8192,5352,1662,-6624,-109,107,29
2337369892,-4288,7856,-2752,100,179,531,-16528,0,-15537,0,8160,8192,6346,-40,-5956,-114,49,26
2337419892,-3646,6542,-1860,4,184,550,0,0,-7,-1,-17526,0,6424,960,-5844,-110,-8,25
2337469892,-4556,7236,-1866,106,-43,327,0,0,-7,-1,-16523,0,5738,58,-5860,-123,-38,33
2337519892,-3696,7510,-2828,-43,-173,25,-18521,0,-15537,0,8160,8192,5942,1794,-6058,-124,-60,31
2337569892,-3828,7854,-1928,260,-321,-40,-16520,0,-15537,0,8160,8192,5972,406,-5928,-103,6,39
2337619892,-3482,7520,-2614,36,-100,-311,0,0,-7,-1,-16517,0,5954,1808,-6032,-95,94,9
2337669892,-3726,7644,-2176,320,-357,-219,0,0,-7,-1,-16516,0,5712,908,-6128,-114,75,23
2337719892,-4082,7292,-1992,104,-22,168,-18514,0,-15537,0,8160,8192,5720,132,-6098,-127,67,49
2337769892,-4046,7174,-2200,95,182,464,-16513,0,-15537,0,8160,8192,6006,510,-6058,-105,103,26
2337819892,-3546,7326,-2320,106,-188,-48,0,0,-7,-1,-16510,0,6130,1120,-5872,-105,43,37
2337869892,-2620,7448,-3126,90,-505,-715,-17508,0,-15537,0,8160,8192,6140,2386,-5788,-89,14,17
2337919892,-4430,7608,-2034,257,-537,-488,-16506,0,-15537,0,8160,8192,5866,858,-5972,-101,-20,29
2337969892,-4322,6688,-1734,16,-137,111,-18504,0,-15537,0,8160,8192,6618,-230,-5316,-86,3,36
2338019892,-5174,6816,-1642,14,140,422,-16502,0,-15537,0,8160,8192,5832,-630,-6038,-103,65,24
2338069892,-4130,6998,-2184,74,-378,-434,8160,8192,0,0,645,8192,6210,334,-5498,-112,20,35
2338119892,-4532,7008,-1254,175,-164,9,-18498,0,-15537,0,8160,8192,5852,-532,-6124,-100,24,23
2338169892,-4128,6352,-1960,-18,-110,153,-16495,0,-15537,0,8160,8192,6038,214,-5944,-101,27,23
2338219892,-4304,6608,-1690,160,-316,-139,8160,8192,-23516,-29859,645,8192,5908,618,-6158,-113,11,30
2338269892,-4408,7266,-2108,124,-434,-428,0,0,-7,-1,-17491,0,6226,274,-5852,-103,-3,22
2338319892,-4728,6978,-1792,206,-268,53,-16489,0,-15537,0,8160,8192,5488,386,-6094,-102,28,31
2338369892,-4532,7044,-2132,5,-185,-10,8160,8192,0,0,645,8192,5526,504,-6052,-104,34,26
2338419892,-4798,6776,-1466,217,-245,-77,0,0,-7,-1,-17484,0,6032,52,-5920,-99,25,32
2338469892,-4542,6634,-1602,44,-121,1,-18481,0,-15537,0,8160,8192,5470,240,-6252,-108,39,31
2338519892,-4518,6922,-1740,129,-193,6,-16480,0,-15537,0,8160,8192,5966,922,-6058,-108,40,26
2338569892,-4412,6902,-1906,144,-226,-54,-16477,0,-15537,0,8160,8192,6380,-434,-5708,-101,40,24
2338619892,-4100,6668,-1760,120,-253,-82,-16476,0,-15537,0,8160,8192,5364,688,-6324,-108,38,26
2338669892,-4670,7494,-2402,91,-229,52,-16474,0,-15537,0,8160,8192,6310,472,-5808,-105,17,33
2338719892,-5506,8012,-2536,73,-157,118,8160,8192,17732,-29851,645,8192,6288,592,-5640,-113,16,18
2338769892,-5092,6722,-1490,133,-62,1,-16469,0,-15537,0,8160,8192,5720,-308,-6148,-103,25,35
2338819892,-4784,6380,-1632,96,-181,-120,8160,8192,-13340,-29850,645,8192,4962,-538,-6650,-116,33,33
2338869892,-3986,6274,-1310,51,-193,-119,-16465,0,-15537,0,8160,8192,4696,772,-6138,-104,41,23
2338919892,-4368,6680,-1630,110,-316,-248,0,0,-7,-1,-17463,0,5890,754,-5734,-105,30,31
2338969892,-4464,6622,-1522,72,-223,-154,-16461,0,-15537,0,8160,8192,6242,-36,-5834,-98,0,40
2339019892,-5514,6910,-1800,60,-84,-140,8160,8192,-9948,-29847,645,8192,5588,102,-6312,-117,23,17
2339069892,-5268,6824,-1514,118,-132,-109,8160,8192,-25484,-29846,645,8192,6348,-908,-5782,-105,15,41
2339119892,-4946,6516,-1694,43,40,50,-16457,0,-15537,0,8160,8192,5852,-262,-5334,-105,-3,21
2339169892,-4996,6508,-1398,92,10,149,-16455,0,-15537,0,8160,8192,6174,-214,-6318,-116,12,22
2339219892,-4816,5754,-1114,114,-99,-21,-16453,0,-15537,0,8160,8192,5726,130,-6830,-97,16,42
2339269892,-5618,6722,-1286,149,-130,-72,-17450,0,-15537,0,8160,8192,6106,132,-6160,-107,39,32
2339319892,-5130,5706,-776,67,-75,-19,8160,8192,27908,-29842,645,8192,6214,338,-5748,-107,39,36
2339369892,-5882,5576,-334,139,-307,-358,0,0,-7,-1,-16446,0,4856,-1414,-6642,-103,25,37
2339419892,-5748,6322,-1040,75,-215,-197,-17444,0,-15537,0,8160,8192,5956,-964,-6082,-109,34,26
2339469892,-6112,6158,-728,65,-51,116,-18443,0,-15537,0,8160,8192,5572,-986,-6136,-104,43,36
2339519892,-6018,5992,-546,136,-88,51,0,0,-7,-1,-16442,0,5880,-1452,-5888,-101,31,26
2339569892,-5854,6014,-774,80,-37,135,-16440,0,-15537,0,8160,8192,5862,-1046,-5998,-101,9,28
2339619892,-5748,5956,-824,74,-23,249,-16438,0,-15537,0,8160,8192,5914,-1238,-6074,-102,20,29
2339669892,-6500,5836,-258,66,189,487,-16435,0,-15537,0,8160,8192,5918,-1678,-6114,-105,34,28
2339719892,-6218,5716,-186,93,153,569,-16434,0,-15537,0,8160,8192,5668,-2132,-6194,-108,35,26
2339769892,-6760,5860,144,85,312,806,-16431,0,-15537,0,8160,8192,6768,-2244,-5580,-94,36,33
2339819892,-7972,7300,-644,-34,492,925,8160,8192,0,0,645,8192,6154,-2024,-4958,-97,63,26
2339869892,-5774,5768,-94,-18,319,851,-16427,0,-15537,0,8160,8192,5660,-1376,-4416,-93,28,31
2339919892,-6026,6584,-824,-5,262,694,-17424,0,-15537,0,8160,8192,8884,182,-6012,-90,37,50
2339969892,-4010,5298,-898,-35,33,293,-18421,0,-15537,0,8160,8192,7192,-1324,-7890,-102,51,25
2340019892,-4798,8670,-2596,-39,-110,175,0,0,-7,-1,-17419,0,6566,-42,-6852,-127,44,30
2340069892,-3606,7796,-2338,66,-160,-64,-16417,0,-15537,0,8160,8192,6850,1624,-5744,-96,39,58
2340119892,-3176,7128,-2448,108,-38,189,-16414,0,-15537,0,8160,8192,5618,942,-6134,-128,63,34
2340169892,-3460,7748,-2486,135,-207,-41,8160,8192,25940,-29829,645,8192,6326,1314,-5284,-117,32,31
2340219892,-2830,7406,-2564,232,-400,-352,8160,8192,10404,-29828,645,8192,6968,1616,-5268,-109,-12,33
2340269892,-3050,7858,-2722,233,-339,-162,-17408,0,-15537,0,8160,8192,5462,2054,-6144,-121,15,22
2340319892,-3054,7720,-3036,185,-318,-313,-18406,0,-15537,0,8160,8192,5910,2520,-6302,-107,19,23
2340369892,-3078,7944,-2706,332,-280,-24,-16404,0,-15537,0,8160,8192,6004,894,-5984,-110,27,26
2340419892,-3848,7264,-1592,-93,647,1307,0,0,-7,-1,-16403,0,5012,862,-6840,-111,-30,17
2340469892,-3826,6802,-2220,-133,280,601,-18402,0,-15537,0,8160,8192,6392,1014,-5558,-109,-42,28
2340519892,-4464,7278,-1604,261,-169,201,-18400,0,-15537,0,8160,8192,5916,-640,-5966,-123,13,26
2340569892,-3598,7046,-2182,-41,0,45,8160,8192,32724,-29823,645,8192,5778,1650,-6148,-117,52,34
2340619892,-4938,7590,-1402,361,-135,380,0,0,-7,-1,-17395,0,6692,-128,-5946,-101,98,36
2340669892,-3190,7808,-2880,113,-669,-1556,-16392,0,-15537,0,8160,8192,5640,1786,-6104,-103,95,15
2340719892,-2716,8098,-2996,459,-469,-176,-16389,0,-15537,0,8160,8192,5816,1904,-5926,-120,32,22
2340769892,-3544,7438,-2942,-87,-24,-42,8160,8192,0,0,645,8192,6158,1494,-5634,-123,54,19
2340819892,-3706,7620,-2478,174,-154,102,-16386,0,-15537,0,8160,8192,5506,1976,-6132,-104,37,21
2340869892,-2770,6864,-2850,53,-391,-587,-18385,0,-15537,0,8160,8192,5652,2344,-6244,-91,10,33
2340919892,-4276,6782,-1414,213,-221,226,-17382,0,-15537,0,8160,8192,5700,214,-5974,-72,-12,25
2340969892,-5402,6224,-580,-89,323,653,0,0,-7,-1,-17380,0,5926,-1852,-6350,-87,9,13
2341019892,-5652,6854,-1276,-118,199,543,-17378,0,-15537,0,8160,8192,5812,-212,-5980,-111,41,31
2341069892,-4512,7004,-1808,274,-596,-801,8160,8192,8436,-29815,645,8192,5612,-448,-5986,-100,39,30
2341119892,-5000,6850,-1320,111,-123,127,0,0,-7,-1,-16375,0,6000,-648,-5930,-100,41,37
2341169892,-5304,6574,-1470,-67,87,143,-16373,0,-15537,0,8160,8192,5688,-258,-6174,-103,27,36
2341219892,-4648,6696,-1472,171,-398,-406,-16371,0,-15537,0,8160,8192,5616,-304,-6368,-107,9,27
2341269892,-4142,6854,-1598,167,-420,-433,-16368,0,-15537,0,8160,8192,5436,98,-6106,-106,19,38
2341319892,-4444,6910,-1456,113,-98,168,-16366,0,-15537,0,8160,8192,5698,54,-6220,-101,37,28
2341369892,-4940,6842,-1810,13,-29,136,0,0,-7,-1,-16363,0,6026,292,-5750,-103,44,26
2341419892,-3776,7550,-3010,130,-603,-838,-16360,0,-15537,0,8160,8192,5458,1876,-6250,-105,51,33
2341469892,-4160,6982,-1712,418,-650,-611,-16358,0,-15537,0,8160,8192,5774,376,-6066,-100,44,31
2341519892,-4002,6988,-2230,-144,99,416,-16356,0,-15537,0,8160,8192,6134,1580,-5812,-97,7,40
2341569892,-4948,7312,-1998,198,-118,152,-16353,0,-15537,0,8160,8192,5502,820,-5982,-111,39,21
2341619892,-4326,7038,-2000,90,-160,-81,-18351,0,-15537,0,8160,8192,6228,688,-5362,-101,51,32
2341669892,-5098,7566,-2314,95,-146,103,8160,8192,18612,-29806,645,8192,6592,710,-5666,-104,11,31
2341719892,-4352,6720,-1934,78,-217,60,0,0,-7,-1,-16348,0,5806,1106,-6046,-102,12,31
2341769892,-4318,6356,-1442,108,-136,89,-18346,0,-15537,0,8160,8192,4984,126,-6192,-116,17,24
2341819892,-4648,6938,-1738,99,-155,11,8160,8192,-27996,-29804,645,8192,6410,1654,-5360,-100,12,31
2341869892,-5098,6916,-1922,161,-220,-83,0,0,-7,-1,-17342,0,5008,638,-6532,-117,23,26
2341919892,-4608,6640,-1698,92,-173,-39,-18340,0,-15537,0,8160,8192,7308,1070,-5664,-107,30,33
2341969892,-5088,6876,-1434,55,-179,-135,-16338,0,-15537,0,8160,8192,6136,612,-5796,-101,13,39
2342019892,-4762,6516,-1566,9,-239,-262,-16335,0,-15537,0,8160,8192,7630,608,-5234,-125,8,22
2342069892,-5110,6030,-870,144,-132,-235,8160,8192,25396,-29800,645,8192,7040,-610,-5904,-99,1,44
2342119892,-5508,6946,-1872,-13,-108,-154,0,0,-7,-1,-16330,0,7540,-100,-5684,-101,-2,30
2342169892,-5434,6980,-1716,87,71,77,8160,8192,0,0,645,8192,7384,126,-4902,-113,34,12
2342219892,-5446,5448,-496,108,97,309,-18325,0,-15537,0,8160,8192,5520,-1794,-5860,-96,35,39
2342269892,-5760,5852,-646,-8,145,183,0,0,-7,-1,-16322,0,5980,-1138,-5924,-102,29,34
2342319892,-6304,6530,-1136,111,-264,-322,-18321,0,-15537,0,8160,8192,5356,-1118,-6614,-104,2,23
2342369892,-6126,6420,-516,90,-193,-114,0,0,-7,-1,-16319,0,6246,-1760,-5966,-105,10,27
2342419892,-6008,5708,-352,63,1,191,0,0,-7,-1,-16317,0,5878,-1370,-6042,-105,36,26
2342469892,-6050,6122,-800,108,-221,-141,-18315,0,-15537,0,8160,8192,6082,-1028,-5910,-107,35,34
2342519892,-5500,6224,-1180,61,-132,30,-16313,0,-15537,0,8160,8192,6030,-700,-5948,-107,29,38
2342569892,-6074,6120,-778,128,11,323,-18311,0,-15537,0,8160,8192,5878,-1082,-5986,-104,30,31
2342619892,-5850,5798,-400,124,77,393,-17308,0,-15537,0,8160,8192,6112,-1116,-6036,-105,55,35
2342669892,-6150,6290,-562,108,127,363,8160,8192,-29964,-29791,645,8192,6770,-1236,-5314,-104,81,41
2342719892,-5080,5052,-182,37,301,710,-16304,0,-15537,0,8160,8192,6220,-1868,-5590,-99,59,22
2342769892,-6520,6278,-262,5,360,816,8160,8192,0,0,645,8192,5996,-1846,-6178,-98,36,22
2342819892,-6576,5846,120,8,520,947,0,0,-7,-1,-16301,0,6014,-2060,-5788,-100,75,27
2342869892,-4928,5948,-322,-83,283,437,-16299,0,-15537,0,8160,8192,5550,-552,-6150,-91,34,47
2342919892,-3854,5500,-884,135,-76,216,-16297,0,-15537,0,8160,8192,5506,-1390,-4984,-88,16,55
2342969892,-3914,7410,-1802,71,-231,-288,-16295,0,-15537,0,8160,8192,3694,1126,-6894,-106,20,41
2343019892,-4334,6926,-1586,183,-61,144,0,0,-7,-1,-16292,0,5446,-946,-5696,-104,25,39
2343069892,-4818,7496,-2166,-126,306,757,-16289,0,-15537,0,8160,8192,4718,-858,-6320,-101,-15,28
2343119892,-4020,7820,-2364,-7,70,126,0,0,-7,-1,-17287,0,5386,1940,-5200,-110,40,25
2343169892,-3998,7664,-2254,345,-536,-543,-18285,0,-15537,0,8160,8192,3830,-362,-6752,-106,12,32
2343219892,-2928,7724,-2602,147,-313,-198,-16283,0,-15537,0,8160,8192,5312,1700,-6598,-123,47,30
2343269892,-2984,7658,-2834,215,-239,-120,-17281,0,-15537,0,8160,8192,6678,3408,-5748,-116,62,25
2343319892,-2574,6742,-2246,302,-241,-62,-16279,0,-15537,0,8160,8192,6754,1736,-5328,-106,60,16
2343369892,-4416,7898,-2258,40,390,903,-16276,0,-15537,0,8160,8192,5930,602,-5752,-111,49,28
2343419892,-4258,7104,-1748,-10,452,897,8160,8192,-860,-29780,645,8192,6062,436,-5840,-115,63,21
2343469892,-3506,6718,-1796,69,-99,103,0,0,-7,-1,-17272,0,6184,694,-5628,-122,-8,32
2343519892,-3858,7246,-1998,123,-126,244,8160,8192,-31932,-29778,645,8192,5882,740,-5992,-124,-2,56
2343569892,-2920,8226,-3616,162,-655,-933,0,0,-7,-1,-16268,0,5694,3106,-6048,-131,24,41
2343619892,-2626,8052,-3170,588,-893,-1015,-16266,0,-15537,0,8160,8192,5556,1970,-5860,-105,84,9
2343669892,-3398,7098,-2208,-37,-7,203,8160,8192,0,0,645,8192,5798,862,-5740,-110,27,28
2343719892,-4880,6766,-1330,8,297,679,8160,8192,-28540,-29775,645,8192,5864,-466,-5790,-111,-10,55
2343769892,-4790,6988,-1264,-73,597,1042,-16263,0,-15537,0,8160,8192,5574,-386,-6120,-97,92,11
2343819892,-3746,7018,-2692,-7,-215,-276,-16260,0,-15537,0,8160,8192,5794,1108,-5910,-96,53,26
2343869892,-4002,7340,-1760,422,-567,-482,-17259,0,-15537,0,8160,8192,5944,-18,-5918,-101,59,24
2343919892,-3576,7310,-2878,-76,-350,-443,-16256,0,-15537,0,8160,8192,5808,1700,-6064,-112,34,28
2343969892,-3288,7440,-2808,348,-700,-771,-16254,0,-15537,0,8160,8192,6414,1578,-5688,-102,44,30
2344019892,-4070,6918,-1588,218,-325,-154,-16252,0,-15537,0,8160,8192,5974,48,-6018,-97,44,39
2344069892,-5230,6960,-1570,-82,261,664,8160,8192,-6220,-29770,645,8192,6084,-16,-5826,-100,19,34
2344119892,-4982,7032,-2096,91,-211,-194,8160,8192,0,0,645,8192,5744,212,-6316,-100,49,18
2344169892,-4674,7464,-1642,194,-330,-237,8160,8192,0,0,645,8192,5590,90,-6318,-100,38,30
2344219892,-5594,7230,-1782,7,79,279,-16243,0,-15537,0,8160,8192,5604,-354,-6086,-104,34,33
2344269892,-5070,7066,-1814,88,-178,26,8160,8192,-2828,-29767,645,8192,6234,222,-5666,-105,21,31
2344319892,-4518,6988,-1634,168,-375,-379,0,0,-7,-1,-17239,0,5970,284,-5988,-99,16,30
2344369892,-4584,7228,-2130,155,-387,-221,-17237,0,-15537,0,8160,8192,5578,470,-6346,-110,23,35
2344419892,-4516,6846,-1872,124,-208,-24,-16236,0,-15537,0,8160,8192,5370,310,-6484,-102,29,20
2344469892,-4632,6996,-1588,92,-123,99,-16234,0,-15537,0,8160,8192,6064,512,-6022,-99,14,35
2344519892,-4398,6620,-1794,66,-144,41,-16233,0,-15537,0,8160,8192,5944,818,-5902,-107,19,20
2344569892,-4244,7016,-1888,110,-211,-58,0,0,-7,-1,-16230,0,5816,942,-5986,-106,30,21
2344619892,-4230,7154,-2210,125,-338,-22,8160,8192,0,0,645,8192,5528,1096,-6246,-105,20,36
2344669892,-4176,6652,-2072,88,-225,4,-16226,0,-15537,0,8160,8192,4898,808,-7266,-100,30,28
2344719892,-4694,7230,-2060,100,-157,-25,-17224,0,-15537,0,8160,8192,5516,634,-6270,-100,12,31
2344769892,-4018,6698,-1984,43,-193,-10,-16222,0,-15537,0,8160,8192,6426,1012,-5080,-105,34,30
2344819892,-4322,7124,-2348,37,-230,-39,0,0,-7,-1,-16219,0,5610,584,-6082,-100,22,25
2344869892,-3370,5942,-1592,102,-371,-208,5544,8192,-7,-1,-16003,0,7304,772,-5244,-116,2,16
2344919892,-5140,6992,-1936,98,-274,-279,-18215,0,-15537,0,8160,8192,4582,340,-7130,-104,49,29
2344969892,-5146,7154,-1654,81,-243,-186,8160,8192,0,0,645,8192,5688,-276,-5998,-92,9,44
2345019892,-4276,6318,-1278,42,-162,-174,8160,8192,0,0,645,8192,5044,966,-6738,-120,26,18
2345069892,-6080,7742,-2254,132,-145,44,-16209,0,-15537,0,8160,8192,6140,256,-5974,-113,20,20
2345119892,-5842,6576,-1546,81,199,210,-16206,0,-15537,0,8160,8192,5604,78,-5374,-89,41,36
2345169892,-4904,6110,-1058,64,103,326,8160,8192,0,0,645,8192,7220,-692,-5014,-97,-6,31
2345219892,-5416,5988,-942,86,-64,-33,-16203,0,-15537,0,8160,8192,6286,-276,-5700,-109,37,31
2345269892,-6216,6486,-1186,145,-206,-189,-16201,0,-15537,0,8160,8192,4864,-1222,-7284,-112,67,27
2345319892,-5868,6064,-968,116,-222,-96,-16200,0,-15537,0,8160,8192,6066,-950,-5592,-112,33,30
2345369892,-5818,5944,-680,68,-148,75,0,0,-7,-1,-17199,0,5906,-864,-6170,-104,25,26
2345419892,-6098,5958,-766,108,-237,-275,8160,8192,0,0,645,8192,5578,-1052,-6376,-105,51,27
2345469892,-5744,5876,-678,126,-151,39,0,0,-7,-1,-17196,0,5816,-1228,-6036,-104,24,30
2345519892,-5854,5912,-816,32,-2,144,-16193,0,-15537,0,8160,8192,5802,-958,-6042,-103,17,29
2345569892,-5858,5956,-666,110,-82,228,-16192,0,-15537,0,8160,8192,6042,-1498,-5860,-103,-5,32
2345619892,-6536,5908,-342,102,176,603,-18189,0,-15537,0,8160,8192,5942,-2128,-5944,-105,32,29
2345669892,-6500,5742,-114,38,310,642,8160,8192,0,0,645,8192,6326,-2100,-5736,-107,76,39
2345719892,-6766,5540,-68,175,287,728,-17186,0,-15537,0,8160,8192,6840,-1960,-6886,-103,97,37
2345769892,-6858,6104,-270,-25,437,822,0,0,-7,-1,-16183,0,6106,-2672,-6430,-111,98,42
2345819892,-6284,6112,-476,27,402,724,-18181,0,-15537,0,8160,8192,6624,-2516,-5792,-111,108,54
2345869892,-6042,6484,-260,34,213,520,-17179,0,-15537,0,8160,8192,7204,-3292,-6308,-92,71,76
2345919892,-3206,5252,-274,-88,150,326,8160,8192,0,0,645,8192,3056,2886,-8374,-110,28,52
2345969892,-5022,8820,-2916,152,-343,-468,-16176,0,-15537,0,8160,8192,2250,-54,-8132,-121,17,52
2346019892,-3024,7002,-1156,147,60,399,8160,8192,0,0,645,8192,4608,382,-6552,-101,71,54
2346069892,-4120,8088,-2770,-147,316,375,-16172,0,-15537,0,8160,8192,4250,1674,-6688,-102,55,36
2346119892,-3622,6564,-2402,348,-554,-319,8160,8192,12164,-29738,645,8192,4744,-1136,-5174,-105,-29,34
2346169892,-2550,7302,-2386,240,-487,-318,-16170,0,-15537,0,8160,8192,6026,924,-4490,-123,-18,20
2346219892,-2870,7318,-2814,132,-226,61,0,0,-7,-1,-16168,0,6290,1480,-5112,-107,-14,28
2346269892,-2920,7686,-2988,231,-356,-261,8160,8192,31092,-29736,645,8192,6300,1640,-6014,-110,11,24
2346319892,-2682,7476,-2710,218,-65,225,0,0,-7,-1,-17164,0,5354,1988,-6276,-108,42,23
2346369892,-3786,7154,-2058,59,464,924,-18162,0,-15537,0,8160,8192,5584,666,-5864,-111,90,10
2346419892,-4068,6802,-1752,-70,394,932,0,0,-7,-1,-16160,0,5638,308,-6356,-115,-14,16
2346469892,-4238,7370,-1920,57,-181,197,0,0,-7,-1,-16159,0,5838,406,-6282,-120,-124,31
2346519892,-3702,7528,-1856,212,-418,-357,8160,8192,0,0,645,8192,6302,124,-5872,-112,-20,39
2346569892,-2998,7680,-2994,123,-273,-400,8160,8192,0,0,645,8192,5674,1886,-5848,-106,72,8
2346619892,-2504,7598,-2666,366,-578,-558,-16155,0,-15537,0,8160,8192,5590,1842,-6192,-104,52,19
2346669892,-3218,7482,-2656,62,-166,-173,-18154,0,-15537,0,8160,8192,5190,1974,-6450,-121,48,28
2346719892,-3738,7036,-2176,87,-16,207,-16151,0,-15537,0,8160,8192,6112,582,-5684,-89,50,19
2346769892,-3820,7848,-2898,11,-233,-227,8160,8192,6804,-29728,645,8192,5768,1146,-6486,-107,45,45
2346819892,-4174,7452,-2632,189,-328,-296,8160,8192,-8732,-29728,645,8192,5610,666,-6530,-77,48,21
2346869892,-4704,6874,-1630,116,-140,61,-18147,0,-15537,0,8160,8192,5414,6,-6158,-94,45,26
2346919892,-4334,4650,-560,64,104,462,8160,8192,0,0,645,8192,6310,-1430,-5826,-111,57,19
2346969892,-5140,6724,-1606,1,-179,-54,0,0,-7,-1,-16145,0,5928,-380,-6090,-111,6,33
2347019892,-4568,6722,-1036,274,-409,-445,0,0,-7,-1,-16143,0,5748,-342,-6020,-96,56,32
2347069892,-4804,6870,-1490,36,-86,85,-16141,0,-15537,0,8160,8192,5270,-302,-6504,-102,49,35
2347119892,-4574,6312,-1582,97,-249,-32,8160,8192,29124,-29723,645,8192,5764,100,-6176,-107,29,27
2347169892,-4730,6984,-1770,131,-317,-234,-18137,0,-15537,0,8160,8192,6212,-46,-5744,-104,11,30
2347219892,-4702,6730,-1654,117,-250,-83,0,0,-7,-1,-16137,0,6096,-30,-5898,-100,15,36
2347269892,-4586,6770,-1780,62,-129,41,-17135,0,-15537,0,8160,8192,5876,-86,-6052,-102,25,28
2347319892,-4650,6828,-1844,98,-184,56,-17133,0,-15537,0,8160,8192,5944,228,-5808,-114,28,27
2347369892,-4268,6972,-1944,96,-219,-89,8160,8192,16980,-29719,645,8192,5554,576,-6164,-98,53,23
2347419892,-4222,7094,-2162,197,-426,-330,8160,8192,1444,-29718,645,8192,5576,1018,-6052,-106,54,33
2347469892,-4370,7152,-2122,135,-234,-45,-16127,0,-15537,0,8160,8192,5514,602,-6184,-96,20,24
2347519892,-4326,6434,-1284,80,-40,186,8160,8192,-29628,-29717,645,8192,6166,1104,-5524,-103,6,36
2347569892,-4776,7094,-1954,87,-91,79,-16122,0,-15537,0,8160,8192,5306,438,-6498,-97,27,29
2347619892,-4284,7252,-2224,47,-215,-123,0,0,-7,-1,-16119,0,5660,1182,-5898,-106,40,21
2347669892,-4296,7030,-2070,118,-239,50,8160,8192,-10700,-29715,645,8192,6526,1156,-5960,-100,43,29
2347719892,-4830,6702,-1814,83,-178,-61,-16116,0,-15537,0,8160,8192,6566,588,-5430,-103,33,17
2347769892,-4314,6392,-1386,121,-176,-212,0,0,-7,-1,-16114,0,5614,410,-5944,-110,51,18
2347819892,-5020,6718,-1944,77,-281,-199,-17112,0,-15537,0,8160,8192,7132,1020,-4506,-107,24,23
2347869892,-4496,6386,-1464,53,-167,-103,0,0,-7,-1,-16109,0,6288,-84,-5452,-98,23,37
2347919892,-4476,6980,-1730,77,-281,-210,-16107,0,-15537,0,8160,8192,4506,764,-6160,-122,24,31
2347969892,-6216,8362,-2488,154,-95,98,-18105,0,-15537,0,8160,8192,5088,-56,-6564,-114,28,21
2348019892,-5278,6108,-1548,50,63,84,-16102,0,-15537,0,8160,8192,4804,-1082,-6946,-93,39,36
2348069892,-4806,5886,-1140,100,-27,112,0,0,-7,-1,-16100,0,5898,554,-6206,-109,10,25
2348119892,-4418,5858,-1016,85,-86,-53,-16097,0,-15537,0,8160,8192,5890,-10,-5766,-104,28,32
2348169892,-5622,6636,-1130,162,-116,-43,8160,8192,0,0,645,8192,5690,-732,-6080,-113,66,30
2348219892,-4936,5678,-946,80,-171,-170,0,0,-7,-1,-16093,0,6160,-496,-5676,-117,40,27
2348269892,-6054,6420,-1018,136,-220,56,8160,8192,-524,-29706,645,8192,5466,-554,-6218,-107,32,26
2348319892,-6086,5738,-338,104,-117,-108,8160,8192,0,0,645,8192,5878,-1150,-6062,-96,37,32
2348369892,-5858,5634,-236,149,-117,-38,8160,8192,-31596,-29704,645,8192,5650,-1632,-6140,-109,33,35
2348419892,-5972,5958,-652,44,-2,156,-16086,0,-15537,0,8160,8192,5754,-1158,-6080,-108,0,30
2348469892,-5872,6036,-754,68,-40,319,8160,8192,2868,-29702,645,8192,5678,-694,-6098,-102,6,27
2348519892,-5708,6198,-858,76,-139,-16,8160,8192,0,0,645,8192,5708,-652,-6290,-104,11,33
2348569892,-5292,6036,-826,102,-39,173,-16080,0,-15537,0,8160,8192,5712,-834,-6210,-107,49,29
2348619892,-5344,5506,-554,56,144,504,8160,8192,21796,-29700,645,8192,5712,-1206,-6040,-108,28,25
2348669892,-6192,5896,-414,94,260,733,0,0,-7,-1,-16077,0,5640,-1860,-6270,-107,67,24
2348719892,-6600,6228,-448,46,297,703,0,0,-7,-1,-16075,0,6888,-1156,-5606,-102,63,36
2348769892,-5264,5202,398,34,307,712,8160,8192,-24812,-29698,645,8192,6688,-2850,-5590,-105,49,25
2348819892,-6354,6726,-556,12,387,920,-17073,0,-15537,0,8160,8192,6706,-2816,-5270,-99,33,41
2348869892,-5456,5774,-610,2,246,599,8160,8192,9652,-29696,645,8192,5204,-1684,-5998,-101,38,52
2348919892,-6572,8264,-1974,67,174,583,-18068,0,-15537,0,8160,8192,8094,1662,-6682,-88,87,40
2348969892,-4354,7378,-2656,-41,-195,83,-17065,0,-15537,0,8160,8192,6188,-526,-5036,-114,-6,42
2349019892,-3502,7018,-1724,203,-178,-146,8160,8192,0,0,645,8192,4200,-1678,-6900,-108,38,42
2349069892,-3820,7758,-1954,-76,224,607,-16059,0,-15537,0,8160,8192,4776,396,-5734,-111,57,35
2349119892,-4070,7744,-2676,50,-138,-43,8160,8192,-2492,-29693,645,8192,6348,778,-5944,-113,42,31
2349169892,-4546,8580,-3380,436,-536,-471,-16056,0,-15537,0,8160,8192,1234,1334,-7888,-116,57,19
2349219892,-3530,7494,-1962,113,-170,112,-16054,0,-15537,0,8160,8192,6294,1114,-6036,-106,-3,31
2349269892,-3790,7248,-2498,65,-15,134,0,0,-7,-1,-17053,0,5216,1756,-6108,-113,27,20
2349319892,-4064,7898,-2748,227,-224,-141,-16051,0,-15537,0,8160,8192,6282,1444,-5850,-110,45,28
2349369892,-4928,8910,-2530,70,85,454,-16049,0,-15537,0,8160,8192,5854,324,-5928,-110,-4,24
2349419892,-3988,7230,-1900,12,274,708,-16047,0,-15537,0,8160,8192,6172,338,-5848,-126,-1,29
2349469892,-4030,7338,-2394,92,-49,128,8160,8192,19828,-29687,645,8192,6122,552,-5972,-128,32,33
2349519892,-3484,6586,-1680,105,-73,186,0,0,-7,-1,-16043,0,5978,400,-6314,-105,-15,43
2349569892,-2664,8234,-3658,119,-507,-793,0,0,-7,-1,-16042,0,5892,3554,-5904,-104,97,21
2349619892,-1862,7990,-3752,624,-935,-1069,8160,8192,-26780,-29685,645,8192,5444,2702,-6204,-109,101,-3
2349669892,-3480,7434,-2684,143,-126,-52,8160,8192,23220,-29684,645,8192,5454,1946,-5864,-132,60,31
2349719892,-3914,7430,-1850,140,68,546,-16038,0,-15537,0,8160,8192,6344,1420,-5304,-115,51,54
2349769892,-4704,7124,-2168,-116,427,632,-16037,0,-15537,0,8160,8192,5280,274,-6144,-76,69,27
2349819892,-4418,6892,-2182,51,-204,-190,-16034,0,-15537,0,8160,8192,5804,802,-6098,-84,14,27
2349869892,-4336,7090,-2240,62,-378,-354,0,0,-7,-1,-16033,0,5864,690,-6274,-107,-35,20
2349919892,-4246,6954,-1842,87,-364,-341,-18032,0,-15537,0,8160,8192,6136,-74,-5880,-89,-2,22
2349969892,-4226,7352,-2018,175,-428,-355,0,0,-7,-1,-16029,0,6036,498,-6130,-99,32,30
2350019892,-4076,6230,-1322,152,-166,-43,8160,8192,-19996,-29679,645,8192,5710,4,-5896,-98,72,31
2350069892,-4620,5972,-1422,64,-75,161,-17025,0,-15537,0,8160,8192,5180,-226,-6956,-105,43,18
2350119892,-4402,6830,-1814,79,-221,-60,-16023,0,-15537,0,8160,8192,6070,102,-5782,-110,19,28
2350169892,-4558,6460,-1208,178,-231,-111,0,0,-7,-1,-16022,0,5564,-364,-6264,-98,41,24
2350219892,-4358,6418,-1526,39,-161,39,8160,8192,-16604,-29676,645,8192,6156,518,-6044,-104,1,36
2350269892,-4912,6966,-1772,123,-186,28,-16020,0,-15537,0,8160,8192,5686,238,-6150,-99,7,26
2350319892,-4716,6888,-2070,114,-294,-119,-16020,0,-15537,0,8160,8192,5762,214,-6242,-100,26,37
2350369892,-4524,7092,-1628,166,-211,-35,8160,8192,2324,-29673,645,8192,5634,508,-6120,-104,39,22
2350419892,-4470,6994,-2014,82,-185,6,-16016,0,-15537,0,8160,8192,5882,382,-6002,-109,42,34
2350469892,-4070,6520,-1780,56,-208,-3,-17013,0,-15537,0,8160,8192,6862,-40,-5602,-100,13,27
2350519892,-4220,6744,-1852,109,-219,-38,0,0,-7,-1,-16011,0,6736,312,-5400,-109,20,34
2350569892,-4464,6874,-1822,83,-153,-61,-16008,0,-15537,0,8160,8192,5324,-110,-6708,-98,21,31
2350619892,-4480,7474,-2400,100,-276,-133,-16006,0,-15537,0,8160,8192,5132,436,-6434,-113,65,25
2350669892,-4106,6816,-2050,103,-253,64,0,0,-7,-1,-16004,0,5114,356,-6654,-100,24,31
2350719892,-5066,7004,-1912,96,-187,17,8160,8192,24644,-29668,645,8192,5344,1098,-6002,-105,4,26
2350769892,-5272,7340,-1834,126,-272,-169,-18001,0,-15537,0,8160,8192,5006,274,-6800,-110,48,21
2350819892,-4926,6746,-2072,56,-368,-343,8160,8192,-6428,-29667,645,8192,4712,766,-6304,-104,2,32
2350869892,-4226,6712,-1976,85,-270,-130,8160,8192,0,0,645,8192,5978,686,-5638,-104,44,43
2350919892,-4786,6940,-1934,52,-196,-134,-17996,0,-15537,0,8160,8192,4156,-670,-7056,-109,38,40
2350969892,-4758,6724,-1538,86,157,219,-15994,0,-15537,0,8160,8192,4632,-548,-6550,-114,23,6
2351019892,-5558,6794,-1376,64,143,215,-15993,0,-15537,0,8160,8192,5596,-418,-6512,-113,42,19
2351069892,-5180,6268,-1120,55,-39,75,0,0,-7,-1,-15992,0,6144,-152,-5862,-93,20,44
2351119892,-5824,6116,-606,119,-56,-58,0,0,-7,-1,-16990,0,6250,-1100,-5874,-102,21,27
2351169892,-5938,6752,-1280,64,-147,-120,-15987,0,-15537,0,8160,8192,5674,-820,-6564,-107,58,33
2351219892,-6418,6610,-790,171,-333,-364,8160,8192,356,-29660,645,8192,6384,-1308,-5352,-107,33,28
2351269892,-5820,6006,-780,25,-92,69,-15983,0,-15537,0,8160,8192,5908,-1030,-5938,-105,23,22
2351319892,-6906,5666,82,151,29,314,0,0,-7,-1,-15981,0,5940,-2544,-6102,-101,14,26
2351369892,-6786,5448,92,70,205,499,-15979,0,-15537,0,8160,8192,5842,-2524,-6210,-105,59,30
2351419892,-6854,5252,426,139,151,534,8160,8192,3748,-29657,645,8192,6430,-3012,-5802,-104,35,31
2351469892,-6864,5144,636,21,377,861,0,0,-7,-1,-16977,0,10048,-2584,-5078,-103,33,26
2351519892,-9336,7800,-1134,-100,529,1178,0,0,-7,-1,-15975,0,3526,-2804,-6952,-104,26,34
2351569892,-7130,7228,-1150,-115,345,792,-15972,0,-15537,0,8160,8192,5120,-2908,-5610,-121,65,16
2351619892,-4628,6108,-428,-5,91,289,8160,8192,0,0,645,8192,6748,-1946,-5884,-89,36,58
2351669892,-2520,4592,82,26,8,222,-15968,0,-15537,0,8160,8192,4458,1306,-7608,-102,25,59
2351719892,-3832,7152,-2032,-42,12,-154,8160,8192,-23932,-29653,645,8192,6292,2116,-6686,-97,46,33
2351769892,-3116,6756,-2004,185,-217,-162,-17962,0,-15537,0,8160,8192,4638,1734,-6636,-124,67,41
2351819892,-3304,6810,-2746,68,10,247,0,0,-7,-1,-15959,0,6670,2048,-4940,-107,41,25
2351869892,-2650,7340,-2232,161,-266,-209,-17955,0,-15537,0,8160,8192,6116,312,-5418,-108,14,31
2351919892,-3132,7524,-2594,235,-368,-304,8160,8192,0,0,645,8192,6438,1854,-6020,-123,34,24
2351969892,-3850,7004,-1220,200,102,600,0,0,-7,-1,-15949,0,7232,-280,-5252,-111,19,23
2352019892,-5144,7582,-2398,-80,385,1002,8160,8192,13924,-29648,645,8192,5122,-1132,-6630,-129,-6,30
2352069892,-3666,7656,-2922,131,-160,-109,-17945,0,-15537,0,8160,8192,5076,1248,-6254,-128,30,25
2352119892,-2932,8048,-2866,402,-744,-654,-15944,0,-15537,0,8160,8192,5874,1898,-5560,-124,12,58
2352169892,-1708,8262,-4288,-42,-247,-279,0,0,-7,-1,-16941,0,6426,4554,-5674,-115,-9,42
2352219892,-1058,8478,-4896,446,-1118,-1681,-17939,0,-15537,0,8160,8192,5636,4586,-6094,-90,87,5
2352269892,-2956,7794,-2292,359,-580,-594,0,0,-7,-1,-15937,0,5600,2132,-6120,-108,24,17
2352319892,-3480,6964,-2254,-122,399,811,8160,8192,0,0,645,8192,5782,930,-6110,-121,10,15
2352369892,-4120,7116,-2490,-70,247,587,-15934,0,-15537,0,8160,8192,5636,1860,-6040,-113,29,24
2352419892,-4902,7542,-2840,146,-303,-294,-16256,0,-15537,0,8160,8192,4492,462,-6682,-79,64,24
2352469892,-4528,6506,-1320,74,-15,224,-15927,0,-15537,0,8160,8192,5882,-866,-5512,-79,71,36
2352519892,-5958,8106,-1934,29,8,467,-15925,0,-15537,0,8160,8192,6520,-230,-5024,-75,48,19
2352569892,-4986,6372,-1352,72,-166,90,8160,8192,-25900,-29640,645,8192,5244,38,-6392,-109,14,4
2352619892,-4724,6608,-1032,260,-595,-590,8160,8192,24100,-29639,645,8192,6426,-542,-5380,-116,-53,45
2352669892,-5242,7028,-1436,68,-53,195,8160,8192,8564,-29638,645,8192,5138,-200,-6488,-97,56,23
2352719892,-5264,6810,-1444,70,-43,250,0,0,-7,-1,-15916,0,5548,-214,-6252,-94,60,29
2352769892,-4540,6618,-1734,135,-337,-430,-15914,0,-15537,0,8160,8192,5434,512,-6340,-118,56,32
2352819892,-4792,7102,-1476,235,-253,-159,-15912,0,-15537,0,8160,8192,5022,166,-6474,-107,55,26
2352869892,-3890,6538,-1666,27,-153,186,-16911,0,-15537,0,8160,8192,6200,118,-5774,-105,52,40
2352919892,-4292,7070,-1688,150,-212,-70,8160,8192,0,0,645,8192,5984,892,-5868,-105,37,25
2352969892,-3632,6366,-1556,126,-228,-25,8160,8192,-19116,-29634,645,8192,6056,630,-6078,-103,30,34
2353019892,-4636,7176,-2010,97,-196,37,-15905,0,-15537,0,8160,8192,7034,256,-5610,-107,29,33
2353069892,-4526,7212,-2028,109,-275,-240,-15902,0,-15537,0,8160,8192,4962,456,-6526,-105,32,34
2353119892,-4304,7132,-2232,58,-238,-252,8160,8192,-188,-29632,645,8192,4626,1064,-6136,-107,36,21
2353169892,-6134,8872,-3388,98,-265,-157,-15897,0,-15537,0,8160,8192,5106,98,-6476,-115,16,26
2353219892,-4880,6942,-2078,94,-226,-162,8160,8192,-31260,-29630,645,8192,5218,622,-6584,-102,54,23
2353269892,-5744,7382,-1804,109,-209,-232,-15890,0,-15537,0,8160,8192,5388,336,-5600,-98,-6,44
2353319892,-5048,7436,-2144,43,-238,-149,-15888,0,-15537,0,8160,8192,5264,1086,-5454,-110,18,28
2353369892,-3444,5538,-888,58,-143,25,-15886,0,-15537,0,8160,8192,5860,-412,-6286,-119,-25,15
2353419892,-4834,6014,-1010,112,82,136,0,0,-7,-1,-15885,0,6356,-122,-5626,-120,39,36
2353469892,-4816,5980,-706,81,97,156,0,0,-7,-1,-15883,0,5492,226,-6104,-97,29,48
2353519892,-5870,6298,-1038,88,-50,-11,0,0,-7,-1,-15881,0,5386,-740,-6338,-109,37,36
2353569892,-6080,5676,-454,140,-111,-82,8160,8192,0,0,645,8192,6394,-714,-5838,-106,49,32
2353619892,-6354,6262,-758,95,-205,-141,-15876,0,-15537,0,8160,8192,6536,-1174,-5368,-106,29,35
2353669892,-6120,5708,-528,83,-109,-25,-16873,0,-15537,0,8160,8192,6272,-1488,-5564,-113,48,31
2353719892,-5684,5448,-64,66,-59,95,8160,8192,0,0,645,8192,5792,-1538,-5968,-97,11,24
2353769892,-6254,5698,-280,94,-49,113,-17869,0,-15537,0,8160,8192,5794,-1860,-6208,-103,18,33
2353819892,-6676,5836,-136,165,135,484,0,0,-7,-1,-15865,0,5834,-1844,-6178,-105,77,29
2353869892,-6150,5490,-290,128,2,107,0,0,-7,-1,-16864,0,5940,-2138,-6072,-103,93,35
2353919892,-4796,4584,388,118,208,680,-15863,0,-15537,0,8160,8192,6598,-978,-6262,-110,76,25
2353969892,-7282,6200,224,10,559,1230,-15859,0,-15537,0,8160,8192,4320,-3512,-7696,-102,18,29
2354019892,-6654,5842,-160,-208,551,1199,0,0,-7,-1,-15857,0,5968,-2098,-5910,-118,-29,27
2354069892,-4378,4692,396,-50,282,700,8160,8192,0,0,645,8192,6342,-1024,-5518,-101,-12,40
2354119892,-4950,6546,-632,10,27,246,8160,8192,0,0,645,8192,4724,-3024,-7338,-118,38,43
2354169892,-4986,8004,-2152,-94,160,368,-16849,0,-15537,0,8160,8192,4402,358,-6334,-125,128,30
2354219892,-3704,6656,-2260,79,-153,-48,-15846,0,-15537,0,8160,8192,4234,-1810,-7366,-112,49,49
2354269892,-4564,7906,-2216,123,73,412,-15844,0,-15537,0,8160,8192,5518,1044,-6236,-112,55,41
2354319892,-3982,8148,-2612,36,-179,-29,-15842,0,-15537,0,8160,8192,6372,1134,-6118,-111,-1,30
2354369892,-2262,7680,-2908,289,-745,-734,0,0,-7,-1,-16840,0,5240,2082,-5766,-114,3,42
2354419892,-1044,6634,-2666,459,-772,-949,8160,8192,-10908,-29612,645,8192,5320,736,-8148,-113,48,28
2354469892,-2630,8122,-3676,142,-375,-204,-15837,0,-15537,0,8160,8192,5608,2966,-5344,-108,19,27
2354519892,-2530,7362,-3172,82,145,214,-15835,0,-15537,0,8160,8192,5750,2472,-5928,-109,54,20
2354569892,-2868,7720,-2862,140,68,454,0,0,-7,-1,-16833,0,5382,1640,-6110,-115,30,25
2354619892,-3384,7466,-2642,-145,467,790,-17829,0,-15537,0,8160,8192,5030,1126,-6280,-103,-23,29
2354669892,-4546,7494,-2332,38,322,917,-15827,0,-15537,0,8160,8192,5920,910,-6408,-99,53,14
2354719892,-3486,7404,-2554,166,-277,-468,8160,8192,0,0,645,8192,5754,1312,-6072,-119,88,15
2354769892,-3750,7656,-2314,264,-280,-189,0,0,-7,-1,-16823,0,6124,730,-5926,-108,58,28
2354819892,-4384,7066,-1878,37,108,324,0,0,-7,-1,-15821,0,5850,530,-6106,-106,100,37
2354869892,-3532,8096,-3596,124,-444,-595,-15818,0,-15537,0,8160,8192,5606,2400,-6148,-101,102,25
2354919892,-2608,7172,-2976,375,-999,-1410,-17816,0,-15537,0,8160,8192,4888,2994,-6872,-100,61,32
2354969892,-2800,7518,-3152,169,-1051,-1223,8160,8192,0,0,645,8192,5238,1862,-5934,-89,-45,12
2355019892,-4600,7464,-2460,29,-133,124,-15812,0,-15537,0,8160,8192,5664,1326,-6188,-85,-30,10
2355069892,-3950,5670,-892,21,106,583,-17810,0,-15537,0,8160,8192,5820,1070,-5964,-82,-14,10
2355119892,-5006,6160,-1082,72,37,419,-16808,0,-15537,0,8160,8192,6818,270,-5196,-102,37,30
2355169892,-5086,6814,-1684,137,-232,-122,0,0,-7,-1,-15806,0,5866,-272,-6136,-84,9,33
2355219892,-4762,6862,-1430,90,-118,142,-17803,0,-15537,0,8160,8192,5470,356,-5882,-100,17,15
2355269892,-6156,7838,-1846,38,-99,264,8160,8192,-12876,-29599,645,8192,6320,4,-5698,-98,1,25
2355319892,-4580,6900,-2162,31,-439,-381,8160,8192,-28412,-29598,645,8192,5296,1684,-6296,-109,31,33
2355369892,-4114,6876,-1888,196,-415,-308,-16796,0,-15537,0,8160,8192,5612,-148,-5642,-109,34,32
2355419892,-4424,6992,-1878,-45,-232,-87,-16794,0,-15537,0,8160,8192,6390,370,-5568,-114,44,25
2355469892,-4082,5954,-1436,24,-270,-265,-15792,0,-15537,0,8160,8192,6198,-16,-5456,-112,16,23
2355519892,-4562,6498,-1594,64,-230,-258,8160,8192,0,0,645,8192,4664,92,-5922,-111,38,19
2355569892,-5080,6510,-1608,75,-25,157,8160,8192,0,0,645,8192,5226,528,-6124,-101,44,43
2355619892,-5114,6720,-1694,2,163,159,-15785,0,-15537,0,8160,8192,7066,500,-4510,-105,13,38
2355669892,-5208,6382,-1572,45,274,444,-15783,0,-15537,0,8160,8192,5684,-258,-6000,-120,15,20
2355719892,-4936,6178,-1236,86,9,46,-17781,0,-15537,0,8160,8192,6116,-398,-5568,-113,39,15
2355769892,-5730,6568,-1236,151,-278,-329,0,0,-7,-1,-15778,0,6086,-378,-6188,-105,27,50
2355819892,-5248,6260,-1126,81,-160,-175,-15775,0,-15537,0,8160,8192,5918,-558,-5820,-107,54,30
2355869892,-5258,5968,-664,207,-432,-414,0,0,-7,-1,-15772,0,6118,-380,-6054,-105,42,36
2355919892,-4972,5858,-670,130,-489,-511,8160,8192,-18236,-29589,645,8192,6430,-922,-5374,-109,31,36
2355969892,-5800,5994,-630,82,-33,-26,-17767,0,-15537,0,8160,8192,6228,-842,-5990,-112,49,28
2356019892,-5152,6018,-1348,59,-160,0,0,0,-7,-1,-16765,0,6046,-608,-5922,-104,21,32
2356069892,-5928,6010,-594,129,-33,232,0,0,-7,-1,-15763,0,5348,-926,-6408,-105,13,27
2356119892,-6002,6100,-712,71,-79,76,0,0,-7,-1,-15761,0,6122,-784,-5936,-115,30,32
2356169892,-5294,6788,-1310,203,-383,-223,-17758,0,-15537,0,8160,8192,4508,-764,-3770,-124,-20,40
2356219892,-3992,3418,-1178,-65,72,562,-15756,0,-15537,0,8160,8192,13672,-1256,-1050,-111,59,31
2356269892,-5482,5358,-1134,-129,59,212,8160,8192,4084,-29583,645,8192,4806,-154,-6758,-90,-47,40
2356319892,-4838,7080,-1630,147,-464,-712,0,0,-7,-1,-16750,0,5646,22,-6396,-97,-10,19
2356369892,-5826,6072,-264,239,344,969,-17748,0,-15537,0,8160,8192,5876,-738,-4170,-98,68,17
2356419892,-5376,5186,-748,-202,385,715,-17746,0,-15537,0,8160,8192,7598,-188,-4992,-104,16,32
2356469892,-5670,6568,-2146,145,-352,-257,-15744,0,-15537,0,8160,8192,8000,234,-5216,-92,31,27
2356519892,-4740,7110,-1312,45,-39,131,-15741,0,-15537,0,8160,8192,5626,-172,-6166,-96,-1,21
2356569892,-6018,6940,-1354,79,427,991,8160,8192,-23596,-29579,645,8192,4788,-966,-6592,-113,91,25
2356619892,-5264,6448,-2206,-222,280,607,-16737,0,-15537,0,8160,8192,5506,846,-6270,-97,95,24
2356669892,-4378,7162,-2168,149,-476,-422,-15733,0,-15537,0,8160,8192,6208,714,-5818,-111,-25,38
2356719892,-4316,7172,-1798,115,-11,193,-15730,0,-15537,0,8160,8192,6216,234,-5614,-109,28,21
2356769892,-4448,6316,-1084,31,352,752,8160,8192,-20204,-29576,645,8192,5684,104,-6188,-116,52,37
2356819892,-4358,6456,-1712,32,35,229,-15725,0,-15537,0,8160,8192,5896,480,-5998,-109,90,46
2356869892,-3874,7032,-2510,176,-342,-400,8160,8192,14260,-29574,645,8192,5710,1128,-6224,-103,108,30
2356919892,-4300,7552,-2258,170,-68,131,-15722,0,-15537,0,8160,8192,5514,1152,-6252,-113,93,33
2356969892,-4004,7300,-2300,52,108,269,0,0,-7,-1,-15719,0,5784,1288,-5900,-110,118,34
2357019892,-4182,7058,-2076,153,-104,-70,-15717,0,-15537,0,8160,8192,5888,880,-6010,-109,105,37
2357069892,-4484,7016,-1950,110,30,173,-15713,0,-15537,0,8160,8192,5816,454,-6004,-103,112,29
2357119892,-4738,6754,-1706,81,28,186,-15711,0,-15537,0,8160,8192,5726,298,-6048,-107,65,27
2357169892,-4734,6818,-1820,110,-157,29,-17708,0,-15537,0,8160,8192,5936,232,-5914,-112,41,34
2357219892,-4618,6728,-1606,95,-113,87,-16707,0,-15537,0,8160,8192,5844,-104,-5846,-103,-12,29
2357269892,-4554,6916,-1660,29,-119,146,-16705,0,-15537,0,8160,8192,5862,230,-6030,-107,-34,26
2357319892,-4416,7008,-1930,120,-177,-103,-15700,0,-15537,0,8160,8192,5856,478,-5978,-107,67,33
2357369892,-4246,6848,-2008,228,-126,-96,-16696,0,-15537,0,8160,8192,5712,688,-5990,-122,199,38
2357419892,-4344,6850,-1796,83,-137,54,-15693,0,-15537,0,8160,8192,5960,518,-5938,-112,7,32
2357469892,-4800,6694,-1638,59,-32,246,-15690,0,-15537,0,8160,8192,5790,-74,-5784,-115,-19,36
2357519892,-5114,6398,-1142,119,-140,191,-15688,0,-15537,0,8160,8192,6294,-726,-5384,-99,-59,31
2357569892,-4672,6548,-1760,15,-107,62,8160,8192,0,0,645,8192,5772,218,-5866,-105,-12,24
2357619892,-5252,6990,-1264,141,-220,148,0,0,-7,-1,-15682,0,6186,-932,-5896,-99,-62,31
2357669892,-4404,6498,-1922,-92,78,176,8160,8192,27828,-29562,645,8192,5556,432,-5912,-115,22,31
2357719892,-5032,7106,-1302,291,-281,-15,-15677,0,-15537,0,8160,8192,6122,-306,-6012,-122,59,44
2357769892,-4240,6968,-2058,-1,-51,28,-15673,0,-15537,0,8160,8192,5788,444,-6054,-108,21,37
2357819892,-4128,6962,-1884,139,-221,184,-16673,0,-15537,0,8160,8192,5576,1028,-6046,-111,-73,37
2357869892,-4358,7174,-1760,63,-172,17,-15669,0,-15537,0,8160,8192,5882,84,-6020,-111,-60,20
2357919892,-4708,7080,-1590,79,128,462,-16668,0,-15537,0,8160,8192,5788,476,-6110,-105,72,15
2357969892,-4560,7014,-1964,144,-258,-332,-15666,0,-15537,0,8160,8192,5296,284,-6432,-113,79,30
2358019892,-4522,6914,-1432,158,-51,281,-15664,0,-15537,0,8160,8192,5684,-148,-6074,-102,21,21
2358069892,-5008,6722,-1532,14,91,277,8160,8192,0,0,645,8192,5800,-100,-6162,-104,51,22
2358119892,-4928,6748,-1282,213,-152,40,-15661,0,-15537,0,8160,8192,5756,-582,-6128,-97,99,36
2358169892,-4762,6636,-1648,53,-26,64,0,0,-7,-1,-16659,0,5736,10,-5994,-109,86,40
2358219892,-4618,7118,-1558,155,-139,61,0,0,-7,-1,-16657,0,5902,-178,-6016,-103,43,34
2358269892,-4504,7014,-1636,72,-61,156,8160,8192,-27532,-29553,645,8192,5954,-210,-5994,-103,19,33
2358319892,-4122,6654,-1922,86,-197,-17,-16650,0,-15537,0,8160,8192,5746,340,-6014,-107,-12,30
2358369892,-4094,6982,-1966,83,-132,82,0,0,-7,-1,-15648,0,5678,464,-6066,-105,16,24
2358419892,-4532,7176,-1916,60,-62,127,-15644,0,-15537,0,8160,8192,5860,432,-6002,-107,37,32
2358469892,-4338,7186,-1994,89,-78,100,-15642,0,-15537,0,8160,8192,5878,848,-6054,-102,63,28
2358519892,-3942,7222,-2192,130,-235,-184,0,0,-7,-1,-16640,0,5798,842,-6006,-102,61,27
2358569892,-4288,6834,-1644,140,-75,77,-15637,0,-15537,0,8160,8192,5766,2,-5926,-100,28,24
2358619892,-4680,6772,-1712,-24,80,396,-15633,0,-15537,0,8160,8192,5794,204,-6028,-106,-8,33
2358669892,-4508,6950,-1802,116,-305,-216,-17631,0,-15537,0,8160,8192,5854,316,-6000,-110,-17,30
2358719892,-4394,6952,-1560,105,-144,69,-17628,0,-15537,0,8160,8192,5794,222,-6104,-109,-10,26
2358769892,-4066,7094,-2146,13,-205,-109,0,0,-7,-1,-16625,0,5624,806,-5944,-113,-20,32
2358819892,-3914,6908,-1898,182,-331,-204,0,0,-7,-1,-16623,0,5874,302,-6116,-115,-25,33
2358869892,-4764,6342,-816,-54,278,776,0,0,-7,-1,-16621,0,5656,-610,-6516,-122,-47,26
2358919892,-5228,6056,-652,-101,-273,188,-16618,0,-15537,0,8160,8192,5442,-1414,-5942,-105,-422,33
2358969892,-7204,9104,-970,7,475,731,-15616,0,-15537,0,8160,8192,4522,-1810,-5876,19,142,-87
2359019892,-4094,9178,-2728,740,-67,-980,0,0,-7,-1,-15614,0,6070,1488,-8704,-185,1169,171
2359069892,1916,4672,768,-117,-1087,19,-15612,0,-15537,0,8160,8192,6918,-1292,-4978,-109,-622,7
2359119892,-2948,3938,-2200,71,447,356,0,0,-7,-1,-15610,0,2692,390,-4832,-104,74,44
2359169892,-3538,3340,-606,332,16,19,-15607,0,-15537,0,8160,8192,4354,1098,-5374,-83,476,86
2359219892,-5258,7442,-1752,-9,-117,-49,-16604,0,-15537,0,8160,8192,5786,1046,-5922,-82,250,54
2359269892,-4242,7654,-1308,12,-67,130,0,0,-7,-1,-15603,0,5236,518,-6430,-106,92,28
2359319892,-4362,7026,-1778,71,87,199,-17601,0,-15537,0,8160,8192,5702,440,-5948,-112,-21,12
2359369892,-4220,6560,-1736,160,-184,36,8160,8192,0,0,645,8192,5496,418,-5976,-102,31,30
2359419892,-3998,6478,-1964,82,-128,21,0,0,-7,-1,-16597,0,5664,356,-5900,-101,73,34
2359469892,-4600,6624,-1990,31,-93,90,-16595,0,-15537,0,8160,8192,5768,448,-5882,-98,81,32
2359519892,-4100,6602,-1818,108,-133,-71,0,0,-7,-1,-16594,0,5814,392,-5872,-105,85,43
2359569892,-4394,7016,-1932,106,-154,34,-15592,0,-15537,0,8160,8192,5870,400,-5920,-103,58,32
2359619892,-4190,6618,-1706,128,-130,-28,-15589,0,-15537,0,8160,8192,5706,358,-5986,-103,68,35
2359669892,-4228,6582,-1924,142,-172,-33,0,0,-7,-1,-15587,0,5768,500,-5922,-98,102,42
2359719892,-4558,7700,-1736,69,-102,1,-15585,0,-15537,0,8160,8192,5882,310,-6080,-99,56,26
2359769892,-5028,7520,-2180,87,-206,-43,0,0,-7,-1,-16583,0,5818,406,-6114,-110,-25,25
2359819892,-4296,7180,-1642,115,-125,7,8160,8192,15140,-29529,645,8192,5554,444,-6196,-101,17,26
2359869892,-4402,6716,-1764,117,-154,-7,8160,8192,0,0,645,8192,5362,262,-6192,-108,41,26
2359919892,-4780,6844,-1960,96,-153,-43,-16576,0,-15537,0,8160,8192,6234,326,-5880,-102,41,33
2359969892,-4718,7404,-1774,87,-130,-29,0,0,-7,-1,-15574,0,5274,326,-6276,-101,25,30
2360019892,-4418,6792,-1574,115,-172,-50,0,0,-7,-1,-16570,0,6264,432,-5726,-104,40,37
2360069892,-4698,6808,-1706,98,-153,-31,-17568,0,-15537,0,8160,8192,6060,340,-5782,-104,32,31
2360119892,-4604,6800,-1744,129,-199,-58,0,0,-7,-1,-16567,0,5668,288,-6074,-110,33,29
2360169892,-4078,6340,-1548,126,-217,-91,-15565,0,-15537,0,8160,8192,5598,6,-6258,-111,27,27
2360219892,18862,-12678,-1332,201,-1324,-474,8160,8192,21924,-29523,645,8192,8390,13144,2268,51,347,0
2360269892,-10810,15058,-4922,885,328,2120,0,0,-7,-1,-15560,0,1312,4052,-17204,-140,718,93
2360319892,-354,5428,-2546,488,-720,692,0,0,-7,-1,-16558,0,5858,716,-5438,-117,-57,19
2360369892,-4576,6134,-1290,699,-780,-655,-15555,0,-15537,0,8160,8192,4884,-486,-6606,-106,108,23
2360419892,-5530,7164,-490,-39,167,425,0,0,-7,-1,-15553,0,5522,-768,-6368,-99,41,15
2360469892,-5504,5868,-1740,-146,57,143,0,0,-7,-1,-16551,0,5530,256,-5080,-122,-20,19
2360519892,-3824,6218,-1578,261,-419,-354,0,0,-7,-1,-15548,0,5378,278,-6152,-110,4,23
2360569892,-4332,6538,-1870,48,-20,206,-17546,0,-15537,0,8160,8192,5832,376,-5978,-107,32,31
2360619892,-4744,6238,-1990,-1,46,198,-15540,0,-15537,0,8160,8192,5834,436,-5648,-105,14,29
2360669895,-4502,7024,-1854,107,-215,-172,8160,8192,13172,-29516,645,8192,6078,318,-5818,-107,22,33
2360719892,-4670,7032,-1794,93,-97,109,0,0,-7,-1,-16535,0,5876,332,-6024,-105,17,24
2360769892,-4732,6982,-1648,108,-90,45,-17533,0,-15537,0,8160,8192,5482,322,-6228,-101,34,29
2360819892,-4610,7026,-1780,122,-187,-66,8160,8192,32100,-29514,645,8192,6050,330,-5978,-107,36,29
2360869892,-4748,7252,-1776,78,-107,34,8160,8192,16564,-29513,645,8192,6050,302,-5992,-104,-2,23
2360919892,-4664,6978,-1710,115,-177,-55,-16526,0,-15537,0,8160,8192,5692,310,-6102,-109,19,30
2360969892,-4908,7220,-1824,116,-154,-31,8160,8192,0,0,645,8192,5928,448,-6086,-102,26,27
2361019892,-4794,7204,-1744,117,-166,-28,0,0,-7,-1,-16522,0,6090,382,-5920,-107,35,26
2361069892,-4820,7218,-1656,152,-206,-99,-16520,0,-15537,0,8160,8192,5784,340,-6126,-107,61,34
2361119892,-4252,6420,-1458,141,-188,-53,0,0,-7,-1,-17520,0,5738,342,-5952,-103,56,22
2361169892,-4628,6594,-1606,138,-199,-70,8160,8192,0,0,645,8192,5840,558,-5912,-104,57,32
2361219892,-4918,6822,-1848,106,-180,-58,-16515,0,-15537,0,8160,8192,5874,246,-6134,-103,46,31
2361269892,-4718,6496,-1818,118,-220,-88,0,0,-7,-1,-16512,0,5400,626,-5954,-105,12,23
2361319892,-4816,6204,-1622,96,-220,-130,0,0,-7,-1,-16510,0,5768,522,-5496,-115,-31,22
2361369892,-5202,6318,-1894,105,-159,-64,8160,8192,-7724,-29506,645,8192,5460,544,-6100,-102,15,25
2361419892,-5046,6462,-1654,116,-192,-136,0,0,-7,-1,-16505,0,5876,252,-5854,-108,20,27
2361469892,-5364,7240,-1898,102,-194,-113,8160,8192,0,0,645,8192,5798,600,-5744,-104,27,25
2361519892,-4204,6442,-1134,68,-226,-104,8160,8192,11204,-29503,645,8192,6214,136,-5926,-100,-25,26
2361569892,-4820,6530,-1506,104,-240,-146,8160,8192,0,0,645,8192,6030,430,-6128,-100,8,26
2361619892,-5180,6990,-1526,111,-204,-132,-16498,0,-15537,0,8160,8192,5982,182,-6146,-97,16,29
2361669892,-5164,7006,-1582,114,-228,-182,-17496,0,-15537,0,8160,8192,5514,482,-6288,-103,69,28
2361719892,-4942,7118,-1356,113,-255,-189,-18494,0,-15537,0,8160,8192,5924,564,-6060,-97,64,27
2361769892,-4900,6514,-1746,165,-304,-196,-16492,0,-15537,0,8160,8192,5652,562,-5842,-108,63,29
2361819892,-4270,5412,-1472,114,-236,-104,0,0,-7,-1,-16490,0,6436,956,-5396,-100,61,29
2361869892,-5508,5748,-1476,73,-188,-226,8160,8192,-32012,-29498,645,8192,7372,442,-5662,-97,-43,23
2361919892,-5016,5844,-1220,105,-173,-118,0,0,-7,-1,-16487,0,6040,48,-5462,-123,-12,8
2361969892,-5966,6174,-1772,37,-17,26,8160,8192,2452,-29496,645,8192,6114,268,-5560,-104,-2,16
2362019892,-6440,6900,-1494,108,-147,-174,-18485,0,-15537,0,8160,8192,5948,208,-6088,-98,24,29
2362069892,-5602,6706,-1508,93,-238,-149,0,0,-7,-1,-17483,0,6220,308,-5140,-102,41,26
2362119892,-5892,6350,-1600,117,-152,-127,8160,8192,21380,-29494,645,8192,5450,166,-5946,-100,56,27
2362169892,-6186,6604,-1348,-160,-131,-673,-17481,0,-15537,0,8160,8192,5820,246,-6534,-102,26,33
2362219892,-5426,6418,-1412,-115,-265,-702,-16479,0,-15537,0,8160,8192,5454,416,-5786,-98,23,31
2362269892,-6724,6714,-1594,203,-341,-341,-17476,0,-15537,0,8160,8192,5098,778,-6888,-104,22,28
2362319892,-6212,6598,-1190,-41,-154,-184,-16475,0,-15537,0,8160,8192,6080,582,-5162,-101,58,30
2362369892,-2904,4594,-766,69,-343,-304,-16472,0,-15537,0,8160,8192,4726,-458,-6762,-110,49,24
2362419892,-5740,6134,-1300,186,-369,-190,-16469,0,-15537,0,8160,8192,5926,210,-5888,-105,23,31
2362469892,-4800,4852,-610,-103,-210,-425,-16467,0,-15537,0,8160,8192,6312,-174,-6116,-97,21,30
2362519892,-5530,5432,-1210,-38,-491,-595,8160,8192,28164,-29488,645,8192,5442,98,-6246,-104,32,33
2362569892,-5870,5388,-1158,-123,-397,-474,5544,8192,-7,-1,-16040,0,5230,-810,-5352,-104,8,19
2362619892,-5620,5928,-726,-581,-705,-849,0,0,-7,-1,-17462,0,5620,92,-6178,-103,-2,32
2362669892,-6566,5280,-1014,-299,-1119,-1229,-16460,0,-15537,0,8160,8192,6042,-220,-5550,-110,15,20
2362719892,-5086,4592,-144,-129,-490,-504,-16458,0,-15537,0,8160,8192,3246,-544,-7610,-108,51,25
2362769892,-6562,5132,-798,-20,-84,36,-16455,0,-15537,0,8160,8192,5228,130,-5712,-102,50,33
2362819892,-8558,5594,98,-291,-252,-430,8160,8192,0,0,645,8192,5610,634,-6822,-108,43,26
2362869892,-6376,5464,-1108,12,-1212,-774,0,0,-7,-1,-17450,0,5378,146,-6328,-111,33,29
2362919892,-6288,5262,-684,-33,78,472,-16448,0,-15537,0,8160,8192,5560,376,-5852,-108,27,29
2362969892,-7348,5106,408,-180,274,110,0,0,-7,-1,-17447,0,5056,144,-6730,-109,45,27
2363019892,-5916,4682,-26,-39,-1083,-626,-17445,0,-15537,0,8160,8192,6560,276,-5314,-107,23,25
2363069892,-6398,5058,-616,-4,-778,-799,0,0,-7,-1,-16443,0,6722,298,-5624,-110,29,32
2363119892,-5460,5728,-304,514,1050,1632,8160,8192,-27196,-29479,645,8192,5874,10,-6228,-107,9,26
2363169892,-6748,4964,378,-16,1357,775,0,0,-7,-1,-16439,0,5652,748,-6010,-97,30,29
2363219892,-7336,5884,190,410,-1069,-346,-16436,0,-15537,0,8160,8192,4958,328,-6502,-105,-48,23
2363269892,-6374,4536,-384,-139,-1027,-957,-16434,0,-15537,0,8160,8192,5676,-818,-6782,-104,1,24
2363319892,-7056,4302,-550,-218,-173,-98,-16432,0,-15537,0,8160,8192,2316,-2930,-6480,-117,38,16
2363369892,-4984,4010,242,21,-74,120,8160,8192,26196,-29475,645,8192,4546,-8,-7302,-100,4,34
2363419892,-12592,682,4096,2065,2975,1394,0,0,-7,-1,-17428,0,-11216,1872,-23430,280,48,436
2363469892,-7126,4888,-582,-222,620,665,-16426,0,-15537,0,8160,8192,3880,172,-7210,-112,-87,-1
2363519892,-6970,5662,-1232,-496,-984,-1462,0,0,-7,-1,-16424,0,6206,388,-6124,-102,-7,31
2363569892,-5344,5876,-958,550,-379,234,-16423,0,-15537,0,8160,8192,5880,502,-6580,-108,9,27
2363619892,-6974,5204,-800,33,876,671,-18421,0,-15537,0,8160,8192,6232,744,-6406,-99,15,36
2363669892,-7026,5148,-972,63,-126,76,0,0,-7,-1,-16419,0,5788,450,-6212,-105,32,28
2363719892,-6408,5678,-1170,192,-210,5,8160,8192,0,0,645,8192,5668,400,-6034,-106,15,26
2363769892,-6252,5252,-910,114,64,215,0,0,-7,-1,-17415,0,5612,428,-5978,-111,26,30
2363819892,-6320,5406,-708,121,-144,9,-17412,0,-15537,0,8160,8192,5520,396,-6140,-103,34,29
2363869892,-6296,5364,-840,89,-119,63,-16409,0,-15537,0,8160,8192,5642,362,-6204,-104,29,31
2363919892,-6526,5124,-872,54,-12,82,-18407,0,-15537,0,8160,8192,5654,294,-6140,-103,46,32
2363969892,-6394,5164,-738,137,-250,-50,-18404,0,-15537,0,8160,8192,5616,244,-6136,-106,22,30
2364019892,-5994,4882,-630,111,-177,-50,8160,8192,20836,-29465,645,8192,5826,238,-5928,-106,18,24
2364069892,-6400,5042,-594,111,-202,-35,-16399,0,-15537,0,8160,8192,5688,244,-6042,-106,7,23
2364119892,-6740,5462,-634,79,-194,-61,-18396,0,-15537,0,8160,8192,6040,360,-5982,-102,36,33
2364169892,-7018,5972,-536,26,-130,-8,0,0,-7,-1,-16394,0,6278,326,-5998,-101,39,38
2364219892,-6326,5104,-590,32,-300,-161,-16391,0,-15537,0,8160,8192,6208,282,-5964,-106,-49,18
2364269892,-6670,5340,-464,124,-262,-98,0,0,-7,-1,-16390,0,5792,236,-6072,-106,26,24
2364319892,-6760,5042,-754,75,-209,-91,8160,8192,0,0,645,8192,5904,228,-5924,-104,28,31
2364369892,-6260,4970,-562,42,-236,-80,0,0,-7,-1,-16385,0,5526,214,-6050,-102,40,33
2364419892,-6248,4742,-396,51,-255,-129,-17383,0,-15537,0,8160,8192,5660,196,-6046,-105,18,29
2364469892,-6706,5170,-414,50,-243,-109,0,0,-7,-1,-16381,0,5910,174,-6106,-105,24,28
2364519892,-6540,4854,-458,45,-255,-140,0,0,-7,-1,-16379,0,5552,116,-6002,-106,41,28
2364569892,-5844,4720,126,539,316,1071,8160,8192,-18988,-29457,645,8192,5330,916,-5652,-79,376,77
2364619892,-6710,4714,-822,-357,-578,-429,-16375,0,-15537,0,8160,8192,6140,-500,-7270,-135,-235,-18
2364669892,-5660,4846,-680,183,-82,29,0,0,-7,-1,-16373,0,5738,270,-5808,-105,39,32
2364719892,-6436,4416,-224,97,127,244,-18371,0,-15537,0,8160,8192,5442,268,-6120,-104,88,36
2364769892,-6456,4522,-688,85,-186,-45,0,0,-7,-1,-16369,0,5760,224,-5798,-105,56,32
2364819892,-6276,4992,-652,113,-159,76,0,0,-7,-1,-17367,0,5712,174,-6080,-107,31,32
2364869892,-6636,5070,-394,30,27,97,0,0,-7,-1,-16364,0,5868,224,-6020,-104,24,30
2364919892,-6644,5032,-420,71,-169,-10,8160,8192,0,0,645,8192,5736,192,-6076,-104,32,29
2364969892,-6548,5082,-402,115,-128,48,-16361,0,-15537,0,8160,8192,5710,172,-6030,-107,31,27
2365019892,-6722,4974,-452,80,-60,98,0,0,-7,-1,-17359,0,5706,222,-6076,-104,28,26
2365069892,-6698,4906,-386,117,-101,71,-16357,0,-15537,0,8160,8192,5830,162,-5926,-107,37,28
2365119892,-6612,4928,-386,48,-95,16,0,0,-7,-1,-17354,0,5798,194,-6064,-104,30,30
2365169892,-6610,4972,-430,116,-103,64,8160,8192,-8812,-29448,645,8192,5810,168,-6082,-103,33,32
2365219892,-6738,5014,-422,82,-86,56,8160,8192,0,0,645,8192,5830,204,-5976,-106,33,28
2365269892,-6662,5046,-422,108,-125,39,-17349,0,-15537,0,8160,8192,5758,234,-6110,-106,33,29
2365319892,-6530,4940,-478,98,-103,60,0,0,-7,-1,-16347,0,5784,136,-5996,-105,30,30
2365369892,-6588,5008,-378,96,-102,71,-16346,0,-15537,0,8160,8192,5776,144,-6042,-105,32,28
2365419892,-6552,5014,-434,96,-111,50,-16344,0,-15537,0,8160,8192,5800,148,-6042,-105,30,29
2365469892,-6598,4944,-438,95,-96,59,8160,8192,29044,-29443,645,8192,5774,180,-6080,-108,32,31
2365519892,-6606,4940,-452,100,-107,56,0,0,-7,-1,-16338,0,5812,152,-6106,-105,33,31
2365569892,-6638,5000,-432,94,-105,54,8160,8192,0,0,645,8192,5888,162,-6022,-103,30,30
2365619892,-6602,4974,-410,91,-89,56,-17333,0,-15537,0,8160,8192,5846,170,-5926,-106,31,30
2365669892,-6570,5042,-456,99,-112,59,8160,8192,32436,-29440,645,8192,5758,210,-6058,-103,34,32
2365719892,-6590,5030,-396,100,-113,49,-16328,0,-15537,0,8160,8192,5748,186,-6088,-107,32,28
2365769892,-6668,5040,-402,99,-99,58,-16326,0,-15537,0,8160,8192,5728,160,-6092,-105,32,29
2365819892,-6668,4994,-438,97,-107,57,-16323,0,-15537,0,8160,8192,5778,186,-6020,-106,31,30
2365869892,-6598,5042,-448,98,-107,53,-16322,0,-15537,0,8160,8192,5716,210,-6026,-106,32,30
2365919892,-6698,5062,-460,100,-99,62,-16320,0,-15537,0,8160,8192,5798,244,-6110,-104,30,26
2365969892,-6682,4970,-508,100,-104,54,-16317,0,-15537,0,8160,8192,5766,200,-6044,-106,30,29
2366019892,-6644,4998,-532,99,-106,52,-16315,0,-15537,0,8160,8192,5814,202,-6044,-108,32,33
2366069892,-6700,5074,-414,97,-97,58,-16313,0,-15537,0,8160,8192,5770,224,-6072,-104,31,29
2366119892,-6648,4934,-540,99,-105,54,-18310,0,-15537,0,8160,8192,5812,228,-6010,-106,32,30
2366169892,-6678,5074,-474,98,-107,54,-17309,0,-15537,0,8160,8192,5780,202,-6088,-103,32,31
2366219892,-6628,5062,-358,95,-100,58,-16307,0,-15537,0,8160,8192,5746,216,-6044,-106,29,29
2366269892,-6640,4972,-500,97,-106,50,8160,8192,-22924,-29431,645,8192,5752,100,-6022,-107,34,29
2366319892,-6720,5126,-468,96,-98,56,-16303,0,-15537,0,8160,8192,5880,256,-6040,-104,32,33
2366369892,-6478,4842,-408,96,-109,40,8160,8192,0,0,645,8192,5764,104,-5982,-107,27,29
2366419892,-6526,5004,-484,101,-111,71,8160,8192,0,0,645,8192,5774,196,-6018,-106,37,30
2366469892,-6662,5030,-448,90,-104,47,-16297,0,-15537,0,8160,8192,5798,198,-6078,-105,25,28
2366519892,-6526,4912,-426,95,-102,48,-16295,0,-15537,0,8160,8192,5750,130,-6106,-103,35,33
2366569892,-6606,5020,-456,102,-107,65,0,0,-7,-1,-16292,0,5884,196,-5988,-106,33,31
2366619892,-6592,4940,-446,97,-110,48,8160,8192,0,0,645,8192,5844,188,-5982,-104,29,29
2366669892,-6558,5028,-412,103,-106,59,-18287,0,-15537,0,8160,8192,5726,146,-6010,-107,33,30
2366719892,-6652,4980,-492,101,-108,63,8160,8192,-31676,-29424,645,8192,5812,242,-5978,-105,32,27
2366769892,-6604,5056,-444,96,-110,52,0,0,-7,-1,-17283,0,5684,152,-6084,-107,32,30
2366819892,-6666,5034,-434,96,-102,59,-16281,0,-15537,0,8160,8192,5866,144,-6060,-107,29,28
2366869892,-6576,4894,-470,101,-107,59,-16280,0,-15537,0,8160,8192,5848,190,-6028,-106,32,30
2366919892,-6528,5010,-464,102,-109,62,-16278,0,-15537,0,8160,8192,5726,198,-6076,-106,31,29
2366969892,-6564,4956,-388,99,-98,73,-16276,0,-15537,0,8160,8192,5738,194,-5998,-105,29,28
2367019892,-6696,4962,-528,98,-97,64,-18273,0,-15537,0,8160,8192,5818,192,-5980,-105,32,29
2367069892,-6624,5002,-428,92,-99,52,0,0,-7,-1,-16271,0,5682,190,-6088,-107,35,27
2367119892,-6614,4918,-490,92,-102,64,-17269,0,-15537,0,8160,8192,5860,168,-5982,-104,32,29
2367169892,-6704,4976,-490,92,-93,56,8160,8192,25108,-29417,645,8192,5876,206,-6030,-107,33,28
2367219892,-6628,4946,-448,94,-95,56,0,0,-7,-1,-17264,0,5786,218,-6030,-103,28,30
2367269892,-6714,5022,-502,99,-103,59,-16262,0,-15537,0,8160,8192,5754,224,-6048,-105,31,30
2367319892,-6632,4976,-480,94,-106,46,8160,8192,-21500,-29415,645,8192,5894,160,-5956,-104,32,32
2367369892,-6590,4954,-464,96,-109,60,-16258,0,-15537,0,8160,8192,5780,186,-6084,-105,33,31
2367419892,-6638,4920,-420,96,-101,57,0,0,-7,-1,-16256,0,5820,238,-5912,-105,31,28
2367469892,-6644,5060,-464,102,-113,50,-17254,0,-15537,0,8160,8192,5714,146,-6034,-107,35,29
2367519892,-6634,5010,-406,103,-115,57,0,0,-7,-1,-16252,0,5780,210,-6084,-105,33,32
2367569892,-6514,4940,-420,105,-112,57,8160,8192,31892,-29411,645,8192,5782,184,-6002,-107,28,30
2367619892,-6658,5086,-478,106,-108,63,0,0,-7,-1,-16250,0,5756,202,-6020,-108,32,28
2367669892,-6570,4994,-494,103,-118,65,8160,8192,0,0,645,8192,5750,192,-6034,-106,32,30
2367719892,-6588,4996,-408,99,-101,64,-17246,0,-15537,0,8160,8192,5786,220,-6118,-107,34,30
2367769892,-6594,4962,-462,98,-102,69,8160,8192,-30252,-29408,645,8192,5770,168,-5958,-106,31,30
2367819892,-6730,5038,-528,96,-93,66,0,0,-7,-1,-16241,0,5754,242,-6064,-105,34,29
2367869892,-6616,4866,-502,89,-100,48,8160,8192,4212,-29406,645,8192,5772,116,-6092,-105,32,29
2367919892,-6766,4976,-578,96,-88,65,-16236,0,-15537,0,8160,8192,5808,282,-5970,-107,35,29
2367969892,-6648,4936,-516,94,-109,44,-17235,0,-15537,0,8160,8192,5766,146,-6056,-106,28,33
2368019892,-6616,4960,-436,94,-104,57,-17233,0,-15537,0,8160,8192,5784,156,-6084,-105,34,29
2368069892,-6670,5002,-512,96,-111,53,-17231,0,-15537,0,8160,8192,5824,132,-5928,-105,30,31
2368119892,-6680,5098,-480,101,-108,47,-18228,0,-15537,0,8160,8192,5884,202,-6014,-110,32,33
2368169892,-6508,4908,-408,101,-113,56,-16226,0,-15537,0,8160,8192,5786,198,-6024,-107,31,30
2368219892,-6624,5078,-460,109,-110,63,-18224,0,-15537,0,8160,8192,5756,232,-6148,-107,33,28
2368269892,-6520,4952,-402,104,-117,61,-16221,0,-15537,0,8160,8192,5692,154,-6138,-107,28,31
2368319892,-6618,5008,-432,105,-102,78,8160,8192,-4540,-29400,645,8192,5720,220,-6104,-108,34,29
2368369892,-6658,4978,-498,101,-106,57,8160,8192,-20076,-29399,645,8192,5830,128,-6060,-106,29,30
2368419892,-6640,4926,-460,95,-89,73,-16217,0,-15537,0,8160,8192,5838,274,-6048,-103,34,28
2368469892,-6670,4938,-534,94,-99,53,0,0,-7,-1,-17215,0,5808,174,-5976,-105,31,30
2368519892,-6668,4932,-450,85,-85,54,-16212,0,-15537,0,8160,8192,5800,208,-6056,-107,34,27
2368569892,-6638,4946,-536,88,-108,47,-16210,0,-15537,0,8160,8192,5756,130,-6024,-103,30,32
2368619892,-6626,5004,-502,94,-104,45,-18208,0,-15537,0,8160,8192,5828,182,-6098,-108,31,31
2368669892,-6566,5010,-548,99,-118,52,-16205,0,-15537,0,8160,8192,5770,112,-5948,-106,29,29
2368719892,-6682,5074,-440,106,-111,54,0,0,-7,-1,-17204,0,5784,194,-6024,-107,32,29
2368769892,-6554,5018,-428,105,-109,63,-16202,0,-15537,0,8160,8192,5684,146,-6108,-106,30,31
2368819892,-6752,5098,-464,113,-103,70,-16199,0,-15537,0,8160,8192,5788,268,-6000,-104,32,31
2368869892,-6582,4944,-452,103,-106,66,0,0,-7,-1,-16197,0,5730,160,-6038,-106,31,29
2368919892,-6732,5010,-464,98,-95,65,-17194,0,-15537,0,8160,8192,5802,196,-5988,-108,31,29
2368969892,-6656,4900,-534,89,-98,56,8160,8192,-9900,-29390,645,8192,5856,170,-5964,-103,33,31
2369019892,-6706,4980,-572,91,-102,42,8160,8192,-25436,-29389,645,8192,5864,154,-6026,-107,31,31
2369069892,-6632,4966,-538,93,-102,50,-17188,0,-15537,0,8160,8192,5788,188,-6040,-106,36,29
2369119892,-6612,5014,-482,98,-112,46,-17186,0,-15537,0,8160,8192,5734,128,-6054,-103,28,33
2369169892,-6580,5064,-500,106,-106,69,-18185,0,-15537,0,8160,8192,5696,244,-6112,-104,34,29
2369219892,-6618,5048,-408,108,-115,64,-16183,0,-15537,0,8160,8192,5726,214,-6124,-108,31,31
2369269892,-6620,4950,-456,103,-100,69,-17180,0,-15537,0,8160,8192,5760,298,-6062,-105,34,30
2369319892,-6534,4882,-476,95,-108,66,0,0,-7,-1,-17178,0,5846,178,-6024,-106,33,29
2369369892,-6686,4944,-540,94,-95,63,-18177,0,-15537,0,8160,8192,5838,208,-5996,-105,34,31
2369419892,-6602,4924,-476,91,-106,52,8160,8192,0,0,645,8192,5880,148,-6002,-106,31,30
2369469892,-6698,5036,-506,94,-99,49,0,0,-7,-1,-16173,0,5828,150,-6004,-103,31,27
2369519892,-6556,4938,-462,101,-109,55,8160,8192,15812,-29381,645,8192,5768,196,-6018,-107,32,32
2369569892,-6616,4998,-420,105,-117,52,8160,8192,276,-29380,645,8192,5782,198,-6068,-106,32,33
2369619892,-6674,4972,-470,103,-100,64,0,0,-7,-1,-16168,0,5760,256,-6022,-107,35,31
2369669892,-6632,4956,-474,100,-104,64,8160,8192,-30796,-29379,645,8192,5810,138,-6046,-105,29,33
2369719892,-6710,5010,-470,96,-98,58,-16164,0,-15537,0,8160,8192,5802,142,-6000,-106,30,30
2369769892,-6616,4918,-516,92,-103,57,-18162,0,-15537,0,8160,8192,5810,202,-6046,-107,32,30
2369819892,-6584,4944,-498,95,-109,52,0,0,-7,-1,-17159,0,5854,220,-6052,-106,30,27
2369869892,-6682,5030,-508,102,-108,61,0,0,-7,-1,-17156,0,5826,218,-5970,-106,30,29
2369919892,-6580,4950,-448,100,-111,59,0,0,-7,-1,-16154,0,5786,178,-6040,-109,31,30
2369969892,-6608,4944,-508,102,-107,58,-16151,0,-15537,0,8160,8192,5858,192,-5992,-103,30,29
2370019892,-6728,5006,-486,100,-96,57,-16148,0,-15537,0,8160,8192,5858,182,-6026,-107,31,29
2370069892,-6628,4932,-486,94,-105,53,-16146,0,-15537,0,8160,8192,5824,188,-6046,-105,31,31
2370119892,-6614,4980,-502,102,-108,56,0,0,-7,-1,-16145,0,5814,250,-5986,-108,34,29
2370169892,-6646,5012,-532,99,-109,59,8160,8192,0,0,645,8192,5768,182,-6032,-105,32,30
2370219892,-6590,4930,-476,103,-109,58,8160,8192,-5084,-29371,645,8192,5760,216,-6044,-105,31,31
2370269892,-6632,4928,-512,101,-104,59,8160,8192,-20620,-29370,645,8192,5820,212,-6038,-104,30,28
2370319892,-6672,5016,-514,102,-108,60,-16136,0,-15537,0,8160,8192,5764,208,-6010,-109,31,30
2370369892,-6622,4968,-514,99,-109,49,8160,8192,13844,-29368,645,8192,5846,210,-6068,-108,29,31
2370419892,-6664,4990,-484,100,-104,55,-16131,0,-15537,0,8160,8192,5848,194,-6078,-105,33,30
2370469892,-6678,5002,-462,101,-106,56,8160,8192,0,0,645,8192,5826,218,-6098,-105,30,32
2370519892,-6636,4920,-498,95,-102,54,0,0,-7,-1,-16127,0,5760,154,-6004,-107,32,31
2370569892,-6586,4912,-480,94,-99,61,-17125,0,-15537,0,8160,8192,5704,214,-6140,-106,29,29
2370619892,-6658,4954,-534,94,-105,60,-16123,0,-15537,0,8160,8192,5788,174,-6026,-107,29,29
2370669892,-6670,4944,-504,99,-103,59,0,0,-7,-1,-16121,0,5826,208,-5928,-106,31,29
2370719892,-6628,4998,-484,101,-104,64,-17118,0,-15537,0,8160,8192,5790,226,-6014,-105,33,31
2370769892,-6584,4930,-522,102,-109,64,8160,8192,0,0,645,8192,5738,138,-6058,-105,32,27
2370819892,-6656,4952,-510,97,-106,60,0,0,-7,-1,-16114,0,5770,180,-6074,-109,33,29
2370869892,-6682,4996,-544,98,-111,55,-16112,0,-15537,0,8160,8192,5902,202,-5998,-106,33,27
2370919892,-6604,4972,-518,97,-109,52,0,0,-7,-1,-16109,0,5764,168,-6086,-107,31,30
2370969892,-6640,4958,-474,101,-108,51,-16108,0,-15537,0,8160,8192,5818,198,-6016,-106,32,29
2371019892,-6600,4924,-500,103,-111,59,8160,8192,8484,-29358,645,8192,5766,164,-6086,-106,30,29
2371069892,-6646,5002,-492,101,-111,60,0,0,-7,-1,-16103,0,5768,166,-6054,-105,31,29
2371119892,-6682,4964,-498,97,-102,53,-17102,0,-15537,0,8160,8192,5870,202,-6038,-104,30,31
2371169892,-6660,4978,-530,96,-105,55,0,0,-7,-1,-16101,0,5762,178,-6076,-106,34,31
2371219892,-6654,4974,-460,99,-106,56,-17100,0,-15537,0,8160,8192,5862,216,-6016,-104,31,31
2371269892,-6638,4956,-514,100,-106,61,0,0,-7,-1,-16098,0,5740,222,-6060,-105,31,27
2371319892,-6628,4956,-534,102,-105,60,-16095,0,-15537,0,8160,8192,5844,206,-6022,-106,30,30
2371369892,-6652,4906,-552,95,-97,59,-16093,0,-15537,0,8160,8192,5752,132,-6026,-107,31,29
2371419892,-6640,4962,-478,96,-105,57,-17092,0,-15537,0,8160,8192,5858,166,-5934,-107,34,29
2371469892,-6562,4924,-524,95,-108,55,-18089,0,-15537,0,8160,8192,5772,200,-6110,-107,32,28
2371519892,-6600,4976,-482,105,-112,59,0,0,-7,-1,-17087,0,5802,192,-6082,-106,33,28
2371569892,-6648,4992,-498,98,-105,61,-16084,0,-15537,0,8160,8192,5776,228,-6004,-105,32,29
2371619892,-6624,4952,-518,99,-107,61,0,0,-7,-1,-16083,0,5772,188,-6026,-105,32,30
2371669892,-6648,4974,-496,95,-105,57,-17080,0,-15537,0,8160,8192,5846,192,-6064,-108,29,30
2371719892,-6632,4992,-508,96,-113,56,-16078,0,-15537,0,8160,8192,5744,136,-6068,-105,32,30
2371769892,-6642,4972,-514,98,-109,57,-18076,0,-15537,0,8160,8192,5808,182,-6086,-106,33,31
2371819892,-6658,4980,-494,101,-105,63,-17074,0,-15537,0,8160,8192,5744,190,-6024,-105,34,31
2371869892,-6598,4960,-556,96,-105,59,-16073,0,-15537,0,8160,8192,5854,218,-5998,-106,32,30
